"","ID","Description","GeneRatio","BgRatio","pvalue","p.adjust","qvalue","geneID","Count"
"ath03040","ath03040","Spliceosome","35/489","192/5018",0.000163581675015791,0.0176668209017055,0.0173913149227315,"AT4G22285/AT3G13570/AT5G37370/AT1G02140/AT5G10800/AT5G44200/AT1G21190/AT2G38770/AT2G37340/AT3G55460/AT3G59810/AT4G02430/AT2G47640/AT3G56860/AT3G53500/AT2G35340/AT1G20920/AT5G20160/AT1G20580/AT5G59950/AT3G62840/AT3G61860/AT4G03430/AT5G14610/AT2G46610/AT1G14650/AT1G02840/AT1G17640/AT4G35785/AT2G33730/AT5G02490/AT3G49430/AT3G06480/AT5G08290/AT1G55310",35
