"","ID","Description","GeneRatio","BgRatio","pvalue","p.adjust","qvalue","geneID","Count"
"ath03040","ath03040","Spliceosome","56/622","192/5018",1.93541771001648e-10,2.12895948101813e-08,2.03728180001735e-08,"AT3G56860/AT3G15010/AT2G30260/AT5G40490/AT3G13224/AT2G32600/AT5G02500/AT3G02710/AT3G11960/AT3G09440/AT1G51510/AT2G29580/AT3G18790/AT1G24706/AT3G19760/AT5G37720/AT1G55150/AT3G01540/AT1G07360/AT5G04280/AT3G55220/AT2G42270/AT2G41020/AT4G36690/AT2G47330/AT4G24280/AT4G21660/AT3G13200/AT1G10580/AT1G06220/AT1G09140/AT5G11200/AT2G16860/AT3G62310/AT1G27650/AT2G18510/AT5G49910/AT4G03430/AT1G76300/AT2G14285/AT5G64270/AT2G02570/AT1G60650/AT4G25500/AT1G60200/AT3G12580/AT1G77180/AT5G52040/AT5G12190/AT1G03140/AT5G16780/AT1G60170/AT1G55310/AT4G39680/AT4G20440/AT3G50670",56
"ath00195","ath00195","Photosynthesis","29/622","77/5018",1.06469931652897e-08,5.85584624090933e-07,5.60368061331037e-07,"AT1G10960/AT4G05180/AT1G52230/AT1G79040/AT2G20260/AT4G02770/AT1G44575/AT4G05390/AT1G67740/AT4G21280/AT4G03280/AT2G27510/AT1G03600/AT3G16140/AT1G31330/AT5G66190/AT1G03130/AT1G20340/AT1G60950/AT1G30510/AT4G28750/AT1G06680/AT4G32260/AT2G30570/AT1G76100/AT4G09650/AT4G04640/AT1G08380/AT4G12800",29
"ath03013","ath03013","RNA transport","40/622","171/5018",3.65478820449e-05,0.001340089008313,0.00128238182613684,"AT3G03110/AT1G55540/AT5G60390/AT1G07940/AT5G55190/AT5G20020/AT5G55160/AT1G51510/AT5G06000/AT1G15200/AT2G46290/AT2G24050/AT1G24706/AT3G19760/AT1G77840/AT5G37720/AT5G53480/AT1G07920/AT2G29210/AT5G20920/AT1G73240/AT5G27640/AT2G40290/AT1G36730/AT5G44320/AT5G11200/AT1G54380/AT3G08947/AT3G56150/AT5G20010/AT3G14120/AT1G16610/AT1G07930/AT1G52160/AT4G11420/AT1G10390/AT2G05120/AT1G66070/AT4G39680/AT5G05470",40
"ath00196","ath00196","Photosynthesis - antenna proteins","10/622","22/5018",0.000127397684640994,0.00350343632762734,0.00335257064844722,"AT2G34420/AT5G01530/AT3G08940/AT4G10340/AT3G61470/AT1G61520/AT5G54270/AT1G29930/AT3G54890/AT1G15820",10
"ath00860","ath00860","Porphyrin and chlorophyll metabolism","15/622","53/5018",0.00142433405375253,0.0313353491825556,0.0299859800790006,"AT3G56940/AT1G74470/AT5G56090/AT5G13630/AT2G30390/AT1G04620/AT1G44446/AT2G26540/AT1G08520/AT3G51820/AT4G27440/AT5G40850/AT2G26670/AT4G18480/AT5G43860",15
