"","ID","Description","GeneRatio","BgRatio","pvalue","p.adjust","qvalue","geneID","Count"
"GO:0009813","GO:0009813","flavonoid biosynthetic process","10/132","217/20876",1.23865901726353e-06,0.000762107630871622,0.000689216875906203,"AT1G79270/AT2G47890/AT1G78600/AT1G65060/AT1G73650/AT3G61220/AT5G48880/AT5G20700/AT3G25710/AT4G14690",10
"GO:0009698","GO:0009698","phenylpropanoid metabolic process","9/132","183/20876",2.52371644452117e-06,0.000762107630871622,0.000689216875906203,"AT1G79270/AT1G64160/AT2G47890/AT5G60020/AT1G65060/AT5G58860/AT3G11430/AT2G28670/AT2G21100",9
"GO:0009699","GO:0009699","phenylpropanoid biosynthetic process","8/132","139/20876",2.90264759808173e-06,0.000762107630871622,0.000689216875906203,"AT1G79270/AT1G64160/AT2G47890/AT5G60020/AT5G58860/AT3G11430/AT2G28670/AT2G21100",8
"GO:0009812","GO:0009812","flavonoid metabolic process","10/132","244/20876",3.54881318217286e-06,0.000762107630871622,0.000689216875906203,"AT1G79270/AT2G47890/AT1G78600/AT1G65060/AT1G73650/AT3G61220/AT5G48880/AT5G20700/AT3G25710/AT4G14690",10
"GO:0010383","GO:0010383","cell wall polysaccharide metabolic process","9/132","238/20876",2.10295118993055e-05,0.00352267931842453,0.0031857574131454,"AT5G47450/AT4G35350/AT1G65310/AT5G03260/AT1G30750/AT5G60020/AT4G30190/AT5G51500/AT1G58370",9
"GO:0044036","GO:0044036","cell wall macromolecule metabolic process","10/132","309/20876",2.77226881489766e-05,0.00352267931842453,0.0031857574131454,"AT5G47450/AT4G35350/AT1G65310/AT5G03260/AT2G03090/AT1G30750/AT5G60020/AT4G30190/AT5G51500/AT1G58370",10
"GO:0010224","GO:0010224","response to UV-B","6/132","104/20876",5.2101880090473e-05,0.00436824534770825,0.00395045042167598,"AT1G65060/AT1G73650/AT3G61220/AT5G48880/AT3G17609/AT4G14690",6
"GO:0019852","GO:0019852","L-ascorbic acid metabolic process","3/132","15/20876",0.000106351714405244,0.00702739405185423,0.00635526843976278,"AT2G46740/AT2G39770/AT4G26850",3
"GO:0019853","GO:0019853","L-ascorbic acid biosynthetic process","3/132","15/20876",0.000106351714405244,0.00702739405185423,0.00635526843976278,"AT2G46740/AT2G39770/AT4G26850",3
