ID,Path,Gene,Chromosome,Start,End,Strand,Length,BioType,Description,Flg22_vs_Mock_pvalue,Flg22_vs_Mock_padj,Flg22_vs_Mock_log2FoldChange,Flg22_SynCom33_vs_Mock_pvalue,Flg22_SynCom33_vs_Mock_padj,Flg22_SynCom33_vs_Mock_log2FoldChange,Flg22_SynCom35_vs_Mock_pvalue,Flg22_SynCom35_vs_Mock_padj,Flg22_SynCom35_vs_Mock_log2FoldChange,Flg22_vs_Mock,Flg22_SynCom33_vs_Mock,Flg22_SynCom35_vs_Mock,cl
AT2G43820.1,ARA:PWY-6762,UGT74F2,2,18152078,18153908,+,1830,protein_coding,UDP-glycosyltransferase 74F2 [Source:UniProtKB/Swiss-Prot;Acc:O22822],1.11371729372367e-5,0.0011952618817813686,-0.749100489847249,1.3315660254250085e-7,1.9039977603976106e-5,-0.9000920177382115,7.592864182979801e-6,6.115282527972038e-4,-0.7629072710329746,0,0,0,8
AT2G43840.2,ARA:PWY-6762,UGT74F1,2,18157529,18159175,+,1646,protein_coding,Glycosyltransferase [Source:UniProtKB/TrEMBL;Acc:F4IS54],0.8443597207170825,0.9736676191596145,0.31377146422426716,0.6136167577468501,NA,0.8025159596243457,0.6532311610429902,NA,-0.7313890829598924,0,0,0,9
AT2G43840.2,ARA:PWY-6762,UGT74F1,2,18157529,18159175,+,1646,protein_coding,Glycosyltransferase [Source:UniProtKB/TrEMBL;Acc:F4IS54],0.8443597207170825,0.9736676191596145,0.31377146422426716,0.6136167577468501,NA,0.8025159596243457,0.6532311610429902,NA,-0.7313890829598924,0,0,0,9
AT2G43840.1,ARA:PWY-6762,UGT74F1,2,18157620,18159231,+,1611,protein_coding,Glycosyltransferase [Source:UniProtKB/TrEMBL;Acc:F4IS54],0.06442076446085322,0.4237083224669088,0.6047997699496565,0.3932958940197959,0.7453641360767411,0.28044542142614604,0.395706726846364,0.7701571421786121,-0.28133776452222536,0,0,0,7
AT2G43840.1,ARA:PWY-6762,UGT74F1,2,18157620,18159231,+,1611,protein_coding,Glycosyltransferase [Source:UniProtKB/TrEMBL;Acc:F4IS54],0.06442076446085322,0.4237083224669088,0.6047997699496565,0.3932958940197959,0.7453641360767411,0.28044542142614604,0.395706726846364,0.7701571421786121,-0.28133776452222536,0,0,0,7
