ID,Path,Gene,Chromosome,Start,End,Strand,Length,BioType,Description,Flg22_vs_Mock_pvalue,Flg22_vs_Mock_padj,Flg22_vs_Mock_log2FoldChange,Flg22_SynCom33_vs_Mock_pvalue,Flg22_SynCom33_vs_Mock_padj,Flg22_SynCom33_vs_Mock_log2FoldChange,Flg22_SynCom35_vs_Mock_pvalue,Flg22_SynCom35_vs_Mock_padj,Flg22_SynCom35_vs_Mock_log2FoldChange,Flg22_vs_Mock,Flg22_SynCom33_vs_Mock,Flg22_SynCom35_vs_Mock,cl
AT3G29670.1,ARA:PWY-6930,PMAT2,3,11527756,11529420,+,1664,protein_coding,Phenolic glucoside malonyltransferase 2 [Source:UniProtKB/Swiss-Prot;Acc:Q9LRQ8],0.05556426592915309,0.39660379709744187,1.1566860406133737,0.7418171908291935,0.9258152573105746,0.20216356799185306,0.43460104923683335,0.7965710431523294,-0.48713526728682527,0,0,0,7
AT5G39050.1,ARA:PWY-6930,PMAT1,5,15634444,15636480,+,2036,protein_coding,Phenolic glucoside malonyltransferase 1 [Source:UniProtKB/Swiss-Prot;Acc:Q940Z5],0.2762121138493069,0.7514834604600173,0.36803759898855376,4.160187477817794e-6,3.1065044382971646e-4,-1.5700935994678105,3.4877099969773505e-19,1.0488415888410137e-15,-3.1175709490124413,0,-1,-1,2
AT5G39080.1,ARA:PWY-6930,,5,15641442,15643216,+,1774,protein_coding,Acyltransferase-like protein [Source:UniProtKB/TrEMBL;Acc:Q9FID2],0.8119132121297947,0.9667017409037706,-0.30450754171142713,0.5971785432614745,NA,0.6669271205974859,0.7860045792441892,NA,-0.347193341375801,0,0,0,10
AT5G39090.1,ARA:PWY-6930,,5,15643493,15645172,+,1679,protein_coding,Acyltransferase-like protein [Source:UniProtKB/TrEMBL;Acc:Q9FID1],0.36618922821517863,0.8157685009246681,-0.24214208221533634,0.05819051440792227,0.3038021767942837,-0.5146977549050339,0.005844558986400003,0.09030725760745746,-0.7552116354215253,0,0,0,2
