ID,Path,Gene,Chromosome,Start,End,Strand,Length,BioType,Description,Flg22_vs_Mock_pvalue,Flg22_vs_Mock_padj,Flg22_vs_Mock_log2FoldChange,Flg22_SynCom33_vs_Mock_pvalue,Flg22_SynCom33_vs_Mock_padj,Flg22_SynCom33_vs_Mock_log2FoldChange,Flg22_SynCom35_vs_Mock_pvalue,Flg22_SynCom35_vs_Mock_padj,Flg22_SynCom35_vs_Mock_log2FoldChange,Flg22_vs_Mock,Flg22_SynCom33_vs_Mock,Flg22_SynCom35_vs_Mock,cl
AT1G67070.1,ARA:PWY-3881,PMI2,1,25041833,25044647,+,2814,protein_coding,Mannose-6-phosphate isomerase 2 [Source:UniProtKB/Swiss-Prot;Acc:Q9FZH5],0.5671768119519103,0.9035882755187352,0.22762105686124037,0.01529453495232374,0.141628552734539,0.9590911886138318,0.1297290306126598,0.5031470286118603,0.600301062783192,0,0,0,5
AT1G67070.3,ARA:PWY-3881,PMI2,1,25042135,25044004,+,1869,protein_coding,Mannose-6-phosphate isomerase 2 [Source:UniProtKB/Swiss-Prot;Acc:Q9FZH5],0.7167866909050895,0.9461690924620495,0.17737809710123498,0.8299698753954599,0.9528207290049859,-0.1059965969974943,0.45226311728049845,0.8062575106518592,-0.37346166834321703,0,0,0,2
AT2G21250.1,ARA:PWY-3881,,2,9103136,9105187,-,2051,protein_coding,NAD(P)-linked oxidoreductase superfamily protein [Source:UniProtKB/TrEMBL;Acc:Q9SJV2],0.6727564315783795,0.9351718329387113,0.0700153758605649,0.009824581461071402,0.10757816653218795,-0.4297965803653362,0.3831516365714192,0.76427763002464,-0.14470968557201752,0,0,0,3
AT2G21260.1,ARA:PWY-3881,,2,9105583,9107380,-,1797,protein_coding,At2g21260 [Source:UniProtKB/TrEMBL;Acc:Q9SJV1],0.8147071733236456,NA,-0.2643303539656315,0.11278404704676281,NA,-2.2745757251944307,0.38165208506343073,NA,-1.0471653783669619,0,-0,-0,2
AT2G25870.1,ARA:PWY-3881,YBEY,2,11030970,11034580,+,3610,protein_coding,"Endoribonuclease YBEY, chloroplastic [Source:UniProtKB/Swiss-Prot;Acc:Q8L5Z4]",0.00447904737427321,0.09250850406470529,-0.35584361383040775,0.035185606701255326,0.23052875440973572,-0.2630659701447296,0.20396524670848568,0.6058647019930082,0.1567356289256407,0,0,0,4
AT3G02570.1,ARA:PWY-3881,PMI1,3,543346,545602,-,2256,protein_coding,PMI1 [Source:UniProtKB/TrEMBL;Acc:A0A178VN24],0.6031256293585843,0.91443312606026,0.08442145382475154,0.5155555678857054,0.8221903742125569,0.10556318014392702,0.3525544630239375,0.7416623040764484,0.15063488931138946,0,0,0,6
