ID,Path,Gene,Chromosome,Start,End,Strand,Length,BioType,Description,Flg22_vs_Mock_pvalue,Flg22_vs_Mock_padj,Flg22_vs_Mock_log2FoldChange,Flg22_SynCom33_vs_Mock_pvalue,Flg22_SynCom33_vs_Mock_padj,Flg22_SynCom33_vs_Mock_log2FoldChange,Flg22_SynCom35_vs_Mock_pvalue,Flg22_SynCom35_vs_Mock_padj,Flg22_SynCom35_vs_Mock_log2FoldChange,Flg22_vs_Mock,Flg22_SynCom33_vs_Mock,Flg22_SynCom35_vs_Mock,cl
AT2G04540.1,ARA:PWY-6799,KAS,2,1581376,1584702,-,3326,protein_coding,3-oxoacyl-[acyl-carrier-protein] synthase [Source:UniProtKB/TrEMBL;Acc:A0A178VUN0],0.5931345319376252,0.9104881942491783,-0.07930419927891164,0.2689711220783167,0.6397604110464644,0.1615868872192413,0.15183265226930553,0.5378077073461355,0.20777411446261893,0,0,0,1
AT2G30200.1,ARA:PWY-6799,,2,12882948,12885776,-,2828,protein_coding,EMBRYO DEFECTIVE 3147 [Source:UniProtKB/TrEMBL;Acc:Q8RU07],0.9984104506294461,0.9997310049539363,-3.8368039855375154e-4,0.5941633170324128,0.8661073793141547,-0.10269516687298669,0.5952018516886413,0.8792510086794424,0.10221115710657441,0,0,0,4
