ID,Path,Gene,Chromosome,Start,End,Strand,Length,BioType,Description,Flg22_vs_Mock_pvalue,Flg22_vs_Mock_padj,Flg22_vs_Mock_log2FoldChange,Flg22_SynCom33_vs_Mock_pvalue,Flg22_SynCom33_vs_Mock_padj,Flg22_SynCom33_vs_Mock_log2FoldChange,Flg22_SynCom35_vs_Mock_pvalue,Flg22_SynCom35_vs_Mock_padj,Flg22_SynCom35_vs_Mock_log2FoldChange,Flg22_vs_Mock,Flg22_SynCom33_vs_Mock,Flg22_SynCom35_vs_Mock,cl
AT1G74470.1,ARA:PWY-5064,CHLP,1,27991165,27993445,+,2280,protein_coding,"Geranylgeranyl diphosphate reductase, chloroplastic [Source:UniProtKB/Swiss-Prot;Acc:Q9CA67]",0.47384749254180664,0.8703814875828739,-0.1771096253676817,0.5268177810775273,0.8286348240058203,-0.1564788357376203,0.47357184406536434,0.81947258861002,0.17644241962657853,0,0,0,4
AT3G51820.1,ARA:PWY-5064,CHLG,3,19215930,19219128,-,3198,protein_coding,"Chlorophyll synthase, chloroplastic [Source:UniProtKB/Swiss-Prot;Acc:Q38833]",0.1482637401965084,0.6055691850439395,-0.39281965035121014,0.04460893851135233,0.263439693554959,-0.5498662789073775,0.08436784851720129,0.4136380068528283,0.45488857237547453,0,0,0,4
