ID,Path,Gene,Chromosome,Start,End,Strand,Length,BioType,Description,Flg22_vs_Mock_pvalue,Flg22_vs_Mock_padj,Flg22_vs_Mock_log2FoldChange,Flg22_SynCom33_vs_Mock_pvalue,Flg22_SynCom33_vs_Mock_padj,Flg22_SynCom33_vs_Mock_log2FoldChange,Flg22_SynCom35_vs_Mock_pvalue,Flg22_SynCom35_vs_Mock_padj,Flg22_SynCom35_vs_Mock_log2FoldChange,Flg22_vs_Mock,Flg22_SynCom33_vs_Mock,Flg22_SynCom35_vs_Mock,cl
AT1G08200.1,ARA:PWY-5113,AXS2,1,2573818,2576844,-,3026,protein_coding,UDP-D-apiose/UDP-D-xylose synthase 2 [Source:UniProtKB/Swiss-Prot;Acc:Q9SGE0],0.5673097912426874,0.9035882755187352,-0.10174831956693217,0.7110639656734582,0.916294593990408,-0.06588655009987969,0.5031572765617824,0.8342389538959561,0.11901983010363541,0,0,0,4
AT2G27860.1,ARA:PWY-5113,AXS1,2,11864277,11866998,-,2721,protein_coding,UDP-D-apiose/UDP-D-xylose synthase 1 [Source:UniProtKB/Swiss-Prot;Acc:Q9ZUY6],0.5046892711109101,0.8820916256482816,0.05772113350283409,0.7628265751553023,0.9325132596806596,0.026120610858432442,0.9011206039849308,0.9773437111267989,-0.010749005041001937,0,0,0,6
