ID,Path,Gene,Chromosome,Start,End,Strand,Length,BioType,Description,Flg22_vs_Mock_pvalue,Flg22_vs_Mock_padj,Flg22_vs_Mock_log2FoldChange,Flg22_SynCom33_vs_Mock_pvalue,Flg22_SynCom33_vs_Mock_padj,Flg22_SynCom33_vs_Mock_log2FoldChange,Flg22_SynCom35_vs_Mock_pvalue,Flg22_SynCom35_vs_Mock_padj,Flg22_SynCom35_vs_Mock_log2FoldChange,Flg22_vs_Mock,Flg22_SynCom33_vs_Mock,Flg22_SynCom35_vs_Mock,cl
AT1G77520.1,ARA:PWY-5765,,1,29130375,29132272,+,1897,protein_coding,O-methyltransferase family protein [Source:UniProtKB/TrEMBL;Acc:Q9CAQ4],0.1522840497283553,0.6097370072006495,-0.49501251402916907,0.9421169290419226,0.9870558950268483,-0.025051685876963575,0.5136647584662855,0.839769813414923,0.22506217114499763,0,0,0,1
AT4G35160.1,ARA:PWY-5765,ASMT,4,16730703,16732923,-,2220,protein_coding,Acetylserotonin O-methyltransferase [Source:UniProtKB/Swiss-Prot;Acc:Q9T003],0.3169954885960968,0.7822980100599901,0.24192667800149095,0.050660252267424724,0.28317379928358466,0.47230062480983975,0.6076335049309534,0.8840965041395863,0.12414814824316707,0,0,0,5
AT5G07270.1,ARA:PWY-5765,XBAT33,5,2280560,2283667,+,3107,protein_coding,XBAT33 [Source:UniProtKB/TrEMBL;Acc:A0A178U6J8],0.6795461340939756,0.9368212499545501,-0.0704814058846609,0.7945787798695332,0.9426682041222534,-0.044419037172927785,0.18898110222407818,0.5875732305370117,-0.22429181507470028,0,0,0,10
AT5G57740.1,ARA:PWY-5765,XBAT32,5,23394585,23397650,-,3065,protein_coding,XBAT32 [Source:UniProtKB/TrEMBL;Acc:A0A178UH83],0.9802947606377077,0.9959343457558849,0.004528828339507985,0.08551514528644465,0.37458336900606243,0.31450938820389857,0.9586973309510715,0.9903694636993614,0.009488800217335506,0,0,0,5
