ID,Path,Gene,Chromosome,Start,End,Strand,Length,BioType,Description,Flg22_vs_Mock_pvalue,Flg22_vs_Mock_padj,Flg22_vs_Mock_log2FoldChange,Flg22_SynCom33_vs_Mock_pvalue,Flg22_SynCom33_vs_Mock_padj,Flg22_SynCom33_vs_Mock_log2FoldChange,Flg22_SynCom35_vs_Mock_pvalue,Flg22_SynCom35_vs_Mock_padj,Flg22_SynCom35_vs_Mock_log2FoldChange,Flg22_vs_Mock,Flg22_SynCom33_vs_Mock,Flg22_SynCom35_vs_Mock,cl
AT1G61810.2,ARA:PWY-116,BGLU45,1,22829921,22832936,+,3015,protein_coding,Beta-glucosidase 45 [Source:UniProtKB/TrEMBL;Acc:F4HVG0],0.08623507842238086,0.48407430494775755,-1.5349941004555967,0.6154410962663075,0.8750732747791821,0.42136755220693445,0.8665006108553251,NA,0.1414928179331877,-0,0,0,1
AT1G61810.5,ARA:PWY-116,BGLU45,1,22830566,22832962,+,2396,protein_coding,Beta-glucosidase 45 [Source:UniProtKB/TrEMBL;Acc:F4HVG0],0.06547225920746717,0.4271939093082607,1.105911124143032,0.022162859312649923,0.17581991640650385,1.3665005942477675,0.1988882190516262,0.6007647848169796,0.7759387339837556,0,0,0,9
AT4G21760.2,ARA:PWY-116,BGLU47,4,11561123,11563871,+,2748,protein_coding,beta-glucosidase 47 [Source:TAIR;Acc:AT4G21760],0.4957494200988084,0.8785304276516508,0.36946493380940254,0.5727812951748106,0.8541998900778335,0.30619848541928507,0.9785235711438676,0.9954888394189431,0.014661336816711796,0,0,0,9
AT4G21760.1,ARA:PWY-116,BGLU47,4,11561201,11563950,+,2749,protein_coding,beta-glucosidase 47 [Source:TAIR;Acc:AT4G21760],0.48677782667145053,0.8752403418423143,0.41945182475588627,0.8580397354241358,0.9620891873875449,0.10826501499833864,0.7918001844698811,0.9466816836286851,-0.1601456638598577,0,0,0,7
AT5G26310.1,ARA:PWY-116,UGT72E3,5,9234600,9236408,+,1808,protein_coding,Glycosyltransferase (Fragment) [Source:UniProtKB/TrEMBL;Acc:W8QN72],0.46161328682706876,0.8657571523940272,0.2187306610282594,0.41196102816711294,0.7572136179525351,0.2437488304258184,0.43793110020118564,0.7977006409554378,-0.23090503294057857,0,0,0,9
AT5G66690.1,ARA:PWY-116,UGT72E2,5,26625049,26626822,+,1773,protein_coding,Glycosyltransferase (Fragment) [Source:UniProtKB/TrEMBL;Acc:W8PUV8],0.11721942941335164,0.55256769006051,0.3607304696129125,0.4672230040611374,0.792981717137801,-0.1674885774956928,2.1090895658246566e-4,0.008467896101151815,-0.8543759227704104,0,0,0,2
