ID,Path,Gene,Chromosome,Start,End,Strand,Length,BioType,Description,Flg22_vs_Mock_pvalue,Flg22_vs_Mock_padj,Flg22_vs_Mock_log2FoldChange,Flg22_SynCom33_vs_Mock_pvalue,Flg22_SynCom33_vs_Mock_padj,Flg22_SynCom33_vs_Mock_log2FoldChange,Flg22_SynCom35_vs_Mock_pvalue,Flg22_SynCom35_vs_Mock_padj,Flg22_SynCom35_vs_Mock_log2FoldChange,Flg22_vs_Mock,Flg22_SynCom33_vs_Mock,Flg22_SynCom35_vs_Mock,cl
AT1G17050.1,ARA:PWY-5805,SPS2,1,5828915,5831383,+,2468,protein_coding,SPS2 [Source:UniProtKB/TrEMBL;Acc:A0A178W8X1],0.7724780933436968,0.9590410368163412,-0.0845831613189669,0.04667762619108745,0.2699128070814139,-0.5842671670880082,0.038544532916384246,0.27730393926506347,-0.6073420606197989,0,0,0,2
AT1G78510.1,ARA:PWY-5805,SPS1,1,29535060,29537482,-,2422,protein_coding,Solanesyl diphosphate synthase 1 [Source:UniProtKB/Swiss-Prot;Acc:Q8S948],0.20735143861656588,0.6826658611998856,0.806893580145973,0.2134630724951853,0.5792181603730263,-0.8118112076307421,0.5718825443744407,0.8690216177716206,-0.36562195023757404,0,0,0,7
AT1G78510.2,ARA:PWY-5805,SPS1,1,29535285,29537417,-,2132,protein_coding,Solanesyl diphosphate synthase 1 [Source:UniProtKB/Swiss-Prot;Acc:Q8S948],0.20511671252142744,0.6799004833515377,-0.5871574820695791,0.08129618565267618,0.3640432286690974,-0.8101652792268575,0.17614283969807348,0.5722157285698928,-0.626555379279028,0,0,0,8
