ID,Path,Gene,Chromosome,Start,End,Strand,Length,BioType,Description,Flg22_vs_Mock_pvalue,Flg22_vs_Mock_padj,Flg22_vs_Mock_log2FoldChange,Flg22_SynCom33_vs_Mock_pvalue,Flg22_SynCom33_vs_Mock_padj,Flg22_SynCom33_vs_Mock_log2FoldChange,Flg22_SynCom35_vs_Mock_pvalue,Flg22_SynCom35_vs_Mock_padj,Flg22_SynCom35_vs_Mock_log2FoldChange,Flg22_vs_Mock,Flg22_SynCom33_vs_Mock,Flg22_SynCom35_vs_Mock,cl
AT3G55610.1,ARA:PWY-3341,P5CSB,3,20624020,20629295,-,5275,protein_coding,Delta-1-pyrroline-5-carboxylate synthase [Source:UniProtKB/TrEMBL;Acc:A0A178VF78],0.1834031466972458,0.6580559335536246,-0.19117733104694487,0.056256050352677486,0.2988095525747236,0.27392014786358593,0.017748168141701496,0.18031772090990705,0.3400359482126481,0,0,0,1
AT3G55610.2,ARA:PWY-3341,P5CSB,3,20624970,20629093,-,4123,protein_coding,Delta-1-pyrroline-5-carboxylate synthase [Source:UniProtKB/TrEMBL;Acc:A0A178VF78],0.7799796316970365,0.9610838194186222,-0.5790649937779493,0.3988238372007258,0.7481711271676625,-1.7588663553586814,0.9226159374483577,NA,0.20096426787878535,0,-0,0,4
AT5G14800.1,ARA:PWY-3341,PROC1,5,4785960,4787996,-,2036,protein_coding,Pyrroline-5-carboxylate reductase [Source:UniProtKB/Swiss-Prot;Acc:P54904],0.25638268438744793,0.7349943874387103,-0.25156340881522715,0.11170784677405857,0.42686694904252626,-0.3527445756584995,0.08124862550107784,0.40613759946321265,0.3853594041874979,0,0,0,4
AT5G14800.2,ARA:PWY-3341,PROC1,5,4785962,4787839,-,1877,protein_coding,Pyrroline-5-carboxylate reductase [Source:UniProtKB/Swiss-Prot;Acc:P54904],0.3391958159097097,0.7990399903635059,1.08338103048158,0.25007966438195023,0.6209360849703812,1.3033540136876007,0.37704550769581335,0.7586318327461635,1.0013181254305432,0,0,0,6
AT5G46180.1,ARA:PWY-3341,DELTA-OAT,5,18718417,18721744,-,3327,protein_coding,"Ornithine aminotransferase, mitochondrial [Source:UniProtKB/Swiss-Prot;Acc:Q9FNK4]",0.09979106508625989,0.5153479948619516,0.33861458717152326,0.8895792811410719,0.9713501862640356,0.02860915428395706,0.008572649146023962,0.11534719975114344,-0.5433756804809202,0,0,0,7
