ID,Path,Gene,Chromosome,Start,End,Strand,Length,BioType,Description,Flg22_vs_Mock_pvalue,Flg22_vs_Mock_padj,Flg22_vs_Mock_log2FoldChange,Flg22_SynCom33_vs_Mock_pvalue,Flg22_SynCom33_vs_Mock_padj,Flg22_SynCom33_vs_Mock_log2FoldChange,Flg22_SynCom35_vs_Mock_pvalue,Flg22_SynCom35_vs_Mock_padj,Flg22_SynCom35_vs_Mock_log2FoldChange,Flg22_vs_Mock,Flg22_SynCom33_vs_Mock,Flg22_SynCom35_vs_Mock,cl
AT1G08550.2,ARA:PWY-5945,VDE1,1,2707109,2709531,+,2422,protein_coding,NPQ1 [Source:UniProtKB/TrEMBL;Acc:A0A384K8V4],0.05051364710158101,0.37803827242441074,-0.539109742599106,0.23445146361610403,0.6031700875613081,-0.3232909030346987,0.1447763164142094,0.5277210807589339,0.3809263940813407,0,0,0,4
AT2G21860.1,ARA:PWY-5945,,2,9318122,9320024,-,1902,protein_coding,At2g21860/F7D8.18 [Source:UniProtKB/TrEMBL;Acc:Q9SJ13],0.21657948289609347,0.6930756191396295,-0.26455293915025935,4.4247960974126135e-4,0.012613718843122575,-0.7824253600223163,0.32779309023857045,0.7242029607739568,0.20326059731877985,0,0,0,4
AT5G67030.1,ARA:PWY-5945,ZEP,5,26753469,26757402,-,3933,protein_coding,"Zeaxanthin epoxidase, chloroplastic [Source:UniProtKB/Swiss-Prot;Acc:Q9FGC7]",0.33248666361227563,0.79345386942344,0.5221180664884024,0.3878640870620353,0.7409965452634235,0.46526827070625804,0.2560584090662554,0.6644273683004379,-0.6134670637375951,0,0,0,9
AT5G67030.2,ARA:PWY-5945,ZEP,5,26753522,26757236,-,3714,protein_coding,"Zeaxanthin epoxidase, chloroplastic [Source:UniProtKB/Swiss-Prot;Acc:Q9FGC7]",0.7521116367737423,0.9531706513115944,-0.19837086126129602,0.7550594680884521,0.9300203229019816,0.19567938898076048,0.17410870382478227,0.5695857275617707,-0.8559299743809385,0,0,0,10
