ID,Path,Gene,Chromosome,Start,End,Strand,Length,BioType,Description,Flg22_vs_Mock_pvalue,Flg22_vs_Mock_padj,Flg22_vs_Mock_log2FoldChange,Flg22_SynCom33_vs_Mock_pvalue,Flg22_SynCom33_vs_Mock_padj,Flg22_SynCom33_vs_Mock_log2FoldChange,Flg22_SynCom35_vs_Mock_pvalue,Flg22_SynCom35_vs_Mock_padj,Flg22_SynCom35_vs_Mock_log2FoldChange,Flg22_vs_Mock,Flg22_SynCom33_vs_Mock,Flg22_SynCom35_vs_Mock,cl
AT1G79440.1,ARA:PWY-6535,ALDH5F1,1,29882121,29887414,-,5293,protein_coding,"Succinate-semialdehyde dehydrogenase, mitochondrial [Source:UniProtKB/Swiss-Prot;Acc:Q9SAK4]",0.797299547267403,0.9654667129385671,0.05151835868482572,0.4486055268547163,0.7818096449211335,-0.15207213661570018,0.1436021378209645,0.5260819600573723,-0.29355510633603793,0,0,0,2
AT3G22200.1,ARA:PWY-6535,POP2,3,7835149,7839061,+,3912,protein_coding,Pyridoxal phosphate (PLP)-dependent transferases superfamily protein [Source:TAIR;Acc:AT3G22200],0.40915237011009425,0.8428305275083786,-0.15066268173878736,0.5712638472356499,0.853548573819136,-0.103346431786415,0.02938297542279303,0.23997508868648382,-0.39769510658291757,0,0,0,2
