ID,Path,Gene,Chromosome,Start,End,Strand,Length,BioType,Description,Flg22_vs_Mock_pvalue,Flg22_vs_Mock_padj,Flg22_vs_Mock_log2FoldChange,Flg22_SynCom33_vs_Mock_pvalue,Flg22_SynCom33_vs_Mock_padj,Flg22_SynCom33_vs_Mock_log2FoldChange,Flg22_SynCom35_vs_Mock_pvalue,Flg22_SynCom35_vs_Mock_padj,Flg22_SynCom35_vs_Mock_log2FoldChange,Flg22_vs_Mock,Flg22_SynCom33_vs_Mock,Flg22_SynCom35_vs_Mock,cl
AT5G28840.1,ARA:PWY-5115,GME,5,10862016,10864946,-,2930,protein_coding,"GDP-mannose 3,5-epimerase [Source:UniProtKB/Swiss-Prot;Acc:Q93VR3]",0.19001241072385247,0.6654547469727115,0.7542256370822008,0.6933800733455844,0.9093943614475077,-0.22992589672563474,0.7178050545090575,0.9241499593176822,-0.2103508744575186,0,0,0,7
AT5G28840.2,ARA:PWY-5115,GME,5,10862173,10864903,-,2730,protein_coding,"GDP-mannose 3,5-epimerase [Source:UniProtKB/Swiss-Prot;Acc:Q93VR3]",0.42214686507415805,0.8480769332422623,-0.06361845246582032,0.8661204204687323,0.9648205346859134,0.013330651648946371,0.11251097285149225,0.4736288687421173,0.12467951422037273,0,0,0,4
