ID,Path,Gene,Chromosome,Start,End,Strand,Length,BioType,Description,Flg22_vs_Mock_pvalue,Flg22_vs_Mock_padj,Flg22_vs_Mock_log2FoldChange,Flg22_SynCom33_vs_Mock_pvalue,Flg22_SynCom33_vs_Mock_padj,Flg22_SynCom33_vs_Mock_log2FoldChange,Flg22_SynCom35_vs_Mock_pvalue,Flg22_SynCom35_vs_Mock_padj,Flg22_SynCom35_vs_Mock_log2FoldChange,Flg22_vs_Mock,Flg22_SynCom33_vs_Mock,Flg22_SynCom35_vs_Mock,cl
AT1G04620.1,ARA:PWY-5068,HCAR,1,1282163,1286619,-,4456,protein_coding,"7-hydroxymethyl chlorophyll a reductase, chloroplastic [Source:UniProtKB/Swiss-Prot;Acc:Q8GS60]",0.32572224190509164,0.789084874500273,-0.6009394790197128,0.01812721902880769,0.15599547823062,-1.4694765351579897,0.8933890763963293,0.975823525143356,0.08126076434121803,0,-0,0,4
AT1G04620.1,ARA:PWY-5068,HCAR,1,1282163,1286619,-,4456,protein_coding,"7-hydroxymethyl chlorophyll a reductase, chloroplastic [Source:UniProtKB/Swiss-Prot;Acc:Q8GS60]",0.32572224190509164,0.789084874500273,-0.6009394790197128,0.01812721902880769,0.15599547823062,-1.4694765351579897,0.8933890763963293,0.975823525143356,0.08126076434121803,0,-0,0,4
AT1G44446.4,ARA:PWY-5068,CAO,1,16848366,16851010,-,2644,protein_coding,CH1 [Source:UniProtKB/TrEMBL;Acc:A0A178W6L1],0.6862436563901724,0.9384196103438033,0.24912424580231116,0.35311601833574674,0.713343714203167,0.5716333807740795,0.47193961609521146,0.8181101130992801,-0.44577997593896346,0,0,0,9
AT3G51820.1,ARA:PWY-5068,CHLG,3,19215930,19219128,-,3198,protein_coding,"Chlorophyll synthase, chloroplastic [Source:UniProtKB/Swiss-Prot;Acc:Q38833]",0.1482637401965084,0.6055691850439395,-0.39281965035121014,0.04460893851135233,0.263439693554959,-0.5498662789073775,0.08436784851720129,0.4136380068528283,0.45488857237547453,0,0,0,4
AT4G13250.1,ARA:PWY-5068,NYC1,4,7684234,7687006,-,2772,protein_coding,"Probable chlorophyll(ide) b reductase NYC1, chloroplastic [Source:UniProtKB/Swiss-Prot;Acc:Q93ZA0]",0.5814281447518133,0.9078270129595561,0.18369843406056388,0.017421322947676773,0.15215074836889117,-0.800207669963612,1.4247441774994658e-4,0.00622077956847226,-1.2882135308057594,0,0,-1,2
AT5G04900.1,ARA:PWY-5068,NOL,5,1434774,1437495,+,2721,protein_coding,"Chlorophyll(ide) b reductase NOL, chloroplastic [Source:UniProtKB/Swiss-Prot;Acc:Q8LEU3]",0.7034432638877723,0.9428273728293407,-0.12501813118199667,0.6640894442276055,0.8974488457533929,-0.1429142000879689,0.6908430787049271,0.9150822587547247,-0.12988090383834847,0,0,0,8
