ID,Path,Gene,Chromosome,Start,End,Strand,Length,BioType,Description,Flg22_vs_Mock_pvalue,Flg22_vs_Mock_padj,Flg22_vs_Mock_log2FoldChange,Flg22_SynCom33_vs_Mock_pvalue,Flg22_SynCom33_vs_Mock_padj,Flg22_SynCom33_vs_Mock_log2FoldChange,Flg22_SynCom35_vs_Mock_pvalue,Flg22_SynCom35_vs_Mock_padj,Flg22_SynCom35_vs_Mock_log2FoldChange,Flg22_vs_Mock,Flg22_SynCom33_vs_Mock,Flg22_SynCom35_vs_Mock,cl
AT2G26400.1,ARA:PWY-5389,ARD,2,11231800,11233295,-,1495,protein_coding,acireductone dioxygenase 3 [Source:TAIR;Acc:AT2G26400],0.09716930704882162,0.5108445356356518,1.483130355216529,0.2523262870724719,NA,1.0385452402147142,0.7279184437059806,NA,0.3245366594964456,0,0,0,7
AT4G14716.1,ARA:PWY-5389,ARD2,4,8430207,8431963,-,1756,protein_coding,"1,2-dihydroxy-3-keto-5-methylthiopentene dioxygenase [Source:UniProtKB/TrEMBL;Acc:Q0WSS4]",0.0915682046734451,0.4979860342504033,-0.21844288706024803,0.36388784412896835,0.7220630751115196,-0.11749119994972408,0.9004208862908026,0.9773437111267989,0.016170924682867037,0,0,0,4
