ID,Path,Gene,Chromosome,Start,End,Strand,Length,BioType,Description,Flg22_vs_Mock_pvalue,Flg22_vs_Mock_padj,Flg22_vs_Mock_log2FoldChange,Flg22_SynCom33_vs_Mock_pvalue,Flg22_SynCom33_vs_Mock_padj,Flg22_SynCom33_vs_Mock_log2FoldChange,Flg22_SynCom35_vs_Mock_pvalue,Flg22_SynCom35_vs_Mock_padj,Flg22_SynCom35_vs_Mock_log2FoldChange,Flg22_vs_Mock,Flg22_SynCom33_vs_Mock,Flg22_SynCom35_vs_Mock,cl
AT1G64970.1,ARA:PWY-7436,VTE4,1,24134085,24136109,-,2024,protein_coding,"Tocopherol O-methyltransferase, chloroplastic [Source:UniProtKB/Swiss-Prot;Acc:Q9ZSK1]",0.0490381420494526,0.3734658501759698,1.0111606396689568,0.5186406888573281,0.8241902224350794,0.33614750049589043,0.9296765014029741,0.9844259362127092,-0.046328165709197705,0,0,0,7
AT3G63410.1,ARA:PWY-7436,VTE3,3,23415589,23417119,-,1530,protein_coding,"2-methyl-6-phytyl-1,4-hydroquinone methyltransferase, chloroplastic [Source:UniProtKB/Swiss-Prot;Acc:Q9LY74]",0.4621851670459906,0.8657571523940272,-0.15308881267669558,0.3603048510413966,0.7190048998363019,-0.1906396009437408,0.14954420557089582,0.5341479815159627,0.29765374269091593,0,0,0,4
AT4G32770.1,ARA:PWY-7436,VTE1,4,15804784,15808084,+,3300,protein_coding,"Tocopherol cyclase, chloroplastic [Source:UniProtKB/Swiss-Prot;Acc:Q94FY7]",0.9909943369391612,0.9980604122547079,-0.005170158206645151,0.1437398989282418,0.48185758361254466,-0.6795818877460993,0.8446889810149215,0.9624211305334295,-0.0897426338222005,0,0,0,3
