ID,Path,Gene,Chromosome,Start,End,Strand,Length,BioType,Description,Flg22_vs_Mock_pvalue,Flg22_vs_Mock_padj,Flg22_vs_Mock_log2FoldChange,Flg22_SynCom33_vs_Mock_pvalue,Flg22_SynCom33_vs_Mock_padj,Flg22_SynCom33_vs_Mock_log2FoldChange,Flg22_SynCom35_vs_Mock_pvalue,Flg22_SynCom35_vs_Mock_padj,Flg22_SynCom35_vs_Mock_log2FoldChange,Flg22_vs_Mock,Flg22_SynCom33_vs_Mock,Flg22_SynCom35_vs_Mock,cl
AT4G36470.1,ARA:PWY-4203,,4,17214766,17216530,-,1764,protein_coding,At4g36470 [Source:UniProtKB/TrEMBL;Acc:O23234],0.7989724177745434,0.9656771389215525,0.09785451190748103,0.9456276014476594,0.987776477188274,-0.026275370860563266,0.548304445800603,0.8584049168393901,0.22978285475434426,0,0,0,4
AT5G04370.2,ARA:PWY-4203,NAMT1,5,1231697,1234147,+,2450,protein_coding,S-adenosyl-L-methionine-dependent methyltransferases superfamily protein [Source:UniProtKB/TrEMBL;Acc:Q0WL44],0.4964608971733379,0.8785309318814698,0.29733768077551403,0.16047259232078281,0.5075320686391713,0.6096076788166636,0.034210070568143444,0.260204197827504,0.9135086303687604,0,0,0,6
AT5G38020.1,ARA:PWY-4203,,5,15165642,15167864,-,2222,protein_coding,At5g38020 [Source:UniProtKB/TrEMBL;Acc:Q84MB1],0.9296430275323986,0.9908405698095135,-0.03490924375587136,0.36543408101296043,0.7232274877265996,-0.3578803206351767,0.4878746924613156,0.8264069289272696,-0.2742838594268258,0,0,0,3
AT5G38020.2,ARA:PWY-4203,,5,15165646,15167859,-,2213,protein_coding,At5g38020 [Source:UniProtKB/TrEMBL;Acc:Q84MB1],0.21908991572877723,0.6954397600661152,-0.42442819770941764,0.9573184788464932,0.9905738271301976,-0.018353308264871686,0.5029327111089981,0.8342389538959561,-0.23018220432449868,0,0,0,10
