ID,Path,Gene,Chromosome,Start,End,Strand,Length,BioType,Description,Flg22_vs_Mock_pvalue,Flg22_vs_Mock_padj,Flg22_vs_Mock_log2FoldChange,Flg22_SynCom33_vs_Mock_pvalue,Flg22_SynCom33_vs_Mock_padj,Flg22_SynCom33_vs_Mock_log2FoldChange,Flg22_SynCom35_vs_Mock_pvalue,Flg22_SynCom35_vs_Mock_padj,Flg22_SynCom35_vs_Mock_log2FoldChange,Flg22_vs_Mock,Flg22_SynCom33_vs_Mock,Flg22_SynCom35_vs_Mock,cl
AT3G58180.1,ARA:PWY-5905,,3,21543954,21546180,+,2226,protein_coding,Deoxyhypusine hydroxylase [Source:UniProtKB/Swiss-Prot;Acc:Q94JW0],0.2727451650445472,0.7490063547120404,-0.15235874270238506,0.35349467968151727,0.7135372460648854,-0.1288062329586529,0.8061272086648121,0.9509415955860436,0.033676451025786126,0,0,0,4
AT3G62530.1,ARA:PWY-5905,,3,23132122,23133298,+,1176,protein_coding,ARM repeat superfamily protein [Source:UniProtKB/TrEMBL;Acc:Q94K48],0.21443273838521798,0.6909933818000447,-0.18797958388026037,0.038862153836714666,0.24363162766757546,-0.31345687951965934,0.13785448680833362,0.516267628212156,0.22325069577993242,0,0,0,4
AT5G05920.1,ARA:PWY-5905,DHS,5,1777547,1779867,-,2320,protein_coding,Deoxyhypusine synthase [Source:UniProtKB/Swiss-Prot;Acc:Q9FI94],0.5106899722979455,0.8839818232185205,0.09067513482662638,0.24130088453556128,0.6112561607694081,-0.1640710245798331,0.8762039043578127,0.9708784787693561,-0.02151223738766472,0,0,0,3
AT5G05920.2,ARA:PWY-5905,DHS,5,1777552,1779830,-,2278,protein_coding,Deoxyhypusine synthase [Source:UniProtKB/Swiss-Prot;Acc:Q9FI94],0.8614598110720666,NA,0.3329581074778634,0.9295224567641932,NA,-0.16963213293796153,0.6432254276144997,NA,-0.8969265993847382,0,0,0,7
