ID,Path,Gene,Chromosome,Start,End,Strand,Length,BioType,Description,Flg22_vs_Mock_pvalue,Flg22_vs_Mock_padj,Flg22_vs_Mock_log2FoldChange,Flg22_SynCom33_vs_Mock_pvalue,Flg22_SynCom33_vs_Mock_padj,Flg22_SynCom33_vs_Mock_log2FoldChange,Flg22_SynCom35_vs_Mock_pvalue,Flg22_SynCom35_vs_Mock_padj,Flg22_SynCom35_vs_Mock_log2FoldChange,Flg22_vs_Mock,Flg22_SynCom33_vs_Mock,Flg22_SynCom35_vs_Mock,cl
AT1G22410.1,ARA:PWY-6164,,1,7911843,7915004,+,3161,protein_coding,Phospho-2-dehydro-3-deoxyheptonate aldolase [Source:UniProtKB/TrEMBL;Acc:Q9SK84],0.10606276190950704,0.5281834488802402,0.21290581831516292,0.5310147643683408,0.8310012458995107,0.0825419858073182,0.011103948142522217,0.13478243411342053,-0.334752592087353,0,0,0,7
AT4G33510.1,ARA:PWY-6164,DHS2,4,16116371,16118797,+,2426,protein_coding,Phospho-2-dehydro-3-deoxyheptonate aldolase [Source:UniProtKB/TrEMBL;Acc:A0A178US70],0.09815988002710671,0.5125997651556637,-0.24075986572185382,0.3066906175508624,0.6741477406885859,-0.1486593702062966,0.5964808365244145,0.879721970888283,0.0767418343948685,0,0,0,4
AT4G33510.2,ARA:PWY-6164,DHS2,4,16116447,16118825,+,2378,protein_coding,Phospho-2-dehydro-3-deoxyheptonate aldolase [Source:UniProtKB/TrEMBL;Acc:A0A178US70],0.6788973864266294,0.9367266379343594,-0.5936958417353615,0.7195629563440455,0.9198406534149073,0.5097162144584364,0.4391714390152062,NA,-1.117028847781563,0,0,-0,10
AT4G39980.1,ARA:PWY-6164,DHS1,4,18539511,18542122,+,2611,protein_coding,"Phospho-2-dehydro-3-deoxyheptonate aldolase 1, chloroplastic [Source:UniProtKB/Swiss-Prot;Acc:P29976]",0.043403772879959966,0.35050794561120274,0.30437824348127623,0.5304456644803339,0.8307211599901454,0.09459519291143353,0.7104142093103292,0.9220842826444057,0.05598033683921903,0,0,0,7
AT5G66120.1,ARA:PWY-6164,DHQS,5,26431376,26433352,-,1976,protein_coding,"3-dehydroquinate synthase, chloroplastic [Source:UniProtKB/Swiss-Prot;Acc:Q8VYV7]",0.7223271005878894,0.9471983715447483,0.47403223509405323,0.40052145467725925,0.7491048285796983,1.1211290229016004,0.904193320359446,0.978301969851137,-0.16063066766755035,0,0,0,9
AT5G66120.2,ARA:PWY-6164,DHQS,5,26431376,26433900,-,2524,protein_coding,"3-dehydroquinate synthase, chloroplastic [Source:UniProtKB/Swiss-Prot;Acc:Q8VYV7]",2.61780215323768e-7,5.513327527394034e-5,0.4320047123388615,0.407614044887672,0.7539502802718602,0.06982217637601433,0.0045594070107699055,0.07670644326230937,-0.24002455034684977,0,0,0,7
