ID,Path,Gene,Chromosome,Start,End,Strand,Length,BioType,Description,Flg22_vs_Mock_pvalue,Flg22_vs_Mock_padj,Flg22_vs_Mock_log2FoldChange,Flg22_SynCom33_vs_Mock_pvalue,Flg22_SynCom33_vs_Mock_padj,Flg22_SynCom33_vs_Mock_log2FoldChange,Flg22_SynCom35_vs_Mock_pvalue,Flg22_SynCom35_vs_Mock_padj,Flg22_SynCom35_vs_Mock_log2FoldChange,Flg22_vs_Mock,Flg22_SynCom33_vs_Mock,Flg22_SynCom35_vs_Mock,cl
AT1G73880.1,ARA:PWY-6623,UGT89B1,1,27784928,27786804,+,1876,protein_coding,Flavonol 3-O-glucosyltransferase UGT89B1 [Source:UniProtKB/Swiss-Prot;Acc:Q9C9B0],0.3061289408506659,0.7736081364700135,0.19676906502772756,0.0050105753130398846,0.06871686645405008,-0.5553651363455436,0.0074336570102030925,0.10476796739980433,-0.5268537232003925,0,0,0,2
AT3G21750.1,ARA:PWY-6623,UGT71B1,3,7664345,7666305,+,1960,protein_coding,Glycosyltransferase (Fragment) [Source:UniProtKB/TrEMBL;Acc:W8PUT5],0.24676386914574733,0.7260239293101869,-0.2294652916314119,2.219916372309356e-6,1.9188357530681708e-4,-0.9677219291422918,0.026726854855758306,0.22751366051028504,-0.4409373848003923,0,0,0,3
AT5G03490.1,ARA:PWY-6623,UGT89A2,5,871204,873072,+,1868,protein_coding,UDP-glycosyltransferase 89A2 [Source:UniProtKB/Swiss-Prot;Acc:Q9LZD8],0.6876064165166649,0.9384645833061259,-0.06883689933729994,0.011580700024328287,0.11888178838017673,-0.43896218941258247,5.7381059916432025e-6,4.930262640962578e-4,-0.7992334188689241,0,0,0,2
