ID,Path,Gene,Chromosome,Start,End,Strand,Length,BioType,Description,Flg22_vs_Mock_pvalue,Flg22_vs_Mock_padj,Flg22_vs_Mock_log2FoldChange,Flg22_SynCom33_vs_Mock_pvalue,Flg22_SynCom33_vs_Mock_padj,Flg22_SynCom33_vs_Mock_log2FoldChange,Flg22_SynCom35_vs_Mock_pvalue,Flg22_SynCom35_vs_Mock_padj,Flg22_SynCom35_vs_Mock_log2FoldChange,Flg22_vs_Mock,Flg22_SynCom33_vs_Mock,Flg22_SynCom35_vs_Mock,cl
AT1G15550.1,ARA:PWY-5036,GA3OX1,1,5344388,5346342,-,1954,protein_coding,Gibberellin 3-beta-dioxygenase 1 [Source:UniProtKB/Swiss-Prot;Acc:Q39103],0.09277554360646496,0.5013960547869362,-0.5727932613223579,0.18911355501102295,0.5483843209096385,-0.44679230254040175,0.37628823924156163,0.7583743197948001,0.2985282094044799,0,0,0,4
AT4G25420.1,ARA:PWY-5036,GA20OX1,4,12990851,12992585,-,1734,protein_coding,Gibberellin 20 oxidase 1 [Source:UniProtKB/Swiss-Prot;Acc:Q39110],0.7601198276197031,0.9557283639220532,0.2820100717888912,0.7379779347420086,NA,-0.316229188727721,0.7505594913374902,NA,0.2928248428679954,0,0,0,3
