ID,Path,Gene,Chromosome,Start,End,Strand,Length,BioType,Description,Flg22_vs_Mock_pvalue,Flg22_vs_Mock_padj,Flg22_vs_Mock_log2FoldChange,Flg22_SynCom33_vs_Mock_pvalue,Flg22_SynCom33_vs_Mock_padj,Flg22_SynCom33_vs_Mock_log2FoldChange,Flg22_SynCom35_vs_Mock_pvalue,Flg22_SynCom35_vs_Mock_padj,Flg22_SynCom35_vs_Mock_log2FoldChange,Flg22_vs_Mock,Flg22_SynCom33_vs_Mock,Flg22_SynCom35_vs_Mock,cl
AT1G23360.1,ARA:PWY-5027,MENG,1,8295078,8296941,-,1863,protein_coding,"2-phytyl-1,4-beta-naphthoquinone methyltransferase, chloroplastic [Source:UniProtKB/Swiss-Prot;Acc:Q3ED65]",0.2984123538324477,0.7688584671056392,-0.8762620957256261,0.6204221748718166,0.8774457933547307,0.410962242463548,0.6086902653716191,0.8845300807693148,0.4244925029296339,0,0,0,1
AT1G60600.1,ARA:PWY-5027,ABC4,1,22324645,22327359,-,2714,protein_coding,"2-carboxy-1,4-naphthoquinone phytyltransferase, chloroplastic [Source:UniProtKB/Swiss-Prot;Acc:Q0WUA3]",0.370389954240523,0.8187982801855648,0.9799662062056358,0.15857611839214802,NA,1.5250616860940147,0.42353474614191183,NA,0.8761053179886491,0,0,0,5
AT3G15530.1,ARA:PWY-5027,,3,5252699,5254562,-,1863,protein_coding,Expressed protein [Source:UniProtKB/TrEMBL;Acc:Q9LDW4],0.04948596239597493,0.3742309105490426,0.4862252836672247,0.9931333458829775,0.9978620192163213,0.0021493472426898446,0.8508410600026275,0.9638949970341233,0.046835946044484295,0,0,0,7
AT3G15530.2,ARA:PWY-5027,,3,5252875,5254458,-,1583,protein_coding,Expressed protein [Source:UniProtKB/TrEMBL;Acc:Q9LDW4],0.16175465530575717,0.6248668666073044,-0.5935120998763268,0.40916842116024527,0.754883150124085,-0.34944528348102594,0.45587253606249634,0.8083323932622506,-0.31542547629023615,0,0,0,8
AT5G54400.1,ARA:PWY-5027,,5,22090417,22092165,+,1748,protein_coding,At5g54400 [Source:UniProtKB/TrEMBL;Acc:Q9LSR5],0.023958782180511742,0.25334444985213833,1.093251370185515,0.5780919752976137,0.8570136717796789,0.27498081687591397,0.3228064209055868,0.7206827091821277,-0.5025530690971761,0,0,0,7
