ID,Path,Gene,Chromosome,Start,End,Strand,Length,BioType,Description,Flg22_vs_Mock_pvalue,Flg22_vs_Mock_padj,Flg22_vs_Mock_log2FoldChange,Flg22_SynCom33_vs_Mock_pvalue,Flg22_SynCom33_vs_Mock_padj,Flg22_SynCom33_vs_Mock_log2FoldChange,Flg22_SynCom35_vs_Mock_pvalue,Flg22_SynCom35_vs_Mock_padj,Flg22_SynCom35_vs_Mock_log2FoldChange,Flg22_vs_Mock,Flg22_SynCom33_vs_Mock,Flg22_SynCom35_vs_Mock,cl
AT1G06570.2,ARA:PWY-1581,HPD,1,2011885,2013545,-,1660,protein_coding,4-hydroxyphenylpyruvate dioxygenase [Source:UniProtKB/Swiss-Prot;Acc:P93836],0.4622228701953162,0.8657571523940272,0.17626807448223974,0.39168697127179447,0.7445136844763619,0.20527274271334145,0.414373483779554,0.7813780823338349,-0.19733075888726523,0,0,0,9
AT1G06570.1,ARA:PWY-1581,HPD,1,2012015,2013459,-,1444,protein_coding,4-hydroxyphenylpyruvate dioxygenase [Source:UniProtKB/Swiss-Prot;Acc:P93836],0.5326853972926833,0.8912765061852691,0.1722584312918919,0.6374690455860852,0.8857416076624357,-0.13054709333116227,0.0750481652653526,0.3900011622596447,-0.49493807175973537,0,0,0,2
AT3G11945.1,ARA:PWY-1581,PDS2,3,3779839,3782981,-,3142,protein_coding,Homogentisate prenyltransferase [Source:UniProtKB/TrEMBL;Acc:F4J8K0],0.4646550815573238,0.8668300692309155,-0.10324076168582033,0.9258458001872562,0.9816285881880196,-0.013068856582239321,0.950616441374247,0.9883435279555125,0.008632551908995622,0,0,0,1
AT3G11950.1,ARA:PWY-1581,,3,3783087,3785664,-,2577,protein_coding,F26K24.24 protein [Source:UniProtKB/TrEMBL;Acc:Q9SF04],0.662909412080596,0.9323171279156285,-0.07564132451927234,0.46512450589938586,0.7914699869652809,0.12618028123928243,0.3404253590448209,0.7332744654259976,-0.16547582035394293,0,0,0,10
AT3G11950.5,ARA:PWY-1581,,3,3783111,3785660,-,2549,protein_coding,F26K24.24 protein [Source:UniProtKB/TrEMBL;Acc:Q9SF04],0.8942009739278808,0.9850342389027601,0.17767498467915815,0.2824516826539866,0.6523214717135869,1.4287188476615535,0.43673825826270857,0.797010886767086,1.034687528027738,0,0,0,5
AT3G63410.1,ARA:PWY-1581,VTE3,3,23415589,23417119,-,1530,protein_coding,"2-methyl-6-phytyl-1,4-hydroquinone methyltransferase, chloroplastic [Source:UniProtKB/Swiss-Prot;Acc:Q9LY74]",0.4621851670459906,0.8657571523940272,-0.15308881267669558,0.3603048510413966,0.7190048998363019,-0.1906396009437408,0.14954420557089582,0.5341479815159627,0.29765374269091593,0,0,0,4
