ID,Path,Gene,Chromosome,Start,End,Strand,Length,BioType,Description,Flg22_vs_Mock_pvalue,Flg22_vs_Mock_padj,Flg22_vs_Mock_log2FoldChange,Flg22_SynCom33_vs_Mock_pvalue,Flg22_SynCom33_vs_Mock_padj,Flg22_SynCom33_vs_Mock_log2FoldChange,Flg22_SynCom35_vs_Mock_pvalue,Flg22_SynCom35_vs_Mock_padj,Flg22_SynCom35_vs_Mock_log2FoldChange,Flg22_vs_Mock,Flg22_SynCom33_vs_Mock,Flg22_SynCom35_vs_Mock,cl
AT3G51240.2,ARA:PWY1F-823,F3H,3,19025192,19026872,+,1680,protein_coding,"Naringenin,2-oxoglutarate 3-dioxygenase [Source:UniProtKB/Swiss-Prot;Acc:Q9S818]",0.9418981247491288,0.9928729686441472,-0.025400502517824487,5.393170117570897e-7,6.066075276173258e-5,-1.7543878230733503,0.16890001702190985,0.5609327180443273,-0.4797259413342568,0,-1,0,3
AT3G51240.1,ARA:PWY1F-823,F3H,3,19025192,19026872,+,1680,protein_coding,"Naringenin,2-oxoglutarate 3-dioxygenase [Source:UniProtKB/Swiss-Prot;Acc:Q9S818]",0.014192397781211466,0.1887427193380095,2.26993958590156,0.30534304927566763,0.6731331445854233,0.9592546651552266,0.43895130196888704,0.7985096727990536,0.7256674290588041,0,0,0,7
AT3G61880.1,ARA:PWY1F-823,CYP78A9,3,22905867,22907958,-,2091,protein_coding,Cytochrome p450 78a9 [Source:UniProtKB/TrEMBL;Acc:F4IX02],0.16580197024848287,0.6319647187124018,-0.8054102995001795,0.001963720915596371,0.036582637320209034,-1.870876569030176,0.10487085256721766,0.4597213848867066,-0.9439515359943743,0,-1,0,8
AT4G27250.1,ARA:PWY1F-823,,4,13642515,13644507,-,1992,protein_coding,NAD(P)-binding Rossmann-fold superfamily protein [Source:UniProtKB/TrEMBL;Acc:Q8H1R1],0.9281697030045494,0.990290699405199,0.08590404772239776,0.5938469276330756,0.8660423066093382,-0.5141334415356016,0.7454626183082309,NA,-0.31105357851743515,0,0,0,2
AT5G07990.1,ARA:PWY1F-823,CYP75B1,5,2560328,2563137,+,2809,protein_coding,TT7 [Source:UniProtKB/TrEMBL;Acc:A0A178UNZ9],0.04999533908505732,0.3762545521524827,-1.276435194855783,5.83270826062479e-9,1.503566824407433e-6,-3.9437962577118215,0.8433584602218738,0.9621569169406498,0.12805512818831127,-0,-1,0,4
