ID,Path,Gene,Chromosome,Start,End,Strand,Length,BioType,Description,Flg22_vs_Mock_pvalue,Flg22_vs_Mock_padj,Flg22_vs_Mock_log2FoldChange,Flg22_SynCom33_vs_Mock_pvalue,Flg22_SynCom33_vs_Mock_padj,Flg22_SynCom33_vs_Mock_log2FoldChange,Flg22_SynCom35_vs_Mock_pvalue,Flg22_SynCom35_vs_Mock_padj,Flg22_SynCom35_vs_Mock_log2FoldChange,Flg22_vs_Mock,Flg22_SynCom33_vs_Mock,Flg22_SynCom35_vs_Mock,cl
AT5G53460.1,ARA:GLUGLNSYN-PWY,GLT1,5,21700187,21710296,+,10109,protein_coding,"Glutamate synthase 1 [NADH], chloroplastic [Source:UniProtKB/Swiss-Prot;Acc:Q9LV03]",0.178776143092563,0.6509485541922461,-0.349952472380017,0.38361007031215,0.7374892225714976,-0.22676940534442433,0.10596073626432236,0.46088221279371777,-0.42077015371587334,0,0,0,10
AT5G53460.3,ARA:GLUGLNSYN-PWY,GLT1,5,21700202,21709736,+,9534,protein_coding,"Glutamate synthase 1 [NADH], chloroplastic [Source:UniProtKB/Swiss-Prot;Acc:Q9LV03]",0.015886418636037312,0.20117290796294807,-0.45337747540078055,4.0903353511978134e-19,5.787178679521032e-16,-1.6972911293930306,0.05886120848978731,0.3458922701141434,-0.3548759964722701,0,-1,0,3
AT5G53460.2,ARA:GLUGLNSYN-PWY,GLT1,5,21700202,21709736,+,9534,protein_coding,"Glutamate synthase 1 [NADH], chloroplastic [Source:UniProtKB/Swiss-Prot;Acc:Q9LV03]",0.0017741179499246196,0.049979586112345153,-1.7138194300499232,7.267596936826427e-5,0.0032724881215371524,-2.1765665761196,0.008892985131948493,0.11808416948411155,-1.433991497733475,-1,-1,-0,8
