ID,Path,Gene,Chromosome,Start,End,Strand,Length,BioType,Description,Flg22_vs_Mock_pvalue,Flg22_vs_Mock_padj,Flg22_vs_Mock_log2FoldChange,Flg22_SynCom33_vs_Mock_pvalue,Flg22_SynCom33_vs_Mock_padj,Flg22_SynCom33_vs_Mock_log2FoldChange,Flg22_SynCom35_vs_Mock_pvalue,Flg22_SynCom35_vs_Mock_padj,Flg22_SynCom35_vs_Mock_log2FoldChange,Flg22_vs_Mock,Flg22_SynCom33_vs_Mock,Flg22_SynCom35_vs_Mock,cl
AT2G16890.2,ARA:PWY-6802,UGT90A1,2,7316789,7319237,+,2448,protein_coding,UDP-glycosyltransferase 90A1 [Source:UniProtKB/Swiss-Prot;Acc:Q9ZVX4],0.3199218532858243,0.7841405096912943,0.5094068340785638,0.0036596132162962456,0.056183736425171715,-1.5080881782116637,0.11065537876728122,0.470344011021776,-0.8219062574866863,0,-0,0,2
AT2G16890.3,ARA:PWY-6802,UGT90A1,2,7316789,7319237,+,2448,protein_coding,UDP-glycosyltransferase 90A1 [Source:UniProtKB/Swiss-Prot;Acc:Q9ZVX4],0.9775983856498326,0.9954381613449219,-0.04356026624693303,0.19852069096474215,NA,-2.0655529333085867,0.48729077467516974,NA,-1.0895602047240198,0,-0,-0,2
AT2G16890.1,ARA:PWY-6802,UGT90A1,2,7316806,7319243,+,2437,protein_coding,UDP-glycosyltransferase 90A1 [Source:UniProtKB/Swiss-Prot;Acc:Q9ZVX4],0.9205626631466125,0.9884770655970441,0.12637679914258632,0.8486762963743169,0.9594486251474568,0.2415176057071761,0.7331126848755024,NA,-0.43501400369223736,0,0,0,9
AT2G20340.1,ARA:PWY-6802,ELI5,2,8779667,8782789,+,3122,protein_coding,Tyrosine decarboxylase 1 [Source:UniProtKB/Swiss-Prot;Acc:Q8RY79],0.02658539759258713,0.2678717884769633,-0.8853249564471122,0.037772635731809265,0.2398780991595787,-0.8284615277556193,0.7640734437567221,0.9383878150951668,0.11767534317891687,0,0,0,4
