ID,Path,Gene,Chromosome,Start,End,Strand,Length,BioType,Description,Flg22_vs_Mock_pvalue,Flg22_vs_Mock_padj,Flg22_vs_Mock_log2FoldChange,Flg22_SynCom33_vs_Mock_pvalue,Flg22_SynCom33_vs_Mock_padj,Flg22_SynCom33_vs_Mock_log2FoldChange,Flg22_SynCom35_vs_Mock_pvalue,Flg22_SynCom35_vs_Mock_padj,Flg22_SynCom35_vs_Mock_log2FoldChange,Flg22_vs_Mock,Flg22_SynCom33_vs_Mock,Flg22_SynCom35_vs_Mock,cl
AT3G24503.1,ARA:PWY-5168,ALDH2C4,3,8919560,8923296,-,3736,protein_coding,Aldehyde dehydrogenase family 2 member C4 [Source:UniProtKB/Swiss-Prot;Acc:Q56YU0],0.13181822858924816,0.578377255797843,-0.3613101115990531,0.3315626795731496,0.6947052184166336,-0.23278636829884697,0.16651443749039657,0.558017040972832,-0.33168784151026537,0,0,0,8
AT4G36220.1,ARA:PWY-5168,CYP84A1,4,17137313,17139777,-,2464,protein_coding,Cytochrome P450 84A1 [Source:UniProtKB/Swiss-Prot;Acc:Q42600],0.5108730002667847,0.8840980162469478,0.09279891823645946,0.005505151389488693,0.07344391049738712,0.38954004795541664,4.0168179501537216e-14,3.679634410013263e-11,1.0494862548311403,0,0,1,1
AT5G04330.1,ARA:PWY-5168,CYP84A4,5,1212532,1214439,-,1907,protein_coding,Cytochrome P450 84A4 [Source:UniProtKB/Swiss-Prot;Acc:F4JW83],0.007162690340409146,0.12415477668638651,0.7322775320962083,0.23833651291310579,0.6078943930314409,0.32528750643792753,0.0033579266838052197,0.06277000789354,0.7957012974745863,0,0,0,6
AT5G54160.1,ARA:PWY-5168,OMT1,5,21981902,21984399,+,2497,protein_coding,Flavone 3'-O-methyltransferase 1 [Source:UniProtKB/Swiss-Prot;Acc:Q9FK25],8.175682762514967e-4,0.02970285990412539,0.46854304294641974,0.1245094232619042,0.448487513885369,0.21511446996105912,0.3896318496680272,0.7671189398446937,-0.12051012270341033,0,0,0,7
