ID,Path,Gene,Chromosome,Start,End,Strand,Length,BioType,Description,Flg22_vs_Mock_pvalue,Flg22_vs_Mock_padj,Flg22_vs_Mock_log2FoldChange,Flg22_SynCom33_vs_Mock_pvalue,Flg22_SynCom33_vs_Mock_padj,Flg22_SynCom33_vs_Mock_log2FoldChange,Flg22_SynCom35_vs_Mock_pvalue,Flg22_SynCom35_vs_Mock_padj,Flg22_SynCom35_vs_Mock_log2FoldChange,Flg22_vs_Mock,Flg22_SynCom33_vs_Mock,Flg22_SynCom35_vs_Mock,cl
AT3G04870.2,ARA:PWY-6287,ZDS1,3,1342575,1346387,+,3812,protein_coding,"Zeta-carotene desaturase, chloroplastic/chromoplastic [Source:UniProtKB/Swiss-Prot;Acc:Q38893]",0.007769728088555896,0.13143952805732256,0.2949177266012087,0.3806579898138786,0.7353743097012659,-0.09843058109231721,2.998375544937785e-6,2.862496780163223e-4,-0.5319419805898546,0,0,0,7
AT4G14210.3,ARA:PWY-6287,PDS,4,8190212,8194928,-,4716,protein_coding,"15-cis-phytoene desaturase, chloroplastic/chromoplastic [Source:UniProtKB/Swiss-Prot;Acc:Q07356]",0.02919021016240027,0.28231193917187763,0.22797594334696478,0.0385155344224882,0.2422100930079302,-0.22250691250962784,0.0024945162542994023,0.05090167264286261,-0.32541621031333473,0,0,0,7
AT5G17230.1,ARA:PWY-6287,PSY,5,5659554,5662997,-,3443,protein_coding,PHYTOENE SYNTHASE [Source:UniProtKB/TrEMBL;Acc:F4KGX7],0.7350046201023647,0.9513375365248583,-0.4498025436108923,0.8564977377581735,0.9617778653701443,-0.2395869009717627,0.4106834024139387,NA,1.0760016986828056,0,0,0,4
AT5G17230.2,ARA:PWY-6287,PSY,5,5659636,5662466,-,2830,protein_coding,PHYTOENE SYNTHASE [Source:UniProtKB/TrEMBL;Acc:F4KGX7],0.2782164244154908,0.7534782407589804,-0.38597677236723876,0.0038435658843388896,0.058177217400224114,-1.0436663044809722,0.9699720233425054,0.9930025726807107,-0.013311457117851715,0,-0,0,4
