ID,Path,Gene,Chromosome,Start,End,Strand,Length,BioType,Description,Flg22_vs_Mock_pvalue,Flg22_vs_Mock_padj,Flg22_vs_Mock_log2FoldChange,Flg22_SynCom33_vs_Mock_pvalue,Flg22_SynCom33_vs_Mock_padj,Flg22_SynCom33_vs_Mock_log2FoldChange,Flg22_SynCom35_vs_Mock_pvalue,Flg22_SynCom35_vs_Mock_padj,Flg22_SynCom35_vs_Mock_log2FoldChange,Flg22_vs_Mock,Flg22_SynCom33_vs_Mock,Flg22_SynCom35_vs_Mock,cl
AT1G70560.1,ARA:PWY-5886,TAA1,1,26604855,26607652,+,2797,protein_coding,L-tryptophan--pyruvate aminotransferase 1 [Source:UniProtKB/Swiss-Prot;Acc:Q9S7N2],0.15089605044260654,0.6084432975551044,-0.293123577558767,0.701890497344238,0.9125339025038203,0.07745924883488042,0.6569252964421252,0.9030258047455139,0.08969970264760145,0,0,0,1
AT5G36160.1,ARA:PWY-5886,TAT,5,14232885,14235226,-,2341,protein_coding,Tyrosine aminotransferase [Source:UniProtKB/Swiss-Prot;Acc:Q9LVY1],0.18833989384392805,0.6635780551582702,0.14312721502066408,0.003481852597558785,0.05426038349424653,-0.3205070461568737,1.3563367150309884e-6,1.4698535446043025e-4,-0.531352492952425,0,0,0,2
AT5G51690.1,ARA:PWY-5886,ACS12,5,20997413,21001050,-,3637,protein_coding,Probable aminotransferase ACS12 [Source:UniProtKB/Swiss-Prot;Acc:Q8GYY0],0.6659240325111793,0.9329325225788251,0.051215230476869496,0.3744495436131883,0.7301592577441729,-0.10603056394044956,0.9521135732039621,0.9888881750805465,0.007114642205612521,0,0,0,3
AT5G53970.1,ARA:PWY-5886,,5,21910471,21912809,+,2338,protein_coding,Probable aminotransferase TAT2 [Source:UniProtKB/Swiss-Prot;Acc:Q9FN30],0.06831590064470308,0.4355022059532949,0.4255411710771442,0.8398823121966612,0.9559050265473711,-0.04751415901159408,1.9900948800336235e-7,3.0334937597719534e-5,-1.259287776951826,0,0,-1,2
