ID,Path,Gene,Chromosome,Start,End,Strand,Length,BioType,Description,Flg22_vs_Mock_pvalue,Flg22_vs_Mock_padj,Flg22_vs_Mock_log2FoldChange,Flg22_SynCom33_vs_Mock_pvalue,Flg22_SynCom33_vs_Mock_padj,Flg22_SynCom33_vs_Mock_log2FoldChange,Flg22_SynCom35_vs_Mock_pvalue,Flg22_SynCom35_vs_Mock_padj,Flg22_SynCom35_vs_Mock_log2FoldChange,Flg22_vs_Mock,Flg22_SynCom33_vs_Mock,Flg22_SynCom35_vs_Mock,cl
AT1G48520.2,ARA:PWY-5921,GATB,1,17940050,17942822,+,2772,protein_coding,"Glutamyl-tRNA(Gln) amidotransferase subunit B, chloroplastic/mitochondrial [Source:UniProtKB/Swiss-Prot;Acc:Q9FV81]",0.760155362773054,0.955730143482024,-0.24115485709141957,0.43775312269573197,0.7748517681105362,-0.6171437279358103,0.9545105985912237,0.989537391272412,0.04483973951044195,0,0,0,4
AT1G48520.1,ARA:PWY-5921,GATB,1,17940050,17942864,+,2814,protein_coding,"Glutamyl-tRNA(Gln) amidotransferase subunit B, chloroplastic/mitochondrial [Source:UniProtKB/Swiss-Prot;Acc:Q9FV81]",0.27699338016491676,0.7524091265903753,0.15606278236455537,0.19611567124422555,0.557413846307959,0.1853986171933173,0.10985712220387696,0.46893943328262455,0.22783007715253312,0,0,0,6
AT3G25660.1,ARA:PWY-5921,GATA,3,9339342,9342223,-,2881,protein_coding,"Glutamyl-tRNA(Gln) amidotransferase subunit A, chloroplastic/mitochondrial [Source:UniProtKB/Swiss-Prot;Acc:Q9LI77]",0.9199094413829754,0.9884770655970441,-0.011413257070570618,0.048144050494104494,0.27489557463519904,-0.22641064770829517,0.830839167484563,0.9585161750505818,0.02414499044784073,0,0,0,3
AT4G05400.1,ARA:PWY-5921,,4,2741124,2742949,+,1825,protein_coding,At4g05400 [Source:UniProtKB/TrEMBL;Acc:Q9M0V5],0.6781383686010318,0.9365611795130412,-0.10258535189801729,0.8119955418198256,0.9485513712498067,-0.05876092624227371,0.36787780216307187,0.7535715658330242,0.22118423916363877,0,0,0,4
AT4G05400.2,ARA:PWY-5921,,4,2741124,2742949,+,1825,protein_coding,At4g05400 [Source:UniProtKB/TrEMBL;Acc:Q9M0V5],0.016576599122296108,0.2070116442330077,-0.6053236534593899,0.023033291809820403,0.1801663608347864,-0.5736695108269831,0.6820773983314857,0.9116343360588268,0.1005615722328452,0,0,0,4
AT5G07360.3,ARA:PWY-5921,,5,2326693,2330462,-,3769,protein_coding,Amidase family protein [Source:UniProtKB/TrEMBL;Acc:F4K6N3],0.10933031648808045,0.5350235534824433,-0.24714449261798743,0.6225121882250262,0.8784447582081446,-0.07581375489069472,0.9108597409280937,0.9799261150872375,-0.01720877664822767,0,0,0,1
