ID,Path,Gene,Chromosome,Start,End,Strand,Length,BioType,Description,Flg22_vs_Mock_pvalue,Flg22_vs_Mock_padj,Flg22_vs_Mock_log2FoldChange,Flg22_SynCom33_vs_Mock_pvalue,Flg22_SynCom33_vs_Mock_padj,Flg22_SynCom33_vs_Mock_log2FoldChange,Flg22_SynCom35_vs_Mock_pvalue,Flg22_SynCom35_vs_Mock_padj,Flg22_SynCom35_vs_Mock_log2FoldChange,Flg22_vs_Mock,Flg22_SynCom33_vs_Mock,Flg22_SynCom35_vs_Mock,cl
AT1G08490.1,ARA:PWY0-1021,NFS2,1,2685659,2688658,-,2999,protein_coding,SUFS [Source:UniProtKB/TrEMBL;Acc:A0A178WGK3],0.6446640696664498,0.9273604099470842,-0.06226309742539648,0.4950720761775627,0.8096688904182783,-0.09226725632986284,0.4043548640996052,0.7754029457994341,-0.11243911428750263,0,0,0,8
AT1G51310.1,ARA:PWY0-1021,,1,19018941,19021808,-,2867,protein_coding,tRNA (5-methylaminomethyl-2-thiouridylate)-methyltransferase [Source:UniProtKB/TrEMBL;Acc:F4I824],0.14315807300907765,0.5977067136465224,-0.29451784507100404,0.24759604123802254,0.6182752002314232,-0.2318460597259254,0.753255226812167,0.9352149304812711,0.06176821842456199,0,0,0,4
AT5G65720.1,ARA:PWY0-1021,NIFS1,5,26296025,26298072,+,2047,protein_coding,"Cysteine desulfurase, mitochondrial [Source:UniProtKB/Swiss-Prot;Acc:O49543]",0.39094848192345133,0.8330816224539973,0.1957523498132807,0.3217775029827929,0.6852265434786614,-0.2265120196820743,0.5825965550708233,0.8742719339213998,0.12540162790086823,0,0,0,3
AT5G65720.3,ARA:PWY0-1021,NIFS1,5,26296078,26298091,+,2013,protein_coding,"Cysteine desulfurase, mitochondrial [Source:UniProtKB/Swiss-Prot;Acc:O49543]",0.6407636531614442,0.9273392630027173,-0.32492143935658574,0.5490344399166356,0.8405823103563794,-0.4175881156594534,0.7816937902202751,0.9442839503956523,-0.19266191764456797,0,0,0,8
AT5G65720.2,ARA:PWY0-1021,NIFS1,5,26296253,26298072,+,1819,protein_coding,"Cysteine desulfurase, mitochondrial [Source:UniProtKB/Swiss-Prot;Acc:O49543]",0.006419794517028407,0.11639149787474608,-0.5209105554289206,0.003767306094288915,0.05728095159879786,-0.553800447327368,0.1441082562973888,0.5267992258892154,-0.27879480108481375,0,0,0,8
