ID,Path,Gene,Chromosome,Start,End,Strand,Length,BioType,Description,Flg22_vs_Mock_pvalue,Flg22_vs_Mock_padj,Flg22_vs_Mock_log2FoldChange,Flg22_SynCom33_vs_Mock_pvalue,Flg22_SynCom33_vs_Mock_padj,Flg22_SynCom33_vs_Mock_log2FoldChange,Flg22_SynCom35_vs_Mock_pvalue,Flg22_SynCom35_vs_Mock_padj,Flg22_SynCom35_vs_Mock_log2FoldChange,Flg22_vs_Mock,Flg22_SynCom33_vs_Mock,Flg22_SynCom35_vs_Mock,cl
AT3G24290.1,ARA:PWY-5986,AMT1-5,3,8801400,8802890,-,1490,protein_coding,Putative ammonium transporter 1 member 5 [Source:UniProtKB/Swiss-Prot;Acc:Q9LK16],0.27833508805840124,0.7534782407589804,1.3459328068426748,0.958079939047226,NA,0.06690343019221034,0.6221363680139258,NA,-0.640869612736286,0,0,0,7
AT3G24300.1,ARA:PWY-5986,AMT1-3,3,8805519,8807460,-,1941,protein_coding,Ammonium transporter 1 member 3 [Source:UniProtKB/Swiss-Prot;Acc:Q9SQH9],0.010516442889777306,0.15939312843821535,-0.8530244433145706,0.037486082821820796,0.23924522279586577,-0.6935818678739171,0.0478206050008791,0.312967387135786,-0.6596914375671623,0,0,0,8
AT4G13510.1,ARA:PWY-5986,AMT1-1,4,7858183,7860288,+,2105,protein_coding,Ammonium transporter [Source:UniProtKB/TrEMBL;Acc:A0A178V540],0.3228084501627666,0.7868693076532991,-0.3720779180563204,0.8695884709584507,0.9652913419734153,-0.061781105386710645,0.3250230860554878,0.7224136552404772,-0.370370080851187,0,0,0,10
