ID,Path,Gene,Chromosome,Start,End,Strand,Length,BioType,Description,Flg22_vs_Mock_pvalue,Flg22_vs_Mock_padj,Flg22_vs_Mock_log2FoldChange,Flg22_SynCom33_vs_Mock_pvalue,Flg22_SynCom33_vs_Mock_padj,Flg22_SynCom33_vs_Mock_log2FoldChange,Flg22_SynCom35_vs_Mock_pvalue,Flg22_SynCom35_vs_Mock_padj,Flg22_SynCom35_vs_Mock_log2FoldChange,Flg22_vs_Mock,Flg22_SynCom33_vs_Mock,Flg22_SynCom35_vs_Mock,cl
AT1G01190.1,ARA:PWY-5060,CYP78A8,1,82984,84864,-,1880,protein_coding,CYP78A8 [Source:UniProtKB/TrEMBL;Acc:A0A178WIC4],1.403390877097736e-10,7.019711046140122e-8,-1.5832939471591005,0.1438925231932127,0.4819302161390666,-0.3542707858381181,0.08765334863372752,0.42185545552706305,0.4114624139340986,-1,0,0,1
AT1G01190.2,ARA:PWY-5060,CYP78A8,1,83045,84946,-,1901,protein_coding,CYP78A8 [Source:UniProtKB/TrEMBL;Acc:A0A178WIC4],3.5058092432427932e-6,4.767049646236596e-4,-3.3783273510151326,0.5441919516552137,0.8388267468702958,-0.3671620028058349,0.6207219167853749,0.8896422869392534,0.29565081713977925,-1,0,0,1
AT2G46660.1,ARA:PWY-5060,CYP78A6,2,19153328,19155579,-,2251,protein_coding,Cytochrome P450 78A6 [Source:UniProtKB/Swiss-Prot;Acc:Q9ZNR0],0.0038015026642776876,0.08345425339773731,-1.8583267509012302,0.03071353605532451,0.21302419979784099,-1.358233621963652,0.43501396575158613,0.7967693938372028,0.47090404363045446,-0,-0,0,4
AT3G61880.1,ARA:PWY-5060,CYP78A9,3,22905867,22907958,-,2091,protein_coding,Cytochrome p450 78a9 [Source:UniProtKB/TrEMBL;Acc:F4IX02],0.16580197024848287,0.6319647187124018,-0.8054102995001795,0.001963720915596371,0.036582637320209034,-1.870876569030176,0.10487085256721766,0.4597213848867066,-0.9439515359943743,0,-1,0,8
AT5G07990.1,ARA:PWY-5060,CYP75B1,5,2560328,2563137,+,2809,protein_coding,TT7 [Source:UniProtKB/TrEMBL;Acc:A0A178UNZ9],0.04999533908505732,0.3762545521524827,-1.276435194855783,5.83270826062479e-9,1.503566824407433e-6,-3.9437962577118215,0.8433584602218738,0.9621569169406498,0.12805512818831127,-0,-1,0,4
