ID,Path,Gene,Chromosome,Start,End,Strand,Length,BioType,Description,Flg22_vs_Mock_pvalue,Flg22_vs_Mock_padj,Flg22_vs_Mock_log2FoldChange,Flg22_SynCom33_vs_Mock_pvalue,Flg22_SynCom33_vs_Mock_padj,Flg22_SynCom33_vs_Mock_log2FoldChange,Flg22_SynCom35_vs_Mock_pvalue,Flg22_SynCom35_vs_Mock_padj,Flg22_SynCom35_vs_Mock_log2FoldChange,Flg22_vs_Mock,Flg22_SynCom33_vs_Mock,Flg22_SynCom35_vs_Mock,cl
AT2G19110.3,ARA:PWY-6213,HMA4,2,8278789,8286561,+,7772,protein_coding,Putative cadmium/zinc-transporting ATPase HMA4 [Source:UniProtKB/Swiss-Prot;Acc:O64474],0.5275777762218746,0.8896699137220958,0.32033834501642383,0.5267953409824198,0.8286348240058203,0.3209583934888599,0.1829074544636973,0.58037292791976125,0.6744672198912186,0,0,0,6
AT2G19110.1,ARA:PWY-6213,HMA4,2,8279437,8286445,+,7008,protein_coding,Putative cadmium/zinc-transporting ATPase HMA4 [Source:UniProtKB/Swiss-Prot;Acc:O64474],0.6308888077724893,0.9243819041789407,-0.08529376371367808,0.0011678702134288582,0.025035635627906356,-0.5770492699992331,0.8988444992494076,0.9772659910435065,-0.022560264161208727,0,0,0,3
AT4G30110.1,ARA:PWY-6213,HMA2,4,14720062,14725311,-,5249,protein_coding,Cadmium/zinc-transporting ATPase HMA2 [Source:UniProtKB/Swiss-Prot;Acc:Q9SZW4],0.06318581080465943,0.419904566180146,1.9807950151119988,0.7386229572378658,0.9250548734688547,-0.3596485706944465,0.7181510994092843,0.9241499593176822,0.3867259246424125,0,0,0,7
AT4G30110.2,ARA:PWY-6213,HMA2,4,14720143,14724587,-,4444,protein_coding,Cadmium/zinc-transporting ATPase HMA2 [Source:UniProtKB/Swiss-Prot;Acc:Q9SZW4],0.06223548483504789,0.41655957527687126,0.8078553118437486,0.6424401663660453,0.8881550443199389,-0.20230266746998365,0.09298966607790103,0.4356673500314142,-0.7348725953465952,0,0,0,7
AT4G30120.2,ARA:PWY-6213,HMA3,4,14730215,14733187,-,2972,protein_coding,Putative inactive cadmium/zinc-transporting ATPase HMA3 [Source:UniProtKB/Swiss-Prot;Acc:P0CW77],0.10994866039742347,0.5364179437682883,0.6656828349213774,0.8913883270359874,0.9713780149575055,0.057159926347800004,0.34692795952288763,0.7384333729680349,-0.3953746939956592,0,0,0,7
AT4G30120.1,ARA:PWY-6213,HMA3,4,14730215,14733628,-,3413,protein_coding,Putative inactive cadmium/zinc-transporting ATPase HMA3 [Source:UniProtKB/Swiss-Prot;Acc:P0CW77],0.06514280200444916,0.4259662939722953,0.8413599745468026,0.6375174693639309,0.8857631078892491,0.2166352315296535,0.9359044342613313,0.9851868880707652,0.03702660147413615,0,0,0,7
