ID,Path,Gene,Chromosome,Start,End,Strand,Length,BioType,Description,Flg22_vs_Mock_pvalue,Flg22_vs_Mock_padj,Flg22_vs_Mock_log2FoldChange,Flg22_SynCom33_vs_Mock_pvalue,Flg22_SynCom33_vs_Mock_padj,Flg22_SynCom33_vs_Mock_log2FoldChange,Flg22_SynCom35_vs_Mock_pvalue,Flg22_SynCom35_vs_Mock_padj,Flg22_SynCom35_vs_Mock_log2FoldChange,Flg22_vs_Mock,Flg22_SynCom33_vs_Mock,Flg22_SynCom35_vs_Mock,cl
AT1G07260.1,ARA:PWY4FS-10,UGT71C3,1,2227594,2229357,-,1763,protein_coding,UDP-glycosyltransferase 71C3 [Source:UniProtKB/Swiss-Prot;Acc:Q9LML7],0.004394820439986134,0.09137403102207398,0.5609500779541087,0.5832886620112492,0.8598358089595525,0.10864583933765962,0.1101747359142922,0.46961500766700703,0.3151699686359759,0,0,0,6
AT2G29750.1,ARA:PWY4FS-10,UGT71C1,2,12709721,12711725,+,2004,protein_coding,Glycosyltransferase (Fragment) [Source:UniProtKB/TrEMBL;Acc:W8Q707],0.03021253078736644,0.28639025376816285,-0.48217395584955297,0.39104840063263674,0.7440800216692717,-0.19066321576477321,0.4847183137804931,0.82456036053346915,0.15516442429618213,0,0,0,4
