ID,Path,Gene,Chromosome,Start,End,Strand,Length,BioType,Description,Flg22_vs_Mock_pvalue,Flg22_vs_Mock_padj,Flg22_vs_Mock_log2FoldChange,Flg22_SynCom33_vs_Mock_pvalue,Flg22_SynCom33_vs_Mock_padj,Flg22_SynCom33_vs_Mock_log2FoldChange,Flg22_SynCom35_vs_Mock_pvalue,Flg22_SynCom35_vs_Mock_padj,Flg22_SynCom35_vs_Mock_log2FoldChange,Flg22_vs_Mock,Flg22_SynCom33_vs_Mock,Flg22_SynCom35_vs_Mock,cl
AT1G02050.1,ARA:PWY-84,PKSA,1,359117,360746,-,1629,protein_coding,Type III polyketide synthase A [Source:UniProtKB/Swiss-Prot;Acc:O23674],0.7285254360747784,0.9496801000507548,0.0880362233000088,0.42790603025278984,0.7677347597447438,-0.20354574646378054,0.018290730293594258,0.18389911709039553,0.5879531646314327,0,0,0,4
AT4G00040.1,ARA:PWY-84,,4,14627,16079,+,1452,protein_coding,Type III polyketide synthase C [Source:UniProtKB/Swiss-Prot;Acc:O81305],0.4156084686681099,0.8456074432281361,0.13899994693304488,0.857823687508553,0.9620891873875449,0.030650396201876193,0.6519974463400451,0.9018938077251589,-0.07718592877818752,0,0,0,7
