ID,Path,Gene,Chromosome,Start,End,Strand,Length,BioType,Description,Flg22_vs_Mock_pvalue,Flg22_vs_Mock_padj,Flg22_vs_Mock_log2FoldChange,Flg22_SynCom33_vs_Mock_pvalue,Flg22_SynCom33_vs_Mock_padj,Flg22_SynCom33_vs_Mock_log2FoldChange,Flg22_SynCom35_vs_Mock_pvalue,Flg22_SynCom35_vs_Mock_padj,Flg22_SynCom35_vs_Mock_log2FoldChange,Flg22_vs_Mock,Flg22_SynCom33_vs_Mock,Flg22_SynCom35_vs_Mock,cl
AT2G30490.1,ARA:PWY1F-467,CYP73A5,2,12993625,12996012,-,2387,protein_coding,Cinnamate-4-hydroxylase [Source:UniProtKB/TrEMBL;Acc:B1GV49],0.12866004213412488,0.5719592429269169,0.1915427386321336,0.6708605639452951,0.9003275380419903,0.05357963067919109,0.016918360583595485,0.17528937076664092,-0.30121309611952196,0,0,0,7
AT2G37040.1,ARA:PWY1F-467,PAL1,2,15557367,15560755,-,3388,protein_coding,Phenylalanine ammonia-lyase 1 [Source:UniProtKB/Swiss-Prot;Acc:P35510],0.06332366846941248,0.42059260524226344,0.40182129556493906,0.6957473928360205,0.9102585007163042,-0.08463386642685901,0.010417039771352157,0.12958280393960198,-0.55445762276104,0,0,0,7
AT3G10340.1,ARA:PWY1F-467,PAL4,3,3203988,3208135,+,4147,protein_coding,Phenylalanine ammonia-lyase 4 [Source:UniProtKB/Swiss-Prot;Acc:Q9SS45],0.0991446480231678,0.5144035424243077,0.30799663905230823,0.852580642630914,0.9607557641838871,-0.03475825276446376,0.3180849975398145,0.7166593810463437,-0.18680295289450619,0,0,0,7
AT3G53260.1,ARA:PWY1F-467,PAL2,3,19744018,19747114,-,3096,protein_coding,Phenylalanine ammonia-lyase 2 [Source:UniProtKB/Swiss-Prot;Acc:P45724],0.4916163276477139,0.8770565539609015,0.14969009057443383,0.3550787805693931,0.7144911398028957,-0.20131652129260807,2.306530481070765e-4,0.009053452024847827,-0.8019698692818896,0,0,0,2
AT5G04230.2,ARA:PWY1F-467,PAL3,5,1160634,1163898,+,3264,protein_coding,Phenylalanine ammonia-lyase [Source:UniProtKB/TrEMBL;Acc:F4JW69],0.19450323973420042,0.668982780652327,1.4841037140364974,0.1474804634216363,NA,1.6517808700354781,0.7717820386679168,NA,0.3425755176478084,0,0,0,9
