ID,Path,Gene,Chromosome,Start,End,Strand,Length,BioType,Description,Flg22_vs_Mock_pvalue,Flg22_vs_Mock_padj,Flg22_vs_Mock_log2FoldChange,Flg22_SynCom33_vs_Mock_pvalue,Flg22_SynCom33_vs_Mock_padj,Flg22_SynCom33_vs_Mock_log2FoldChange,Flg22_SynCom35_vs_Mock_pvalue,Flg22_SynCom35_vs_Mock_padj,Flg22_SynCom35_vs_Mock_log2FoldChange,Flg22_vs_Mock,Flg22_SynCom33_vs_Mock,Flg22_SynCom35_vs_Mock,cl
AT1G48520.2,ARA:PWY490-4,GATB,1,17940050,17942822,+,2772,protein_coding,"Glutamyl-tRNA(Gln) amidotransferase subunit B, chloroplastic/mitochondrial [Source:UniProtKB/Swiss-Prot;Acc:Q9FV81]",0.760155362773054,0.955730143482024,-0.24115485709141957,0.43775312269573197,0.7748517681105362,-0.6171437279358103,0.9545105985912237,0.989537391272412,0.04483973951044195,0,0,0,4
AT1G48520.1,ARA:PWY490-4,GATB,1,17940050,17942864,+,2814,protein_coding,"Glutamyl-tRNA(Gln) amidotransferase subunit B, chloroplastic/mitochondrial [Source:UniProtKB/Swiss-Prot;Acc:Q9FV81]",0.27699338016491676,0.7524091265903753,0.15606278236455537,0.19611567124422555,0.557413846307959,0.1853986171933173,0.10985712220387696,0.46893943328262455,0.22783007715253312,0,0,0,6
AT4G32915.1,ARA:PWY490-4,GATC,4,15885520,15887044,+,1524,protein_coding,"Glutamyl-tRNA(Gln) amidotransferase subunit C, chloroplastic/mitochondrial [Source:UniProtKB/Swiss-Prot;Acc:F4JV80]",0.5709068788571477,0.904829312885771,-0.11557310477564212,0.6581050440796785,0.8954084396289663,-0.09019404037803742,0.713389299021066,0.9233387489119781,-0.0745588388709862,0,0,0,8
AT4G34880.2,ARA:PWY490-4,,4,16615391,16617584,+,2193,protein_coding,Amidase family protein [Source:TAIR;Acc:AT4G34880],0.8948820239850853,0.9850489399082887,0.05255799202552281,0.7821751884225836,0.9388896367571284,0.10989881746856316,0.8949859752994849,0.9762672799987248,0.052441281289927824,0,0,0,6
AT4G34880.1,ARA:PWY490-4,,4,16615541,16617586,+,2045,protein_coding,Amidase family protein [Source:TAIR;Acc:AT4G34880],0.7180543067070155,0.9462766489264876,-0.6533536225502371,0.8317605537197673,0.9533293768693947,0.38288643810981016,0.9879313598828597,NA,0.027283714353466007,0,0,0,10
