ID,Path,Gene,Chromosome,Start,End,Strand,Length,BioType,Description,Flg22_vs_Mock_pvalue,Flg22_vs_Mock_padj,Flg22_vs_Mock_log2FoldChange,Flg22_SynCom33_vs_Mock_pvalue,Flg22_SynCom33_vs_Mock_padj,Flg22_SynCom33_vs_Mock_log2FoldChange,Flg22_SynCom35_vs_Mock_pvalue,Flg22_SynCom35_vs_Mock_padj,Flg22_SynCom35_vs_Mock_log2FoldChange,Flg22_vs_Mock,Flg22_SynCom33_vs_Mock,Flg22_SynCom35_vs_Mock,cl
AT3G42850.1,ARA:PWY-82,,3,14940057,14945291,-,5234,protein_coding,Mevalonate/galactokinase family protein [Source:UniProtKB/TrEMBL;Acc:A0A1I9LRU1],0.3105035893458435,NA,1.114659412136077,0.4899350186169401,NA,0.7707902794464333,0.3908491322410708,NA,0.94648060715675,0,0,0,6
AT4G16130.1,ARA:PWY-82,ARA1,4,9120777,9127938,+,7161,protein_coding,L-arabinokinase [Source:UniProtKB/Swiss-Prot;Acc:O23461],0.1326183604611749,0.5798149718373071,0.1741499074333089,0.955695787471528,0.9902070573278723,0.006457057444009247,0.30817819861425605,0.708958648033782,-0.11853322282463105,0,0,0,7
AT5G52560.1,ARA:PWY-82,USP,5,21330608,21334811,+,4203,protein_coding,UDP-sugar pyrophosphorylase [Source:UniProtKB/Swiss-Prot;Acc:Q9C5I1],0.6272700609885822,0.9232154867534458,0.07298942070626849,0.19879869171679268,0.560839177300272,0.19295552512009698,0.21255374617998696,0.6151350926979582,0.1870506175861246,0,0,0,1
