ID,Path,Gene,Chromosome,Start,End,Strand,Length,BioType,Description,Flg22_vs_Mock_pvalue,Flg22_vs_Mock_padj,Flg22_vs_Mock_log2FoldChange,Flg22_SynCom33_vs_Mock_pvalue,Flg22_SynCom33_vs_Mock_padj,Flg22_SynCom33_vs_Mock_log2FoldChange,Flg22_SynCom35_vs_Mock_pvalue,Flg22_SynCom35_vs_Mock_padj,Flg22_SynCom35_vs_Mock_log2FoldChange,Flg22_vs_Mock,Flg22_SynCom33_vs_Mock,Flg22_SynCom35_vs_Mock,cl
AT2G28880.1,ARA:PWY-6543,ADCS,2,12398745,12403621,-,4876,protein_coding,"Aminodeoxychorismate synthase, chloroplastic [Source:UniProtKB/Swiss-Prot;Acc:Q8LPN3]",0.3248680318943654,0.7880047143568644,-0.13567088640851133,0.1681395629750964,0.5191142450782752,-0.1909197545195467,0.44856774153965767,0.803944060999754,0.10202907763683,0,0,0,4
AT3G54970.3,ARA:PWY-6543,,3,20368127,20369943,-,1816,protein_coding,D-aminoacid aminotransferase-like PLP-dependent enzymes superfamily protein [Source:UniProtKB/TrEMBL;Acc:Q8VZN6],0.3884573981740141,0.831959427630637,0.5082187266314178,0.797917883157526,0.9442104386600613,0.1529105088168075,0.9648681519523539,NA,0.02634339343286882,0,0,0,7
AT3G54970.4,ARA:PWY-6543,,3,20368127,20369943,-,1816,protein_coding,D-aminoacid aminotransferase-like PLP-dependent enzymes superfamily protein [Source:UniProtKB/TrEMBL;Acc:Q8VZN6],0.17977175225789502,0.6529546878236381,-0.4906457712782756,0.13924143759768234,0.47458961905678926,-0.5420803110593485,0.8550078390926068,0.9650040540703506,0.06555362481725967,0,0,0,4
AT5G57850.2,ARA:PWY-6543,DAAT,5,23435291,23436747,-,1456,protein_coding,Branched-chain amino acid aminotransferase like protein [Source:UniProtKB/TrEMBL;Acc:Q0WW83],0.7672877277437522,0.9571733012705728,0.05969676570815664,0.558682914766826,0.8461312352443102,0.11776824707912846,0.2581822278158255,0.6659897456581476,0.22618763422520746,0,0,0,1
AT5G57850.1,ARA:PWY-6543,DAAT,5,23435291,23437347,-,2056,protein_coding,Branched-chain amino acid aminotransferase like protein [Source:UniProtKB/TrEMBL;Acc:Q0WW83],0.005582235372544654,0.10673310240296813,2.311267669642494,0.0045071425046263785,0.06444734298370548,2.367851808475822,0.026725382465605428,0.22751366051028504,1.8545630429767495,0,0,0,6
