ID,Path,Gene,Chromosome,Start,End,Strand,Length,BioType,Description,Flg22_vs_Mock_pvalue,Flg22_vs_Mock_padj,Flg22_vs_Mock_log2FoldChange,Flg22_SynCom33_vs_Mock_pvalue,Flg22_SynCom33_vs_Mock_padj,Flg22_SynCom33_vs_Mock_log2FoldChange,Flg22_SynCom35_vs_Mock_pvalue,Flg22_SynCom35_vs_Mock_padj,Flg22_SynCom35_vs_Mock_log2FoldChange,Flg22_vs_Mock,Flg22_SynCom33_vs_Mock,Flg22_SynCom35_vs_Mock,cl
AT4G19230.1,ARA:PWY-7640,CYP707A1,4,10521259,10523961,+,2702,protein_coding,"Cytochrome P450, family 707, subfamily A, polypeptide 1 [Source:UniProtKB/TrEMBL;Acc:A8MRX5]",0.742751996518173,0.9529854144178901,0.11639419950813741,0.5831437144084024,0.8597659778013312,-0.19472447698450973,1.407042770454354e-4,0.0061997499947968595,-1.354688509824096,0,0,-1,2
AT5G45340.2,ARA:PWY-7640,CYP707A3,5,18368532,18371021,-,2489,protein_coding,Abscisic acid 8'-hydroxylase 3 [Source:UniProtKB/Swiss-Prot;Acc:Q9FH76],0.1961473578439181,0.6706022537318397,0.8406407097179164,0.03094860783707183,0.21366062278442594,1.3912361306214711,0.26874564358768704,0.6764125769004413,0.7198399080130841,0,0,0,5
AT5G45340.1,ARA:PWY-7640,CYP707A3,5,18368532,18371021,-,2489,protein_coding,Abscisic acid 8'-hydroxylase 3 [Source:UniProtKB/Swiss-Prot;Acc:Q9FH76],0.040377393004981,0.33791788331715644,0.8486219594105875,1.5914235707985736e-4,0.005966617633222769,1.5602447787579226,0.9033158306862032,0.9781750404127426,0.05045757307014068,0,1,0,9
