ID,Path,Gene,Chromosome,Start,End,Strand,Length,BioType,Description,Flg22_vs_Mock_pvalue,Flg22_vs_Mock_padj,Flg22_vs_Mock_log2FoldChange,Flg22_SynCom33_vs_Mock_pvalue,Flg22_SynCom33_vs_Mock_padj,Flg22_SynCom33_vs_Mock_log2FoldChange,Flg22_SynCom35_vs_Mock_pvalue,Flg22_SynCom35_vs_Mock_padj,Flg22_SynCom35_vs_Mock_log2FoldChange,Flg22_vs_Mock,Flg22_SynCom33_vs_Mock,Flg22_SynCom35_vs_Mock,cl
AT1G20330.1,ARA:PWY-6424,SMT2,1,7038527,7040231,-,1704,protein_coding,24-methylenesterol C-methyltransferase 2 [Source:UniProtKB/Swiss-Prot;Acc:Q39227],0.288794474168959,0.7620746129012445,-0.22330696524615312,0.5832093075369122,0.8597659778013312,-0.1154676075930879,0.3959161044629362,0.770379328958333,0.1784284087668382,0,0,0,4
AT1G76090.1,ARA:PWY-6424,SMT3,1,28550202,28551836,-,1634,protein_coding,24-methylenesterol C-methyltransferase 3 [Source:UniProtKB/Swiss-Prot;Acc:Q94JS4],0.7833567713560743,0.9618509085058963,-0.04096315575113948,0.4603421608842559,0.7886634356567821,0.10990387594749232,0.20152258513241492,0.6044049357098217,0.18996392829527559,0,0,0,1
