ID,Path,Gene,Chromosome,Start,End,Strand,Length,BioType,Description,Flg22_vs_Mock_pvalue,Flg22_vs_Mock_padj,Flg22_vs_Mock_log2FoldChange,Flg22_SynCom33_vs_Mock_pvalue,Flg22_SynCom33_vs_Mock_padj,Flg22_SynCom33_vs_Mock_log2FoldChange,Flg22_SynCom35_vs_Mock_pvalue,Flg22_SynCom35_vs_Mock_padj,Flg22_SynCom35_vs_Mock_log2FoldChange,Flg22_vs_Mock,Flg22_SynCom33_vs_Mock,Flg22_SynCom35_vs_Mock,cl
AT3G10700.1,ARA:PWY-4,GALAK,3,3346509,3351170,-,4661,protein_coding,GalAK [Source:UniProtKB/TrEMBL;Acc:A0A178V5L4],0.9474346427256549,0.9933269717125698,0.05581134296249631,0.4018857314320531,0.7500341733099453,0.7063676089281578,0.37763582479687013,0.7589309725973687,0.7429341101638302,0,0,0,1
AT3G10700.3,ARA:PWY-4,GALAK,3,3346551,3349892,-,3341,protein_coding,GalAK [Source:UniProtKB/TrEMBL;Acc:A0A178V5L4],0.7093682405181245,0.9450949870794566,-0.0789425344938459,0.8861559813860231,0.9703713019519766,-0.030276869365785188,0.8240516877424477,0.9562990450874443,0.04671363392963384,0,0,0,4
AT5G52560.1,ARA:PWY-4,USP,5,21330608,21334811,+,4203,protein_coding,UDP-sugar pyrophosphorylase [Source:UniProtKB/Swiss-Prot;Acc:Q9C5I1],0.6272700609885822,0.9232154867534458,0.07298942070626849,0.19879869171679268,0.560839177300272,0.19295552512009698,0.21255374617998696,0.6151350926979582,0.1870506175861246,0,0,0,1
