ID,Path,Gene,Chromosome,Start,End,Strand,Length,BioType,Description,Flg22_vs_Mock_pvalue,Flg22_vs_Mock_padj,Flg22_vs_Mock_log2FoldChange,Flg22_SynCom33_vs_Mock_pvalue,Flg22_SynCom33_vs_Mock_padj,Flg22_SynCom33_vs_Mock_log2FoldChange,Flg22_SynCom35_vs_Mock_pvalue,Flg22_SynCom35_vs_Mock_padj,Flg22_SynCom35_vs_Mock_log2FoldChange,Flg22_vs_Mock,Flg22_SynCom33_vs_Mock,Flg22_SynCom35_vs_Mock,cl
AT2G43910.1,ARA:PWY-6736,ATHOL1,2,18184409,18187358,-,2949,protein_coding,HOL1 [Source:UniProtKB/TrEMBL;Acc:A0A178VXT1],2.7661085901290477e-5,0.002436524142078766,-0.597999676531432,6.541299992086743e-7,7.033729055491033e-5,-0.7100620538802503,0.010334303222799554,0.12923794025774937,0.36458238399944903,0,0,0,4
AT2G43910.3,ARA:PWY-6736,ATHOL1,2,18184491,18186432,-,1941,protein_coding,HOL1 [Source:UniProtKB/TrEMBL;Acc:A0A178VXT1],2.4747521952748905e-4,0.012313453876150396,-1.3124033040983123,0.0012226568727805437,0.025818901849243184,-1.156647264008027,0.592762301869462,0.8782150074244904,0.19002088121632718,-1,-1,0,4
AT2G43910.2,ARA:PWY-6736,ATHOL1,2,18184491,18187028,-,2537,protein_coding,HOL1 [Source:UniProtKB/TrEMBL;Acc:A0A178VXT1],0.7192985795729023,0.9462889924032919,-0.15043400074775284,0.9734947940425508,0.9939793016352115,0.013893199137383178,0.5371090975888502,0.8528658616456047,0.25759417751407315,0,0,0,1
