ID,Path,Gene,Chromosome,Start,End,Strand,Length,BioType,Description,Flg22_vs_Mock_pvalue,Flg22_vs_Mock_padj,Flg22_vs_Mock_log2FoldChange,Flg22_SynCom33_vs_Mock_pvalue,Flg22_SynCom33_vs_Mock_padj,Flg22_SynCom33_vs_Mock_log2FoldChange,Flg22_SynCom35_vs_Mock_pvalue,Flg22_SynCom35_vs_Mock_padj,Flg22_SynCom35_vs_Mock_log2FoldChange,Flg22_vs_Mock,Flg22_SynCom33_vs_Mock,Flg22_SynCom35_vs_Mock,cl
AT4G26220.1,ARA:PWY-6064,,4,13283526,13285323,+,1797,protein_coding,Probable caffeoyl-CoA O-methyltransferase At4g26220 [Source:UniProtKB/Swiss-Prot;Acc:Q9C5D7],0.10260503255400868,0.5216097217550522,-0.2847066372916377,0.020478779102692413,0.16785919124262513,-0.40484302641260955,0.7561064872816596,0.9356589425215629,-0.05399820658920999,0,0,0,4
AT5G54160.1,ARA:PWY-6064,OMT1,5,21981902,21984399,+,2497,protein_coding,Flavone 3'-O-methyltransferase 1 [Source:UniProtKB/Swiss-Prot;Acc:Q9FK25],8.175682762514967e-4,0.02970285990412539,0.46854304294641974,0.1245094232619042,0.448487513885369,0.21511446996105912,0.3896318496680272,0.7671189398446937,-0.12051012270341033,0,0,0,7
