ID,Path,Gene,Chromosome,Start,End,Strand,Length,BioType,Description,Flg22_vs_Mock_pvalue,Flg22_vs_Mock_padj,Flg22_vs_Mock_log2FoldChange,Flg22_SynCom33_vs_Mock_pvalue,Flg22_SynCom33_vs_Mock_padj,Flg22_SynCom33_vs_Mock_log2FoldChange,Flg22_SynCom35_vs_Mock_pvalue,Flg22_SynCom35_vs_Mock_padj,Flg22_SynCom35_vs_Mock_log2FoldChange,Flg22_vs_Mock,Flg22_SynCom33_vs_Mock,Flg22_SynCom35_vs_Mock,cl
AT1G72810.1,ARA:HOMOSER-THRESYN-PWY,TS2,1,27397877,27400474,-,2597,protein_coding,"Threonine synthase 2, chloroplastic [Source:UniProtKB/Swiss-Prot;Acc:Q9SSP5]",0.582740509373049,0.9078270129595561,-0.14346577688261594,0.0993056150640569,0.40336964698342265,-0.4318890598159135,0.5066385282312627,0.836565910187542,0.17280062383301836,0,0,0,4
AT2G17265.1,ARA:HOMOSER-THRESYN-PWY,HSK,2,7508473,7509887,+,1414,protein_coding,Homoserine kinase [Source:UniProtKB/Swiss-Prot;Acc:Q8L7R2],0.1975513348062884,0.6712288257228219,0.19645232095804965,0.2840891290469256,0.6536393775367468,-0.16438624033216911,0.8170699407115217,0.9540671456368972,0.03531292833931508,0,0,0,3
AT4G29840.1,ARA:HOMOSER-THRESYN-PWY,TS1,4,14599216,14601164,-,1948,protein_coding,"Threonine synthase 1, chloroplastic [Source:UniProtKB/Swiss-Prot;Acc:Q9S7B5]",0.37598413418449095,0.822724129571266,-0.15437647649963893,0.05149488171384567,0.28559632973624904,-0.3400716039673217,0.28265873267228653,0.689447366760433,0.1868577630299352,0,0,0,4
