ID,Path,Gene,Chromosome,Start,End,Strand,Length,BioType,Description,Flg22_vs_Mock_pvalue,Flg22_vs_Mock_padj,Flg22_vs_Mock_log2FoldChange,Flg22_SynCom33_vs_Mock_pvalue,Flg22_SynCom33_vs_Mock_padj,Flg22_SynCom33_vs_Mock_log2FoldChange,Flg22_SynCom35_vs_Mock_pvalue,Flg22_SynCom35_vs_Mock_padj,Flg22_SynCom35_vs_Mock_log2FoldChange,Flg22_vs_Mock,Flg22_SynCom33_vs_Mock,Flg22_SynCom35_vs_Mock,cl
AT1G80460.1,ARA:PWY-4261,GLPK,1,30246683,30249337,-,2654,protein_coding,Glycerol kinase [Source:UniProtKB/Swiss-Prot;Acc:Q9M8L4],0.021318762352848967,0.237156414720275,0.1977170846634116,6.249787870930696e-6,4.3980837054020673e-4,0.38760515755480324,0.5030834538125064,0.8342389538959561,-0.057570349520303245,0,0,0,9
AT3G10370.1,ARA:PWY-4261,SDP6,3,3216339,3219270,+,2931,protein_coding,"Glycerol-3-phosphate dehydrogenase SDP6, mitochondrial [Source:UniProtKB/Swiss-Prot;Acc:Q9SS48]",0.05165838086057841,0.3820954449607789,0.23858471928862435,0.9451850908413792,0.987776477188274,0.008467625805670682,0.07704323445073613,0.3952038666131791,-0.218387003303822,0,0,0,7
