ID,Path,Gene,Chromosome,Start,End,Strand,Length,BioType,Description,Flg22_vs_Mock_pvalue,Flg22_vs_Mock_padj,Flg22_vs_Mock_log2FoldChange,Flg22_SynCom33_vs_Mock_pvalue,Flg22_SynCom33_vs_Mock_padj,Flg22_SynCom33_vs_Mock_log2FoldChange,Flg22_SynCom35_vs_Mock_pvalue,Flg22_SynCom35_vs_Mock_padj,Flg22_SynCom35_vs_Mock_log2FoldChange,Flg22_vs_Mock,Flg22_SynCom33_vs_Mock,Flg22_SynCom35_vs_Mock,cl
AT4G23100.3,ARA:PWYQT-4470,GSH1,4,12102135,12107695,-,5560,protein_coding,"Glutamate--cysteine ligase, chloroplastic [Source:UniProtKB/Swiss-Prot;Acc:P46309]",0.12650708803912644,0.5688187366652343,-0.8986015101094835,0.26907810296313506,0.6398936273757074,-0.6477285329117094,0.6075815740623661,0.8840965041395863,-0.29947523052116,0,0,0,8
AT4G23100.1,ARA:PWYQT-4470,GSH1,4,12103099,12107565,-,4466,protein_coding,"Glutamate--cysteine ligase, chloroplastic [Source:UniProtKB/Swiss-Prot;Acc:P46309]",0.3408761782822844,0.7995570717716297,-0.1608371399202183,0.16382789219647806,0.5127128041719556,-0.23515344197399127,0.5303172780058882,0.8492532788991428,0.10591519460643238,0,0,0,4
AT4G23100.2,ARA:PWYQT-4470,GSH1,4,12103161,12107299,-,4138,protein_coding,"Glutamate--cysteine ligase, chloroplastic [Source:UniProtKB/Swiss-Prot;Acc:P46309]",0.17066130516237926,0.6396291270073657,-1.5543779640102462,0.20790613870213687,0.5720504422303831,-1.428493259943469,0.349980226887698,0.7407653644032445,-1.0595490965178525,-0,-0,-0,8
AT5G27380.1,ARA:PWYQT-4470,GSH2,5,9667912,9671015,-,3103,protein_coding,"Glutathione synthetase, chloroplastic [Source:UniProtKB/Swiss-Prot;Acc:P46416]",0.9477700884875847,0.9933269717125698,-0.007029859820033306,0.997391074959601,0.9989146036684174,-3.509160711428396e-4,0.5768448494663772,0.8718860947348374,-0.05986333940549592,0,0,0,8
AT5G37830.1,ARA:PWYQT-4470,OXP1,5,15056188,15060866,-,4678,protein_coding,5-oxoprolinase [Source:UniProtKB/Swiss-Prot;Acc:Q9FIZ7],0.2227776832478999,0.6996419555617055,0.07571418019799749,0.25133036454900065,0.6217811522550171,-0.07150530618141869,0.25422939372964243,0.6626490524753779,-0.07091573201146933,0,0,0,3
