ID,Path,Gene,Chromosome,Start,End,Strand,Length,BioType,Description,Flg22_vs_Mock_pvalue,Flg22_vs_Mock_padj,Flg22_vs_Mock_log2FoldChange,Flg22_SynCom33_vs_Mock_pvalue,Flg22_SynCom33_vs_Mock_padj,Flg22_SynCom33_vs_Mock_log2FoldChange,Flg22_SynCom35_vs_Mock_pvalue,Flg22_SynCom35_vs_Mock_padj,Flg22_SynCom35_vs_Mock_log2FoldChange,Flg22_vs_Mock,Flg22_SynCom33_vs_Mock,Flg22_SynCom35_vs_Mock,cl
AT3G12120.1,ARA:PWY-5995,FAD2,3,3860251,3863250,-,2999,protein_coding,FAD2 [Source:UniProtKB/TrEMBL;Acc:A0A178VIK7],0.7645249686507566,0.9571339617671963,0.02357653864711918,3.8443382813438413e-7,4.634237743456733e-5,-0.40062955745542994,0.08303502771810507,0.41011223503226685,-0.13648899729054198,0,0,0,3
AT3G12120.2,ARA:PWY-5995,FAD2,3,3860445,3862498,-,2053,protein_coding,FAD2 [Source:UniProtKB/TrEMBL;Acc:A0A178VIK7],0.48237750238971366,0.8738763561918426,-0.2628577337565496,0.833142419755657,0.9537641905229258,-0.07861774153964222,0.3340295276794873,0.728880483675421,-0.3615955972811686,0,0,0,10
AT4G30950.1,ARA:PWY-5995,FAD6,4,15056975,15059846,-,2871,protein_coding,SFD4 [Source:UniProtKB/TrEMBL;Acc:A0A178V0M7],0.1841045910805147,0.6584216253361558,-0.22874022382808312,0.02769861031537547,0.20128315279232994,-0.38061153157250605,0.1320750023181197,0.5075004641062647,0.2566007388232132,0,0,0,4
