ID,Path,Gene,Chromosome,Start,End,Strand,Length,BioType,Description,Flg22_vs_Mock_pvalue,Flg22_vs_Mock_padj,Flg22_vs_Mock_log2FoldChange,Flg22_SynCom33_vs_Mock_pvalue,Flg22_SynCom33_vs_Mock_padj,Flg22_SynCom33_vs_Mock_log2FoldChange,Flg22_SynCom35_vs_Mock_pvalue,Flg22_SynCom35_vs_Mock_padj,Flg22_SynCom35_vs_Mock_log2FoldChange,Flg22_vs_Mock,Flg22_SynCom33_vs_Mock,Flg22_SynCom35_vs_Mock,cl
AT1G30530.1,ARA:PWY-7140,UGT78D1,1,10814612,10816615,+,2003,protein_coding,Glycosyltransferase (Fragment) [Source:UniProtKB/TrEMBL;Acc:W8PVA4],0.6921500679360874,0.939286640809929,-0.2239330535928334,0.1114089593573581,0.42619832722989903,-0.9083272248142914,0.867452028912022,0.9686421032206517,-0.09420996209698032,0,0,0,3
AT2G15480.1,ARA:PWY-7140,UGT73B5,2,6758430,6760709,+,2279,protein_coding,Glycosyltransferase [Source:UniProtKB/TrEMBL;Acc:F4IIG3],0.1486038702428074,0.606130904138038,-0.3233381959957552,0.09932228023561725,0.40336964698342265,-0.3690160879972513,2.7091470927929584e-7,3.9263048649646384e-5,-1.1558165929231254,0,0,-1,2
AT2G15480.2,ARA:PWY-7140,UGT73B5,2,6758681,6763501,+,4820,protein_coding,Glycosyltransferase [Source:UniProtKB/TrEMBL;Acc:F4IIG3],0.41067566243423115,0.843929465241122,-0.2576340523015627,0.0037924320451596287,0.0575457941066069,-0.9098214941956149,7.505767632358828e-5,0.0038419948446657168,-1.2467061290914476,0,0,-1,2
