ID,Path,Gene,Chromosome,Start,End,Strand,Length,BioType,Description,Flg22_vs_Mock_pvalue,Flg22_vs_Mock_padj,Flg22_vs_Mock_log2FoldChange,Flg22_SynCom33_vs_Mock_pvalue,Flg22_SynCom33_vs_Mock_padj,Flg22_SynCom33_vs_Mock_log2FoldChange,Flg22_SynCom35_vs_Mock_pvalue,Flg22_SynCom35_vs_Mock_padj,Flg22_SynCom35_vs_Mock_log2FoldChange,Flg22_vs_Mock,Flg22_SynCom33_vs_Mock,Flg22_SynCom35_vs_Mock,cl
AT1G64400.1,ARA:PWY-7625,LACS3,1,23915570,23919835,-,4265,protein_coding,Long chain acyl-CoA synthetase 3 [Source:UniProtKB/Swiss-Prot;Acc:Q9C7W4],0.7475984491096537,0.9530196132125169,-0.10098550661675339,2.7089232801415465e-7,3.517936020133577e-5,1.6084227432586453,0.0058224581902455615,0.09030725760745746,0.8632174834571678,0,1,0,5
AT1G68000.1,ARA:PWY-7625,PIS1,1,25490911,25493077,+,2166,protein_coding,CDP-diacylglycerol--inositol 3-phosphatidyltransferase 1 [Source:UniProtKB/Swiss-Prot;Acc:Q8LBA6],0.8606895126594526,0.9779783981841293,0.021963049734965677,0.07347876084208313,0.34496263516536474,0.2230947526051879,0.20643505326311873,0.6086125978494651,0.1574057226974384,0,0,0,1
AT4G23850.1,ARA:PWY-7625,LACS4,4,12403454,12408421,-,4967,protein_coding,Long chain acyl-CoA synthetase 4 [Source:UniProtKB/Swiss-Prot;Acc:Q9T0A0],0.029695551425103977,0.2843767832371239,0.1680271837134193,5.811765784089652e-4,0.01513874881859477,0.2657809472447913,0.00204034645077104,0.04363258214457749,-0.23875864275268494,0,0,0,9
AT4G38570.1,ARA:PWY-7625,PIS2,4,18031279,18033584,-,2305,protein_coding,CDP-diacylglycerol--inositol 3-phosphatidyltransferase [Source:UniProtKB/TrEMBL;Acc:A0A178UUZ3],0.4118810801931436,0.84400368748951,0.16498171339763398,0.1256287734774126,0.4500811875620799,0.30648788083774875,0.3078687035147787,0.7087427933384843,0.20414243772584992,0,0,0,6
