ID,Path,Gene,Chromosome,Start,End,Strand,Length,BioType,Description,Flg22_vs_Mock_pvalue,Flg22_vs_Mock_padj,Flg22_vs_Mock_log2FoldChange,Flg22_SynCom33_vs_Mock_pvalue,Flg22_SynCom33_vs_Mock_padj,Flg22_SynCom33_vs_Mock_log2FoldChange,Flg22_SynCom35_vs_Mock_pvalue,Flg22_SynCom35_vs_Mock_padj,Flg22_SynCom35_vs_Mock_log2FoldChange,Flg22_vs_Mock,Flg22_SynCom33_vs_Mock,Flg22_SynCom35_vs_Mock,cl
AT4G33030.1,ARA:PWYQT-4427,SQD1,4,15935373,15937833,+,2460,protein_coding,"UDP-sulfoquinovose synthase, chloroplastic [Source:UniProtKB/Swiss-Prot;Acc:O48917]",1.7961272501709036e-4,0.009750255892352167,0.5794923897175215,0.2791721739274365,0.6491840876790376,0.17011352246346298,0.9797705013747938,0.995521142960847,-0.00400075332802581,0,0,0,7
AT5G01220.2,ARA:PWYQT-4427,SQD2,5,86543,90063,-,3520,protein_coding,Sulfoquinovosyl transferase SQD2 [Source:UniProtKB/Swiss-Prot;Acc:Q8S4F6],0.3880482683210684,0.8317738019545031,1.2490027341001655,0.5789638217566616,0.8575545266697271,0.8050586121808669,0.6265708745406495,NA,0.7059581875995368,0,0,0,7
AT5G01220.1,ARA:PWYQT-4427,SQD2,5,86548,90117,-,3569,protein_coding,Sulfoquinovosyl transferase SQD2 [Source:UniProtKB/Swiss-Prot;Acc:Q8S4F6],0.3725167284151479,0.8205855677600431,0.19067204982065167,0.3658845650116901,0.7236275234143303,-0.19386036089954334,0.42966629855154526,0.7927228515780657,-0.16917784374986639,0,0,0,7
