ID,Path,Gene,Chromosome,Start,End,Strand,Length,BioType,Description,Flg22_vs_Mock_pvalue,Flg22_vs_Mock_padj,Flg22_vs_Mock_log2FoldChange,Flg22_SynCom33_vs_Mock_pvalue,Flg22_SynCom33_vs_Mock_padj,Flg22_SynCom33_vs_Mock_log2FoldChange,Flg22_SynCom35_vs_Mock_pvalue,Flg22_SynCom35_vs_Mock_padj,Flg22_SynCom35_vs_Mock_log2FoldChange,Flg22_vs_Mock,Flg22_SynCom33_vs_Mock,Flg22_SynCom35_vs_Mock,cl
AT5G36110.1,ARA:PWY-7067,CYP716A1,5,14195356,14197761,+,2405,protein_coding,Cytochrome P450 716A1 [Source:UniProtKB/Swiss-Prot;Acc:Q9LVY7],0.7430870451441729,0.9529854144178901,-0.10332543343783467,0.0823452037798367,0.3668551156794117,-0.5543048696182613,0.05290374982793504,0.33028138668514395,-0.6171303799121541,0,0,0,2
AT5G36130.1,ARA:PWY-7067,,5,14209088,14209922,-,834,protein_coding,,0.8551113615978481,0.9767267292200514,-0.1144621938333713,0.10251042866794036,0.40903745635320954,-1.0256069630770919,0.45574230651341757,0.8083323932622506,-0.4677736137654816,0,-0,0,3
AT5G36140.1,ARA:PWY-7067,CYP716A2,5,14212174,14213293,-,1119,protein_coding,,0.8427970555828305,0.973027298818344,-0.11599799135349131,0.07319334237335383,0.3441067291474304,-1.050159599620776,0.5598916141307784,0.8644584363403336,-0.341089387039521,0,-0,0,3
