ID,Path,Gene,Chromosome,Start,End,Strand,Length,BioType,Description,Flg22_vs_Mock_pvalue,Flg22_vs_Mock_padj,Flg22_vs_Mock_log2FoldChange,Flg22_SynCom33_vs_Mock_pvalue,Flg22_SynCom33_vs_Mock_padj,Flg22_SynCom33_vs_Mock_log2FoldChange,Flg22_SynCom35_vs_Mock_pvalue,Flg22_SynCom35_vs_Mock_padj,Flg22_SynCom35_vs_Mock_log2FoldChange,Flg22_vs_Mock,Flg22_SynCom33_vs_Mock,Flg22_SynCom35_vs_Mock,cl
AT1G53500.1,ARA:PWY-3261,RHM2,1,19966944,19969757,-,2813,protein_coding,RHM2 [Source:UniProtKB/TrEMBL;Acc:A0A178W591],0.4078411903582464,0.8420600872733333,0.1091299174530709,0.21503933176668708,0.5808416867803172,-0.16396070743402966,0.6464639822103442,0.8995989390309564,-0.06053086155694983,0,0,0,3
AT1G63000.1,ARA:PWY-3261,NRS/ER,1,23342211,23344120,+,1909,protein_coding,"Bifunctional dTDP-4-dehydrorhamnose 3,5-epimerase/dTDP-4-dehydrorhamnose reductase [Source:UniProtKB/Swiss-Prot;Acc:Q9LQ04]",0.5640640052419047,0.9026237829786996,-0.08688998168251173,0.4698052246131299,0.7944457475026834,-0.10888894871764566,0.4876882904171699,0.8263988694314448,0.10447930683874741,0,0,0,4
AT1G78570.1,ARA:PWY-3261,RHM1,1,29549540,29552438,+,2898,protein_coding,"Trifunctional UDP-glucose 4,6-dehydratase/UDP-4-keto-6-deoxy-D-glucose 3,5-epimerase/UDP-4-keto-L-rhamnose-reductase RHM1 [Source:UniProtKB/Swiss-Prot;Acc:Q9SYM5]",0.5235928865233678,0.8893269103721245,-0.12070545948214463,2.2222951353906162e-4,0.00759099518991043,-0.699407643798954,0.45348357604182554,0.8067741548204025,-0.14185407541907938,0,0,0,3
AT3G14790.1,ARA:PWY-3261,RHM3,3,4964108,4967075,+,2967,protein_coding,Rhamnose biosynthesis 3 [Source:UniProtKB/TrEMBL;Acc:A0A1I9LN83],0.6205591616767828,0.9208555102123748,-0.07649442525774362,0.32514801669975724,0.6887850659456147,-0.15221613579696416,0.1260287059799104,0.4975689471916802,0.23531764801475188,0,0,0,4
AT3G14790.1,ARA:PWY-3261,RHM3,3,4964108,4967075,+,2967,protein_coding,Rhamnose biosynthesis 3 [Source:UniProtKB/TrEMBL;Acc:A0A1I9LN83],0.6205591616767828,0.9208555102123748,-0.07649442525774362,0.32514801669975724,0.6887850659456147,-0.15221613579696416,0.1260287059799104,0.4975689471916802,0.23531764801475188,0,0,0,4
