ID,Path,Gene,Chromosome,Start,End,Strand,Length,BioType,Description,Flg22_vs_Mock_pvalue,Flg22_vs_Mock_padj,Flg22_vs_Mock_log2FoldChange,Flg22_SynCom33_vs_Mock_pvalue,Flg22_SynCom33_vs_Mock_padj,Flg22_SynCom33_vs_Mock_log2FoldChange,Flg22_SynCom35_vs_Mock_pvalue,Flg22_SynCom35_vs_Mock_padj,Flg22_SynCom35_vs_Mock_log2FoldChange,Flg22_vs_Mock,Flg22_SynCom33_vs_Mock,Flg22_SynCom35_vs_Mock,cl
AT1G55090.1,ARA:PYRIDNUCSYN-PWY,,1,20554352,20558529,+,4177,protein_coding,Glutamine-dependent NAD(+) synthetase [Source:UniProtKB/Swiss-Prot;Acc:Q9C723],0.6383205154083846,0.9261336031885353,0.058574825767452016,0.045711571101335384,0.26624724322677806,-0.25017110346847493,0.1319007989642227,0.5069930374630564,-0.1881974568140143,0,0,0,3
AT2G01350.2,ARA:PYRIDNUCSYN-PWY,QPT,2,165141,167247,-,2106,protein_coding,QPT [Source:UniProtKB/TrEMBL;Acc:A0A178VX18],0.5619757320264587,0.9019295899370587,0.42260779059845055,0.2976400864094396,0.6654878817980999,0.7571718595773814,0.5959267695505092,0.8794889103551176,-0.389486050822556,0,0,0,9
AT2G01350.1,ARA:PYRIDNUCSYN-PWY,QPT,2,165141,167259,-,2118,protein_coding,QPT [Source:UniProtKB/TrEMBL;Acc:A0A178VX18],2.684528093701439e-4,0.013169232299942385,0.30972063960152324,0.6418143888875063,0.8878535647804252,0.0397868055796329,0.0066637373070345595,0.09859544411601318,-0.2331776492355432,0,0,0,7
AT5G14760.1,ARA:PYRIDNUCSYN-PWY,AO,5,4768263,4772153,+,3890,protein_coding,"L-aspartate oxidase, chloroplastic [Source:UniProtKB/Swiss-Prot;Acc:Q94AY1]",0.20089892824685784,0.6749470880206995,0.22325162912522173,0.07846906781322946,0.3573446520337514,-0.309941429652504,0.13091238255985702,0.5049687509419657,-0.26538684369530224,0,0,0,7
AT5G50210.1,ARA:PYRIDNUCSYN-PWY,QS,5,20442613,20446050,+,3437,protein_coding,SUFE3 [Source:UniProtKB/TrEMBL;Acc:A0A178UIT6],0.41561863971418883,0.8456074432281361,-0.11080114034749873,9.087778573611129e-4,0.02075269107215054,-0.45462648859269195,0.4423452645421749,0.8006483188346447,-0.10441925607296373,0,0,0,3
AT5G55810.1,ARA:PYRIDNUCSYN-PWY,AtNMNAT,5,22583972,22586405,-,2433,protein_coding,Nicotinate/nicotinamide mononucleotide adenyltransferase [Source:UniProtKB/TrEMBL;Acc:F4K688],0.4869112222672801,0.8752403418423143,0.21854385413807487,0.2703383507974514,0.640798460876034,0.34489385025892283,0.96139794198319,0.9904777929830886,0.015295225130182607,0,0,0,9
