ID,Path,Gene,Chromosome,Start,End,Strand,Length,BioType,Description,Flg22_vs_Mock_pvalue,Flg22_vs_Mock_padj,Flg22_vs_Mock_log2FoldChange,Flg22_SynCom33_vs_Mock_pvalue,Flg22_SynCom33_vs_Mock_padj,Flg22_SynCom33_vs_Mock_log2FoldChange,Flg22_SynCom35_vs_Mock_pvalue,Flg22_SynCom35_vs_Mock_padj,Flg22_SynCom35_vs_Mock_log2FoldChange,Flg22_vs_Mock,Flg22_SynCom33_vs_Mock,Flg22_SynCom35_vs_Mock,cl
AT2G46580.1,ARA:PLPSAL-PWY,PPOX2,2,19129230,19130712,-,1482,protein_coding,Pyridoxine/pyridoxamine 5'-phosphate oxidase 2 [Source:UniProtKB/Swiss-Prot;Acc:Q9ZPY1],0.007059355912959485,0.12301853932767896,0.43942795287349173,0.07503724197477306,0.34890136857860604,0.293269498283644,0.6933520899815417,0.9159911735719214,-0.06621127020809627,0,0,0,7
AT5G37850.4,ARA:PLPSAL-PWY,SOS4,5,15065300,15069094,+,3794,protein_coding,pfkB-like carbohydrate kinase family protein [Source:TAIR;Acc:AT5G37850],0.6732944170497416,0.9353444647666466,0.24681563208766344,0.6439905577879033,0.8892953014953491,0.27048605373282447,0.7881814726946705,0.9459968346073203,-0.15788231697566812,0,0,0,9
AT5G37850.1,ARA:PLPSAL-PWY,SOS4,5,15065300,15069094,+,3794,protein_coding,pfkB-like carbohydrate kinase family protein [Source:TAIR;Acc:AT5G37850],0.6880629812419193,0.9384645833061259,-0.07544278540477327,0.7699443818667685,0.9353515232328099,0.05484792262496453,0.060630887669477315,0.3508871867323696,-0.3538203028398997,0,0,0,10
AT5G49970.1,ARA:PLPSAL-PWY,PPOX1,5,20329103,20333172,+,4069,protein_coding,"Pyridoxine/pyridoxamine 5'-phosphate oxidase 1, chloroplastic [Source:UniProtKB/Swiss-Prot;Acc:Q9LTX3]",0.0017427131947773285,0.049458094527768746,0.32219869096209897,0.9289105857588745,0.9824903354725395,0.009315180952412721,0.21147918365890106,0.6140936874430708,0.12919750625602122,0,0,0,3
