ID,Path,Gene,Chromosome,Start,End,Strand,Length,BioType,Description,Flg22_vs_Mock_pvalue,Flg22_vs_Mock_padj,Flg22_vs_Mock_log2FoldChange,Flg22_SynCom33_vs_Mock_pvalue,Flg22_SynCom33_vs_Mock_padj,Flg22_SynCom33_vs_Mock_log2FoldChange,Flg22_SynCom35_vs_Mock_pvalue,Flg22_SynCom35_vs_Mock_padj,Flg22_SynCom35_vs_Mock_log2FoldChange,Flg22_vs_Mock,Flg22_SynCom33_vs_Mock,Flg22_SynCom35_vs_Mock,cl
AT3G47450.2,ARA:PWY-4983,ATNOS1,3,17483068,17486347,-,3279,protein_coding,P-loop containing nucleoside triphosphate hydrolases superfamily protein [Source:TAIR;Acc:AT3G47450],0.4516031877009541,0.8621604808884442,-0.22389146832284829,0.2888968493179064,0.657421916817401,-0.31718777981933877,0.11023135002670523,0.4696250320642523,0.4602380603041573,0,0,0,4
AT3G57180.1,ARA:PWY-4983,BPG2,3,21163545,21166138,-,2593,nontranslating_CDS,P-loop containing nucleoside triphosphate hydrolases superfamily protein [Source:TAIR;Acc:AT3G57180],0.2187579075822517,0.6954397600661152,-0.507905766741075,0.6909541217546282,0.9082752421030766,-0.16193162526141275,0.5688095245338101,0.8680627858677934,0.22854100352419018,0,0,0,4
AT4G10620.1,ARA:PWY-4983,,4,6564183,6566504,+,2321,protein_coding,F3H7.11 protein [Source:UniProtKB/TrEMBL;Acc:Q9ZSB8],0.5488727407009,0.8972259061811516,-0.13389686246767754,0.13727635441857586,0.4712377677793585,-0.33362873511688923,0.5892918347161469,0.8769753160708315,0.11977250931945023,0,0,0,4
AT4G24830.1,ARA:PWY-4983,,4,12792827,12796031,-,3204,protein_coding,"Argininosuccinate synthase, chloroplastic [Source:UniProtKB/Swiss-Prot;Acc:Q9SZX3]",0.5333485794451853,0.8914182001464046,-0.1410511380465619,0.20179281607785687,0.5642145009356905,-0.2892262568304499,0.18774517018204304,0.5867717082879101,0.29780283384510015,0,0,0,4
AT5G10920.1,ARA:PWY-4983,,5,3441751,3444267,+,2516,protein_coding,"Argininosuccinate lyase, chloroplastic [Source:UniProtKB/Swiss-Prot;Acc:Q9LEU8]",0.4875892057732328,0.8757846260284722,-0.11850443963276332,0.02277266835112623,0.17884162156440997,-0.390558466139271,0.4083134524583271,0.7776018144104359,0.1405340386459169,0,0,0,4
