ID,Path,Gene,Chromosome,Start,End,Strand,Length,BioType,Description,Flg22_vs_Mock_pvalue,Flg22_vs_Mock_padj,Flg22_vs_Mock_log2FoldChange,Flg22_SynCom33_vs_Mock_pvalue,Flg22_SynCom33_vs_Mock_padj,Flg22_SynCom33_vs_Mock_log2FoldChange,Flg22_SynCom35_vs_Mock_pvalue,Flg22_SynCom35_vs_Mock_padj,Flg22_SynCom35_vs_Mock_log2FoldChange,Flg22_vs_Mock,Flg22_SynCom33_vs_Mock,Flg22_SynCom35_vs_Mock,cl
AT5G22130.3,GO:0051751,PNT1,5,7337158,7339622,-,2464,protein_coding,Mannosyltransferase family protein [Source:UniProtKB/TrEMBL;Acc:F4K8F7],0.45509873340274154,0.8634684115895739,0.5279275144325911,0.9555256649319402,0.9902070573278723,0.039526108414288504,0.9478954800341092,0.9880619349506325,-0.04631538300097335,0,0,0,7
AT5G22130.1,GO:0051751,PNT1,5,7337158,7340052,-,2894,protein_coding,Mannosyltransferase family protein [Source:UniProtKB/TrEMBL;Acc:F4K8F7],0.9053990179170486,0.9869002016097549,-0.0663673316399581,0.81082514881281,0.9480272905165109,0.13336629915392775,0.13025161713099012,0.5044905826578769,0.8372351674348086,0,0,0,4
