ID,Path,Gene,Chromosome,Start,End,Strand,Length,BioType,Description,Flg22_vs_Mock_pvalue,Flg22_vs_Mock_padj,Flg22_vs_Mock_log2FoldChange,Flg22_SynCom33_vs_Mock_pvalue,Flg22_SynCom33_vs_Mock_padj,Flg22_SynCom33_vs_Mock_log2FoldChange,Flg22_SynCom35_vs_Mock_pvalue,Flg22_SynCom35_vs_Mock_padj,Flg22_SynCom35_vs_Mock_log2FoldChange,Flg22_vs_Mock,Flg22_SynCom33_vs_Mock,Flg22_SynCom35_vs_Mock,cl
AT1G18580.1,GO:0010246,GAUT11,1,6395769,6398274,+,2505,protein_coding,Hexosyltransferase [Source:UniProtKB/TrEMBL;Acc:A0A178WM53],0.6542020823913575,0.9291580230130977,0.06323860952628198,0.898393565480216,0.9734765520044915,-0.018079019356007465,0.8327885921926677,0.9590363290877028,-0.02981918499174707,0,0,0,3
AT1G28240.1,GO:0010246,,1,9868257,9872278,-,4021,protein_coding,F3H9.11 protein [Source:UniProtKB/TrEMBL;Acc:Q9FZ97],0.24355003072639797,0.7220660362698066,0.1517709567969875,0.10428698776601938,0.41196808304572125,0.21124057522263376,0.007263203763922004,0.1035620971947031,-0.35230498163684676,0,0,0,9
AT4G36890.1,GO:0010246,IRX14,4,17379173,17382028,-,2855,protein_coding,"Probable beta-1,4-xylosyltransferase IRX14 [Source:UniProtKB/Swiss-Prot;Acc:Q8L707]",0.23864085310128694,0.7159889500807728,-0.12822122701207814,0.03385158315154122,0.22502429729963677,-0.2313917480211203,0.2524020556382673,0.6604221106833336,-0.12435076048173624,0,0,0,8
