ID,Path,Gene,Chromosome,Start,End,Strand,Length,BioType,Description,Flg22_vs_Mock_pvalue,Flg22_vs_Mock_padj,Flg22_vs_Mock_log2FoldChange,Flg22_SynCom33_vs_Mock_pvalue,Flg22_SynCom33_vs_Mock_padj,Flg22_SynCom33_vs_Mock_log2FoldChange,Flg22_SynCom35_vs_Mock_pvalue,Flg22_SynCom35_vs_Mock_padj,Flg22_SynCom35_vs_Mock_log2FoldChange,Flg22_vs_Mock,Flg22_SynCom33_vs_Mock,Flg22_SynCom35_vs_Mock,cl
AT2G26230.1,GO:0019628,,2,11164575,11167346,+,2771,protein_coding,Uricase [Source:UniProtKB/Swiss-Prot;Acc:O04420],0.21449095291289177,0.6909933818000447,0.10685160346600597,0.9495038203397034,0.9892187448899618,-0.005466903538260302,6.559215032430619e-6,5.42273523196618e-4,-0.392164813293365,0,0,0,2
AT5G58220.3,GO:0019628,TTL,5,23554386,23556001,-,1615,protein_coding,Uric acid degradation bifunctional protein TTL [Source:UniProtKB/Swiss-Prot;Acc:Q9LVM5],0.12369270475566646,0.5649366301827773,0.20873630407046634,0.01111506594821367,0.11585699993015892,0.34312899224543525,0.11225966794564254,0.4733163497084242,0.2148352399355734,0,0,0,6
AT5G58220.1,GO:0019628,TTL,5,23554396,23556001,-,1605,protein_coding,Uric acid degradation bifunctional protein TTL [Source:UniProtKB/Swiss-Prot;Acc:Q9LVM5],0.5124792131576372,0.8850023406577792,0.1319005548521987,0.894651525066572,0.9722076748625585,-0.026741728928049692,0.2879479184362971,0.6937857808453115,-0.2149761195022632,0,0,0,7
