ID,Path,Gene,Chromosome,Start,End,Strand,Length,BioType,Description,Flg22_vs_Mock_pvalue,Flg22_vs_Mock_padj,Flg22_vs_Mock_log2FoldChange,Flg22_SynCom33_vs_Mock_pvalue,Flg22_SynCom33_vs_Mock_padj,Flg22_SynCom33_vs_Mock_log2FoldChange,Flg22_SynCom35_vs_Mock_pvalue,Flg22_SynCom35_vs_Mock_padj,Flg22_SynCom35_vs_Mock_log2FoldChange,Flg22_vs_Mock,Flg22_SynCom33_vs_Mock,Flg22_SynCom35_vs_Mock,cl
AT4G22305.2,GO:0034338,SOBER1,4,11789327,11791191,-,1864,protein_coding,Carboxylesterase SOBER1 [Source:UniProtKB/Swiss-Prot;Acc:Q84WK4],0.5001851221242792,0.8799378390990823,0.6452600589416446,0.28414663216629804,0.6536393775367468,1.020145824164682,0.794495573508041,NA,0.2506102273087745,0,0,0,9
AT4G22305.1,GO:0034338,SOBER1,4,11789332,11791207,-,1875,protein_coding,Carboxylesterase SOBER1 [Source:UniProtKB/Swiss-Prot;Acc:Q84WK4],0.19830623664741337,0.6715825854977638,-0.3186604330731541,0.45241023846955897,0.784296890241747,0.18361103250654076,0.5416646911738812,0.8554696474930239,-0.15006437510877774,0,0,0,10
