ID,Path,Gene,Chromosome,Start,End,Strand,Length,BioType,Description,Flg22_vs_Mock_pvalue,Flg22_vs_Mock_padj,Flg22_vs_Mock_log2FoldChange,Flg22_SynCom33_vs_Mock_pvalue,Flg22_SynCom33_vs_Mock_padj,Flg22_SynCom33_vs_Mock_log2FoldChange,Flg22_SynCom35_vs_Mock_pvalue,Flg22_SynCom35_vs_Mock_padj,Flg22_SynCom35_vs_Mock_log2FoldChange,Flg22_vs_Mock,Flg22_SynCom33_vs_Mock,Flg22_SynCom35_vs_Mock,cl
AT2G28860.1,GO:0000249,CYP710A4,2,12388168,12389891,-,1723,protein_coding,Cytochrome P450 710A4 [Source:UniProtKB/Swiss-Prot;Acc:Q9ZV28],0.6104080628575806,0.9164747496412162,0.25327914878395796,0.047926486550428714,0.2742358049060504,0.9340220319209361,5.923417367967962e-19,1.5833952782063692e-15,3.8486106733890186,0,0,1,4
AT2G34490.1,GO:0000249,CYP710A2,2,14535506,14537556,-,2050,protein_coding,Cytochrome P450 710A2 [Source:UniProtKB/Swiss-Prot;Acc:O64698],0.3070779033029983,0.7738505419756193,0.3876548354345322,0.686978432316929,0.9068182773161643,-0.1534261747139587,0.1593119956294347,0.5478961346093332,0.533642038231359,0,0,0,6
AT2G34500.1,GO:0000249,CYP710A1,2,14539373,14541617,-,2244,protein_coding,CYP710A1 [Source:UniProtKB/TrEMBL;Acc:A0A178VRK5],0.0032626708928579972,0.0749718411647624,-0.6969333016050338,0.041525181474283114,0.25373219051772605,-0.4822641105663475,0.9749076661426913,0.994254408566151,-0.007422208445377901,0,0,0,4
