ID,Path,Gene,Chromosome,Start,End,Strand,Length,BioType,Description,Flg22_vs_Mock_pvalue,Flg22_vs_Mock_padj,Flg22_vs_Mock_log2FoldChange,Flg22_SynCom33_vs_Mock_pvalue,Flg22_SynCom33_vs_Mock_padj,Flg22_SynCom33_vs_Mock_log2FoldChange,Flg22_SynCom35_vs_Mock_pvalue,Flg22_SynCom35_vs_Mock_padj,Flg22_SynCom35_vs_Mock_log2FoldChange,Flg22_vs_Mock,Flg22_SynCom33_vs_Mock,Flg22_SynCom35_vs_Mock,cl
AT3G48190.2,GO:0033044,ATM,3,17801289,17828553,+,27264,protein_coding,Serine/Threonine-kinase ATM-like protein [Source:UniProtKB/TrEMBL;Acc:A0A1I9LQ79],0.5590582055877615,0.9009816137633396,-0.7447151090065135,0.7797796432434912,0.9380938095680891,-0.3563371265394278,0.961810444567073,0.9905017205590612,-0.06101252779373978,0,0,0,8
AT3G48190.1,GO:0033044,ATM,3,17801289,17828553,+,27264,protein_coding,Serine/Threonine-kinase ATM-like protein [Source:UniProtKB/TrEMBL;Acc:A0A1I9LQ79],0.41146669831601795,0.84400368748951,0.4765062274429182,0.9272765933306961,0.9821619414594083,0.05317908538400404,0.7809713521560534,0.9440203954366155,-0.16224726843207118,0,0,0,7
AT5G40820.1,GO:0033044,ATRAD3,5,16342728,16353898,-,11170,protein_coding,Ataxia telangiectasia-mutated and RAD3-related [Source:TAIR;Acc:AT5G40820],0.547422654035654,0.8969773435341416,1.0714021455823508,0.9660360289370296,0.9924324733399025,0.0759220183211228,0.6992088163671735,0.9180268837973876,0.6882949734512276,0,0,0,3
AT5G40820.3,GO:0033044,ATRAD3,5,16342728,16353898,-,11170,protein_coding,Ataxia telangiectasia-mutated and RAD3-related [Source:TAIR;Acc:AT5G40820],8.351261318993947e-4,0.029990664205940955,-1.0288954387177272,0.07341311445189919,0.34483511142686596,-0.540763300793595,0.4043580140323859,0.7754029457994341,0.24603274341126632,-1,0,0,4
