ID,Path,Gene,Chromosome,Start,End,Strand,Length,BioType,Description,Flg22_vs_Mock_pvalue,Flg22_vs_Mock_padj,Flg22_vs_Mock_log2FoldChange,Flg22_SynCom33_vs_Mock_pvalue,Flg22_SynCom33_vs_Mock_padj,Flg22_SynCom33_vs_Mock_log2FoldChange,Flg22_SynCom35_vs_Mock_pvalue,Flg22_SynCom35_vs_Mock_padj,Flg22_SynCom35_vs_Mock_log2FoldChange,Flg22_vs_Mock,Flg22_SynCom33_vs_Mock,Flg22_SynCom35_vs_Mock,cl
AT1G51630.1,GO:0010412,MSR2,1,19141823,19144320,-,2497,protein_coding,Protein MANNAN SYNTHESIS-RELATED 2 [Source:UniProtKB/Swiss-Prot;Acc:Q0WPA5],0.03217560989577409,0.29727839384828997,-0.1993359346056697,0.7355101385985913,0.9243032388390197,-0.031325764000034555,0.004861979373675319,0.08011609573416494,0.25932899507808854,0,0,0,4
AT2G20680.1,GO:0010412,MAN2,2,8920447,8923227,+,2780,protein_coding,"Mannan endo-1,4-beta-mannosidase 2 [Source:UniProtKB/Swiss-Prot;Acc:Q7Y223]",0.22489456611801698,0.7015849149422443,-0.2893633736442622,0.9210273143454683,0.9807960798219771,-0.02344580114764048,0.367446773537483,0.7535715658330242,0.2113089530526639,0,0,0,1
AT3G21190.1,GO:0010412,MSR1,3,7432193,7434743,-,2550,protein_coding,Protein MANNAN SYNTHESIS-RELATED 1 [Source:UniProtKB/Swiss-Prot;Acc:Q9LU40],0.061683969144221085,0.41440674099298985,-0.2707723328765403,1.4825352469659987e-5,8.976016330842336e-4,-0.6318848568062013,0.4989877158445604,0.8324183798508498,0.09736863349335159,0,0,0,4
