ID,Path,Gene,Chromosome,Start,End,Strand,Length,BioType,Description,Flg22_vs_Mock_pvalue,Flg22_vs_Mock_padj,Flg22_vs_Mock_log2FoldChange,Flg22_SynCom33_vs_Mock_pvalue,Flg22_SynCom33_vs_Mock_padj,Flg22_SynCom33_vs_Mock_log2FoldChange,Flg22_SynCom35_vs_Mock_pvalue,Flg22_SynCom35_vs_Mock_padj,Flg22_SynCom35_vs_Mock_log2FoldChange,Flg22_vs_Mock,Flg22_SynCom33_vs_Mock,Flg22_SynCom35_vs_Mock,cl
AT1G47550.1,GO:0017049,SEC3A,1,17456987,17464297,+,7310,protein_coding,Exocyst complex component sec3A [Source:UniProtKB/TrEMBL;Acc:F4HTA1],0.6699999604412716,0.9346182320842047,0.026133426651483087,0.07146547168525086,0.33965458222510087,0.11025231476604451,0.6249364636872898,0.8919016141340596,-0.029954421474142703,0,0,0,5
AT1G47550.2,GO:0017049,SEC3A,1,17457122,17465195,+,8073,protein_coding,Exocyst complex component sec3A [Source:UniProtKB/TrEMBL;Acc:F4HTA1],0.21358421113970383,0.6904451630968544,0.2959828400715563,0.007841119223823028,0.09322643386767387,0.6251160231735332,0.17821210035507398,0.5741150795436801,0.31904250090381403,0,0,0,5
AT1G47560.1,GO:0017049,SEC3B,1,17466535,17473421,+,6886,protein_coding,Exocyst complex component SEC3B [Source:UniProtKB/Swiss-Prot;Acc:Q9SX86],0.9706711069423996,0.9946629527453268,-0.009087469202139353,0.0010730654679303908,0.023547874211350833,0.795951020163922,0.14430452705251595,0.5268749606716117,0.3573786815404818,0,0,0,5
