ID,Path,Gene,Chromosome,Start,End,Strand,Length,BioType,Description,Flg22_vs_Mock_pvalue,Flg22_vs_Mock_padj,Flg22_vs_Mock_log2FoldChange,Flg22_SynCom33_vs_Mock_pvalue,Flg22_SynCom33_vs_Mock_padj,Flg22_SynCom33_vs_Mock_log2FoldChange,Flg22_SynCom35_vs_Mock_pvalue,Flg22_SynCom35_vs_Mock_padj,Flg22_SynCom35_vs_Mock_log2FoldChange,Flg22_vs_Mock,Flg22_SynCom33_vs_Mock,Flg22_SynCom35_vs_Mock,cl
AT3G46180.2,GO:0046964,UTR5,3,16953997,16956835,-,2838,protein_coding,UTR5 [Source:UniProtKB/TrEMBL;Acc:A0A178V982],0.19631573809172082,0.6706022537318397,-1.3325169786139448,0.6425606166078462,0.8882251501852276,-0.4727741666524893,0.9962412806121197,NA,0.00477436812447008,-0,0,0,1
AT3G46180.1,GO:0046964,UTR5,3,16954024,16956885,-,2861,protein_coding,UTR5 [Source:UniProtKB/TrEMBL;Acc:A0A178V982],0.3734217988722954,0.8210849089803082,0.14620334528768703,0.6519284008606447,0.8926901390517534,0.07435178654313183,0.5105127394479396,0.8385849710254357,-0.10891103430052959,0,0,0,7
AT5G59740.1,GO:0046964,UTR5B,5,24070049,24073086,-,3037,protein_coding,UDP-galactose/UDP-glucose transporter 5B [Source:UniProtKB/Swiss-Prot;Acc:Q6NMB6],0.10303885207424608,0.5227405411894472,-0.362491335854381,0.13558146862602255,0.4682569528841482,-0.3314870537096425,0.8140516576552288,0.9535427957459082,-0.051359477228697284,0,0,0,8
