ID,Path,Gene,Chromosome,Start,End,Strand,Length,BioType,Description,Flg22_vs_Mock_pvalue,Flg22_vs_Mock_padj,Flg22_vs_Mock_log2FoldChange,Flg22_SynCom33_vs_Mock_pvalue,Flg22_SynCom33_vs_Mock_padj,Flg22_SynCom33_vs_Mock_log2FoldChange,Flg22_SynCom35_vs_Mock_pvalue,Flg22_SynCom35_vs_Mock_padj,Flg22_SynCom35_vs_Mock_log2FoldChange,Flg22_vs_Mock,Flg22_SynCom33_vs_Mock,Flg22_SynCom35_vs_Mock,cl
AT1G17890.3,GO:0042351,GER2,1,6154264,6155804,-,1540,protein_coding,Putative GDP-L-fucose synthase 2 [Source:UniProtKB/Swiss-Prot;Acc:Q9LMU0],0.046590924363332085,0.3626457740388472,-2.336267121598598,0.9275118356183093,0.9821702184310798,-0.10584384743769526,0.11410955386938205,0.4771854070901431,-1.8480286327151314,-0,0,-0,10
AT1G17890.1,GO:0042351,GER2,1,6154264,6155804,-,1540,protein_coding,Putative GDP-L-fucose synthase 2 [Source:UniProtKB/Swiss-Prot;Acc:Q9LMU0],0.6339039084916386,0.9253214416817163,0.06174526830927089,0.08784043295364835,0.3795458869873438,0.2209433232885688,0.2996105429803961,0.7026947637808871,0.13426197323129213,0,0,0,1
AT1G17890.2,GO:0042351,GER2,1,6154267,6155796,-,1529,protein_coding,Putative GDP-L-fucose synthase 2 [Source:UniProtKB/Swiss-Prot;Acc:Q9LMU0],0.07064021485589436,0.441970752362845,2.2856715128070393,0.22445866656762034,0.5928629464991999,1.5418735779939035,0.721900072520929,NA,0.4560249576868581,0,0,0,7
AT1G73250.1,GO:0042351,GER1,1,27544969,27546479,-,1510,protein_coding,GDP-L-fucose synthase 1 [Source:UniProtKB/Swiss-Prot;Acc:O49213],0.46449405205964484,0.8668300692309155,0.08692434056877905,0.031648775186106134,0.2166421819678362,0.25363592925415307,0.09492273853686005,0.4399593049411027,0.1968461492759107,0,0,0,1
AT3G51160.1,GO:0042351,MUR1,3,19006993,19008724,-,1731,protein_coding,MUR_1 [Source:UniProtKB/TrEMBL;Acc:A0A178V6B0],0.7163166262730418,0.9461420728057194,0.05414378127024606,0.4122118340950008,0.7572146046290701,0.12215943496374446,0.24233291610898444,0.650581467115928,-0.1742870765172164,0,0,0,9
AT5G66280.1,GO:0042351,GMD1,5,26476166,26477754,+,1588,protein_coding,GMD1 [Source:UniProtKB/TrEMBL;Acc:A0A178U7H7],0.2259266696706093,0.7029247966392799,-0.20391592663440955,0.17011129244850748,0.5223223030954629,0.23029922896703303,0.4498288928092684,0.8047879455049736,0.126875229191311,0,0,0,1
