ID,Path,Gene,Chromosome,Start,End,Strand,Length,BioType,Description,Flg22_vs_Mock_pvalue,Flg22_vs_Mock_padj,Flg22_vs_Mock_log2FoldChange,Flg22_SynCom33_vs_Mock_pvalue,Flg22_SynCom33_vs_Mock_padj,Flg22_SynCom33_vs_Mock_log2FoldChange,Flg22_SynCom35_vs_Mock_pvalue,Flg22_SynCom35_vs_Mock_padj,Flg22_SynCom35_vs_Mock_log2FoldChange,Flg22_vs_Mock,Flg22_SynCom33_vs_Mock,Flg22_SynCom35_vs_Mock,cl
AT2G15270.1,GO:0006469,,2,6637831,6639429,+,1598,protein_coding,Expressed protein [Source:UniProtKB/TrEMBL;Acc:Q9SHU9],0.0644113975805852,0.4237083224669088,-0.3181959850973555,0.17065700703332978,0.5231016719578074,0.23093282369857088,0.9969616907114383,0.999454302655879,6.448766565655622e-4,0,0,0,1
AT5G57050.1,GO:0006469,ABI2,5,23087122,23089628,+,2506,protein_coding,AtABI2 [Source:UniProtKB/TrEMBL;Acc:A0A178UGB7],0.6929317594287439,0.939588829137681,-0.13039789756102121,0.9738813292509407,0.9941566245271137,-0.010798778058712693,0.03350893770448745,0.25780557188825043,-0.7068013205889784,0,0,0,2
AT5G57050.3,GO:0006469,ABI2,5,23087142,23089631,+,2489,protein_coding,AtABI2 [Source:UniProtKB/TrEMBL;Acc:A0A178UGB7],0.7033337787101083,0.9427257381303876,0.3542790187835777,0.23507420897844675,0.6039630016017017,-1.1454846213134673,0.9507781817377455,NA,0.057617814963796865,0,-0,0,3
