ID,Path,Gene,Chromosome,Start,End,Strand,Length,BioType,Description,Flg22_vs_Mock_pvalue,Flg22_vs_Mock_padj,Flg22_vs_Mock_log2FoldChange,Flg22_SynCom33_vs_Mock_pvalue,Flg22_SynCom33_vs_Mock_padj,Flg22_SynCom33_vs_Mock_log2FoldChange,Flg22_SynCom35_vs_Mock_pvalue,Flg22_SynCom35_vs_Mock_padj,Flg22_SynCom35_vs_Mock_log2FoldChange,Flg22_vs_Mock,Flg22_SynCom33_vs_Mock,Flg22_SynCom35_vs_Mock,cl
AT1G05460.1,GO:0043186,SDE3,1,1601148,1605034,-,3886,protein_coding,Probable RNA helicase SDE3 [Source:UniProtKB/Swiss-Prot;Acc:Q8GYD9],0.8606702536982946,0.9779783981841293,-0.0400603007988977,0.32454606197637764,0.688008335839649,-0.22586279758701625,0.2333730187528406,0.6409780790537586,0.27000098017731433,0,0,0,4
AT2G23930.1,GO:0043186,SNRNP-G,2,10182251,10183370,+,1119,protein_coding,Probable small nuclear ribonucleoprotein G [Source:UniProtKB/Swiss-Prot;Acc:O82221],0.8449637999544493,0.9738623128396451,0.03309989727300073,0.7272785738169893,0.9222893924583082,0.05900912132706544,0.08010059736337001,0.403481780939932,0.2939411936343961,0,0,0,4
AT3G11500.2,GO:0043186,,3,3621333,3622637,-,1304,protein_coding,Putative small nuclear ribonucleoprotein polypeptide G [Source:UniProtKB/TrEMBL;Acc:Q9CAX7],0.4117354396279106,0.84400368748951,0.20165227317839646,0.9406033083738369,0.9864738660933787,0.018401675177578538,0.15310275395287692,0.5392103725074386,0.34909120939869454,0,0,0,6
