ID,Path,Gene,Chromosome,Start,End,Strand,Length,BioType,Description,Flg22_vs_Mock_pvalue,Flg22_vs_Mock_padj,Flg22_vs_Mock_log2FoldChange,Flg22_SynCom33_vs_Mock_pvalue,Flg22_SynCom33_vs_Mock_padj,Flg22_SynCom33_vs_Mock_log2FoldChange,Flg22_SynCom35_vs_Mock_pvalue,Flg22_SynCom35_vs_Mock_padj,Flg22_SynCom35_vs_Mock_log2FoldChange,Flg22_vs_Mock,Flg22_SynCom33_vs_Mock,Flg22_SynCom35_vs_Mock,cl
AT5G63440.2,GO:0097167,,5,25406252,25408456,+,2204,protein_coding,UPF0235 protein At5g63440 [Source:UniProtKB/Swiss-Prot;Acc:Q8GWQ6],0.5898277330484445,0.9099286254717786,0.5499168364646365,0.9474668895543505,0.9885359941868399,0.06742806383488219,0.45981759222650914,0.8104836716085688,0.7529464894115345,0,0,0,6
AT5G63440.3,GO:0097167,,5,25406302,25408420,+,2118,protein_coding,UPF0235 protein At5g63440 [Source:UniProtKB/Swiss-Prot;Acc:Q8GWQ6],0.7449406423141096,0.9529854144178901,-0.10712742913410611,0.264717544301397,0.6353693773134066,0.36411211886176137,0.977466204906693,0.9951671702123623,-0.00926770380717008,0,0,0,5
AT5G63440.1,GO:0097167,,5,25406302,25408423,+,2121,protein_coding,UPF0235 protein At5g63440 [Source:UniProtKB/Swiss-Prot;Acc:Q8GWQ6],0.4441651364487853,0.8585274690318654,-0.795402563006665,0.4872318490769381,NA,-0.7203753325288773,0.7061093382060879,NA,-0.38556166626516947,0,0,0,8
