ID,Path,Gene,Chromosome,Start,End,Strand,Length,BioType,Description,Flg22_vs_Mock_pvalue,Flg22_vs_Mock_padj,Flg22_vs_Mock_log2FoldChange,Flg22_SynCom33_vs_Mock_pvalue,Flg22_SynCom33_vs_Mock_padj,Flg22_SynCom33_vs_Mock_log2FoldChange,Flg22_SynCom35_vs_Mock_pvalue,Flg22_SynCom35_vs_Mock_padj,Flg22_SynCom35_vs_Mock_log2FoldChange,Flg22_vs_Mock,Flg22_SynCom33_vs_Mock,Flg22_SynCom35_vs_Mock,cl
AT1G12650.1,GO:0000469,,1,4306059,4308005,+,1946,protein_coding,At1g12650/T12C24_1 [Source:UniProtKB/TrEMBL;Acc:Q8W1E4],0.5620034651658785,0.9019295899370587,-0.09819406407863121,0.35622037298832204,0.7153680013948956,-0.15645505265664153,0.9346429849927869,0.9851661236325965,-0.013843156486427597,0,0,0,4
AT5G08180.2,GO:0000469,,5,2631516,2633850,-,2334,protein_coding,H/ACA ribonucleoprotein complex subunit 2-like protein [Source:UniProtKB/Swiss-Prot;Acc:Q9LEY9],0.1848377072859673,0.6594232625965702,-0.3093014296841675,0.2049749677462295,0.5684656022855815,-0.2956499421514558,0.18833553852247217,0.5874466985315228,0.3054635673701627,0,0,0,4
AT5G41190.1,GO:0000469,,5,16487466,16490101,-,2635,protein_coding,RNA-binding NOB1-like protein [Source:UniProtKB/TrEMBL;Acc:Q9FLL1],0.13427896400892134,0.5822478459159895,-0.24638335210759044,0.08930814455117743,0.3819828745359002,-0.27974734539170254,0.733120224395858,0.9288879785291552,0.05582045083374588,0,0,0,4
