ID,Path,Gene,Chromosome,Start,End,Strand,Length,BioType,Description,Flg22_vs_Mock_pvalue,Flg22_vs_Mock_padj,Flg22_vs_Mock_log2FoldChange,Flg22_SynCom33_vs_Mock_pvalue,Flg22_SynCom33_vs_Mock_padj,Flg22_SynCom33_vs_Mock_log2FoldChange,Flg22_SynCom35_vs_Mock_pvalue,Flg22_SynCom35_vs_Mock_padj,Flg22_SynCom35_vs_Mock_log2FoldChange,Flg22_vs_Mock,Flg22_SynCom33_vs_Mock,Flg22_SynCom35_vs_Mock,cl
AT1G01040.1,GO:0010599,DCL1,1,23121,31227,+,8106,protein_coding,Dicer-like 1 [Source:UniProtKB/TrEMBL;Acc:F4HQG6],0.0027952149677481462,0.0677894081918557,0.6095610070787536,0.34321833212832753,0.704803359253558,0.19395827322319087,0.4438963720840467,0.8015054728008102,-0.15710642012813508,0,0,0,7
AT1G01040.2,GO:0010599,DCL1,1,23416,31120,+,7704,protein_coding,Dicer-like 1 [Source:UniProtKB/TrEMBL;Acc:F4HQG6],0.10332855648249398,0.5231043187477207,-0.6700011170555377,0.21398640252051057,0.5797094557564328,-0.5107971394875082,0.3288706271429322,0.724794581935736,-0.4010274995883393,0,0,0,8
AT1G69440.1,GO:0010599,AGO7,1,26101407,26105328,-,3921,protein_coding,Protein argonaute 7 [Source:UniProtKB/Swiss-Prot;Acc:Q9C793],8.625292632573336e-4,0.030582667333039458,-0.9330336945086822,0.47493816295620733,0.7977327029240971,-0.19348862099318254,0.351803990497937,0.7413605419034982,0.24803294772088455,0,0,0,1
AT5G20320.1,GO:0010599,DCL4,5,6859212,6869266,-,10054,protein_coding,Dicer-like protein 4 [Source:UniProtKB/Swiss-Prot;Acc:P84634],0.7652452579064328,0.9571733012705728,-0.07903816663535998,0.0970642551495839,0.39896532182906125,-0.4424295287955729,0.28323761013611604,0.6902296956852817,-0.2846907485159349,0,0,0,3
AT5G20320.3,GO:0010599,DCL4,5,6859229,6867966,-,8737,protein_coding,Dicer-like protein 4 [Source:UniProtKB/Swiss-Prot;Acc:P84634],0.4203442826026991,0.8473605338262131,0.22774680023770708,0.6766522141116493,0.9024491377133042,-0.11846998301079371,0.45214499127445457,0.8061712957762291,0.21232570632867512,0,0,0,3
