ID,Path,Gene,Chromosome,Start,End,Strand,Length,BioType,Description,Flg22_vs_Mock_pvalue,Flg22_vs_Mock_padj,Flg22_vs_Mock_log2FoldChange,Flg22_SynCom33_vs_Mock_pvalue,Flg22_SynCom33_vs_Mock_padj,Flg22_SynCom33_vs_Mock_log2FoldChange,Flg22_SynCom35_vs_Mock_pvalue,Flg22_SynCom35_vs_Mock_padj,Flg22_SynCom35_vs_Mock_log2FoldChange,Flg22_vs_Mock,Flg22_SynCom33_vs_Mock,Flg22_SynCom35_vs_Mock,cl
AT2G34770.1,GO:0080132,FAH1,2,14665667,14668250,+,2583,protein_coding,FAH1 [Source:UniProtKB/TrEMBL;Acc:A0A178W0P1],0.0011733810122397286,0.03804197163383856,0.5073251674651784,0.03607614169086709,0.2343641471565706,0.3287511008813931,0.6756217691262225,0.9097279074068764,-0.06603914387977772,0,0,0,7
AT4G20870.1,GO:0080132,FAH2,4,11174450,11176881,-,2431,protein_coding,Dihydroceramide fatty acyl 2-hydroxylase FAH2 [Source:UniProtKB/Swiss-Prot;Acc:Q9SUC5],0.03216465516318679,0.29727839384828997,-0.2953322385500901,0.6617370270506286,0.8966884973934139,-0.059808640921099394,0.2589669669482586,0.6667714792490789,0.1528393118253241,0,0,0,1
AT4G20870.2,GO:0080132,FAH2,4,11174620,11176881,-,2261,protein_coding,Dihydroceramide fatty acyl 2-hydroxylase FAH2 [Source:UniProtKB/Swiss-Prot;Acc:Q9SUC5],0.6901574800451913,NA,0.7561390581546518,0.9370261184632057,NA,-0.15207165193828875,0.8207426795107648,NA,0.43112929288355883,0,0,0,3
