ID,Path,Gene,Chromosome,Start,End,Strand,Length,BioType,Description,Flg22_vs_Mock_pvalue,Flg22_vs_Mock_padj,Flg22_vs_Mock_log2FoldChange,Flg22_SynCom33_vs_Mock_pvalue,Flg22_SynCom33_vs_Mock_padj,Flg22_SynCom33_vs_Mock_log2FoldChange,Flg22_SynCom35_vs_Mock_pvalue,Flg22_SynCom35_vs_Mock_padj,Flg22_SynCom35_vs_Mock_log2FoldChange,Flg22_vs_Mock,Flg22_SynCom33_vs_Mock,Flg22_SynCom35_vs_Mock,cl
AT2G26740.1,GO:0004301,ATSEH,2,11392849,11394363,-,1514,protein_coding,At2g26740/F18A8.11 [Source:UniProtKB/TrEMBL;Acc:Q42566],0.006992186065806844,0.12245586646845459,1.068074564197864,0.3238323238482087,0.687293583584995,-0.41303060720141943,0.23863263176665742,0.6467035525651266,-0.493017730273367,0,0,0,7
AT2G26750.1,GO:0004301,,2,11395707,11397219,-,1512,protein_coding,Alpha/beta-Hydrolases superfamily protein [Source:UniProtKB/TrEMBL;Acc:O48789],0.6188906629497626,0.9199082974629913,-0.43654929767382883,0.9917926992000407,NA,0.008796944165204646,0.596903344745272,NA,0.4417726274081848,0,0,0,1
AT3G51000.1,GO:0004301,,3,18945025,18946621,-,1596,protein_coding,AT3g51000/F24M12_40 [Source:UniProtKB/TrEMBL;Acc:Q9SD45],0.011872145871167068,0.1717720444200727,0.477934801759864,0.9542769906115169,0.9899894011752799,-0.010932231719340749,0.014067565835426192,0.15588950604154517,-0.46990539883669036,0,0,0,7
AT4G02340.1,GO:0004301,,4,1035596,1037615,+,2019,protein_coding,AT4g02340 protein [Source:UniProtKB/TrEMBL;Acc:O81299],0.02428076009905107,0.25549525587322297,0.43647111443730685,0.1820834220247952,0.5400768981973385,0.2591759152989489,0.5727115494604186,0.8697320071278091,-0.11002312849068195,0,0,0,7
AT4G15960.1,GO:0004301,,4,9045610,9047449,-,1839,protein_coding,Alpha/beta-Hydrolases superfamily protein [Source:UniProtKB/TrEMBL;Acc:F4JKY6],0.5524850767518982,0.898063625877413,-0.12113330178056383,0.6182828134490368,0.876681420603304,-0.10158866687136399,0.22817062561460483,0.6364270005230034,0.24368043905544415,0,0,0,4
AT5G13520.1,GO:0004301,LKHA4,5,4341948,4344792,-,2844,protein_coding,Leucine aminopeptidase [Source:UniProtKB/Swiss-Prot;Acc:Q9FY49],0.5389771728504773,0.8928446531238133,-0.1289066626900825,0.2218417546502227,0.5897498070121922,-0.2565503610360961,0.26264713141631746,0.6712151710924383,0.2345045258547516,0,0,0,4
