ID,Path,Gene,Chromosome,Start,End,Strand,Length,BioType,Description,Flg22_vs_Mock_pvalue,Flg22_vs_Mock_padj,Flg22_vs_Mock_log2FoldChange,Flg22_SynCom33_vs_Mock_pvalue,Flg22_SynCom33_vs_Mock_padj,Flg22_SynCom33_vs_Mock_log2FoldChange,Flg22_SynCom35_vs_Mock_pvalue,Flg22_SynCom35_vs_Mock_padj,Flg22_SynCom35_vs_Mock_log2FoldChange,Flg22_vs_Mock,Flg22_SynCom33_vs_Mock,Flg22_SynCom35_vs_Mock,cl
AT1G22920.1,GO:0019784,CSN5A,1,8109574,8112061,-,2487,protein_coding,COP9 signalosome complex subunit 5a [Source:UniProtKB/Swiss-Prot;Acc:Q8LAZ7],0.6637794041942464,0.9325383080246943,0.060818868749029545,0.6841073318783761,0.9059338386425875,-0.057116279463673106,0.36341271025986943,0.7495312831332661,0.12672194170497508,0,0,0,4
AT1G28120.1,GO:0019784,,1,9812930,9815560,-,2630,protein_coding,Ubiquitin thioesterase [Source:UniProtKB/TrEMBL;Acc:K9M9G0],0.03398146888837384,0.30734740879310285,0.1645103615586907,0.39175753870704283,0.7445136844763619,0.06682351547715723,0.11038678956291298,0.47006004672577967,-0.12526123001644163,0,0,0,7
AT1G71230.1,GO:0019784,CSN5B,1,26852406,26854419,+,2013,protein_coding,COP9 signalosome complex subunit 5b [Source:UniProtKB/Swiss-Prot;Acc:Q9FVU9],0.057089027452095716,0.4008367047989046,0.3894954803103899,0.45503266139334253,0.7854740900003746,0.15462179166150816,0.05342833393159558,0.3317962978126811,0.3940429565269493,0,0,0,6
AT5G42970.1,GO:0019784,CSN4,5,17237153,17240816,-,3663,protein_coding,At5g42970 [Source:UniProtKB/TrEMBL;Acc:Q1H5B6],0.5012488320232342,0.8804591139606479,0.058854186318235156,0.7631997153413478,0.9326056561523578,0.02641737290511391,0.710539278844051,0.9220842826444057,-0.03249486425526217,0,0,0,3
AT5G60190.1,GO:0019784,NEDP1,5,24234431,24236242,+,1811,protein_coding,NEDD8-specific protease 1 [Source:UniProtKB/Swiss-Prot;Acc:Q9LSS7],0.9114311593514155,0.9872868128618356,-0.028234113626778187,0.18338597647286992,0.5418533545332699,-0.3444780807077263,0.12335354042495977,0.49280030423904186,0.38198484100247343,0,0,0,4
