ID,Path,Gene,Chromosome,Start,End,Strand,Length,BioType,Description,Flg22_vs_Mock_pvalue,Flg22_vs_Mock_padj,Flg22_vs_Mock_log2FoldChange,Flg22_SynCom33_vs_Mock_pvalue,Flg22_SynCom33_vs_Mock_padj,Flg22_SynCom33_vs_Mock_log2FoldChange,Flg22_SynCom35_vs_Mock_pvalue,Flg22_SynCom35_vs_Mock_padj,Flg22_SynCom35_vs_Mock_log2FoldChange,Flg22_vs_Mock,Flg22_SynCom33_vs_Mock,Flg22_SynCom35_vs_Mock,cl
AT2G24350.1,GO:0043488,,2,10361054,10364492,+,3438,protein_coding,At2g24350 [Source:UniProtKB/TrEMBL;Acc:Q0WPW8],0.9203965550619883,0.9884770655970441,0.09062911653463339,0.6019950201467359,0.8692934152616973,0.4701865338887929,0.8353632930768833,NA,0.18791328822066256,0,0,0,5
AT3G12640.2,GO:0043488,,3,4014047,4017675,+,3628,protein_coding,RNA binding (RRM/RBD/RNP motifs) family protein [Source:UniProtKB/TrEMBL;Acc:Q9LTX1],0.8865459995526582,0.9837440685142131,0.027973235365527725,0.5184472795351661,0.8241902224350794,-0.12692985184403913,0.11821231896128194,0.48465439154235185,-0.307568748116939,0,0,0,2
AT3G12640.1,GO:0043488,,3,4014213,4017869,+,3656,protein_coding,RNA binding (RRM/RBD/RNP motifs) family protein [Source:UniProtKB/TrEMBL;Acc:Q9LTX1],0.21397681987320338,0.6908525980044246,0.2075811931539954,0.20476173148273086,0.5681946839014328,0.21185937045907383,0.8152267442121265,0.9539268471456649,0.039127074186581276,0,0,0,9
AT3G57190.1,GO:0043488,PRFB3,3,21166107,21168376,+,2269,protein_coding,PrfB3 [Source:UniProtKB/TrEMBL;Acc:A0A178VAE2],0.09850833886303274,0.5130537984061172,-1.1699010067629063,0.4360231195522472,0.7738088795620645,-0.5274536195263523,0.6975479478581068,NA,0.2528271748139471,-0,0,0,4
