ID,Path,Gene,Chromosome,Start,End,Strand,Length,BioType,Description,Flg22_vs_Mock_pvalue,Flg22_vs_Mock_padj,Flg22_vs_Mock_log2FoldChange,Flg22_SynCom33_vs_Mock_pvalue,Flg22_SynCom33_vs_Mock_padj,Flg22_SynCom33_vs_Mock_log2FoldChange,Flg22_SynCom35_vs_Mock_pvalue,Flg22_SynCom35_vs_Mock_padj,Flg22_SynCom35_vs_Mock_log2FoldChange,Flg22_vs_Mock,Flg22_SynCom33_vs_Mock,Flg22_SynCom35_vs_Mock,cl
AT2G22230.1,GO:0019171,,2,9449930,9451623,+,1693,protein_coding,At2g22230/T26C19.11 [Source:UniProtKB/TrEMBL;Acc:Q9SIE3],0.1776785840922696,0.6491836279008523,0.24608948905297984,0.4179758961844996,0.7611479392054502,0.1481277566940237,0.5689909160425415,0.8680627858677934,0.1040842678629546,0,0,0,6
AT5G10160.1,GO:0019171,,5,3185734,3187312,+,1578,protein_coding,(3R)-hydroxymyristoyl-[acyl carrier protein] dehydratase-like protein [Source:UniProtKB/TrEMBL;Acc:Q9LX13],0.2867468380462977,0.7606615451114601,0.15329116362017486,0.9018374875590871,0.9743342439671361,0.017811929029065695,0.1916770821845576,0.5912767333242834,0.1874012926831997,0,0,0,6
AT5G60335.3,GO:0019171,,5,24272995,24274852,-,1857,protein_coding,Hydroxyacyl-thioester dehydratase type-like protein [Source:UniProtKB/TrEMBL;Acc:Q9FJI2],0.31335550861551037,0.7792583969317107,0.9905983712004292,0.8051835037368263,0.9462215470815624,-0.2505231593869109,0.2815131941093133,NA,1.0556281536967433,0,0,0,6
