ID,Path,Gene,Chromosome,Start,End,Strand,Length,BioType,Description,Flg22_vs_Mock_pvalue,Flg22_vs_Mock_padj,Flg22_vs_Mock_log2FoldChange,Flg22_SynCom33_vs_Mock_pvalue,Flg22_SynCom33_vs_Mock_padj,Flg22_SynCom33_vs_Mock_log2FoldChange,Flg22_SynCom35_vs_Mock_pvalue,Flg22_SynCom35_vs_Mock_padj,Flg22_SynCom35_vs_Mock_log2FoldChange,Flg22_vs_Mock,Flg22_SynCom33_vs_Mock,Flg22_SynCom35_vs_Mock,cl
AT1G71080.1,GO:0032783,,1,26809720,26811848,-,2128,protein_coding,At1g71080/F23N20_7 [Source:UniProtKB/TrEMBL;Acc:Q9C9A0],0.7741705288359806,0.9593789929619458,0.03679379614043467,0.9509794750827398,0.9892187448899618,-0.007890672062019138,0.9952183228056485,0.9990524278174133,-7.680203539414289e-4,0,0,0,4
AT5G38050.1,GO:0032783,,5,15187487,15189290,+,1803,protein_coding,Gb [Source:UniProtKB/TrEMBL;Acc:Q9LS15],0.6887448697640262,0.9385568846082438,-0.12985949870987964,0.6074733530447667,0.8718220424189536,0.1638930792446004,0.9522267538248985,0.9888881750805465,0.019168910467120676,0,0,0,1
