ID,Path,Gene,Chromosome,Start,End,Strand,Length,BioType,Description,Flg22_vs_Mock_pvalue,Flg22_vs_Mock_padj,Flg22_vs_Mock_log2FoldChange,Flg22_SynCom33_vs_Mock_pvalue,Flg22_SynCom33_vs_Mock_padj,Flg22_SynCom33_vs_Mock_log2FoldChange,Flg22_SynCom35_vs_Mock_pvalue,Flg22_SynCom35_vs_Mock_padj,Flg22_SynCom35_vs_Mock_log2FoldChange,Flg22_vs_Mock,Flg22_SynCom33_vs_Mock,Flg22_SynCom35_vs_Mock,cl
AT1G20340.1,GO:0046028,DRT112,1,7042046,7043392,-,1346,protein_coding,"Plastocyanin major isoform, chloroplastic [Source:UniProtKB/Swiss-Prot;Acc:P42699]",0.964940261532808,0.9946629527453268,-0.014253405356005762,0.6328479054589715,0.883430305579689,0.1540538701210578,0.01018628641893479,0.1281033343788464,0.8122046383641717,0,0,0,4
AT4G03280.1,GO:0046028,PETC,4,1440146,1441863,+,1717,protein_coding,"Cytochrome b6-f complex iron-sulfur subunit, chloroplastic [Source:UniProtKB/Swiss-Prot;Acc:Q9ZR03]",0.11371781484215539,0.5445129445765851,0.7976512051824488,0.3203743725459595,0.6843852417975591,0.5038664896238153,0.10343927634150418,0.45736851869581097,0.8199114333399938,0,0,0,6
