ID,Path,Gene,Chromosome,Start,End,Strand,Length,BioType,Description,Flg22_vs_Mock_pvalue,Flg22_vs_Mock_padj,Flg22_vs_Mock_log2FoldChange,Flg22_SynCom33_vs_Mock_pvalue,Flg22_SynCom33_vs_Mock_padj,Flg22_SynCom33_vs_Mock_log2FoldChange,Flg22_SynCom35_vs_Mock_pvalue,Flg22_SynCom35_vs_Mock_padj,Flg22_SynCom35_vs_Mock_log2FoldChange,Flg22_vs_Mock,Flg22_SynCom33_vs_Mock,Flg22_SynCom35_vs_Mock,cl
AT1G03090.2,GO:0004485,MCCA,1,739544,744184,+,4640,protein_coding,"Methylcrotonoyl-CoA carboxylase subunit alpha, mitochondrial [Source:UniProtKB/Swiss-Prot;Acc:Q42523]",0.9708417983876739,0.9946629527453268,0.01486787963835503,0.10730312952598303,0.41830521054609915,0.6543696543155818,0.009978955477820477,0.12676790764045365,1.0463696624806584,0,0,0,1
AT1G03090.1,GO:0004485,MCCA,1,739678,744184,+,4506,protein_coding,"Methylcrotonoyl-CoA carboxylase subunit alpha, mitochondrial [Source:UniProtKB/Swiss-Prot;Acc:Q42523]",0.8853714846739548,0.9837440685142131,-0.1382261326233832,0.11172879319481804,0.4268751305661027,1.5176042881059977,0.009995790206747882,0.12676790764045365,2.4550942536758003,0,0,0,1
AT4G34030.1,GO:0004485,MCCB,4,16301027,16304099,+,3072,protein_coding,"Methylcrotonoyl-CoA carboxylase beta chain, mitochondrial [Source:UniProtKB/Swiss-Prot;Acc:Q9LDD8]",0.8414878404713552,0.9724006797377865,-0.044239508063631174,0.4693126685610463,0.7942360935634282,0.15985434596081588,0.0381369499792989,0.2762718285462129,0.45704701082207644,0,0,0,1
