ID,Path,Gene,Chromosome,Start,End,Strand,Length,BioType,Description,Flg22_vs_Mock_pvalue,Flg22_vs_Mock_padj,Flg22_vs_Mock_log2FoldChange,Flg22_SynCom33_vs_Mock_pvalue,Flg22_SynCom33_vs_Mock_padj,Flg22_SynCom33_vs_Mock_log2FoldChange,Flg22_SynCom35_vs_Mock_pvalue,Flg22_SynCom35_vs_Mock_padj,Flg22_SynCom35_vs_Mock_log2FoldChange,Flg22_vs_Mock,Flg22_SynCom33_vs_Mock,Flg22_SynCom35_vs_Mock,cl
AT5G06410.1,GO:0044571,,5,1959367,1961158,-,1791,protein_coding,DNAJ heat shock N-terminal domain-containing protein [Source:UniProtKB/TrEMBL;Acc:Q8L7K4],0.26013197192870835,0.737812768615966,-0.16408208282651604,0.07770909141684869,0.35611588739647565,-0.25866466580233605,0.33992949136124917,0.7330136526777749,-0.13822119348038106,0,0,0,8
AT5G65720.1,GO:0044571,NIFS1,5,26296025,26298072,+,2047,protein_coding,"Cysteine desulfurase, mitochondrial [Source:UniProtKB/Swiss-Prot;Acc:O49543]",0.39094848192345133,0.8330816224539973,0.1957523498132807,0.3217775029827929,0.6852265434786614,-0.2265120196820743,0.5825965550708233,0.8742719339213998,0.12540162790086823,0,0,0,3
AT5G65720.3,GO:0044571,NIFS1,5,26296078,26298091,+,2013,protein_coding,"Cysteine desulfurase, mitochondrial [Source:UniProtKB/Swiss-Prot;Acc:O49543]",0.6407636531614442,0.9273392630027173,-0.32492143935658574,0.5490344399166356,0.8405823103563794,-0.4175881156594534,0.7816937902202751,0.9442839503956523,-0.19266191764456797,0,0,0,8
AT5G65720.2,GO:0044571,NIFS1,5,26296253,26298072,+,1819,protein_coding,"Cysteine desulfurase, mitochondrial [Source:UniProtKB/Swiss-Prot;Acc:O49543]",0.006419794517028407,0.11639149787474608,-0.5209105554289206,0.003767306094288915,0.05728095159879786,-0.553800447327368,0.1441082562973888,0.5267992258892154,-0.27879480108481375,0,0,0,8
