ID,Path,Gene,Chromosome,Start,End,Strand,Length,BioType,Description,Flg22_vs_Mock_pvalue,Flg22_vs_Mock_padj,Flg22_vs_Mock_log2FoldChange,Flg22_SynCom33_vs_Mock_pvalue,Flg22_SynCom33_vs_Mock_padj,Flg22_SynCom33_vs_Mock_log2FoldChange,Flg22_SynCom35_vs_Mock_pvalue,Flg22_SynCom35_vs_Mock_padj,Flg22_SynCom35_vs_Mock_log2FoldChange,Flg22_vs_Mock,Flg22_SynCom33_vs_Mock,Flg22_SynCom35_vs_Mock,cl
AT2G41560.1,GO:0055081,ACA4,2,17332050,17337492,-,5442,protein_coding,"Calcium-transporting ATPase 4, plasma membrane-type [Source:UniProtKB/Swiss-Prot;Acc:O22218]",0.08839648160413911,0.4888492451734293,-0.706501555411276,0.1713138799576261,0.5242782013912688,-0.5666526799602707,0.42057526505880577,0.7855173401213235,0.3318518946932519,0,0,0,4
AT2G41560.2,GO:0055081,ACA4,2,17332065,17337269,-,5204,protein_coding,"Calcium-transporting ATPase 4, plasma membrane-type [Source:UniProtKB/Swiss-Prot;Acc:O22218]",0.6466658121852656,0.9273604099470842,-0.44897251438741365,0.05751656569203198,0.3021614850367801,-1.9215088609218174,0.8271306888242981,NA,0.21228965845394734,0,-0,0,4
AT2G41560.3,GO:0055081,ACA4,2,17332079,17337269,-,5190,protein_coding,"Calcium-transporting ATPase 4, plasma membrane-type [Source:UniProtKB/Swiss-Prot;Acc:O22218]",2.1225352240961768e-5,0.0019752270485766782,-0.8401960428689301,0.023731704556206133,0.1837429959331605,-0.4458667245482969,0.9207749802767636,0.9816255911005125,-0.019563868502417134,0,0,0,8
AT2G41560.4,GO:0055081,ACA4,2,17332084,17336969,-,4885,protein_coding,"Calcium-transporting ATPase 4, plasma membrane-type [Source:UniProtKB/Swiss-Prot;Acc:O22218]",0.13059098818924472,0.57615032230241,-0.7152476322246154,0.24954227789242495,0.6202677313272461,-0.5433889052245978,0.7853244226187692,0.9448060366691414,-0.1277163129026392,0,0,0,8
AT3G57330.2,GO:0055081,ACA11,3,21211014,21215428,-,4414,protein_coding,"Putative calcium-transporting ATPase 11, plasma membrane-type [Source:UniProtKB/Swiss-Prot;Acc:Q9M2L4]",0.22337170824455813,0.7001863159845925,-0.2519442939148605,0.31140268379221664,0.6771953305842139,0.20926936691346867,0.19874616276109042,0.6006665270674102,-0.2658770191326635,0,0,0,10
AT3G57330.1,GO:0055081,ACA11,3,21211014,21216836,-,5822,protein_coding,"Putative calcium-transporting ATPase 11, plasma membrane-type [Source:UniProtKB/Swiss-Prot;Acc:Q9M2L4]",0.5530983502725422,0.898500138577056,0.16942349305736137,0.9928869934247436,0.9978620192163213,0.002547365147363905,0.13562969608949363,0.5120624906811367,-0.42672429168008474,0,0,0,2
