ID,Path,Gene,Chromosome,Start,End,Strand,Length,BioType,Description,Flg22_vs_Mock_pvalue,Flg22_vs_Mock_padj,Flg22_vs_Mock_log2FoldChange,Flg22_SynCom33_vs_Mock_pvalue,Flg22_SynCom33_vs_Mock_padj,Flg22_SynCom33_vs_Mock_log2FoldChange,Flg22_SynCom35_vs_Mock_pvalue,Flg22_SynCom35_vs_Mock_padj,Flg22_SynCom35_vs_Mock_log2FoldChange,Flg22_vs_Mock,Flg22_SynCom33_vs_Mock,Flg22_SynCom35_vs_Mock,cl
AT5G47990.1,GO:0080003,CYP705A5,5,19434758,19436749,+,1991,protein_coding,THAD1 [Source:UniProtKB/TrEMBL;Acc:A0A178UGC2],0.94215387327327,0.9929554248674934,0.016541784838074926,0.016733018691288598,0.14874901073386906,-0.545580953157396,0.11154615153312396,0.47229449376696514,-0.36280999208701215,0,0,0,3
AT5G48000.3,GO:0080003,CYP708A2,5,19444103,19447370,-,3267,protein_coding,"Cytochrome P450, family 708, subfamily A, polypeptide 2 [Source:UniProtKB/TrEMBL;Acc:F4K051]",0.04244661089119167,0.34694252047655966,0.7131478008248346,0.3777569794667275,0.7330972510846497,0.3114884521272638,0.8670388968742662,0.9686421032206517,0.059259519065579316,0,0,0,7
AT5G48000.5,GO:0080003,CYP708A2,5,19444103,19447370,-,3267,protein_coding,"Cytochrome P450, family 708, subfamily A, polypeptide 2 [Source:UniProtKB/TrEMBL;Acc:F4K051]",0.04244661089119167,0.34694252047655966,0.7131478008248346,0.3777569794667275,0.7330972510846497,0.3114884521272638,0.8670388968742662,0.9686421032206517,0.059259519065579316,0,0,0,7
AT5G48000.7,GO:0080003,CYP708A2,5,19444138,19447149,-,3011,protein_coding,"Cytochrome P450, family 708, subfamily A, polypeptide 2 [Source:UniProtKB/TrEMBL;Acc:F4K051]",0.5232390007835164,0.8892909138503686,0.16943028226625795,0.25862488814998547,0.6294001668701711,-0.29991040655060913,0.7888267720988635,0.9460109401414806,0.07108795637364025,0,0,0,3
AT5G48010.2,GO:0080003,THAS1,5,19456837,19461706,+,4869,protein_coding,Thalianol synthase [Source:UniProtKB/Swiss-Prot;Acc:Q9FI37],0.8572990378088783,0.9771241596705929,-0.06265125981160109,0.017300990213782383,0.15159231386144,-0.8294825363480645,0.18191400773304592,0.5797781570800671,-0.4651348525022645,0,0,0,3
AT5G48010.1,GO:0080003,THAS1,5,19456960,19461689,+,4729,protein_coding,Thalianol synthase [Source:UniProtKB/Swiss-Prot;Acc:Q9FI37],0.2873898711788844,0.7613073172103028,-0.7763333296933105,0.16528301561773556,0.5147286869596811,-1.0129049358438857,0.1524800767354017,0.5385547176598339,-1.0444192088533384,0,-0,-0,8
