ID,Path,Gene,Chromosome,Start,End,Strand,Length,BioType,Description,Flg22_vs_Mock_pvalue,Flg22_vs_Mock_padj,Flg22_vs_Mock_log2FoldChange,Flg22_SynCom33_vs_Mock_pvalue,Flg22_SynCom33_vs_Mock_padj,Flg22_SynCom33_vs_Mock_log2FoldChange,Flg22_SynCom35_vs_Mock_pvalue,Flg22_SynCom35_vs_Mock_padj,Flg22_SynCom35_vs_Mock_log2FoldChange,Flg22_vs_Mock,Flg22_SynCom33_vs_Mock,Flg22_SynCom35_vs_Mock,cl
AT2G21045.1,GO:0030611,HAC1,2,9027730,9029058,+,1328,protein_coding,"Protein HIGH ARSENIC CONTENT 1, mitochondrial [Source:UniProtKB/Swiss-Prot;Acc:Q8RUD6]",0.1973073129374591,0.6710508915360814,-0.28487255735583394,0.16484824524854932,0.5140620596961902,0.3067440077607662,0.5873069251290911,0.8761771201534165,0.11987127896706232,0,0,0,1
AT5G03455.1,GO:0030611,CDC25,5,862556,864176,+,1620,protein_coding,Dual specificity phosphatase Cdc25 [Source:UniProtKB/Swiss-Prot;Acc:Q8GY31],0.16953853175096018,0.6376132938877747,0.24993011467610754,0.42426059038246866,0.765624585544242,0.14585878141815814,0.40196092989906385,0.7735302916401746,-0.15401209936979818,0,0,0,7
