ID,Path,Gene,Chromosome,Start,End,Strand,Length,BioType,Description,Flg22_vs_Mock_pvalue,Flg22_vs_Mock_padj,Flg22_vs_Mock_log2FoldChange,Flg22_SynCom33_vs_Mock_pvalue,Flg22_SynCom33_vs_Mock_padj,Flg22_SynCom33_vs_Mock_log2FoldChange,Flg22_SynCom35_vs_Mock_pvalue,Flg22_SynCom35_vs_Mock_padj,Flg22_SynCom35_vs_Mock_log2FoldChange,Flg22_vs_Mock,Flg22_SynCom33_vs_Mock,Flg22_SynCom35_vs_Mock,cl
AT2G40890.1,GO:0009805,CYP98A3,2,17058053,17060652,-,2599,protein_coding,Cytochrome P450 98A3 [Source:UniProtKB/Swiss-Prot;Acc:O22203],5.9325110537211896e-5,0.004338787653414732,0.4581103614334824,0.004529876291625202,0.06464061457157406,0.32403054152638194,0.10855205632324567,0.46651399982576713,-0.183523993808904,0,0,0,9
AT3G12900.1,GO:0009805,,3,4104463,4106341,+,1878,protein_coding,2-oxoglutarate (2OG) and Fe(II)-dependent oxygenase superfamily protein [Source:UniProtKB/TrEMBL;Acc:Q9LE86],2.508263548355419e-5,0.00222338513458809,2.6220886159613723,0.0017191070422131946,0.03310389363092772,1.9509687110866307,0.7341023098220847,0.9291357234957873,-0.2117186905907747,1,1,0,7
AT3G13610.1,GO:0009805,F6'H1,3,4449259,4450811,+,1552,protein_coding,Feruloyl CoA ortho-hydroxylase 1 [Source:UniProtKB/Swiss-Prot;Acc:Q9LHN8],0.24623336384916417,0.7257963542859032,0.3586103757044422,0.014551474201290143,0.13720544702879048,0.7555779221659351,0.1905142149806279,0.5897719308788809,-0.40495062140169324,0,0,0,9
AT4G34050.3,GO:0009805,CCoAOMT1,4,16310409,16312308,+,1899,protein_coding,S-adenosyl-L-methionine-dependent methyltransferases superfamily protein [Source:TAIR;Acc:AT4G34050],0.0025386558610566495,0.06309697366819682,1.1318167505665881,0.08597943021328792,0.37563774467635397,0.6466212185114952,0.47804587163988926,0.8213419943293863,-0.27029258050635535,0,0,0,7
AT4G34050.1,GO:0009805,CCoAOMT1,4,16310768,16312270,+,1502,protein_coding,S-adenosyl-L-methionine-dependent methyltransferases superfamily protein [Source:TAIR;Acc:AT4G34050],1.1328624324957807e-10,5.7695653812071485e-8,0.6152724052488034,3.866973182582281e-8,6.83894559830111e-6,0.5245550728325634,0.0014991298583562672,0.03518640598276593,-0.3032551429110107,0,0,0,9
