ID,Path,Gene,Chromosome,Start,End,Strand,Length,BioType,Description,Flg22_vs_Mock_pvalue,Flg22_vs_Mock_padj,Flg22_vs_Mock_log2FoldChange,Flg22_SynCom33_vs_Mock_pvalue,Flg22_SynCom33_vs_Mock_padj,Flg22_SynCom33_vs_Mock_log2FoldChange,Flg22_SynCom35_vs_Mock_pvalue,Flg22_SynCom35_vs_Mock_padj,Flg22_SynCom35_vs_Mock_log2FoldChange,Flg22_vs_Mock,Flg22_SynCom33_vs_Mock,Flg22_SynCom35_vs_Mock,cl
AT5G41760.1,GO:0015739,,5,16706850,16709830,+,2980,protein_coding,CMP-sialic acid transporter 1 [Source:UniProtKB/Swiss-Prot;Acc:Q8LGE9],0.18905498200860732,0.6643606951503073,0.27752072088864027,0.8084604588016846,0.9472208007978943,0.0516626140145257,0.15664917529582997,0.5447623387203061,0.29832177115256114,0,0,0,6
AT5G41760.2,GO:0015739,,5,16706861,16709909,+,3048,protein_coding,CMP-sialic acid transporter 1 [Source:UniProtKB/Swiss-Prot;Acc:Q8LGE9],0.5712082998134882,0.904829312885771,-0.26813389048063957,0.5090400839300259,0.8182751621244367,-0.3131711998925715,0.5032555491165409,0.8342389538959561,-0.316686603445107,0,0,0,8
