ID,Path,Gene,Chromosome,Start,End,Strand,Length,BioType,Description,Flg22_vs_Mock_pvalue,Flg22_vs_Mock_padj,Flg22_vs_Mock_log2FoldChange,Flg22_SynCom33_vs_Mock_pvalue,Flg22_SynCom33_vs_Mock_padj,Flg22_SynCom33_vs_Mock_log2FoldChange,Flg22_SynCom35_vs_Mock_pvalue,Flg22_SynCom35_vs_Mock_padj,Flg22_SynCom35_vs_Mock_log2FoldChange,Flg22_vs_Mock,Flg22_SynCom33_vs_Mock,Flg22_SynCom35_vs_Mock,cl
AT3G49580.1,GO:0010438,LSU1,3,18375233,18375940,-,707,protein_coding,LSU1 [Source:UniProtKB/TrEMBL;Acc:A0A178VF66],0.0011523859239851559,0.037842300254101055,2.019641937594606,0.8398441802372897,0.9559050265473711,-0.12663742226999475,6.97370258170117e-8,1.2520398261982592e-5,-3.742502253593115,1,0,-1,7
AT5G24660.1,GO:0010438,LSU2,5,8443279,8444101,-,822,protein_coding,Protein RESPONSE TO LOW SULFUR 2 [Source:UniProtKB/Swiss-Prot;Acc:Q9FIR9],0.014025118166968711,0.18743205390026743,1.612141771167371,0.8847635358437003,0.9694783911690519,-0.09545700481799796,0.025238417345604933,0.2207698711834678,-1.4849743225379317,0,0,-0,7
AT5G48850.1,GO:0010438,SDI1,5,19805437,19807853,-,2416,protein_coding,ATSDI1 [Source:UniProtKB/TrEMBL;Acc:A0A178UKA2],0.0016805969802709767,0.04836879073742627,2.043614861919248,0.6990115811596027,0.9113862980001659,0.2521664391847249,0.025711642187818063,0.22282805754846075,-1.4655118315760667,1,0,-0,7
AT5G60890.1,GO:0010438,MYB34,5,24494291,24496371,+,2080,protein_coding,Transcription factor MYB34 [Source:UniProtKB/Swiss-Prot;Acc:O64399],0.1264796306293047,0.5688187366652343,0.3555074496087801,0.13502378327516537,0.46750465458223484,0.34772539719745627,0.2900079375610401,0.6951719625665994,0.2461868789841772,0,0,0,6
AT5G61420.2,GO:0010438,MYB28,5,24689069,24691187,-,2118,protein_coding,PMG1 [Source:UniProtKB/TrEMBL;Acc:A0A178UN88],0.40410165055330677,0.8401323441031102,0.24151738434855785,0.03156896492976645,0.216378611739414,-0.6262073883667804,0.9197400524530422,0.9815185128103092,-0.02919934748682776,0,0,0,3
AT5G61420.1,GO:0010438,MYB28,5,24689144,24691095,-,1951,protein_coding,PMG1 [Source:UniProtKB/TrEMBL;Acc:A0A178UN88],0.22082808456257558,0.6982467525378236,0.7093692905729091,0.029345116115232356,0.20836117575532917,1.2581221816506996,0.8455490730302512,0.9625396724975016,-0.11369262664726411,0,0,0,9
