ID,Path,Gene,Chromosome,Start,End,Strand,Length,BioType,Description,Flg22_vs_Mock_pvalue,Flg22_vs_Mock_padj,Flg22_vs_Mock_log2FoldChange,Flg22_SynCom33_vs_Mock_pvalue,Flg22_SynCom33_vs_Mock_padj,Flg22_SynCom33_vs_Mock_log2FoldChange,Flg22_SynCom35_vs_Mock_pvalue,Flg22_SynCom35_vs_Mock_padj,Flg22_SynCom35_vs_Mock_log2FoldChange,Flg22_vs_Mock,Flg22_SynCom33_vs_Mock,Flg22_SynCom35_vs_Mock,cl
AT5G05860.1,GO:0080062,UGT76C2,5,1765390,1767510,+,2120,protein_coding,Glycosyltransferase (Fragment) [Source:UniProtKB/TrEMBL;Acc:W8QNB5],0.11457195919765406,0.5465070952243848,-0.2456676549103823,0.10092745462230265,0.40676567216985354,-0.2554878670476128,0.28347233468307587,0.690400630472306,-0.16649254474997016,0,0,0,8
AT5G05870.1,GO:0080062,UGT76C1,5,1767630,1769477,+,1847,protein_coding,UDP-glycosyltransferase 76C1 [Source:UniProtKB/Swiss-Prot;Acc:Q9FI99],0.3018412462672877,0.7710081295999449,0.23348085119073958,0.9622366051160376,0.991588874145222,0.010812302962693816,0.8121311554900763,0.9534559573633798,-0.05421463891031831,0,0,0,7
