ID,Path,Gene,Chromosome,Start,End,Strand,Length,BioType,Description,Flg22_vs_Mock_pvalue,Flg22_vs_Mock_padj,Flg22_vs_Mock_log2FoldChange,Flg22_SynCom33_vs_Mock_pvalue,Flg22_SynCom33_vs_Mock_padj,Flg22_SynCom33_vs_Mock_log2FoldChange,Flg22_SynCom35_vs_Mock_pvalue,Flg22_SynCom35_vs_Mock_padj,Flg22_SynCom35_vs_Mock_log2FoldChange,Flg22_vs_Mock,Flg22_SynCom33_vs_Mock,Flg22_SynCom35_vs_Mock,cl
AT3G60180.1,GO:0004127,UMK1,3,22242500,22244125,-,1625,protein_coding,Probable UMP-CMP kinase 1 [Source:UniProtKB/Swiss-Prot;Acc:Q8VY84],0.00646798848548266,0.11696244381333429,0.5032854176589029,0.07237335380215143,0.34228369051890123,0.334263240641288,0.6867045317336646,0.9135124082188878,-0.07606012457558516,0,0,0,7
AT4G25280.2,GO:0004127,UMK2,4,12938956,12940835,-,1879,protein_coding,P-loop containing nucleoside triphosphate hydrolases superfamily protein [Source:TAIR;Acc:AT4G25280],0.1542315211156406,0.6134089585410041,-0.2652571593762058,0.4900050892321166,0.8063030862459836,0.1274576967805119,0.11547611023803366,0.4796444809912888,-0.29269264432453135,0,0,0,10
AT4G25280.1,GO:0004127,UMK2,4,12938956,12941207,-,2251,protein_coding,P-loop containing nucleoside triphosphate hydrolases superfamily protein [Source:TAIR;Acc:AT4G25280],0.21565494942605676,0.6916316451080005,0.8042730154148585,0.8127123091621917,0.9488114433639381,0.15708390271453251,0.555154452774753,NA,-0.3992782730815201,0,0,0,7
AT5G26667.2,GO:0004127,PYR6,5,9275893,9278617,+,2724,protein_coding,UMP-CMP kinase [Source:UniProtKB/TrEMBL;Acc:A0A178UDQ9],0.9322773104731055,0.9914882613431455,0.009836934555420288,0.8844061839267847,0.9693302463001267,-0.01683454790020262,0.09926706197966693,0.4490723913326113,-0.19101329543580317,0,0,0,2
AT5G26667.1,GO:0004127,PYR6,5,9275906,9278100,+,2194,protein_coding,UMP-CMP kinase [Source:UniProtKB/TrEMBL;Acc:A0A178UDQ9],0.24600127523316281,0.725773082763871,-0.20612690959508317,0.24793293892069887,0.6185061953531861,-0.205333476452119,0.5024702895690236,0.8341086151866508,-0.11873069875262343,0,0,0,8
