ID,Path,Gene,Chromosome,Start,End,Strand,Length,BioType,Description,Flg22_vs_Mock_pvalue,Flg22_vs_Mock_padj,Flg22_vs_Mock_log2FoldChange,Flg22_SynCom33_vs_Mock_pvalue,Flg22_SynCom33_vs_Mock_padj,Flg22_SynCom33_vs_Mock_log2FoldChange,Flg22_SynCom35_vs_Mock_pvalue,Flg22_SynCom35_vs_Mock_padj,Flg22_SynCom35_vs_Mock_log2FoldChange,Flg22_vs_Mock,Flg22_SynCom33_vs_Mock,Flg22_SynCom35_vs_Mock,cl
AT2G32040.1,GO:0051958,,2,13635094,13638081,+,2987,protein_coding,"Folate-biopterin transporter 1, chloroplastic [Source:UniProtKB/Swiss-Prot;Acc:Q9SKZ5]",0.660011358860949,0.9316926963188047,0.2625318667031672,0.48902505008489394,0.8058911034150318,-0.41667199661569976,0.7729231057138625,0.9414705117342972,-0.1729313427759714,0,0,0,3
AT2G32040.2,GO:0051958,,2,13635106,13637836,+,2730,protein_coding,"Folate-biopterin transporter 1, chloroplastic [Source:UniProtKB/Swiss-Prot;Acc:Q9SKZ5]",0.24320102294898013,0.7216123095632956,-0.18495597025136348,0.5106445781891868,0.819286633893269,-0.1040346372473428,0.08050154258049065,0.4046915875742976,-0.2771100722136973,0,0,0,10
