ID,Path,Gene,Chromosome,Start,End,Strand,Length,BioType,Description,Flg22_vs_Mock_pvalue,Flg22_vs_Mock_padj,Flg22_vs_Mock_log2FoldChange,Flg22_SynCom33_vs_Mock_pvalue,Flg22_SynCom33_vs_Mock_padj,Flg22_SynCom33_vs_Mock_log2FoldChange,Flg22_SynCom35_vs_Mock_pvalue,Flg22_SynCom35_vs_Mock_padj,Flg22_SynCom35_vs_Mock_log2FoldChange,Flg22_vs_Mock,Flg22_SynCom33_vs_Mock,Flg22_SynCom35_vs_Mock,cl
AT3G14980.1,GO:0043971,IDM1,3,5039812,5045525,-,5713,protein_coding,Increased DNA methylation 1 [Source:UniProtKB/Swiss-Prot;Acc:F4IXE7],0.8762347103596588,0.9818436053532763,-0.20871258478950575,0.5195650865336423,0.8243937624515677,-0.8651458263239883,0.05039499297572766,0.3225695499539323,-2.6672995724771726,0,0,-0,2
AT3G14980.4,GO:0043971,IDM1,3,5039825,5045520,-,5695,protein_coding,Increased DNA methylation 1 [Source:UniProtKB/Swiss-Prot;Acc:F4IXE7],0.36857477525839694,0.816783863114158,-1.516898830402182,0.5850774824601586,0.8609597458029745,-0.9171609305879336,0.6991646109389446,NA,-0.6479490713461163,-0,0,0,8
AT3G14980.6,GO:0043971,IDM1,3,5039892,5044987,-,5095,protein_coding,Increased DNA methylation 1 [Source:UniProtKB/Swiss-Prot;Acc:F4IXE7],0.7554268365271506,0.9542479836093768,0.09329324527389392,0.5219137620872172,0.825833524776536,-0.19261926711620111,0.10640920670187298,0.4616758692215799,0.48106805419052356,0,0,0,4
