ID,Path,Gene,Chromosome,Start,End,Strand,Length,BioType,Description,Flg22_vs_Mock_pvalue,Flg22_vs_Mock_padj,Flg22_vs_Mock_log2FoldChange,Flg22_SynCom33_vs_Mock_pvalue,Flg22_SynCom33_vs_Mock_padj,Flg22_SynCom33_vs_Mock_log2FoldChange,Flg22_SynCom35_vs_Mock_pvalue,Flg22_SynCom35_vs_Mock_padj,Flg22_SynCom35_vs_Mock_log2FoldChange,Flg22_vs_Mock,Flg22_SynCom33_vs_Mock,Flg22_SynCom35_vs_Mock,cl
AT5G11110.1,GO:0071836,SPS2,5,3536189,3541149,+,4960,protein_coding,Glycosyltransferase (Fragment) [Source:UniProtKB/TrEMBL;Acc:W8QNB0],0.2717315025692669,0.7473527271377223,0.30564109333712697,0.45230107203349407,0.784296890241747,-0.20914900553839397,0.0074607373536389205,0.10495765664727102,-0.7451496366353563,0,0,0,7
AT5G20280.1,GO:0071836,SPS1,5,6844712,6850237,-,5525,protein_coding,Sucrose-phosphate synthase 1 [Source:UniProtKB/Swiss-Prot;Acc:Q94BT0],0.200934767305866,0.6749470880206995,0.2438021477471442,0.48783661795289296,0.8051809787989175,-0.13241458594804703,0.806513196229884,0.9512139696981851,-0.046720983709611856,0,0,0,3
