ID,Path,Gene,Chromosome,Start,End,Strand,Length,BioType,Description,Flg22_vs_Mock_pvalue,Flg22_vs_Mock_padj,Flg22_vs_Mock_log2FoldChange,Flg22_SynCom33_vs_Mock_pvalue,Flg22_SynCom33_vs_Mock_padj,Flg22_SynCom33_vs_Mock_log2FoldChange,Flg22_SynCom35_vs_Mock_pvalue,Flg22_SynCom35_vs_Mock_padj,Flg22_SynCom35_vs_Mock_log2FoldChange,Flg22_vs_Mock,Flg22_SynCom33_vs_Mock,Flg22_SynCom35_vs_Mock,cl
AT5G15410.1,GO:0005221,CNGC2,5,5003226,5006882,-,3656,protein_coding,Cyclic nucleotide-gated ion channel 2 [Source:UniProtKB/Swiss-Prot;Acc:O65718],0.4604551186392954,0.8653400069720246,-0.2542248140349829,0.42679259837786093,0.7668229067695693,-0.2737911111590443,0.3034805512679121,0.7064475183747876,-0.35448965495425466,0,0,0,8
AT5G53130.1,GO:0005221,CNGC1,5,21537721,21541029,-,3308,protein_coding,Cyclic nucleotide-gated ion channel 1 [Source:UniProtKB/Swiss-Prot;Acc:O65717],0.2859078632930062,0.7603308799677582,0.13378713597814115,0.0920832167900168,0.3878691685598921,0.21076847646167685,0.23782188232593232,0.6459958673900053,-0.148976427599127,0,0,0,9
