ID,Path,Gene,Chromosome,Start,End,Strand,Length,BioType,Description,Flg22_vs_Mock_pvalue,Flg22_vs_Mock_padj,Flg22_vs_Mock_log2FoldChange,Flg22_SynCom33_vs_Mock_pvalue,Flg22_SynCom33_vs_Mock_padj,Flg22_SynCom33_vs_Mock_log2FoldChange,Flg22_SynCom35_vs_Mock_pvalue,Flg22_SynCom35_vs_Mock_padj,Flg22_SynCom35_vs_Mock_log2FoldChange,Flg22_vs_Mock,Flg22_SynCom33_vs_Mock,Flg22_SynCom35_vs_Mock,cl
AT1G52760.1,GO:0090430,CSE,1,19651172,19652825,+,1653,protein_coding,Caffeoylshikimate esterase [Source:UniProtKB/Swiss-Prot;Acc:Q9C942],2.9255075483217123e-5,0.0025608247480012336,0.4545239439263804,8.773728174349103e-7,9.036603861411976e-5,0.5346254005069447,0.6521729900712816,0.9020339079645219,0.04911152317576721,0,0,0,9
AT5G63560.1,GO:0090430,FACT,5,25449311,25451419,+,2108,protein_coding,Fatty alcohol:caffeoyl-CoA acyltransferase [Source:UniProtKB/Swiss-Prot;Acc:Q9FFQ7],0.5827527740127786,0.9078270129595561,0.16077936930941508,0.2075617295587664,0.5716407884708202,-0.36918746006386954,0.008097899420218463,0.1115664949636868,-0.7762567661095024,0,0,0,2
