ID,Path,Gene,Chromosome,Start,End,Strand,Length,BioType,Description,Flg22_vs_Mock_pvalue,Flg22_vs_Mock_padj,Flg22_vs_Mock_log2FoldChange,Flg22_SynCom33_vs_Mock_pvalue,Flg22_SynCom33_vs_Mock_padj,Flg22_SynCom33_vs_Mock_log2FoldChange,Flg22_SynCom35_vs_Mock_pvalue,Flg22_SynCom35_vs_Mock_padj,Flg22_SynCom35_vs_Mock_log2FoldChange,Flg22_vs_Mock,Flg22_SynCom33_vs_Mock,Flg22_SynCom35_vs_Mock,cl
AT2G38700.1,GO:0004163,MVD1,2,16180503,16184074,-,3571,protein_coding,Diphosphomevalonate decarboxylase [Source:UniProtKB/TrEMBL;Acc:A0A178VRG6],0.12408175826091475,0.5656068560856766,-0.23122249384419455,0.1710425076909501,0.5237365907674815,-0.2058019157619101,0.516531739703975,0.8412917604629498,0.09740687679132745,0,0,0,4
AT3G54250.1,GO:0004163,MVD2,3,20082046,20084762,-,2716,protein_coding,"Diphosphomevalonate decarboxylase MVD2, peroxisomal [Source:UniProtKB/Swiss-Prot;Acc:F4JCU3]",0.116253972306099,0.5497872730484786,0.2696339156408521,0.49953882676042405,0.8128202131211016,0.11625423796686003,0.5999408268982793,0.880587663826471,0.09019642103959645,0,0,0,6
AT3G54250.2,GO:0004163,MVD2,3,20082964,20084732,-,1768,protein_coding,"Diphosphomevalonate decarboxylase MVD2, peroxisomal [Source:UniProtKB/Swiss-Prot;Acc:F4JCU3]",0.8175041408348419,0.9678405954744193,0.2567583252003213,0.8677233547560093,0.9652379460658529,0.18538320703578096,0.8401713646439525,0.9611018208434383,-0.2248291468577456,0,0,0,9
