ID,Path,Gene,Chromosome,Start,End,Strand,Length,BioType,Description,Flg22_vs_Mock_pvalue,Flg22_vs_Mock_padj,Flg22_vs_Mock_log2FoldChange,Flg22_SynCom33_vs_Mock_pvalue,Flg22_SynCom33_vs_Mock_padj,Flg22_SynCom33_vs_Mock_log2FoldChange,Flg22_SynCom35_vs_Mock_pvalue,Flg22_SynCom35_vs_Mock_padj,Flg22_SynCom35_vs_Mock_log2FoldChange,Flg22_vs_Mock,Flg22_SynCom33_vs_Mock,Flg22_SynCom35_vs_Mock,cl
AT2G37380.1,GO:0019210,MAKR3,2,15686650,15688013,+,1363,protein_coding,Probable membrane-associated kinase regulator 3 [Source:UniProtKB/Swiss-Prot;Acc:Q9ZUS8],0.13741261474556374,0.5880025590647703,-0.4730601779863531,0.026421115787162237,0.1956826772333149,-0.717347954771783,0.83887530078225,0.9606622059190499,0.06299985551082012,0,0,0,4
AT2G39370.1,GO:0019210,MAKR4,2,16443996,16445408,-,1412,protein_coding,Probable membrane-associated kinase regulator 4 [Source:UniProtKB/Swiss-Prot;Acc:O80624],0.22772254365059036,0.7040547649223715,0.2567952728480347,0.9462133448477423,0.9881553605608566,0.014497714524285126,0.19679447872042707,0.5984928749059865,0.27390015317946836,0,0,0,6
AT3G50630.2,GO:0019210,KRP2,3,18800306,18801595,+,1289,protein_coding,Cyclin-dependent kinase inhibitor 2 [Source:UniProtKB/Swiss-Prot;Acc:Q9SCR2],0.04130999349293316,0.3420909013434641,1.3117986420355294,0.0697868985403581,0.334882436016049,1.1703037566534997,0.2734325415623798,NA,0.714631524215886,0,0,0,9
AT3G50630.1,GO:0019210,KRP2,3,18800306,18801595,+,1289,protein_coding,Cyclin-dependent kinase inhibitor 2 [Source:UniProtKB/Swiss-Prot;Acc:Q9SCR2],0.5728815937509351,0.9050310490075865,0.10689167403263748,0.18248770523901478,0.5403871438901956,0.2522386578206041,0.36665907319700725,0.7530582679185757,0.1707876743822849,0,0,0,5
AT5G26230.1,GO:0019210,MAKR1,5,9172911,9174598,-,1687,protein_coding,Probable membrane-associated kinase regulator 1 [Source:UniProtKB/Swiss-Prot;Acc:Q3E936],0.007179879914779514,0.12429889758522188,-0.8529367573248908,0.38615417290332543,0.7394640601216124,-0.26904578424783415,0.528064705588948,0.8478729328172588,-0.19492774482540834,0,0,0,8
