ID,Path,Gene,Chromosome,Start,End,Strand,Length,BioType,Description,Flg22_vs_Mock_pvalue,Flg22_vs_Mock_padj,Flg22_vs_Mock_log2FoldChange,Flg22_SynCom33_vs_Mock_pvalue,Flg22_SynCom33_vs_Mock_padj,Flg22_SynCom33_vs_Mock_log2FoldChange,Flg22_SynCom35_vs_Mock_pvalue,Flg22_SynCom35_vs_Mock_padj,Flg22_SynCom35_vs_Mock_log2FoldChange,Flg22_vs_Mock,Flg22_SynCom33_vs_Mock,Flg22_SynCom35_vs_Mock,cl
AT1G70560.1,GO:0080097,TAA1,1,26604855,26607652,+,2797,protein_coding,L-tryptophan--pyruvate aminotransferase 1 [Source:UniProtKB/Swiss-Prot;Acc:Q9S7N2],0.15089605044260654,0.6084432975551044,-0.293123577558767,0.701890497344238,0.9125339025038203,0.07745924883488042,0.6569252964421252,0.9030258047455139,0.08969970264760145,0,0,0,1
AT4G24670.2,GO:0080097,TAR2,4,12727531,12731331,-,3800,protein_coding,Tryptophan aminotransferase-related protein 2 [Source:UniProtKB/Swiss-Prot;Acc:Q94A02],0.8388160857744481,0.971762713667137,-0.36868496932017547,0.24008480960886075,0.6100842100092208,-2.132797312266245,0.8636671484544873,0.9677738359347021,-0.31120857463662094,0,-0,0,3
