ID,Path,Gene,Chromosome,Start,End,Strand,Length,BioType,Description,Flg22_vs_Mock_pvalue,Flg22_vs_Mock_padj,Flg22_vs_Mock_log2FoldChange,Flg22_SynCom33_vs_Mock_pvalue,Flg22_SynCom33_vs_Mock_padj,Flg22_SynCom33_vs_Mock_log2FoldChange,Flg22_SynCom35_vs_Mock_pvalue,Flg22_SynCom35_vs_Mock_padj,Flg22_SynCom35_vs_Mock_log2FoldChange,Flg22_vs_Mock,Flg22_SynCom33_vs_Mock,Flg22_SynCom35_vs_Mock,cl
AT2G47420.1,GO:0008649,DIM1A,2,19457374,19458924,+,1550,protein_coding,rRNA adenine N(6)-methyltransferase [Source:UniProtKB/TrEMBL;Acc:A0A178VWJ8],0.2892624180988518,0.7628068667030656,-0.21911999629699153,0.31042073044654955,0.6765631648989902,-0.20973763926908787,0.264951379212726,0.673339769098994,0.22914096383286034,0,0,0,4
AT4G25630.1,GO:0008649,MED36A,4,13074090,13076432,+,2342,protein_coding,Mediator of RNA polymerase II transcription subunit 36a [Source:UniProtKB/Swiss-Prot;Acc:Q94AH9],0.11919417950839781,0.5569801314406309,-0.565559511097964,0.4665092836176836,0.7924950724118834,-0.2642086929215794,0.3040694529679221,0.7066021930863418,0.37267609534194074,0,0,0,4
AT5G52470.1,GO:0008649,MED36B,5,21294147,21296819,+,2672,protein_coding,Probable mediator of RNA polymerase II transcription subunit 36b [Source:UniProtKB/Swiss-Prot;Acc:Q9FEF8],0.12099567881011193,0.5603131804516269,-0.27287299318729913,0.014962049904738834,0.1396561894233296,-0.42849969204667304,0.15668851805806022,0.5448204028675838,0.24876503094193217,0,0,0,4
AT5G66360.2,GO:0008649,DIM1B,5,26510146,26511844,+,1698,protein_coding,"Ribosomal RNA small subunit methyltransferase, mitochondrial [Source:UniProtKB/Swiss-Prot;Acc:Q9FK02]",0.919083014465366,0.9884516680850549,0.03217721894350305,0.9506396578218049,0.9892187448899618,-0.019631680693896137,0.6485499039206294,0.9002315709971441,0.14386449104130636,0,0,0,4
AT5G66360.1,GO:0008649,DIM1B,5,26510148,26511822,+,1674,protein_coding,"Ribosomal RNA small subunit methyltransferase, mitochondrial [Source:UniProtKB/Swiss-Prot;Acc:Q9FK02]",0.7773597913326491,0.960334529197267,-0.3698433663414537,0.5206674098146937,0.8250755311623789,-0.8434590674782143,0.5809419905698097,NA,-0.7235225854086735,0,0,0,2
