ID,Path,Gene,Chromosome,Start,End,Strand,Length,BioType,Description,Flg22_vs_Mock_pvalue,Flg22_vs_Mock_padj,Flg22_vs_Mock_log2FoldChange,Flg22_SynCom33_vs_Mock_pvalue,Flg22_SynCom33_vs_Mock_padj,Flg22_SynCom33_vs_Mock_log2FoldChange,Flg22_SynCom35_vs_Mock_pvalue,Flg22_SynCom35_vs_Mock_padj,Flg22_SynCom35_vs_Mock_log2FoldChange,Flg22_vs_Mock,Flg22_SynCom33_vs_Mock,Flg22_SynCom35_vs_Mock,cl
AT4G09680.3,GO:0010833,CTC1,4,6116699,6123290,+,6591,protein_coding,Conserved telomere maintenance component 1 [Source:UniProtKB/TrEMBL;Acc:F4JKR3],0.9661001180714037,0.9946629527453268,0.03649744847354969,0.851573494415346,0.9602419769994234,0.16049680251337667,0.5697614171709815,0.8683711334568506,-0.49088387233465974,0,0,0,9
AT4G09680.4,GO:0010833,CTC1,4,6116699,6123290,+,6591,protein_coding,Conserved telomere maintenance component 1 [Source:UniProtKB/TrEMBL;Acc:F4JKR3],0.6045236469817242,0.9146310075073392,0.07184682549421334,0.8349799071818733,0.9541283877662595,0.02893202537408069,0.3771650725733673,0.7586488580302587,-0.12281913923173202,0,0,0,7
AT4G09680.2,GO:0010833,CTC1,4,6116708,6119369,+,2661,protein_coding,Conserved telomere maintenance component 1 [Source:UniProtKB/TrEMBL;Acc:F4JKR3],0.02306600040672101,0.24829600636411236,-1.5304595618136494,0.46506635262300944,0.7914699869652809,-0.4536138513959214,0.6594843716622003,NA,-0.26975254283007777,-0,0,0,8
