ID,Path,Gene,Chromosome,Start,End,Strand,Length,BioType,Description,Flg22_vs_Mock_pvalue,Flg22_vs_Mock_padj,Flg22_vs_Mock_log2FoldChange,Flg22_SynCom33_vs_Mock_pvalue,Flg22_SynCom33_vs_Mock_padj,Flg22_SynCom33_vs_Mock_log2FoldChange,Flg22_SynCom35_vs_Mock_pvalue,Flg22_SynCom35_vs_Mock_padj,Flg22_SynCom35_vs_Mock_log2FoldChange,Flg22_vs_Mock,Flg22_SynCom33_vs_Mock,Flg22_SynCom35_vs_Mock,cl
AT1G15670.1,GO:0080037,,1,5389952,5391672,+,1720,protein_coding,F-box/kelch-repeat protein At1g15670 [Source:UniProtKB/Swiss-Prot;Acc:Q9LMR5],0.12182430871138177,0.5621765012543151,0.44520622730974724,0.0011263619946762643,0.02439876159620253,0.9360071418804883,0.012017468558220891,0.141742949719038,0.7220337378710423,0,0,0,5
AT1G19770.1,GO:0080037,PUP14,1,6832325,6833837,+,1512,protein_coding,PUP14 [Source:UniProtKB/TrEMBL;Acc:A0A178WHV5],0.4180216720163018,0.8465117461374367,-0.1690873991329645,0.036360495909490455,0.23533717372166013,0.4356237949046723,0.7319460099859149,0.9284653968817665,0.07138877580286997,0,0,0,5
AT1G80440.1,GO:0080037,,1,30241452,30243176,+,1724,protein_coding,F-box/kelch-repeat protein At1g80440 [Source:UniProtKB/Swiss-Prot;Acc:Q9M8L2],0.777504523540905,0.9604286121407783,0.17697571155582642,0.01777616335106988,0.15401777922843868,1.4819301380476793,0.056829941755673144,0.34136332740579933,1.191020887895376,0,0,0,5
AT3G03773.2,GO:0080037,,3,951628,953840,+,2212,protein_coding,HSP20-like chaperones superfamily protein [Source:UniProtKB/TrEMBL;Acc:F4J2B8],0.9871980864652656,0.9975578931739252,0.0030157944332167078,0.883028009390619,0.9687794433378119,-0.027707907368319504,0.5336310321008452,0.8507684142002739,-0.1172174085033269,0,0,0,2
AT3G59940.1,GO:0080037,SKIP20,3,22142856,22144439,+,1583,protein_coding,F-box/kelch-repeat protein SKIP20 [Source:UniProtKB/Swiss-Prot;Acc:Q9M1Y1],0.583233223134632,0.9078270129595561,-0.34357390280066746,0.10424842015874815,0.41193953796891636,1.0146074800463445,0.07505370814530594,0.3900011622596447,1.1115134045131903,0,0,0,1
AT4G02450.1,GO:0080037,P23-1,4,1073753,1075930,-,2177,protein_coding,Co-chaperone protein p23-1 [Source:UniProtKB/Swiss-Prot;Acc:Q8L7U4],0.9960014000480283,0.999278747269186,7.598113389089463e-4,0.46199588084773463,0.7900796836815537,-0.11157803509588522,0.27074115465391374,0.6783273396683148,0.16683196613853324,0,0,0,4
