ID,Path,Gene,Chromosome,Start,End,Strand,Length,BioType,Description,Flg22_vs_Mock_pvalue,Flg22_vs_Mock_padj,Flg22_vs_Mock_log2FoldChange,Flg22_SynCom33_vs_Mock_pvalue,Flg22_SynCom33_vs_Mock_padj,Flg22_SynCom33_vs_Mock_log2FoldChange,Flg22_SynCom35_vs_Mock_pvalue,Flg22_SynCom35_vs_Mock_padj,Flg22_SynCom35_vs_Mock_log2FoldChange,Flg22_vs_Mock,Flg22_SynCom33_vs_Mock,Flg22_SynCom35_vs_Mock,cl
AT1G15020.1,GO:0016972,QSOX1,1,5172940,5176429,-,3489,protein_coding,Sulfhydryl oxidase 1 [Source:UniProtKB/Swiss-Prot;Acc:Q8W4J3],0.06514724941549081,0.4259662939722953,-1.6048001734217028,0.4975975948585741,0.8111965346699125,0.5575017986728312,0.8274822146909195,NA,0.17982141669986018,-0,0,0,1
AT1G15020.2,GO:0016972,QSOX1,1,5172973,5176479,-,3506,protein_coding,Sulfhydryl oxidase 1 [Source:UniProtKB/Swiss-Prot;Acc:Q8W4J3],0.8229409377391008,0.9682613772004013,0.023479357160588778,0.02987753627329034,0.20986880849192344,0.22611950652403912,0.3213409441627306,0.7192194255339088,0.10338513909597816,0,0,0,5
AT1G49880.1,GO:0016972,ERV1,1,18463998,18466085,+,2087,protein_coding,FAD-linked sulfhydryl oxidase ERV1 [Source:UniProtKB/Swiss-Prot;Acc:Q8GXX0],0.511269089381366,0.8844042773211537,0.3061321362298739,0.17791019140688305,0.534366677698305,-0.650875479798949,0.855055946479072,0.9650040540703506,-0.08593537342894227,0,0,0,3
