ID,Path,Gene,Chromosome,Start,End,Strand,Length,BioType,Description,Flg22_vs_Mock_pvalue,Flg22_vs_Mock_padj,Flg22_vs_Mock_log2FoldChange,Flg22_SynCom33_vs_Mock_pvalue,Flg22_SynCom33_vs_Mock_padj,Flg22_SynCom33_vs_Mock_log2FoldChange,Flg22_SynCom35_vs_Mock_pvalue,Flg22_SynCom35_vs_Mock_padj,Flg22_SynCom35_vs_Mock_log2FoldChange,Flg22_vs_Mock,Flg22_SynCom33_vs_Mock,Flg22_SynCom35_vs_Mock,cl
AT1G27130.1,GO:0052542,GSTU13,1,9425280,9426897,+,1617,protein_coding,Glutathione S-transferase U13 [Source:UniProtKB/Swiss-Prot;Acc:Q9FUS6],0.015652270105948322,0.1990175841750878,-0.4279103202955325,0.062476651042548605,0.31505292868424944,-0.3296138238301613,0.08520149676833991,0.41577639132915245,0.30333663219874646,0,0,0,4
AT1G28380.1,GO:0052542,NSL1,1,9963448,9966320,+,2872,protein_coding,NSL1 [Source:UniProtKB/TrEMBL;Acc:A0A178WFB2],0.4687134027381873,0.8685331702576026,0.14935262840322266,0.050098197226627526,0.28145031093964495,0.40334542513837884,0.018122709465183167,0.1827309909108871,-0.48886128677467017,0,0,0,9
AT1G64060.1,GO:0052542,RBOHF,1,23769774,23776984,+,7210,protein_coding,Respiratory burst oxidase homolog protein F [Source:UniProtKB/Swiss-Prot;Acc:O48538],0.004791081749604543,0.09668803378110437,0.38468603778346494,0.013796499672668786,0.1326457454222755,0.33592986071680203,0.21754592227661243,0.6209182344442689,-0.16861753619147218,0,0,0,9
AT4G03550.1,GO:0052542,CALS12,4,1573266,1579820,+,6554,protein_coding,Callose synthase 12 [Source:UniProtKB/Swiss-Prot;Acc:Q9ZT82],0.8492664065311992,0.9749709850800186,-0.022528395256383074,0.5554092237216448,0.844365050668842,-0.06994792575736315,0.7580999065065929,0.9367845223150035,0.0364494911157179,0,0,0,4
