ID,Path,Gene,Chromosome,Start,End,Strand,Length,BioType,Description,Flg22_vs_Mock_pvalue,Flg22_vs_Mock_padj,Flg22_vs_Mock_log2FoldChange,Flg22_SynCom33_vs_Mock_pvalue,Flg22_SynCom33_vs_Mock_padj,Flg22_SynCom33_vs_Mock_log2FoldChange,Flg22_SynCom35_vs_Mock_pvalue,Flg22_SynCom35_vs_Mock_padj,Flg22_SynCom35_vs_Mock_log2FoldChange,Flg22_vs_Mock,Flg22_SynCom33_vs_Mock,Flg22_SynCom35_vs_Mock,cl
AT1G76090.1,GO:0003838,SMT3,1,28550202,28551836,-,1634,protein_coding,24-methylenesterol C-methyltransferase 3 [Source:UniProtKB/Swiss-Prot;Acc:Q94JS4],0.7833567713560743,0.9618509085058963,-0.04096315575113948,0.4603421608842559,0.7886634356567821,0.10990387594749232,0.20152258513241492,0.6044049357098217,0.18996392829527559,0,0,0,1
AT5G13710.1,GO:0003838,SMT1,5,4423555,4427324,-,3769,protein_coding,Cycloartenol-C-24-methyltransferase [Source:UniProtKB/Swiss-Prot;Acc:Q9LM02],0.09887451732959211,0.5139309899645954,0.4667179832343154,7.985828525178922e-4,0.018947488297781093,0.9302469511967701,5.336796573419969e-4,0.016588197928079796,0.956775076478253,0,0,0,6
AT5G13710.2,GO:0003838,SMT1,5,4423741,4426957,-,3216,protein_coding,Cycloartenol-C-24-methyltransferase [Source:UniProtKB/Swiss-Prot;Acc:Q9LM02],0.06727075798927108,0.43208465994897327,-0.27668837306491634,0.3775616673354712,0.7329827934796084,0.1331343334466328,0.024857408831562625,0.21932952867059705,0.3380824730697825,0,0,0,1
