ID,Path,Gene,Chromosome,Start,End,Strand,Length,BioType,Description,Flg22_vs_Mock_pvalue,Flg22_vs_Mock_padj,Flg22_vs_Mock_log2FoldChange,Flg22_SynCom33_vs_Mock_pvalue,Flg22_SynCom33_vs_Mock_padj,Flg22_SynCom33_vs_Mock_log2FoldChange,Flg22_SynCom35_vs_Mock_pvalue,Flg22_SynCom35_vs_Mock_padj,Flg22_SynCom35_vs_Mock_log2FoldChange,Flg22_vs_Mock,Flg22_SynCom33_vs_Mock,Flg22_SynCom35_vs_Mock,cl
AT4G29380.1,GO:0071561,VPS15,4,14458648,14465684,+,7036,protein_coding,Serine/threonine-protein kinase VPS15 [Source:UniProtKB/Swiss-Prot;Acc:Q9M0E5],0.2303290285120958,0.7066541163639604,-0.2205282623377487,0.3055791549470371,0.6733001394292079,-0.18832359177012373,0.088310220477353693,0.4232571979552935,-0.3133924932000112,0,0,0,8
AT4G29380.2,GO:0071561,VPS15,4,14459907,14465660,+,5753,protein_coding,Serine/threonine-protein kinase VPS15 [Source:UniProtKB/Swiss-Prot;Acc:Q9M0E5],0.19243337750992046,0.6681409358695782,0.3445671615764843,0.045201695251544334,0.265291827681041,0.528829373983539,0.828220161058661,0.957267260592803,0.057454144959561235,0,0,0,9
