ID,Path,Gene,Chromosome,Start,End,Strand,Length,BioType,Description,Flg22_vs_Mock_pvalue,Flg22_vs_Mock_padj,Flg22_vs_Mock_log2FoldChange,Flg22_SynCom33_vs_Mock_pvalue,Flg22_SynCom33_vs_Mock_padj,Flg22_SynCom33_vs_Mock_log2FoldChange,Flg22_SynCom35_vs_Mock_pvalue,Flg22_SynCom35_vs_Mock_padj,Flg22_SynCom35_vs_Mock_log2FoldChange,Flg22_vs_Mock,Flg22_SynCom33_vs_Mock,Flg22_SynCom35_vs_Mock,cl
AT3G21520.1,GO:0090693,DMP1,3,7581959,7582793,+,834,protein_coding,Protein DMP1 [Source:UniProtKB/Swiss-Prot;Acc:Q9LVF4],0.017334978781221776,0.21093400983527505,0.7010435253024235,2.5082922986006133e-6,2.1270635195893276e-4,-1.5325095930478514,1.0875851086926337e-4,0.005120376231884028,-1.2245216502377505,0,-1,-1,7
AT4G18425.1,GO:0090693,DMP4,4,10181190,10182264,-,1074,protein_coding,Protein DMP4 [Source:UniProtKB/Swiss-Prot;Acc:Q8L928],0.740956358633895,0.9527081225971279,0.09557404299484126,0.03813445286437376,0.24103700021163776,-0.6100477040417578,0.18621505550643128,0.58406705437998,-0.3855555536143135,0,0,0,3
AT4G24310.1,GO:0090693,DMP3,4,12600803,12601726,+,923,protein_coding,Protein DMP3 [Source:UniProtKB/Swiss-Prot;Acc:Q9STW3],0.3282249402331762,0.7911797489481183,0.30868736517112244,0.003329924747475049,0.05258086037599898,0.9235086906253174,0.3448210655941678,0.7365448327610548,0.29812256683584687,0,0,0,5
AT5G56860.1,GO:0090693,GATA21,5,22989216,22991530,-,2314,protein_coding,GATA transcription factor 21 [Source:UniProtKB/Swiss-Prot;Acc:Q5HZ36],0.13957978707424193,0.5914931037422981,-1.477285011947123,0.051240322660888724,NA,-2.202306224653563,0.010434797115286797,NA,2.0127586870040637,-0,-0,0,4
