ID,Path,Gene,Chromosome,Start,End,Strand,Length,BioType,Description,Flg22_vs_Mock_pvalue,Flg22_vs_Mock_padj,Flg22_vs_Mock_log2FoldChange,Flg22_SynCom33_vs_Mock_pvalue,Flg22_SynCom33_vs_Mock_padj,Flg22_SynCom33_vs_Mock_log2FoldChange,Flg22_SynCom35_vs_Mock_pvalue,Flg22_SynCom35_vs_Mock_padj,Flg22_SynCom35_vs_Mock_log2FoldChange,Flg22_vs_Mock,Flg22_SynCom33_vs_Mock,Flg22_SynCom35_vs_Mock,cl
AT1G30680.1,GO:0006269,,1,10881479,10886472,+,4993,protein_coding,"Twinkle homolog protein, chloroplastic/mitochondrial [Source:UniProtKB/Swiss-Prot;Acc:B5X582]",0.03406627798402916,0.3078162943905293,-0.3525169461204898,2.8230513743143396e-4,0.00898097834844001,-0.6089382535715344,0.05658115070201502,0.34116023147595925,-0.31613906349240456,0,0,0,8
AT1G67320.2,GO:0006269,,1,25205279,25209101,-,3822,protein_coding,DNA primase large subunit [Source:UniProtKB/TrEMBL;Acc:F4HRU9],0.7695711729425485,0.9579326448131968,-0.06958523194554796,0.08125565432772097,0.3639917513144134,-0.41932514690996103,0.4708729741500683,0.8177135065491723,-0.17140350344516952,0,0,0,3
AT5G41880.1,GO:0006269,POLA3,5,16760846,16764276,+,3430,protein_coding,DNA primase [Source:UniProtKB/TrEMBL;Acc:F4JZZ1],0.19384131416380335,0.6681409358695782,-0.3798039190255151,0.34163773504620637,0.7036355198584674,-0.27733086883499414,0.20668023535585459,0.6087060044607867,0.3630672628416952,0,0,0,4
