ID,Path,Gene,Chromosome,Start,End,Strand,Length,BioType,Description,Flg22_vs_Mock_pvalue,Flg22_vs_Mock_padj,Flg22_vs_Mock_log2FoldChange,Flg22_SynCom33_vs_Mock_pvalue,Flg22_SynCom33_vs_Mock_padj,Flg22_SynCom33_vs_Mock_log2FoldChange,Flg22_SynCom35_vs_Mock_pvalue,Flg22_SynCom35_vs_Mock_padj,Flg22_SynCom35_vs_Mock_log2FoldChange,Flg22_vs_Mock,Flg22_SynCom33_vs_Mock,Flg22_SynCom35_vs_Mock,cl
AT1G11060.1,GO:0060623,,1,3684568,3689892,+,5324,protein_coding,WAPL (Wings apart-like protein regulation of heterochromatin) protein [Source:UniProtKB/TrEMBL;Acc:F4I7C7],0.11987247469535205,0.5580258290325296,-0.17008202515179707,0.08564866483975964,0.3747103009004331,-0.1881992250430708,0.0336237198190573,0.2579462536373981,-0.23215050001411072,0,0,0,8
AT1G61030.1,GO:0060623,,1,22477896,22482451,+,4555,protein_coding,WAPL (Wings apart-like protein regulation of heterochromatin) protein [Source:UniProtKB/TrEMBL;Acc:Q9C951],0.8375641946602813,0.9713577338029399,-0.024639175272092827,0.9458709537540331,0.987910101041883,-0.00815740359724471,0.10719391616350182,0.46345459120051524,-0.19443476297812748,0,0,0,2
