ID,Path,Gene,Chromosome,Start,End,Strand,Length,BioType,Description,Flg22_vs_Mock_pvalue,Flg22_vs_Mock_padj,Flg22_vs_Mock_log2FoldChange,Flg22_SynCom33_vs_Mock_pvalue,Flg22_SynCom33_vs_Mock_padj,Flg22_SynCom33_vs_Mock_log2FoldChange,Flg22_SynCom35_vs_Mock_pvalue,Flg22_SynCom35_vs_Mock_padj,Flg22_SynCom35_vs_Mock_log2FoldChange,Flg22_vs_Mock,Flg22_SynCom33_vs_Mock,Flg22_SynCom35_vs_Mock,cl
AT2G03820.1,GO:0006611,,2,1164843,1167115,-,2272,protein_coding,60S ribosomal export protein NMD3 [Source:UniProtKB/TrEMBL;Acc:Q9SI58],0.055605258241883414,0.39672921258619365,-0.24529390669318682,0.0026207561308600764,0.044577971133367804,-0.38653816828758364,0.8847050098918126,0.9738523230717502,-0.018505854040185187,0,0,0,4
AT2G46520.1,GO:0006611,CAS,2,19096413,19100373,+,3960,protein_coding,Exportin-2 [Source:UniProtKB/Swiss-Prot;Acc:Q9ZPY7],0.2521552102912616,0.7311802552145866,-0.15547289990911525,0.010919946055276172,0.11478655307590711,-0.3466075456992779,0.3873312308893457,0.7661909844380759,0.11685910586295309,0,0,0,4
AT5G05680.1,GO:0006611,NUP88,5,1698270,1702659,+,4389,protein_coding,Nuclear pore complex protein NUP88 [Source:UniProtKB/Swiss-Prot;Acc:Q9FFK6],0.5944932433902659,0.9110099152363225,-0.09138530314351354,0.3684939887556674,0.7257535543629332,-0.15472660714310948,0.2689384709558088,0.6765809615832407,0.1879998604416609,0,0,0,4
AT5G17020.1,GO:0006611,XPO1,5,5594632,5602969,+,8337,protein_coding,XPO1A [Source:UniProtKB/TrEMBL;Acc:A0A178U9W2],0.20287167672448006,0.6772164530991803,-0.31268187811590353,0.3541225310284703,0.7138749065697291,-0.22748889406343786,0.565512010454978,0.8670023042623188,-0.14103019749024462,0,0,0,8
AT5G17020.2,GO:0006611,XPO1,5,5594724,5602916,+,8192,protein_coding,XPO1A [Source:UniProtKB/TrEMBL;Acc:A0A178U9W2],0.304244588343329,0.7724922855013607,0.8580968181615477,0.7162747121515762,0.9182991612008142,-0.30384800142692636,0.8112775431714017,0.953246160372043,0.19951068404045022,0,0,0,3
