ID,Path,Gene,Chromosome,Start,End,Strand,Length,BioType,Description,Flg22_vs_Mock_pvalue,Flg22_vs_Mock_padj,Flg22_vs_Mock_log2FoldChange,Flg22_SynCom33_vs_Mock_pvalue,Flg22_SynCom33_vs_Mock_padj,Flg22_SynCom33_vs_Mock_log2FoldChange,Flg22_SynCom35_vs_Mock_pvalue,Flg22_SynCom35_vs_Mock_padj,Flg22_SynCom35_vs_Mock_log2FoldChange,Flg22_vs_Mock,Flg22_SynCom33_vs_Mock,Flg22_SynCom35_vs_Mock,cl
AT2G18030.1,GO:0036456,MSRA5,2,7840037,7841823,+,1786,protein_coding,Peptide methionine sulfoxide reductase A5 [Source:UniProtKB/Swiss-Prot;Acc:Q9SL43],0.3820580833803125,0.827113749544895,-0.1324889475666722,0.09316064360014015,0.3902599368395241,-0.25595967300121336,0.9253829901021435,0.9829763484029571,0.014071232457432128,0,0,0,4
AT2G18030.2,GO:0036456,MSRA5,2,7840067,7841654,+,1587,protein_coding,Peptide methionine sulfoxide reductase A5 [Source:UniProtKB/Swiss-Prot;Acc:Q9SL43],0.47939579293471224,0.8724331236914297,0.7384615232998468,0.570336159521035,0.8529170267842161,0.5942410702132888,0.5571817820204557,NA,0.613415064397391,0,0,0,6
AT4G25130.1,GO:0036456,MSR4,4,12898514,12900090,-,1576,protein_coding,"Peptide methionine sulfoxide reductase A4, chloroplastic [Source:UniProtKB/Swiss-Prot;Acc:P54150]",0.5957054121122567,0.9113451141152242,0.06495410458758544,4.497715366939871e-4,0.012753964609079918,-0.4324317068753259,0.008419483329009658,0.11395313028058972,-0.3237699530140127,0,0,0,3
AT5G07460.1,GO:0036456,MRSA2,5,2360630,2362228,-,1598,protein_coding,PMSR2 [Source:UniProtKB/TrEMBL;Acc:A0A178UBC0],0.05712541949795535,0.4008367047989046,0.4281024606511434,0.0013160720130973732,0.02738285437777367,0.7218477829889245,0.7526355616065967,0.9352149304812711,-0.07112623234678604,0,0,0,9
AT5G07470.1,GO:0036456,MSRA3,5,2362524,2364479,-,1955,protein_coding,PMSR3 [Source:UniProtKB/TrEMBL;Acc:A0A178UH75],0.0964397124038331,0.5092456325675195,0.24053016646140143,0.040262376633625196,0.2486978880204762,0.29666058849610766,0.38436498411696896,0.7649079996594348,-0.1261986881329435,0,0,0,9
AT5G61640.1,GO:0036456,PMSR1,5,24775028,24776398,+,1370,protein_coding,peptidemethionine sulfoxide reductase 1 [Source:TAIR;Acc:AT5G61640],0.3173078494005389,0.7824740525658138,-0.33931727205682843,0.21774743780241443,0.5847054862655584,-0.41844806587592537,0.04557161985964662,0.30429143230179806,-0.6795476690995631,0,0,0,2
