ID,Path,Gene,Chromosome,Start,End,Strand,Length,BioType,Description,Flg22_vs_Mock_pvalue,Flg22_vs_Mock_padj,Flg22_vs_Mock_log2FoldChange,Flg22_SynCom33_vs_Mock_pvalue,Flg22_SynCom33_vs_Mock_padj,Flg22_SynCom33_vs_Mock_log2FoldChange,Flg22_SynCom35_vs_Mock_pvalue,Flg22_SynCom35_vs_Mock_padj,Flg22_SynCom35_vs_Mock_log2FoldChange,Flg22_vs_Mock,Flg22_SynCom33_vs_Mock,Flg22_SynCom35_vs_Mock,cl
AT1G17260.1,GO:0019829,AHA10,1,5904058,5908898,+,4840,protein_coding,Plasma membrane ATPase [Source:UniProtKB/TrEMBL;Acc:A0A178W776],0.5735317890058367,0.9050310490075865,0.18466365953999303,0.13760404290291262,0.4716607535595901,0.4784627576261453,0.1035127192031273,0.4575290192252072,0.5207278553281157,0,0,0,1
AT1G63440.1,GO:0019829,HMA5,1,23527570,23531226,+,3656,protein_coding,Probable copper-transporting ATPase HMA5 [Source:UniProtKB/Swiss-Prot;Acc:Q9SH30],0.8020224668123611,0.9660818513594794,0.04854049987079898,1.1131579721691588e-4,0.004520228490611984,-0.7525491928709266,2.5297153528015457e-4,0.009635526369079541,-0.7117465965117703,0,0,0,2
AT4G33520.2,GO:0019829,PAA1,4,16118830,16126151,+,7321,protein_coding,"Copper-transporting ATPase PAA1, chloroplastic [Source:UniProtKB/Swiss-Prot;Acc:Q9SZC9]",0.6085818432461104,0.9158979295089141,0.1079068502874055,0.05644886975462314,0.299216258784204,-0.4089238885404025,0.9042574587922719,0.978301969851137,-0.025384313993404056,0,0,0,3
AT4G33520.1,GO:0019829,PAA1,4,16118855,16120953,+,2098,protein_coding,"Copper-transporting ATPase PAA1, chloroplastic [Source:UniProtKB/Swiss-Prot;Acc:Q9SZC9]",0.6394273269040919,0.9266386700765956,0.1222382607119642,0.524156210845658,0.827185498948002,-0.16895147927999007,0.6421979334929429,0.8984641208974752,0.12076105673486928,0,0,0,3
AT4G33520.4,GO:0019829,PAA1,4,16118917,16120935,+,2018,protein_coding,"Copper-transporting ATPase PAA1, chloroplastic [Source:UniProtKB/Swiss-Prot;Acc:Q9SZC9]",0.9685736443104579,NA,-0.0426090256817071,0.31989922344182975,NA,-1.1274479301910734,0.8571358290415231,NA,-0.19513615237628845,0,-0,0,3
AT5G23630.1,GO:0019829,PDR2,5,7960478,7968197,-,7719,protein_coding,Probable manganese-transporting ATPase PDR2 [Source:UniProtKB/Swiss-Prot;Acc:Q9LT02],0.9562213784817791,0.9937854069353943,-0.004426454429956277,0.27754912730702785,0.6474941977147898,-0.08767775597892977,0.15966723552240633,0.5483617918912279,-0.11343713224173319,0,0,0,3
