ID,Path,Gene,Chromosome,Start,End,Strand,Length,BioType,Description,Flg22_vs_Mock_pvalue,Flg22_vs_Mock_padj,Flg22_vs_Mock_log2FoldChange,Flg22_SynCom33_vs_Mock_pvalue,Flg22_SynCom33_vs_Mock_padj,Flg22_SynCom33_vs_Mock_log2FoldChange,Flg22_SynCom35_vs_Mock_pvalue,Flg22_SynCom35_vs_Mock_padj,Flg22_SynCom35_vs_Mock_log2FoldChange,Flg22_vs_Mock,Flg22_SynCom33_vs_Mock,Flg22_SynCom35_vs_Mock,cl
AT1G26160.1,GO:0006226,,1,9044422,9047049,-,2627,protein_coding,Metal-dependent phosphohydrolase [Source:UniProtKB/TrEMBL;Acc:Q93ZV1],0.5780029732150352,0.9063365094182143,0.11746303480497275,0.7244711985949319,0.9214248088866843,0.07455849905121777,0.3571397563811496,0.744461002065638,0.19350933677991197,0,0,0,6
AT1G26160.2,GO:0006226,,1,9044434,9047001,-,2567,protein_coding,Metal-dependent phosphohydrolase [Source:UniProtKB/TrEMBL;Acc:Q93ZV1],0.7217002628852769,0.9469726838288346,0.25277951163034085,0.9833371422897915,0.9960923275379255,0.014885968517086982,0.9941585638379868,0.9990206101629043,-0.005211554589522696,0,0,0,6
AT2G23820.2,GO:0006226,,2,10140383,10142938,+,2555,protein_coding,At2g23820 [Source:UniProtKB/TrEMBL;Acc:Q6DBH4],0.22142259092404917,0.6982467525378236,0.18098381533492075,0.08948500375729192,0.38237734398402823,0.2506560117731149,0.3777868454207838,0.7591076528132645,0.1303640019093963,0,0,0,6
AT3G46940.1,GO:0006226,DUT1,3,17288194,17288953,-,759,protein_coding,dUTP-PYROPHOSPHATASE-LIKE 1 [Source:UniProtKB/TrEMBL;Acc:A0A1I9LM85],0.41885940995261733,0.8466466869171779,-0.19588085971561958,0.05875707267145253,0.3048055980660445,-0.4619483867190754,0.05454738182289595,0.33539676773082516,0.45809257324233016,0,0,0,4
