ID,Path,Gene,Chromosome,Start,End,Strand,Length,BioType,Description,Flg22_vs_Mock_pvalue,Flg22_vs_Mock_padj,Flg22_vs_Mock_log2FoldChange,Flg22_SynCom33_vs_Mock_pvalue,Flg22_SynCom33_vs_Mock_padj,Flg22_SynCom33_vs_Mock_log2FoldChange,Flg22_SynCom35_vs_Mock_pvalue,Flg22_SynCom35_vs_Mock_padj,Flg22_SynCom35_vs_Mock_log2FoldChange,Flg22_vs_Mock,Flg22_SynCom33_vs_Mock,Flg22_SynCom35_vs_Mock,cl
AT3G15340.2,GO:0010155,PPI2,3,5159698,5162365,-,2667,protein_coding,PPI2 [Source:UniProtKB/TrEMBL;Acc:A0A178VC28],0.9688187147477116,0.9946629527453268,-0.008248372126659216,0.7374576900554111,0.9248151532034691,0.0706186513632697,1.4188237968358245e-8,3.5556315525287777e-6,-1.2484572638473337,0,0,-1,2
AT3G15340.1,GO:0010155,PPI2,3,5159698,5162945,-,3247,protein_coding,PPI2 [Source:UniProtKB/TrEMBL;Acc:A0A178VC28],0.43832140321533875,0.8558358305775027,0.3461349729083523,0.07823033776042834,0.3571044217483163,0.7840378750902415,0.2066286919248094,0.6087060044607867,-0.5694066873022018,0,0,0,9
AT3G45780.1,GO:0010155,PHOT1,3,16816721,16824210,+,7489,protein_coding,RPT1 [Source:UniProtKB/TrEMBL;Acc:A0A178VFT4],0.09856748732439338,0.5131921723872831,1.0973840703091422,0.010904264698698308,0.11476203250411449,1.689236439728072,0.0011685377455961184,0.0293451785840829,2.1525375803060953,0,0,1,6
AT3G45780.2,GO:0010155,PHOT1,3,16818347,16824210,+,5863,protein_coding,RPT1 [Source:UniProtKB/TrEMBL;Acc:A0A178VFT4],4.519369104085801e-4,0.019327030225121736,-1.6947185056679908,0.03338075605439293,0.22328422522613792,-1.0223746103939495,0.19941983422233162,0.6012135536187362,-0.6149908436623777,-1,-0,0,8
AT4G27500.1,GO:0010155,PPI1,4,13743011,13746211,+,3200,protein_coding,Proton pump-interactor 1 [Source:UniProtKB/Swiss-Prot;Acc:O23144],0.7486271669462996,0.9530196132125169,-0.017732374070850643,0.8857594555419535,0.970200364820489,0.007949249950028063,0.503180948062116,0.8342389538959561,-0.037028965770702346,0,0,0,4
AT4G27500.2,GO:0010155,PPI1,4,13743101,13745574,+,2473,protein_coding,Proton pump-interactor 1 [Source:UniProtKB/Swiss-Prot;Acc:O23144],0.607954425349747,0.9155597531436431,0.281904367306461,0.3210288724617345,0.6846888718902974,0.5436466745619578,0.1933635197594503,0.593738297175859,0.7106852264503485,0,0,0,6
