ID,Path,Gene,Chromosome,Start,End,Strand,Length,BioType,Description,Flg22_vs_Mock_pvalue,Flg22_vs_Mock_padj,Flg22_vs_Mock_log2FoldChange,Flg22_SynCom33_vs_Mock_pvalue,Flg22_SynCom33_vs_Mock_padj,Flg22_SynCom33_vs_Mock_log2FoldChange,Flg22_SynCom35_vs_Mock_pvalue,Flg22_SynCom35_vs_Mock_padj,Flg22_SynCom35_vs_Mock_log2FoldChange,Flg22_vs_Mock,Flg22_SynCom33_vs_Mock,Flg22_SynCom35_vs_Mock,cl
AT1G75330.1,GO:0016743,OTC,1,28266259,28268416,-,2157,protein_coding,OTC [Source:UniProtKB/TrEMBL;Acc:A0A178W4A4],0.23320887764898018,0.7094449678608825,0.18469958369134365,0.37001842941004215,0.7266298063701332,-0.13944178963483994,0.27710821815489517,0.6833208406378688,0.16827879994774672,0,0,0,3
AT3G20330.1,GO:0016743,PYRB,3,7089989,7092670,-,2681,protein_coding,"Aspartate carbamoyltransferase, chloroplastic [Source:UniProtKB/Swiss-Prot;Acc:P49077]",0.6953372208606772,0.9405504194841998,-0.07447734228135679,0.06278721538194991,0.31595767950160564,-0.355567654019514,0.38691425527938783,0.7658069233658176,0.1638465635408759,0,0,0,4
AT3G20330.2,GO:0016743,PYRB,3,7090094,7092670,-,2576,protein_coding,"Aspartate carbamoyltransferase, chloroplastic [Source:UniProtKB/Swiss-Prot;Acc:P49077]",0.8915529559993443,0.9846239886310361,0.2160358001323946,0.4329552579358676,NA,-1.2635619726836842,0.6807382471242509,NA,-0.6564755041603164,0,-0,0,3
