ID,Path,Gene,Chromosome,Start,End,Strand,Length,BioType,Description,Flg22_vs_Mock_pvalue,Flg22_vs_Mock_padj,Flg22_vs_Mock_log2FoldChange,Flg22_SynCom33_vs_Mock_pvalue,Flg22_SynCom33_vs_Mock_padj,Flg22_SynCom33_vs_Mock_log2FoldChange,Flg22_SynCom35_vs_Mock_pvalue,Flg22_SynCom35_vs_Mock_padj,Flg22_SynCom35_vs_Mock_log2FoldChange,Flg22_vs_Mock,Flg22_SynCom33_vs_Mock,Flg22_SynCom35_vs_Mock,cl
AT2G31800.1,GO:0007229,,2,13520325,13523918,-,3593,protein_coding,At2g31800 [Source:UniProtKB/TrEMBL;Acc:Q1JPN7],0.37124896555807646,0.8196243225221632,-0.11805188345382932,0.4233387837027447,0.7652085147038911,0.1054841007614118,0.819432733790932,0.9545787820060336,0.03007125198733199,0,0,0,1
AT4G18950.1,GO:0007229,,4,10375244,10378416,+,3172,protein_coding,AT4g18950/F13C5_120 [Source:UniProtKB/TrEMBL;Acc:Q93Z30],0.16847636947665667,0.6359239435939402,0.4275272999226046,2.8673406275879988e-5,0.0015324025994198924,1.2981818572042634,0.828739947429905,0.9577205137510162,-0.06718204048008242,0,1,0,5
AT4G18950.2,GO:0007229,,4,10375340,10378414,+,3074,protein_coding,AT4g18950/F13C5_120 [Source:UniProtKB/TrEMBL;Acc:Q93Z30],0.5293845267269464,0.8901248561227262,0.2781742040364434,9.972174336886385e-5,0.004169082278758628,1.712055453530123,0.5443679126852659,0.856534420947679,-0.2689800992747939,0,1,0,5
