ID,Path,Gene,Chromosome,Start,End,Strand,Length,BioType,Description,Flg22_vs_Mock_pvalue,Flg22_vs_Mock_padj,Flg22_vs_Mock_log2FoldChange,Flg22_SynCom33_vs_Mock_pvalue,Flg22_SynCom33_vs_Mock_padj,Flg22_SynCom33_vs_Mock_log2FoldChange,Flg22_SynCom35_vs_Mock_pvalue,Flg22_SynCom35_vs_Mock_padj,Flg22_SynCom35_vs_Mock_log2FoldChange,Flg22_vs_Mock,Flg22_SynCom33_vs_Mock,Flg22_SynCom35_vs_Mock,cl
AT1G14790.1,GO:0003968,RDR1,1,5093961,5098270,-,4309,protein_coding,RNA-dependent RNA polymerase [Source:UniProtKB/TrEMBL;Acc:A0A178WKG4],0.9746988543079578,0.9948798425309692,0.008698509687189146,0.15589801728970917,0.5001014917400909,-0.3939774220187479,0.3506634223119282,0.7408750243645689,0.25404377085198204,0,0,0,4
AT2G19930.3,GO:0003968,,2,8607340,8612441,-,5101,protein_coding,RNA-dependent RNA polymerase family protein [Source:TAIR;Acc:AT2G19930],0.11754311740605305,0.552969463843271,0.3550653110101513,0.025014674699777178,0.18974167191856942,0.5059995689751751,0.08048180167015875,0.4046915875742976,0.3949013593547425,0,0,0,6
AT2G19930.2,GO:0003968,,2,8607340,8612648,-,5308,protein_coding,RNA-dependent RNA polymerase family protein [Source:TAIR;Acc:AT2G19930],0.6252128404837713,0.9225051029704446,-0.6362812627457841,0.5521584078709953,0.8423541411036887,0.7677652451513212,0.5794134511520748,0.8729664834554492,0.7156427091400627,0,0,0,1
AT3G49500.1,GO:0003968,RDR6,3,18348981,18353673,-,4692,protein_coding,RNA-dependent RNA polymerase 6 [Source:UniProtKB/Swiss-Prot;Acc:Q9SG02],0.9170488092831112,0.9882005320039144,-0.14204832343057702,0.6920414646844273,0.9086092371321851,-0.5402989752609223,0.9714088277290269,0.9933333437116899,-0.048879665083134474,0,0,0,3
AT3G49500.3,GO:0003968,RDR6,3,18348981,18353673,-,4692,protein_coding,RNA-dependent RNA polymerase 6 [Source:UniProtKB/Swiss-Prot;Acc:Q9SG02],0.6285375020608026,0.9235876599509517,0.34018442192871456,0.863146740911097,0.9636957279087651,-0.12177567433452831,0.9288343873604299,0.9840973132125435,-0.0629939205835163,0,0,0,7
AT4G11130.1,GO:0003968,RDR2,4,6780449,6784632,+,4183,protein_coding,RNA-dependent RNA polymerase 2 [Source:UniProtKB/Swiss-Prot;Acc:O82504],0.5845507427944965,0.9084975229660235,-0.15257734413220636,0.13216260512988479,0.46301046492527304,-0.42295161285002336,0.5791614757727435,0.8729664834554492,0.15364750209878283,0,0,0,4
