ID,Path,Gene,Chromosome,Start,End,Strand,Length,BioType,Description,Flg22_vs_Mock_pvalue,Flg22_vs_Mock_padj,Flg22_vs_Mock_log2FoldChange,Flg22_SynCom33_vs_Mock_pvalue,Flg22_SynCom33_vs_Mock_padj,Flg22_SynCom33_vs_Mock_log2FoldChange,Flg22_SynCom35_vs_Mock_pvalue,Flg22_SynCom35_vs_Mock_padj,Flg22_SynCom35_vs_Mock_log2FoldChange,Flg22_vs_Mock,Flg22_SynCom33_vs_Mock,Flg22_SynCom35_vs_Mock,cl
AT5G10520.1,GO:0009623,RBK1,5,3319870,3322910,-,3040,protein_coding,RBK1 [Source:UniProtKB/TrEMBL;Acc:A0A178UTT7],0.23073037672500182,0.7071443209807116,-0.21578090287751076,0.7416426158253484,0.9258152573105746,0.059028291091232345,0.791117118535169,0.9465908869056108,-0.04743830674653006,0,0,0,1
AT5G10520.2,GO:0009623,RBK1,5,3320370,3322935,-,2565,protein_coding,RBK1 [Source:UniProtKB/TrEMBL;Acc:A0A178UTT7],0.44246206235091173,0.8578808630519408,-0.2694072413044807,0.12217293808320531,0.44458396992192867,0.535904181181098,0.9749895991493043,0.994290185932515,-0.01093452277876748,0,0,0,5
AT5G11510.1,GO:0009623,MYB3R4,5,3679748,3684884,+,5136,protein_coding,Transcription factor MYB3R-4 [Source:UniProtKB/Swiss-Prot;Acc:Q94FL9],0.9123146465332242,0.9873390174685266,0.060593851974406567,0.1030602766430755,0.40950312637200176,-0.9108288715220602,0.15734271712868766,0.5458328894999233,0.7728665977040788,0,0,0,4
AT5G11510.4,GO:0009623,MYB3R4,5,3680325,3684832,+,4507,protein_coding,Transcription factor MYB3R-4 [Source:UniProtKB/Swiss-Prot;Acc:Q94FL9],0.024356587899036462,0.25590862102022144,-0.6898674303998958,0.001635894377322045,0.03193807980447875,-0.970207001890856,0.3110459735042186,0.7113931011088973,0.30644846443400237,0,0,0,4
