ID,Path,Gene,Chromosome,Start,End,Strand,Length,BioType,Description,Flg22_vs_Mock_pvalue,Flg22_vs_Mock_padj,Flg22_vs_Mock_log2FoldChange,Flg22_SynCom33_vs_Mock_pvalue,Flg22_SynCom33_vs_Mock_padj,Flg22_SynCom33_vs_Mock_log2FoldChange,Flg22_SynCom35_vs_Mock_pvalue,Flg22_SynCom35_vs_Mock_padj,Flg22_SynCom35_vs_Mock_log2FoldChange,Flg22_vs_Mock,Flg22_SynCom33_vs_Mock,Flg22_SynCom35_vs_Mock,cl
AT1G09320.1,GO:0000792,,1,3009890,3012407,-,2517,protein_coding,Agenet domain-containing protein [Source:UniProtKB/TrEMBL;Acc:Q500V5],0.021609249890814093,0.23934230869576653,-0.3140520938263019,0.008961011561647692,0.10194252480087393,-0.35860771669839425,0.9406203613467372,0.9860007815088144,-0.009954374968572136,0,0,0,4
AT5G02560.1,GO:0000792,HTA12,5,575225,577216,+,1991,protein_coding,Histone H2A [Source:UniProtKB/TrEMBL;Acc:F4KCF4],0.09755608736663754,0.5118540343294095,0.42710576357101415,0.32390862750534694,0.6873469943636514,0.25521796673489155,0.4581771186571309,0.8094433152654437,-0.1935684148731435,0,0,0,7
AT5G02560.2,GO:0000792,HTA12,5,575382,576605,+,1223,protein_coding,Histone H2A [Source:UniProtKB/TrEMBL;Acc:F4KCF4],0.8758519038046105,0.981771486552921,-0.046364863828801964,0.7995520616004546,0.9446924009669454,0.07525580971505606,0.7885281465242222,0.9459968346073203,0.07940680666180831,0,0,0,1
AT5G27670.1,GO:0000792,HTA7,5,9792509,9793560,-,1051,protein_coding,Histone H2A [Source:UniProtKB/TrEMBL;Acc:A0A178UFF2],0.17018660714615144,0.6388497792509847,-0.23264773867317426,0.8699322081668879,0.9652913419734153,-0.027671890160630364,0.2832369427404584,0.6902296956852817,0.18047421784710782,0,0,0,1
AT5G59870.1,GO:0000792,HTA6,5,24115354,24116220,-,866,protein_coding,Probable histone H2A.7 [Source:UniProtKB/Swiss-Prot;Acc:Q9FJE8],0.4676546316664365,0.8682623376157323,-0.148993368017849,0.6623277015076814,0.896871512791129,-0.08954669562270312,0.0399136890453762,0.28234152633156734,0.4194984598932653,0,0,0,4
