ID,Path,Gene,Chromosome,Start,End,Strand,Length,BioType,Description,Flg22_vs_Mock_pvalue,Flg22_vs_Mock_padj,Flg22_vs_Mock_log2FoldChange,Flg22_SynCom33_vs_Mock_pvalue,Flg22_SynCom33_vs_Mock_padj,Flg22_SynCom33_vs_Mock_log2FoldChange,Flg22_SynCom35_vs_Mock_pvalue,Flg22_SynCom35_vs_Mock_padj,Flg22_SynCom35_vs_Mock_log2FoldChange,Flg22_vs_Mock,Flg22_SynCom33_vs_Mock,Flg22_SynCom35_vs_Mock,cl
AT1G26440.3,GO:0015720,UPS5,1,9143937,9146083,-,2146,protein_coding,Ureide permease 5 [Source:UniProtKB/Swiss-Prot;Acc:Q93Z75],0.5958010621496966,0.9113451141152242,-0.13361164259239514,0.6402029045592432,0.8874884433692536,0.1175507775135166,0.09155115298317308,0.4314471378000349,-0.4256906357086714,0,0,0,10
AT1G26440.6,GO:0015720,UPS5,1,9143953,9146080,-,2127,protein_coding,Ureide permease 5 [Source:UniProtKB/Swiss-Prot;Acc:Q93Z75],0.001101217533961602,0.036678007543161036,2.1410094376505695,1.805771279099933e-4,0.006595481457169076,2.453768605745344,0.005467490692353986,0.08670856366292168,1.8248843878178842,1,1,0,5
AT1G26440.8,GO:0015720,UPS5,1,9143956,9146106,-,2150,protein_coding,Ureide permease 5 [Source:UniProtKB/Swiss-Prot;Acc:Q93Z75],0.06139746828395868,0.4139055804888866,-0.47873597734659773,0.08908798872940052,0.38153370827806077,0.4315041776945437,0.3259554149515134,0.7232031648445663,-0.2505311108202074,0,0,0,5
AT1G26440.1,GO:0015720,UPS5,1,9143967,9146050,-,2083,protein_coding,Ureide permease 5 [Source:UniProtKB/Swiss-Prot;Acc:Q93Z75],0.46506335738152144,0.8668947193176298,-0.7577182687582565,0.9743344907426326,0.9943171848036185,-0.0332303730991785,0.11047849290705933,0.47006004672577967,-1.6692055079267174,0,0,-0,10
AT2G03590.2,GO:0015720,UPS1,2,1094702,1096976,+,2274,protein_coding,UPS1 [Source:UniProtKB/TrEMBL;Acc:A0A178VW66],0.44915571056956755,0.8612020404383707,0.13992920993410893,0.1898958389922632,0.5492781944695524,0.24056025040526807,0.925951750512955,0.9830388100982324,0.017241224270054756,0,0,0,5
