ID,Path,Gene,Chromosome,Start,End,Strand,Length,BioType,Description,Flg22_vs_Mock_pvalue,Flg22_vs_Mock_padj,Flg22_vs_Mock_log2FoldChange,Flg22_SynCom33_vs_Mock_pvalue,Flg22_SynCom33_vs_Mock_padj,Flg22_SynCom33_vs_Mock_log2FoldChange,Flg22_SynCom35_vs_Mock_pvalue,Flg22_SynCom35_vs_Mock_padj,Flg22_SynCom35_vs_Mock_log2FoldChange,Flg22_vs_Mock,Flg22_SynCom33_vs_Mock,Flg22_SynCom35_vs_Mock,cl
AT3G04680.1,GO:0005849,CLPS3,3,1269761,1273004,-,3243,protein_coding,Protein CLP1 homolog [Source:UniProtKB/Swiss-Prot;Acc:Q9SR06],0.43025168642784345,0.8508740460696359,0.8042769613927301,0.318605290564783,0.6833211601214694,1.0167774533726581,0.2952771222609975,0.6991906503302242,1.066916599524779,0,0,0,6
AT4G25550.1,GO:0005849,CFIS2,4,13048367,13051273,+,2906,protein_coding,Pre-mRNA cleavage factor Im 25 kDa subunit 2 [Source:UniProtKB/Swiss-Prot;Acc:Q8GXS3],0.6285543215049604,0.9235876599509517,0.0629807397578598,0.4434905895905451,0.7789940206457894,-0.10032731783056724,0.4184281481076616,0.7843793281095675,0.10496887517987745,0,0,0,4
AT4G29820.1,GO:0005849,CFIS1,4,14595680,14597516,-,1836,protein_coding,Pre-mRNA cleavage factor Im 25 kDa subunit 1 [Source:UniProtKB/Swiss-Prot;Acc:Q94AF0],0.3673903756323402,0.8161586202836436,0.20842806321553548,0.16185899253856156,0.5091380104635633,-0.3299963680723217,0.8704737013153295,0.9699650789268321,-0.03790762822048804,0,0,0,3
AT5G39930.1,GO:0005849,CLPS5,5,15985025,15987339,-,2314,protein_coding,Protein CLP1 homolog 5 [Source:UniProtKB/Swiss-Prot;Acc:Q9FLE2],0.8860802208398886,NA,0.25511213467557653,0.7949991446384386,NA,-0.48269861942555375,0.5678108402990018,NA,-1.1078943813274023,0,0,-0,2
