ID,Path,Gene,Chromosome,Start,End,Strand,Length,BioType,Description,Flg22_vs_Mock_pvalue,Flg22_vs_Mock_padj,Flg22_vs_Mock_log2FoldChange,Flg22_SynCom33_vs_Mock_pvalue,Flg22_SynCom33_vs_Mock_padj,Flg22_SynCom33_vs_Mock_log2FoldChange,Flg22_SynCom35_vs_Mock_pvalue,Flg22_SynCom35_vs_Mock_padj,Flg22_SynCom35_vs_Mock_log2FoldChange,Flg22_vs_Mock,Flg22_SynCom33_vs_Mock,Flg22_SynCom35_vs_Mock,cl
AT1G53940.2,GO:0010930,GLIP2,1,20143144,20144974,+,1830,protein_coding,GDSL esterase/lipase 2 [Source:UniProtKB/Swiss-Prot;Acc:Q9SYF0],0.018227051123071904,0.21707394940831934,1.1330164046854139,8.310713885704971e-7,8.692942049631169e-5,2.3570956139426102,3.164711557717199e-7,4.4786253326800225e-5,2.445085330233332,0,1,1,1
AT2G45000.1,GO:0010930,NUP62,2,18564017,18567892,+,3875,protein_coding,Nuclear pore complex protein NUP62 [Source:UniProtKB/Swiss-Prot;Acc:Q8L7F7],0.8297320072872786,0.9698597075340092,0.03583778860120925,0.6852478157781589,0.9062693980000229,-0.06766655119487536,0.11933355069101571,0.48691026946159643,0.2585196864533558,0,0,0,4
