ID,Path,Gene,Chromosome,Start,End,Strand,Length,BioType,Description,Flg22_vs_Mock_pvalue,Flg22_vs_Mock_padj,Flg22_vs_Mock_log2FoldChange,Flg22_SynCom33_vs_Mock_pvalue,Flg22_SynCom33_vs_Mock_padj,Flg22_SynCom33_vs_Mock_log2FoldChange,Flg22_SynCom35_vs_Mock_pvalue,Flg22_SynCom35_vs_Mock_padj,Flg22_SynCom35_vs_Mock_log2FoldChange,Flg22_vs_Mock,Flg22_SynCom33_vs_Mock,Flg22_SynCom35_vs_Mock,cl
AT3G12560.1,GO:0008301,TRP3,3,3981880,3985625,-,3745,protein_coding,Telomere repeat-binding protein 3 [Source:UniProtKB/Swiss-Prot;Acc:Q9C7B1],0.905510498465608,0.9869002016097549,0.01901262841869886,0.044785951814246126,0.264070687030474,0.320379394510972,0.4823267216569403,0.823106999828332,0.11230903819282637,0,0,0,5
AT3G12560.2,GO:0008301,TRP3,3,3981880,3985625,-,3745,protein_coding,Telomere repeat-binding protein 3 [Source:UniProtKB/Swiss-Prot;Acc:Q9C7B1],0.8819166420734986,0.9829056245223717,-0.2757392635512656,0.9284895346246764,0.9822382302853313,-0.16657103025327208,0.5376639696543156,0.8531270811466902,1.1423797208747202,0,0,0,4
AT3G46590.4,GO:0008301,TRP2,3,17152683,17156227,+,3544,protein_coding,Telomere repeat-binding protein 2 [Source:UniProtKB/Swiss-Prot;Acc:Q9SNB9],0.20874984663311502,0.6841336402398872,0.6159490956868241,0.15608208973555707,0.5002043027198635,0.694485892551982,0.13051938211924582,0.5045649855646908,0.7393022081347052,0,0,0,6
AT3G46590.3,GO:0008301,TRP2,3,17152775,17156166,+,3391,protein_coding,Telomere repeat-binding protein 2 [Source:UniProtKB/Swiss-Prot;Acc:Q9SNB9],0.20689208605824333,0.6820513182595661,-1.3616390756069725,0.802364844259809,0.9456137612297311,0.2685239737547529,0.9324599161845416,0.9850320832338502,-0.09097575067729138,-0,0,0,1
AT3G46590.1,GO:0008301,TRP2,3,17152775,17156185,+,3410,protein_coding,Telomere repeat-binding protein 2 [Source:UniProtKB/Swiss-Prot;Acc:Q9SNB9],0.33346116636934986,0.7944070226707352,0.3938625564147137,0.6239192406123476,0.8792302907392079,0.20030415888752268,0.10832904403950537,0.4658052084901555,0.6510724704490481,0,0,0,6
AT3G46590.5,GO:0008301,TRP2,3,17153747,17156166,+,2419,protein_coding,Telomere repeat-binding protein 2 [Source:UniProtKB/Swiss-Prot;Acc:Q9SNB9],0.9447770898958985,0.9933269717125698,-0.00795261795834746,2.245631229647761e-4,0.007622103373155443,0.4168319822504385,0.4222959217722511,0.7865463602530198,0.09144199924196883,0,0,0,5
