ID,Path,Gene,Chromosome,Start,End,Strand,Length,BioType,Description,Flg22_vs_Mock_pvalue,Flg22_vs_Mock_padj,Flg22_vs_Mock_log2FoldChange,Flg22_SynCom33_vs_Mock_pvalue,Flg22_SynCom33_vs_Mock_padj,Flg22_SynCom33_vs_Mock_log2FoldChange,Flg22_SynCom35_vs_Mock_pvalue,Flg22_SynCom35_vs_Mock_padj,Flg22_SynCom35_vs_Mock_log2FoldChange,Flg22_vs_Mock,Flg22_SynCom33_vs_Mock,Flg22_SynCom35_vs_Mock,cl
AT1G07470.1,GO:0005672,,1,2291457,2294558,+,3101,protein_coding,At1g07470/F22G5_13 [Source:UniProtKB/TrEMBL;Acc:Q93VP4],0.8463854189950171,0.974118743178134,0.019156438434240388,0.015342042218071438,0.1417608520430879,0.2373218821186391,0.14509308340800578,0.5280312869702837,0.14266983109064588,0,0,0,1
AT4G24440.2,GO:0005672,TFIIA-S,4,12633180,12634784,+,1604,protein_coding,AT4G24440 protein (Fragment) [Source:UniProtKB/TrEMBL;Acc:Q53YU1],0.06168842503502499,0.41440674099298985,-0.4642997065300268,0.2787117596135676,0.6488550724804646,-0.26809076884378563,0.6567585435355583,0.9030258047455139,-0.1094758140718931,0,0,0,8
AT4G24440.1,GO:0005672,TFIIA-S,4,12633180,12634784,+,1604,protein_coding,AT4G24440 protein (Fragment) [Source:UniProtKB/TrEMBL;Acc:Q53YU1],0.2875252618174215,0.7613073172103028,1.136119887156867,0.4630957256551468,0.7905287377712255,0.7845700568007851,0.7383793952531275,0.9306832475355238,0.35753727353526976,0,0,0,7
