ID,Path,Gene,Chromosome,Start,End,Strand,Length,BioType,Description,Flg22_vs_Mock_pvalue,Flg22_vs_Mock_padj,Flg22_vs_Mock_log2FoldChange,Flg22_SynCom33_vs_Mock_pvalue,Flg22_SynCom33_vs_Mock_padj,Flg22_SynCom33_vs_Mock_log2FoldChange,Flg22_SynCom35_vs_Mock_pvalue,Flg22_SynCom35_vs_Mock_padj,Flg22_SynCom35_vs_Mock_log2FoldChange,Flg22_vs_Mock,Flg22_SynCom33_vs_Mock,Flg22_SynCom35_vs_Mock,cl
AT2G31970.1,GO:0030870,RAD50,2,13600431,13609104,+,8673,protein_coding,DNA repair protein RAD50 [Source:UniProtKB/Swiss-Prot;Acc:Q9SL02],0.4865363422998715,0.8752403418423143,-0.07026078118890143,0.8413739169819169,0.9562832196745763,0.020160872660511312,0.4377184057184305,0.7975936836153905,0.07785796037092886,0,0,0,1
AT3G02680.1,GO:0030870,NBS1,3,576308,579562,+,3254,protein_coding,Nijmegen breakage syndrome 1 protein [Source:UniProtKB/Swiss-Prot;Acc:Q0H8D7],0.22668919670340357,0.7035888376869545,0.33275069048145856,0.8186989695875249,0.9503137950566339,0.06379997235881021,0.4099840970402493,0.7783615377678597,0.2269975268441797,0,0,0,6
AT5G54260.1,GO:0030870,MRE11,5,22032038,22038052,+,6014,protein_coding,DNA repair and meiosis protein (Mre11) [Source:TAIR;Acc:AT5G54260],0.9851731303313587,0.9973654384685183,0.016322070664129294,0.025910080277705073,0.19417752384311898,-2.0428107418631227,0.7826093198628201,0.944294516674606,-0.24279706037889606,0,-0,0,3
AT5G54260.2,GO:0030870,MRE11,5,22032898,22038011,+,5113,protein_coding,DNA repair and meiosis protein (Mre11) [Source:TAIR;Acc:AT5G54260],0.7458394598989657,0.9529854144178901,0.058916702958227866,0.17479682264388047,0.5295136376903575,0.24458287375885673,0.9781439781060274,0.9952714945261362,0.004973062646416588,0,0,0,5
