ID,Path,Gene,Chromosome,Start,End,Strand,Length,BioType,Description,Flg22_vs_Mock_pvalue,Flg22_vs_Mock_padj,Flg22_vs_Mock_log2FoldChange,Flg22_SynCom33_vs_Mock_pvalue,Flg22_SynCom33_vs_Mock_padj,Flg22_SynCom33_vs_Mock_log2FoldChange,Flg22_SynCom35_vs_Mock_pvalue,Flg22_SynCom35_vs_Mock_padj,Flg22_SynCom35_vs_Mock_log2FoldChange,Flg22_vs_Mock,Flg22_SynCom33_vs_Mock,Flg22_SynCom35_vs_Mock,cl
AT1G68890.1,GO:0009063,PHYLLO,1,25896854,25906714,+,9860,protein_coding,"Protein PHYLLO, chloroplastic [Source:UniProtKB/Swiss-Prot;Acc:Q15KI9]",0.006290306461217422,0.11493657813774377,-1.3181228469076822,0.025746208150503158,0.19332669483291226,-1.0656650585459257,0.2911703893931086,0.6964578505760244,-0.4945929048054998,-0,-0,0,8
AT1G68890.2,GO:0009063,PHYLLO,1,25899196,25906714,+,7518,protein_coding,"Protein PHYLLO, chloroplastic [Source:UniProtKB/Swiss-Prot;Acc:Q15KI9]",0.292713922011844,0.7647600968462799,-0.28403892632219346,0.11483431995248217,0.4320470523390659,-0.42943523106924425,0.0721713790555327,0.3829508242871649,0.46846492689648433,0,0,0,4
AT3G47340.1,GO:0009063,ASN1,3,17437840,17441431,-,3591,protein_coding,DIN6 [Source:UniProtKB/TrEMBL;Acc:A0A178VBT4],0.6926383495847863,0.9395851038897501,0.12612926044030723,0.7582004570389136,0.9308123618759256,0.0982367605906798,0.6312494233336323,0.8944309716984339,0.15312870358596448,0,0,0,6
AT3G47340.4,GO:0009063,ASN1,3,17437884,17440176,-,2292,protein_coding,DIN6 [Source:UniProtKB/TrEMBL;Acc:A0A178VBT4],0.6729663695878834,0.935274670232012,0.19077771123543008,0.05573717709103673,0.29711021109681723,0.85821715774191,0.7485816413905813,0.9341148880956524,-0.1454475609313651,0,0,0,5
AT3G47340.2,GO:0009063,ASN1,3,17437884,17441242,-,3358,protein_coding,DIN6 [Source:UniProtKB/TrEMBL;Acc:A0A178VBT4],0.8671570476637924,0.9792023603859943,0.09208876895889394,0.7392246278840233,0.9251069047649143,0.18322129494638828,0.7763014056560377,0.9421509971887684,-0.15651453685403105,0,0,0,9
