ID,Path,Gene,Chromosome,Start,End,Strand,Length,BioType,Description,Flg22_vs_Mock_pvalue,Flg22_vs_Mock_padj,Flg22_vs_Mock_log2FoldChange,Flg22_SynCom33_vs_Mock_pvalue,Flg22_SynCom33_vs_Mock_padj,Flg22_SynCom33_vs_Mock_log2FoldChange,Flg22_SynCom35_vs_Mock_pvalue,Flg22_SynCom35_vs_Mock_padj,Flg22_SynCom35_vs_Mock_log2FoldChange,Flg22_vs_Mock,Flg22_SynCom33_vs_Mock,Flg22_SynCom35_vs_Mock,cl
AT3G26744.2,GO:0001046,SCRM,3,9832667,9835272,-,2605,protein_coding,Transcription factor ICE1 [Source:UniProtKB/Swiss-Prot;Acc:Q9LSE2],0.6524933642941353,0.9289707441860648,-0.9514229134667449,0.8230143482685821,0.9516514829217881,0.4703112770709593,0.6454928750929205,NA,-0.9716940399408571,0,0,0,10
AT3G26744.5,GO:0001046,SCRM,3,9832680,9835247,-,2567,protein_coding,Transcription factor ICE1 [Source:UniProtKB/Swiss-Prot;Acc:Q9LSE2],0.2931224379307418,0.7651667931552553,1.7843130596500238,0.3384847122703185,NA,1.6264308270064594,0.3528640021766144,NA,1.5781974982777882,0,0,0,6
AT3G26744.4,GO:0001046,SCRM,3,9832713,9835217,-,2504,protein_coding,Transcription factor ICE1 [Source:UniProtKB/Swiss-Prot;Acc:Q9LSE2],0.11973519397580928,0.5580117681343423,0.6027854332544308,0.4267767170689101,0.7668229067695693,0.30875925042674013,0.29494269302840015,0.6988802628658771,0.40618021137390997,0,0,0,6
