ID,Path,Gene,Chromosome,Start,End,Strand,Length,BioType,Description,Flg22_vs_Mock_pvalue,Flg22_vs_Mock_padj,Flg22_vs_Mock_log2FoldChange,Flg22_SynCom33_vs_Mock_pvalue,Flg22_SynCom33_vs_Mock_padj,Flg22_SynCom33_vs_Mock_log2FoldChange,Flg22_SynCom35_vs_Mock_pvalue,Flg22_SynCom35_vs_Mock_padj,Flg22_SynCom35_vs_Mock_log2FoldChange,Flg22_vs_Mock,Flg22_SynCom33_vs_Mock,Flg22_SynCom35_vs_Mock,cl
AT1G20960.1,GO:0000388,BRR2A,1,7301599,7310271,-,8672,protein_coding,DExH-box ATP-dependent RNA helicase DExH12 [Source:UniProtKB/Swiss-Prot;Acc:Q9SYP1],0.14659312493495655,0.6041042325132769,-0.14861619452226313,0.05817881589811193,0.3038021767942837,-0.19399640402781332,0.061046782594488494,0.3520286422958303,0.19139038704432038,0,0,0,4
AT1G20960.2,GO:0000388,BRR2A,1,7301748,7310250,-,8502,protein_coding,DExH-box ATP-dependent RNA helicase DExH12 [Source:UniProtKB/Swiss-Prot;Acc:Q9SYP1],0.07456486859319797,0.45189020643965133,-0.682039782396531,4.3156700761730213e-4,0.012355041851723446,-1.3518751366315127,0.13470065527707784,0.5106991811990204,-0.5716709857881082,0,-1,0,8
AT2G42270.1,GO:0000388,BRR2B,2,17604076,17611333,+,7257,protein_coding,DExH-box ATP-dependent RNA helicase DExH13 [Source:UniProtKB/Swiss-Prot;Acc:O48534],0.0962488277126484,0.5089722320292608,-0.2551287394419187,0.9217702649221177,0.9808847324063533,-0.015030320611759134,0.9717755041022661,0.993412725320486,0.0054101901131683216,0,0,0,1
