ID,Path,Gene,Chromosome,Start,End,Strand,Length,BioType,Description,Flg22_vs_Mock_pvalue,Flg22_vs_Mock_padj,Flg22_vs_Mock_log2FoldChange,Flg22_SynCom33_vs_Mock_pvalue,Flg22_SynCom33_vs_Mock_padj,Flg22_SynCom33_vs_Mock_log2FoldChange,Flg22_SynCom35_vs_Mock_pvalue,Flg22_SynCom35_vs_Mock_padj,Flg22_SynCom35_vs_Mock_log2FoldChange,Flg22_vs_Mock,Flg22_SynCom33_vs_Mock,Flg22_SynCom35_vs_Mock,cl
AT2G07751.1,GO:0030964,,2,3270008,3270364,+,356,protein_coding,NADH-ubiquinone oxidoreductase chain 3 [Source:UniProtKB/TrEMBL;Acc:Q3EC47],0.18952027965942025,0.6650779946805337,0.7909954647561317,0.11985604930900741,0.4400548045949319,0.9340055179495538,0.920660793922409,NA,0.061572079809271436,0,0,0,9
ATMG00650.1,GO:0030964,NAD4L,Mt,188929,189231,-,302,protein_coding,NADH dehydrogenase subunit 4L [Source:UniProtKB/TrEMBL;Acc:G1C2W6],0.3387863213028034,NA,0.7155355260846964,0.7407557245348135,NA,-0.26577891621370037,0.08053679919719041,NA,-1.653880744376302,0,0,-0,7
ATCG00440.1,GO:0030964,NDHC,Pt,50001,50363,-,362,protein_coding,"NAD(P)H-quinone oxidoreductase subunit 3, chloroplastic [Source:UniProtKB/TrEMBL;Acc:A0A1B1W4V1]",0.4333998068326502,NA,1.0897335277204727,0.7346380061150165,NA,0.4824372196217629,0.39530940012505206,NA,1.176777845194599,0,0,0,6
ATCG01070.1,GO:0030964,NDHE,Pt,117804,118109,-,305,protein_coding,"NAD(P)H-quinone oxidoreductase subunit 4L, chloroplastic [Source:UniProtKB/Swiss-Prot;Acc:P26289]",0.8030927324874015,NA,-0.2562320167681566,0.6551791294544842,NA,-0.4681216691165759,0.5451890727613778,NA,0.5846560607946667,0,0,0,4
