ID,Path,Gene,Chromosome,Start,End,Strand,Length,BioType,Description,Flg22_vs_Mock_pvalue,Flg22_vs_Mock_padj,Flg22_vs_Mock_log2FoldChange,Flg22_SynCom33_vs_Mock_pvalue,Flg22_SynCom33_vs_Mock_padj,Flg22_SynCom33_vs_Mock_log2FoldChange,Flg22_SynCom35_vs_Mock_pvalue,Flg22_SynCom35_vs_Mock_padj,Flg22_SynCom35_vs_Mock_log2FoldChange,Flg22_vs_Mock,Flg22_SynCom33_vs_Mock,Flg22_SynCom35_vs_Mock,cl
AT1G15710.1,GO:0033730,TYRAAT2,1,5404130,5405910,+,1780,protein_coding,"Arogenate dehydrogenase 2, chloroplastic [Source:UniProtKB/Swiss-Prot;Acc:Q9LMR3]",0.9298444599749309,0.990882914792884,-0.01070926652641869,0.6266270093364538,0.880075043848702,0.05897099209661052,0.828220025847096,0.957267260592803,0.026216986670665514,0,0,0,1
AT5G34930.2,GO:0033730,,5,13233357,13235759,+,2402,protein_coding,arogenate dehydrogenase [Source:TAIR;Acc:AT5G34930],0.07653753537229546,0.45744275680899377,1.4290557643301902,0.9676008228920239,0.993030456049332,0.03310187554830574,0.187121502287997,0.5857864804222033,-1.0928580158428074,0,0,-0,7
AT5G34930.1,GO:0033730,,5,13233374,13235567,+,2193,protein_coding,arogenate dehydrogenase [Source:TAIR;Acc:AT5G34930],0.9741600851113712,0.9948798425309692,-0.03085187520659576,0.10388254165806589,0.41137179920900024,-1.5608889002024797,0.7234995233199155,0.9256393518353461,-0.33720598223044257,0,-0,0,3
AT5G34930.3,GO:0033730,,5,13233487,13235763,+,2276,protein_coding,arogenate dehydrogenase [Source:TAIR;Acc:AT5G34930],0.44132711311060774,0.8573013777397028,0.09824551614101074,0.007798391103369812,0.0928683681277479,0.3368242454043634,0.44912079800883503,0.8043988577092702,0.09630528616208231,0,0,0,5
