ID,Path,Gene,Chromosome,Start,End,Strand,Length,BioType,Description,Flg22_vs_Mock_pvalue,Flg22_vs_Mock_padj,Flg22_vs_Mock_log2FoldChange,Flg22_SynCom33_vs_Mock_pvalue,Flg22_SynCom33_vs_Mock_padj,Flg22_SynCom33_vs_Mock_log2FoldChange,Flg22_SynCom35_vs_Mock_pvalue,Flg22_SynCom35_vs_Mock_padj,Flg22_SynCom35_vs_Mock_log2FoldChange,Flg22_vs_Mock,Flg22_SynCom33_vs_Mock,Flg22_SynCom35_vs_Mock,cl
AT1G21440.1,GO:0004451,,1,7502082,7504274,-,2192,protein_coding,At1g21440 [Source:UniProtKB/TrEMBL;Acc:Q501F7],0.4793309008380798,0.8724331236914297,1.1371974775500964,0.8288128358834164,0.9524279337501815,0.3488462683078004,0.39736921468773534,NA,-1.3895126994053812,0,0,-0,7
AT1G21440.2,GO:0004451,,1,7502143,7504275,-,2132,protein_coding,At1g21440 [Source:UniProtKB/TrEMBL;Acc:Q501F7],0.19111436171631105,0.6664468270250586,0.34939213579547274,0.5123567263933827,0.8197114588161949,-0.175553659110328,0.35055890247629046,0.7408750243645689,0.24951539937786318,0,0,0,3
AT3G21720.1,GO:0004451,ICL,3,7652487,7656053,-,3566,protein_coding,Isocitrate lyase [Source:UniProtKB/Swiss-Prot;Acc:P28297],3.380007135637099e-5,0.0028603438029102955,1.6912874634558956,0.8198429156267404,0.9505996341072798,0.0936849137294095,0.035166443296527905,0.2641137073027276,-0.875476860836303,1,0,0,7
