ID,Path,Gene,Chromosome,Start,End,Strand,Length,BioType,Description,Flg22_vs_Mock_pvalue,Flg22_vs_Mock_padj,Flg22_vs_Mock_log2FoldChange,Flg22_SynCom33_vs_Mock_pvalue,Flg22_SynCom33_vs_Mock_padj,Flg22_SynCom33_vs_Mock_log2FoldChange,Flg22_SynCom35_vs_Mock_pvalue,Flg22_SynCom35_vs_Mock_padj,Flg22_SynCom35_vs_Mock_log2FoldChange,Flg22_vs_Mock,Flg22_SynCom33_vs_Mock,Flg22_SynCom35_vs_Mock,cl
AT1G05180.1,GO:0008641,AXR1,1,1498114,1501953,-,3839,protein_coding,NEDD8-activating enzyme E1 regulatory subunit [Source:UniProtKB/TrEMBL;Acc:A0A178WFT2],0.4060020246951902,0.8403341915918284,-0.06405368211964343,0.004747104877032078,0.06653371913679683,-0.21949830105701515,0.002687427281228645,0.05325710505090506,-0.2323686877186457,0,0,0,2
AT5G19180.1,GO:0008641,ECR1,5,6453248,6456033,+,2785,protein_coding,NEDD8-activating enzyme E1 catalytic subunit [Source:UniProtKB/Swiss-Prot;Acc:O65041],0.6523813982648445,0.9289707441860648,-0.043519437617610866,0.21926017882819113,0.5865205226862441,-0.11904412781837291,0.3297488060875355,0.7253953918914593,-0.09406878567839011,0,0,0,8
AT5G19180.2,GO:0008641,ECR1,5,6453248,6456033,+,2785,protein_coding,NEDD8-activating enzyme E1 catalytic subunit [Source:UniProtKB/Swiss-Prot;Acc:O65041],0.8289599134196887,0.9698597075340092,0.07149304140899009,0.8044265010147684,0.9459780862095606,0.08194639423851315,0.9188512500557346,0.9815039955735931,-0.033749462936393144,0,0,0,9
AT5G37530.1,GO:0008641,,5,14906456,14909251,+,2795,protein_coding,At5g37530 [Source:UniProtKB/TrEMBL;Acc:Q08A97],0.07002696900352891,0.4399025406498875,-1.2586543686625835,0.08099192569157214,0.3632946681863578,-1.2116308892667833,0.8903852960856495,0.9750905762239991,-0.09456190724548783,-0,-0,0,8
AT5G55130.3,GO:0008641,MOCS3,5,22373168,22375413,-,2245,protein_coding,Adenylyltransferase and sulfurtransferase MOCS3 [Source:UniProtKB/Swiss-Prot;Acc:Q9ZNW0],0.6073933896864194,0.9155269761939208,0.19258661709092056,0.4728353283535062,0.795964637535159,0.26891168613544475,0.6041648204659285,0.8820562909131257,-0.19497970848327525,0,0,0,9
AT5G55130.1,GO:0008641,MOCS3,5,22373180,22376138,-,2958,protein_coding,Adenylyltransferase and sulfurtransferase MOCS3 [Source:UniProtKB/Swiss-Prot;Acc:Q9ZNW0],0.06873625832103215,0.437338020133438,-0.32297151461072787,0.032499319265598264,0.2200242663220182,-0.38009117123638925,0.8060646843945105,0.9509415955860436,-0.043204937076847444,0,0,0,8
