ID,Path,Gene,Chromosome,Start,End,Strand,Length,BioType,Description,Flg22_vs_Mock_pvalue,Flg22_vs_Mock_padj,Flg22_vs_Mock_log2FoldChange,Flg22_SynCom33_vs_Mock_pvalue,Flg22_SynCom33_vs_Mock_padj,Flg22_SynCom33_vs_Mock_log2FoldChange,Flg22_SynCom35_vs_Mock_pvalue,Flg22_SynCom35_vs_Mock_padj,Flg22_SynCom35_vs_Mock_log2FoldChange,Flg22_vs_Mock,Flg22_SynCom33_vs_Mock,Flg22_SynCom35_vs_Mock,cl
AT3G01640.1,GO:0047940,ATGLCAK,3,239381,241451,+,2070,protein_coding,Glucuronokinase G [Source:UniProtKB/TrEMBL;Acc:A0A1I9LRK4],0.4163027767380437,0.8456513168809671,0.07004659870523693,0.039503696866579625,0.24604689044656938,0.17635095750404298,0.8141577166526758,0.9535427957459082,0.020215342270113252,0,0,0,5
AT5G14470.1,GO:0047940,GLCAK2,5,4662775,4664681,-,1906,protein_coding,Probable glucuronokinase 2 [Source:UniProtKB/Swiss-Prot;Acc:Q9LY82],0.32561926057776197,0.7890070162667552,-0.5070389405182136,0.7396624156692923,0.9251069047649143,-0.1703227045298286,0.11325194990804156,0.4754171018823354,0.8010269453171585,0,0,0,4
