ID,Path,Gene,Chromosome,Start,End,Strand,Length,BioType,Description,Flg22_vs_Mock_pvalue,Flg22_vs_Mock_padj,Flg22_vs_Mock_log2FoldChange,Flg22_SynCom33_vs_Mock_pvalue,Flg22_SynCom33_vs_Mock_padj,Flg22_SynCom33_vs_Mock_log2FoldChange,Flg22_SynCom35_vs_Mock_pvalue,Flg22_SynCom35_vs_Mock_padj,Flg22_SynCom35_vs_Mock_log2FoldChange,Flg22_vs_Mock,Flg22_SynCom33_vs_Mock,Flg22_SynCom35_vs_Mock,cl
AT1G54210.1,GO:0006501,ATG12A,1,20241231,20242641,+,1410,protein_coding,Ubiquitin-like protein ATG12 [Source:UniProtKB/TrEMBL;Acc:A0A178VZU7],0.500830427399406,0.8803740886027461,0.2421233229395468,0.19267547512037494,0.552860411209905,0.46643733069079824,0.2637406237904964,0.6725036488767104,0.39997774530375674,0,0,0,6
AT3G13970.1,GO:0006501,ATG12B,3,4613492,4614857,-,1365,protein_coding,Ubiquitin-like protein ATG12 [Source:UniProtKB/TrEMBL;Acc:A0A178VDM5],0.5685890998593772,0.9039337511250641,-0.2282406330346739,0.7067208469792894,0.9143499041540367,-0.15011646717298222,0.33126615377745466,0.7268614980765672,-0.3906219374143085,0,0,0,10
AT5G17290.1,GO:0006501,ATG5,5,5686135,5689947,-,3812,protein_coding,Autophagy protein 5 [Source:UniProtKB/Swiss-Prot;Acc:Q9FFI2],0.5614355168382235,0.9018626970685969,-0.10391067620642251,0.24881407610092465,0.6197135055187579,0.2051878035701083,0.9575717404183776,0.9901685262178856,-0.009487066758434299,0,0,0,5
AT5G45900.1,GO:0006501,ATG7,5,18615175,18618597,+,3422,protein_coding,Ubiquitin-like modifier-activating enzyme atg7 [Source:UniProtKB/Swiss-Prot;Acc:Q94CD5],0.6640586293194748,0.9325383080246943,-0.04893422494174389,0.45668613000925123,0.7865283401477016,-0.08407674620074625,0.9429409541340742,0.9865976003276843,-0.008011407826090132,0,0,0,4
