ID,Path,Gene,Chromosome,Start,End,Strand,Length,BioType,Description,Flg22_vs_Mock_pvalue,Flg22_vs_Mock_padj,Flg22_vs_Mock_log2FoldChange,Flg22_SynCom33_vs_Mock_pvalue,Flg22_SynCom33_vs_Mock_padj,Flg22_SynCom33_vs_Mock_log2FoldChange,Flg22_SynCom35_vs_Mock_pvalue,Flg22_SynCom35_vs_Mock_padj,Flg22_SynCom35_vs_Mock_log2FoldChange,Flg22_vs_Mock,Flg22_SynCom33_vs_Mock,Flg22_SynCom35_vs_Mock,cl
AT2G21410.1,GO:0031669,VHA-A2,2,9162516,9168556,+,6040,protein_coding,V-type proton ATPase subunit a2 [Source:UniProtKB/Swiss-Prot;Acc:Q9SJT7],0.14538632102409438,0.6019430822264947,-0.09613974012386951,0.2965823349191916,0.6643147936742759,-0.06889150325891504,0.23004625704927786,0.6381277349837351,-0.0790604714001102,0,0,0,8
AT4G39080.1,GO:0031669,VHA-A3,4,18209399,18215204,+,5805,protein_coding,V-type proton ATPase subunit a3 [Source:UniProtKB/Swiss-Prot;Acc:Q8W4S4],0.28848716937087004,0.7618671814796104,-0.14251927614966528,0.8582642959132771,0.9620891873875449,-0.023974953959536756,0.6085156981671764,0.8845300807693148,-0.06875834064263424,0,0,0,1
