ID,Path,Gene,Chromosome,Start,End,Strand,Length,BioType,Description,Flg22_vs_Mock_pvalue,Flg22_vs_Mock_padj,Flg22_vs_Mock_log2FoldChange,Flg22_SynCom33_vs_Mock_pvalue,Flg22_SynCom33_vs_Mock_padj,Flg22_SynCom33_vs_Mock_log2FoldChange,Flg22_SynCom35_vs_Mock_pvalue,Flg22_SynCom35_vs_Mock_padj,Flg22_SynCom35_vs_Mock_log2FoldChange,Flg22_vs_Mock,Flg22_SynCom33_vs_Mock,Flg22_SynCom35_vs_Mock,cl
AT2G15890.2,GO:0036033,MEE14,2,6920369,6922025,-,1656,protein_coding,CCG-binding protein 1 [Source:UniProtKB/Swiss-Prot;Acc:Q9XIM0],0.6773628600057622,0.9361198520858621,-0.6256843643955188,0.9430731916056936,NA,0.10596253292275556,0.25132083870466604,NA,1.677811322036718,0,0,0,4
AT2G15890.1,GO:0036033,MEE14,2,6920369,6922161,-,1792,protein_coding,CCG-binding protein 1 [Source:UniProtKB/Swiss-Prot;Acc:Q9XIM0],0.034459850920629594,0.3097737112123734,-1.0705387124873373,0.1678284956699662,0.5185798452039926,0.6965865331331201,0.02871460850411451,0.23788431521762632,1.104440833938421,-0,0,0,1
