ID,Path,Gene,Chromosome,Start,End,Strand,Length,BioType,Description,Flg22_vs_Mock_pvalue,Flg22_vs_Mock_padj,Flg22_vs_Mock_log2FoldChange,Flg22_SynCom33_vs_Mock_pvalue,Flg22_SynCom33_vs_Mock_padj,Flg22_SynCom33_vs_Mock_log2FoldChange,Flg22_SynCom35_vs_Mock_pvalue,Flg22_SynCom35_vs_Mock_padj,Flg22_SynCom35_vs_Mock_log2FoldChange,Flg22_vs_Mock,Flg22_SynCom33_vs_Mock,Flg22_SynCom35_vs_Mock,cl
AT2G37040.1,GO:0046244,PAL1,2,15557367,15560755,-,3388,protein_coding,Phenylalanine ammonia-lyase 1 [Source:UniProtKB/Swiss-Prot;Acc:P35510],0.06332366846941248,0.42059260524226344,0.40182129556493906,0.6957473928360205,0.9102585007163042,-0.08463386642685901,0.010417039771352157,0.12958280393960198,-0.55445762276104,0,0,0,7
AT4G10500.1,GO:0046244,DLO1,4,6491017,6492578,+,1561,protein_coding,Protein DMR6-LIKE OXYGENASE 1 [Source:UniProtKB/Swiss-Prot;Acc:Q9ZSA8],3.0747213651605555e-4,0.014499329993183891,1.0894440912217138,0.003559877259244051,0.05518836244694267,0.8808345360966681,0.07688100081464919,0.39477111094486206,-0.5407468638063686,1,0,0,9
