ID,Path,Gene,Chromosome,Start,End,Strand,Length,BioType,Description,Flg22_vs_Mock_pvalue,Flg22_vs_Mock_padj,Flg22_vs_Mock_log2FoldChange,Flg22_SynCom33_vs_Mock_pvalue,Flg22_SynCom33_vs_Mock_padj,Flg22_SynCom33_vs_Mock_log2FoldChange,Flg22_SynCom35_vs_Mock_pvalue,Flg22_SynCom35_vs_Mock_padj,Flg22_SynCom35_vs_Mock_log2FoldChange,Flg22_vs_Mock,Flg22_SynCom33_vs_Mock,Flg22_SynCom35_vs_Mock,cl
AT1G24400.1,GO:0015804,LHT2,1,8651407,8653915,-,2508,protein_coding,Lysine histidine transporter 2 [Source:UniProtKB/Swiss-Prot;Acc:Q9LRB5],0.6143881986776172,NA,0.6265391583135537,0.20072231376437805,NA,-1.7974762511895346,0.18950084775126189,NA,-1.833968290852395,0,-0,-0,2
AT1G58360.1,GO:0015804,AAP1,1,21676388,21680519,+,4131,protein_coding,NAT2 [Source:UniProtKB/TrEMBL;Acc:A0A178WEG7],1.1540097449227869e-5,0.0012331310225449056,0.9163413953105973,0.5132658338141061,0.8202123495773868,-0.1376274685986394,0.0017638223006713517,0.03942440900798488,-0.6617045922344587,0,0,0,7
AT4G38250.1,GO:0015804,AVT3C,4,17935402,17937068,+,1666,protein_coding,Amino acid transporter AVT3C [Source:UniProtKB/Swiss-Prot;Acc:Q9SVG0],0.8822297955753989,0.9829583821909567,-0.02211518144521292,0.39560078346053135,0.7462311599877905,0.12668738143082448,0.8153758579333952,0.9539268471456649,-0.03483983846642022,0,0,0,5
AT5G09220.1,GO:0015804,AAP2,5,2866222,2869156,+,2934,protein_coding,Amino acid permease 2 [Source:UniProtKB/Swiss-Prot;Acc:Q38967],0.26811464953083874,0.7447481709549758,0.33524813703146517,0.10959152436511059,0.4224365645966222,-0.48473235094594896,0.01356429210263249,0.1527046043075023,-0.7480267598972147,0,0,0,2
AT5G65990.1,GO:0015804,AVT3A,5,26394823,26396513,+,1690,protein_coding,Amino acid transporter AVT3A [Source:UniProtKB/Swiss-Prot;Acc:Q9FKY3],2.684036834329255e-4,0.013169232299942385,1.0015834354409467,0.11786281319592223,0.4364170997703556,0.4333715281114909,0.11219152379790955,0.4731948947282798,-0.4480533041081357,1,0,0,7
