ID,Path,Gene,Chromosome,Start,End,Strand,Length,BioType,Description,Flg22_vs_Mock_pvalue,Flg22_vs_Mock_padj,Flg22_vs_Mock_log2FoldChange,Flg22_SynCom33_vs_Mock_pvalue,Flg22_SynCom33_vs_Mock_padj,Flg22_SynCom33_vs_Mock_log2FoldChange,Flg22_SynCom35_vs_Mock_pvalue,Flg22_SynCom35_vs_Mock_padj,Flg22_SynCom35_vs_Mock_log2FoldChange,Flg22_vs_Mock,Flg22_SynCom33_vs_Mock,Flg22_SynCom35_vs_Mock,cl
AT2G45960.1,GO:0015670,PIP1B,2,18910081,18911982,+,1901,protein_coding,Plasma membrane intrinsic protein 1B [Source:UniProtKB/TrEMBL;Acc:A8MRW1],0.2147660009941029,0.6910016123640361,0.4576110956296647,0.35805716470882926,0.717074625769407,0.3390300970163583,0.944422281665268,0.986847967688978,-0.025717480376691523,0,0,0,7
AT2G45960.2,GO:0015670,PIP1B,2,18910295,18911982,+,1687,protein_coding,Plasma membrane intrinsic protein 1B [Source:UniProtKB/TrEMBL;Acc:A8MRW1],0.11677926060363153,0.5515265332605501,0.687925037606789,0.03031671942587282,0.2114525912891718,0.9489464844949507,0.6015871024059555,0.8812404712090004,0.2294814330415539,0,0,0,9
AT2G45960.3,GO:0015670,PIP1B,2,18910295,18911982,+,1687,protein_coding,Plasma membrane intrinsic protein 1B [Source:UniProtKB/TrEMBL;Acc:A8MRW1],0.07085834118003564,0.44240910388317956,0.907073814487018,0.8806784529478603,0.9681244075962442,0.07542146092506326,0.9361546908884912,0.9851868880707652,0.040245730623528445,0,0,0,7
