ID,Path,Gene,Chromosome,Start,End,Strand,Length,BioType,Description,Flg22_vs_Mock_pvalue,Flg22_vs_Mock_padj,Flg22_vs_Mock_log2FoldChange,Flg22_SynCom33_vs_Mock_pvalue,Flg22_SynCom33_vs_Mock_padj,Flg22_SynCom33_vs_Mock_log2FoldChange,Flg22_SynCom35_vs_Mock_pvalue,Flg22_SynCom35_vs_Mock_padj,Flg22_SynCom35_vs_Mock_log2FoldChange,Flg22_vs_Mock,Flg22_SynCom33_vs_Mock,Flg22_SynCom35_vs_Mock,cl
AT2G29525.3,GO:0045140,IPCS3,2,12638334,12640819,+,2485,protein_coding,Phosphatidylinositol:ceramide inositolphosphotransferase 3 [Source:UniProtKB/Swiss-Prot;Acc:Q56Y01],0.8019673382750915,0.9660818513594794,0.0687126686046218,0.5117115298109951,0.81968708312446,0.1787436833061219,0.25469788708170904,0.663269190352576,-0.3182669700348477,0,0,0,9
AT2G29525.2,GO:0045140,IPCS3,2,12638344,12640793,+,2449,protein_coding,Phosphatidylinositol:ceramide inositolphosphotransferase 3 [Source:UniProtKB/Swiss-Prot;Acc:Q56Y01],0.34354456800252386,0.8010511024988508,0.3286364828891553,0.4568462621505598,0.7865362996818167,0.25900170095845043,0.9283557665325095,0.983848907100618,-0.03157788227442188,0,0,0,9
AT2G37940.2,GO:0045140,IPCS2,2,15876717,15880103,+,3386,protein_coding,ERH1 [Source:UniProtKB/TrEMBL;Acc:A0A178VV03],0.6458887765556411,0.9273604099470842,-0.13200996508086021,0.23275845024404399,0.6019907879777319,-0.34357820533544653,0.34696042108759817,0.7384333729680349,-0.27035933726317146,0,0,0,8
AT2G37940.1,GO:0045140,IPCS2,2,15876718,15880073,+,3355,protein_coding,ERH1 [Source:UniProtKB/TrEMBL;Acc:A0A178VV03],0.2641760444609785,0.7413921632498215,0.18533623297614032,0.055484823758390665,0.2962349617225537,0.31761279363443506,0.394893663958839,0.7696074218153209,-0.1414890142849801,0,0,0,9
AT3G54020.1,GO:0045140,IPCS1,3,20005616,20008254,+,2638,protein_coding,Phosphatidylinositol:ceramide inositolphosphotransferase 1 [Source:UniProtKB/Swiss-Prot;Acc:Q9M325],0.45028257816068396,0.8613956255147585,0.08561019022438507,0.043318250459563966,0.2594408785174755,0.22740135143528367,0.7005078245233657,0.9182962048754426,0.04351621795556716,0,0,0,5
