ID,Path,Gene,Chromosome,Start,End,Strand,Length,BioType,Description,Flg22_vs_Mock_pvalue,Flg22_vs_Mock_padj,Flg22_vs_Mock_log2FoldChange,Flg22_SynCom33_vs_Mock_pvalue,Flg22_SynCom33_vs_Mock_padj,Flg22_SynCom33_vs_Mock_log2FoldChange,Flg22_SynCom35_vs_Mock_pvalue,Flg22_SynCom35_vs_Mock_padj,Flg22_SynCom35_vs_Mock_log2FoldChange,Flg22_vs_Mock,Flg22_SynCom33_vs_Mock,Flg22_SynCom35_vs_Mock,cl
AT5G05000.3,GO:0019750,TOC34,5,1474029,1476281,-,2252,protein_coding,"Translocase of chloroplast 34, chloroplastic [Source:UniProtKB/Swiss-Prot;Acc:Q38906]",0.9516934608536602,0.9935683150044656,0.04083483991670186,0.4008437417654777,0.7493331816449973,-0.5750591530801049,0.011992521324870825,NA,-1.806398127303761,0,0,-0,2
AT5G05000.2,GO:0019750,TOC34,5,1474113,1476019,-,1906,protein_coding,"Translocase of chloroplast 34, chloroplastic [Source:UniProtKB/Swiss-Prot;Acc:Q38906]",0.20091370671896794,0.6749470880206995,-0.21293109068141097,0.5478675637868222,0.8398320804153431,-0.09985384180271703,0.4363923768627932,0.797010886767086,0.12862265735020656,0,0,0,4
