ID,Path,Gene,Chromosome,Start,End,Strand,Length,BioType,Description,Flg22_vs_Mock_pvalue,Flg22_vs_Mock_padj,Flg22_vs_Mock_log2FoldChange,Flg22_SynCom33_vs_Mock_pvalue,Flg22_SynCom33_vs_Mock_padj,Flg22_SynCom33_vs_Mock_log2FoldChange,Flg22_SynCom35_vs_Mock_pvalue,Flg22_SynCom35_vs_Mock_padj,Flg22_SynCom35_vs_Mock_log2FoldChange,Flg22_vs_Mock,Flg22_SynCom33_vs_Mock,Flg22_SynCom35_vs_Mock,cl
AT1G04410.1,GO:0006107,MDH1,1,1188995,1191458,-,2463,protein_coding,Malate dehydrogenase [Source:UniProtKB/TrEMBL;Acc:A0A178W4H0],0.3527086744605165,0.8087054280647589,-0.08416558765054219,0.019784513006491675,0.16404912974722677,-0.21108933699591348,0.5399451033587812,0.8546464612692037,-0.05549938819550377,0,0,0,8
AT5G12040.1,GO:0006107,NLP3,5,3884949,3888077,+,3128,protein_coding,"Omega-amidase, chloroplastic [Source:UniProtKB/Swiss-Prot;Acc:Q8RUF8]",0.03140361036541557,0.2930201632064143,0.323756143336041,0.7945843920692522,0.9426682041222534,-0.039426605857988246,0.013243769440904997,0.15043371350769236,-0.3770944609500285,0,0,0,7
AT5G12040.2,GO:0006107,NLP3,5,3885154,3888054,+,2900,protein_coding,"Omega-amidase, chloroplastic [Source:UniProtKB/Swiss-Prot;Acc:Q8RUF8]",0.39229369876013326,0.8336650326963123,1.163106534533095,0.5477927959194134,0.8398320804153431,0.8183726728524578,0.7136304742630335,0.9233387489119781,0.5002084963277166,0,0,0,7
AT5G43330.1,GO:0006107,MDH2,5,17390381,17392741,+,2360,protein_coding,"Malate dehydrogenase 2, cytoplasmic [Source:UniProtKB/Swiss-Prot;Acc:P57106]",7.323497777381904e-9,2.3853313516540057e-6,0.6161157484669513,0.04077166488722117,0.25069165038844454,0.2202279990808913,1.9440265303353525e-6,1.9733919943800806e-4,-0.5244664362514891,0,0,0,7
AT5G56720.1,GO:0006107,,5,22945419,22946807,+,1388,protein_coding,Malate dehydrogenase [Source:UniProtKB/TrEMBL;Acc:A0A178UAN5],0.9236904908067601,0.9888441457128984,0.04035533435677211,0.4746244232561921,0.7975962170362964,-0.30620023044605926,0.07568234024510453,0.3918153091492845,0.7297947688637919,0,0,0,4
AT5G58330.1,GO:0006107,,5,23579722,23582395,-,2673,protein_coding,"Malate dehydrogenase [NADP], chloroplastic [Source:UniProtKB/Swiss-Prot;Acc:Q8H1E2]",0.7740989643621599,0.9593789929619458,-0.30711514733073486,0.8920989753482828,0.971575766937266,-0.14509745807039,0.43438591381618435,0.7965710431523294,-0.8375130202959598,0,0,0,10
