ID,Path,Gene,Chromosome,Start,End,Strand,Length,BioType,Description,Flg22_vs_Mock_pvalue,Flg22_vs_Mock_padj,Flg22_vs_Mock_log2FoldChange,Flg22_SynCom33_vs_Mock_pvalue,Flg22_SynCom33_vs_Mock_padj,Flg22_SynCom33_vs_Mock_log2FoldChange,Flg22_SynCom35_vs_Mock_pvalue,Flg22_SynCom35_vs_Mock_padj,Flg22_SynCom35_vs_Mock_log2FoldChange,Flg22_vs_Mock,Flg22_SynCom33_vs_Mock,Flg22_SynCom35_vs_Mock,cl
AT1G79890.1,GO:0034085,,1,30048519,30052203,+,3684,protein_coding,Putative helicase; 55525-51977 [Source:UniProtKB/TrEMBL;Acc:Q9CA92],0.7515610149732077,0.9531706513115944,-0.3095557395303626,0.9910171646664383,0.997846295528128,0.01096687951409687,0.25953682304410974,0.6675865378803798,1.0885034630491892,0,0,0,4
AT1G79890.4,GO:0034085,,1,30049612,30052203,+,2591,protein_coding,Putative helicase; 55525-51977 [Source:UniProtKB/TrEMBL;Acc:Q9CA92],0.8391867265681067,0.9719035556892102,-0.2750117072527006,0.9238442072104793,0.9812965777279286,0.1291180669091532,0.9318819756203205,NA,0.11539317069252969,0,0,0,1
