ID,Path,Gene,Chromosome,Start,End,Strand,Length,BioType,Description,Flg22_vs_Mock_pvalue,Flg22_vs_Mock_padj,Flg22_vs_Mock_log2FoldChange,Flg22_SynCom33_vs_Mock_pvalue,Flg22_SynCom33_vs_Mock_padj,Flg22_SynCom33_vs_Mock_log2FoldChange,Flg22_SynCom35_vs_Mock_pvalue,Flg22_SynCom35_vs_Mock_padj,Flg22_SynCom35_vs_Mock_log2FoldChange,Flg22_vs_Mock,Flg22_SynCom33_vs_Mock,Flg22_SynCom35_vs_Mock,cl
AT1G15820.1,GO:0009783,LHCB6,1,5446462,5447880,-,1418,protein_coding,"Chlorophyll a-b binding protein, chloroplastic [Source:UniProtKB/TrEMBL;Acc:Q9LMQ2]",0.7433160017206959,0.9529854144178901,-0.1631961610176057,0.4408715797968813,0.777607099803147,0.382740180700999,0.42650811693461843,0.7900925754379803,0.39467519480974195,0,0,0,1
AT4G10340.1,GO:0009783,LHCB5,4,6408007,6409849,+,1842,protein_coding,"Chlorophyll a-b binding protein, chloroplastic [Source:UniProtKB/TrEMBL;Acc:A0A178UW55]",0.36428335052942673,0.8145469697356371,0.49326371812248265,0.05195721290417649,0.28653584597207055,1.053811215199037,0.3145621177428274,0.7138707760917571,0.54639275359204,0,0,0,5
