ID,Path,Gene,Chromosome,Start,End,Strand,Length,BioType,Description,Flg22_vs_Mock_pvalue,Flg22_vs_Mock_padj,Flg22_vs_Mock_log2FoldChange,Flg22_SynCom33_vs_Mock_pvalue,Flg22_SynCom33_vs_Mock_padj,Flg22_SynCom33_vs_Mock_log2FoldChange,Flg22_SynCom35_vs_Mock_pvalue,Flg22_SynCom35_vs_Mock_padj,Flg22_SynCom35_vs_Mock_log2FoldChange,Flg22_vs_Mock,Flg22_SynCom33_vs_Mock,Flg22_SynCom35_vs_Mock,cl
AT3G46200.3,GO:0071242,NUDT9,3,16968423,16971321,+,2898,protein_coding,Nudix hydrolase 9 [Source:UniProtKB/Swiss-Prot;Acc:Q8VYR2],0.9893480313056087,0.9976691739398755,0.008764580731783144,0.48797340470079054,0.8051947609853252,0.452294108530364,0.6394950009018143,0.8972397930656003,-0.30890938053941885,0,0,0,5
AT3G46200.1,GO:0071242,NUDT9,3,16968423,16971321,+,2898,protein_coding,Nudix hydrolase 9 [Source:UniProtKB/Swiss-Prot;Acc:Q8VYR2],0.28132290413512934,0.7562185505344393,-0.4169629024458705,0.5907704602504829,0.8644004304584164,0.20665321600434694,0.15346608722405822,0.5394597763656654,-0.5528948445923233,0,0,0,10
AT3G46200.6,GO:0071242,NUDT9,3,16969266,16971279,+,2013,protein_coding,Nudix hydrolase 9 [Source:UniProtKB/Swiss-Prot;Acc:Q8VYR2],0.9625276788615692,0.9944633830616663,-0.07039036869831045,0.7135292365739845,0.9171627778970177,0.5478812816255128,0.612487250949318,NA,-0.7634830745900438,0,0,0,9
