ID,Path,Gene,Chromosome,Start,End,Strand,Length,BioType,Description,Flg22_vs_Mock_pvalue,Flg22_vs_Mock_padj,Flg22_vs_Mock_log2FoldChange,Flg22_SynCom33_vs_Mock_pvalue,Flg22_SynCom33_vs_Mock_padj,Flg22_SynCom33_vs_Mock_log2FoldChange,Flg22_SynCom35_vs_Mock_pvalue,Flg22_SynCom35_vs_Mock_padj,Flg22_SynCom35_vs_Mock_log2FoldChange,Flg22_vs_Mock,Flg22_SynCom33_vs_Mock,Flg22_SynCom35_vs_Mock,cl
AT2G33810.1,GO:0010321,SPL3,2,14305001,14306072,+,1071,protein_coding,Squamosa promoter-binding-like protein 3 [Source:UniProtKB/Swiss-Prot;Acc:P93015],0.1938940611152571,0.6681409358695782,-1.7400472471851016,0.7235486682266246,NA,-0.4452060211250321,0.28762213065062125,NA,1.2932662227525988,-0,0,0,4
AT3G15270.1,GO:0010321,SPL5,3,5140365,5142323,-,1958,protein_coding,SPL5 [Source:UniProtKB/TrEMBL;Acc:A0A178VL13],0.07147135802346932,0.4436917750407213,1.2920392829443341,0.10628226386013809,NA,1.1650087158785103,0.152845068867779,NA,1.0331658355759454,0,0,0,6
AT3G54610.1,GO:0010321,HAG1,3,20213406,20217653,+,4247,protein_coding,Histone acetyltransferase GCN5 [Source:UniProtKB/Swiss-Prot;Acc:Q9AR19],0.12551616407933847,0.5674809176230383,0.1624764580394157,0.09762954393835915,0.399732425713948,0.17563961970904857,0.17322082503810604,0.567758393564953,0.14391130856309697,0,0,0,6
AT4G00650.1,GO:0010321,FRI,4,268901,271503,+,2602,protein_coding,Inactive protein FRIGIDA [Source:UniProtKB/Swiss-Prot;Acc:Q67Z93],0.6842491814046148,0.9380630295773623,-0.07456047537623861,0.6866507683182783,0.9068111426600555,-0.07399281350426236,0.925876066263812,0.9830388100982324,0.016939084324952603,0,0,0,4
