ID,Path,Gene,Chromosome,Start,End,Strand,Length,BioType,Description,Flg22_vs_Mock_pvalue,Flg22_vs_Mock_padj,Flg22_vs_Mock_log2FoldChange,Flg22_SynCom33_vs_Mock_pvalue,Flg22_SynCom33_vs_Mock_padj,Flg22_SynCom33_vs_Mock_log2FoldChange,Flg22_SynCom35_vs_Mock_pvalue,Flg22_SynCom35_vs_Mock_padj,Flg22_SynCom35_vs_Mock_log2FoldChange,Flg22_vs_Mock,Flg22_SynCom33_vs_Mock,Flg22_SynCom35_vs_Mock,cl
AT2G05070.1,GO:0009769,LHCB2.2,2,1799234,1800472,-,1238,protein_coding,"Chlorophyll a-b binding protein 2.2, chloroplastic [Source:UniProtKB/Swiss-Prot;Acc:Q9S7J7]",0.15737803050840227,0.6184506190475386,2.291447859891483,0.08205924031951031,0.3661082786678772,2.8125908296454862,0.6537166235094769,NA,0.7353432772635692,0,0,0,9
AT2G05100.1,GO:0009769,LHCB2.1,2,1822990,1824480,-,1490,protein_coding,photosystem II light harvesting complex gene 2.1 [Source:TAIR;Acc:AT2G05100],0.3364812994008522,0.7966215814423889,1.6175913681551608,0.15986622812084011,0.5069626495757588,2.3616320077679593,0.9088084919629293,0.9790860801232437,0.19398224136508316,0,0,0,9
AT2G34420.1,GO:0009769,LHB1B2,2,14522524,14523568,-,1044,protein_coding,"Chlorophyll a-b binding protein, chloroplastic [Source:UniProtKB/TrEMBL;Acc:Q39141]",0.7648055698966268,0.9571339617671963,0.302736681247028,0.18954249476789609,0.5488814178123629,1.3272666872555814,0.4365714898280509,0.797010886767086,0.7871484181319893,0,0,0,5
AT2G34430.1,GO:0009769,LHB1B1,2,14524607,14525918,+,1311,protein_coding,"Chlorophyll a-b binding protein, chloroplastic [Source:UniProtKB/TrEMBL;Acc:Q39142]",0.17873518455000706,0.6509485541922461,1.3638506320220054,0.3845373279993581,NA,0.8904921382123997,0.049826319570012365,NA,-2.549096894983098,0,0,-0,7
AT5G54270.1,GO:0009769,LHCB3,5,22038165,22039568,+,1403,protein_coding,"Chlorophyll a-b binding protein 3, chloroplastic [Source:UniProtKB/Swiss-Prot;Acc:Q9S7M0]",0.3538324424768391,0.8091849719908681,0.7668033622489786,0.15863549818644643,0.5048949073180936,1.1646822008307411,0.48981198568085377,0.8277593053355974,0.5713567435828515,0,0,0,5
ATCG00270.1,GO:0009769,PSBD,Pt,32711,33772,+,1061,protein_coding,Photosystem II D2 protein [Source:UniProtKB/Swiss-Prot;Acc:P56761],0.09392974235291601,0.5041323271839193,1.0013805745019968,0.42010962188707673,0.7625699020661071,0.49019857979406944,0.43297492841364726,NA,0.4754181156379454,0,0,0,7
