ID,Path,Gene,Chromosome,Start,End,Strand,Length,BioType,Description,Flg22_vs_Mock_pvalue,Flg22_vs_Mock_padj,Flg22_vs_Mock_log2FoldChange,Flg22_SynCom33_vs_Mock_pvalue,Flg22_SynCom33_vs_Mock_padj,Flg22_SynCom33_vs_Mock_log2FoldChange,Flg22_SynCom35_vs_Mock_pvalue,Flg22_SynCom35_vs_Mock_padj,Flg22_SynCom35_vs_Mock_log2FoldChange,Flg22_vs_Mock,Flg22_SynCom33_vs_Mock,Flg22_SynCom35_vs_Mock,cl
AT5G48000.3,GO:0080014,CYP708A2,5,19444103,19447370,-,3267,protein_coding,"Cytochrome P450, family 708, subfamily A, polypeptide 2 [Source:UniProtKB/TrEMBL;Acc:F4K051]",0.04244661089119167,0.34694252047655966,0.7131478008248346,0.3777569794667275,0.7330972510846497,0.3114884521272638,0.8670388968742662,0.9686421032206517,0.059259519065579316,0,0,0,7
AT5G48000.5,GO:0080014,CYP708A2,5,19444103,19447370,-,3267,protein_coding,"Cytochrome P450, family 708, subfamily A, polypeptide 2 [Source:UniProtKB/TrEMBL;Acc:F4K051]",0.04244661089119167,0.34694252047655966,0.7131478008248346,0.3777569794667275,0.7330972510846497,0.3114884521272638,0.8670388968742662,0.9686421032206517,0.059259519065579316,0,0,0,7
AT5G48000.7,GO:0080014,CYP708A2,5,19444138,19447149,-,3011,protein_coding,"Cytochrome P450, family 708, subfamily A, polypeptide 2 [Source:UniProtKB/TrEMBL;Acc:F4K051]",0.5232390007835164,0.8892909138503686,0.16943028226625795,0.25862488814998547,0.6294001668701711,-0.29991040655060913,0.7888267720988635,0.9460109401414806,0.07108795637364025,0,0,0,3
