ID,Path,Gene,Chromosome,Start,End,Strand,Length,BioType,Description,Flg22_vs_Mock_pvalue,Flg22_vs_Mock_padj,Flg22_vs_Mock_log2FoldChange,Flg22_SynCom33_vs_Mock_pvalue,Flg22_SynCom33_vs_Mock_padj,Flg22_SynCom33_vs_Mock_log2FoldChange,Flg22_SynCom35_vs_Mock_pvalue,Flg22_SynCom35_vs_Mock_padj,Flg22_SynCom35_vs_Mock_log2FoldChange,Flg22_vs_Mock,Flg22_SynCom33_vs_Mock,Flg22_SynCom35_vs_Mock,cl
AT2G17970.6,GO:0070988,ALKBH9B,2,7818894,7821381,-,2487,protein_coding,RNA demethylase ALKBH9B [Source:UniProtKB/Swiss-Prot;Acc:Q9SL49],0.8626446148942846,0.9785365357528006,-0.22611040920978814,0.5274313395491947,0.8291467409217225,-0.8304303919921336,0.567616712653124,NA,-0.7497926615734279,0,0,0,2
AT2G17970.8,GO:0070988,ALKBH9B,2,7818894,7821381,-,2487,protein_coding,RNA demethylase ALKBH9B [Source:UniProtKB/Swiss-Prot;Acc:Q9SL49],0.8790834979035012,0.9824498541769295,0.2625440051049104,0.9088288918055747,0.9762302513193264,0.19766238074211764,0.20552302310118709,0.6073544883636357,-2.214036409353773,0,0,-0,2
AT2G17970.1,GO:0070988,ALKBH9B,2,7818895,7821385,-,2490,protein_coding,RNA demethylase ALKBH9B [Source:UniProtKB/Swiss-Prot;Acc:Q9SL49],0.907970771274507,0.9869002016097549,-0.14507060390614798,0.9439975297824605,0.9873613349407674,0.08808787019004315,0.7546029584165692,0.9352156130032192,0.39153060636244996,0,0,0,1
AT2G17970.9,GO:0070988,ALKBH9B,2,7818895,7821385,-,2490,protein_coding,RNA demethylase ALKBH9B [Source:UniProtKB/Swiss-Prot;Acc:Q9SL49],0.17525502878771507,0.6461851535306946,2.4027310352892464,0.09798122838560216,0.40020112599499297,2.9294763865954327,0.17718980858139513,0.5731365238344843,2.3915631696013033,0,0,0,5
