ID,Path,Gene,Chromosome,Start,End,Strand,Length,BioType,Description,Flg22_vs_Mock_pvalue,Flg22_vs_Mock_padj,Flg22_vs_Mock_log2FoldChange,Flg22_SynCom33_vs_Mock_pvalue,Flg22_SynCom33_vs_Mock_padj,Flg22_SynCom33_vs_Mock_log2FoldChange,Flg22_SynCom35_vs_Mock_pvalue,Flg22_SynCom35_vs_Mock_padj,Flg22_SynCom35_vs_Mock_log2FoldChange,Flg22_vs_Mock,Flg22_SynCom33_vs_Mock,Flg22_SynCom35_vs_Mock,cl
AT1G15550.1,GO:0016707,GA3OX1,1,5344388,5346342,-,1954,protein_coding,Gibberellin 3-beta-dioxygenase 1 [Source:UniProtKB/Swiss-Prot;Acc:Q39103],0.09277554360646496,0.5013960547869362,-0.5727932613223579,0.18911355501102295,0.5483843209096385,-0.44679230254040175,0.37628823924156163,0.7583743197948001,0.2985282094044799,0,0,0,4
AT1G80340.1,GO:0016707,GA3OX2,1,30200466,30202349,-,1883,protein_coding,Gibberellin 3-beta-dioxygenase 2 [Source:UniProtKB/Swiss-Prot;Acc:Q9ZT84],0.02330162692139104,0.24940843396831655,-1.023759024175623,1.2669869956193072e-7,1.833599696295488e-5,-2.507749041610153,0.8094217499683299,0.9523214231581614,0.10702435590610855,-0,-1,0,4
