ID,Path,Gene,Chromosome,Start,End,Strand,Length,BioType,Description,Flg22_vs_Mock_pvalue,Flg22_vs_Mock_padj,Flg22_vs_Mock_log2FoldChange,Flg22_SynCom33_vs_Mock_pvalue,Flg22_SynCom33_vs_Mock_padj,Flg22_SynCom33_vs_Mock_log2FoldChange,Flg22_SynCom35_vs_Mock_pvalue,Flg22_SynCom35_vs_Mock_padj,Flg22_SynCom35_vs_Mock_log2FoldChange,Flg22_vs_Mock,Flg22_SynCom33_vs_Mock,Flg22_SynCom35_vs_Mock,cl
AT3G25100.1,GO:0005656,CDC45,3,9143916,9146236,+,2320,protein_coding,CDC45 (Cell division cycle 45)-like protein [Source:UniProtKB/TrEMBL;Acc:Q9LSG6],0.14076393647759117,0.5940188864998446,-0.4362461677991184,0.12008802832782554,0.44051936062592173,-0.46095895924566127,0.1337355280912678,0.509226278208963,0.4329424534569835,0,0,0,4
AT3G49180.1,GO:0005656,RID3,3,18229747,18232004,+,2257,protein_coding,Protein ROOT INITIATION DEFECTIVE 3 [Source:UniProtKB/Swiss-Prot;Acc:Q9M3B4],0.03618518284816502,0.31893743132786356,-0.4238653991406968,0.07307506369388102,0.34378786528157323,-0.3618912065086437,0.3277003555927823,0.7242029607739568,0.19338607088315127,0,0,0,4
AT5G16690.1,GO:0005656,ORC3,5,5474366,5480067,+,5701,protein_coding,ORC3 [Source:UniProtKB/TrEMBL;Acc:A0A178UNG9],0.4134514808820093,0.8445661834165121,-0.1963362425924301,0.0029666807889655814,0.048598606318691506,-0.7374623971025299,0.023066106588478918,0.20964276248795835,0.5279611566024838,0,0,0,4
