ID,Path,Gene,Chromosome,Start,End,Strand,Length,BioType,Description,Flg22_vs_Mock_pvalue,Flg22_vs_Mock_padj,Flg22_vs_Mock_log2FoldChange,Flg22_SynCom33_vs_Mock_pvalue,Flg22_SynCom33_vs_Mock_padj,Flg22_SynCom33_vs_Mock_log2FoldChange,Flg22_SynCom35_vs_Mock_pvalue,Flg22_SynCom35_vs_Mock_padj,Flg22_SynCom35_vs_Mock_log2FoldChange,Flg22_vs_Mock,Flg22_SynCom33_vs_Mock,Flg22_SynCom35_vs_Mock,cl
AT1G04920.1,GO:0046524,SPS3,1,1391434,1395953,-,4519,protein_coding,Probable sucrose-phosphate synthase 3 [Source:UniProtKB/Swiss-Prot;Acc:Q8RY24],0.6672761625430799,NA,0.3981815406384461,0.4664555640716372,NA,0.6666469793206556,0.7175559618482243,NA,-0.34870323308772316,0,0,0,9
AT4G10120.2,GO:0046524,SPS4,4,6314774,6319943,+,5169,protein_coding,Probable sucrose-phosphate synthase 4 [Source:UniProtKB/Swiss-Prot;Acc:F4JLK2],0.8141435383223867,0.9669393485203805,0.27845731893488873,0.8098079036596006,0.9476843004735268,-0.286381671017656,0.5759491542283752,NA,-0.6675894033574493,0,0,0,2
AT5G11110.1,GO:0046524,SPS2,5,3536189,3541149,+,4960,protein_coding,Glycosyltransferase (Fragment) [Source:UniProtKB/TrEMBL;Acc:W8QNB0],0.2717315025692669,0.7473527271377223,0.30564109333712697,0.45230107203349407,0.784296890241747,-0.20914900553839397,0.0074607373536389205,0.10495765664727102,-0.7451496366353563,0,0,0,7
AT5G20280.1,GO:0046524,SPS1,5,6844712,6850237,-,5525,protein_coding,Sucrose-phosphate synthase 1 [Source:UniProtKB/Swiss-Prot;Acc:Q94BT0],0.200934767305866,0.6749470880206995,0.2438021477471442,0.48783661795289296,0.8051809787989175,-0.13241458594804703,0.806513196229884,0.9512139696981851,-0.046720983709611856,0,0,0,3
