ID,Path,Gene,Chromosome,Start,End,Strand,Length,BioType,Description,Flg22_vs_Mock_pvalue,Flg22_vs_Mock_padj,Flg22_vs_Mock_log2FoldChange,Flg22_SynCom33_vs_Mock_pvalue,Flg22_SynCom33_vs_Mock_padj,Flg22_SynCom33_vs_Mock_log2FoldChange,Flg22_SynCom35_vs_Mock_pvalue,Flg22_SynCom35_vs_Mock_padj,Flg22_SynCom35_vs_Mock_log2FoldChange,Flg22_vs_Mock,Flg22_SynCom33_vs_Mock,Flg22_SynCom35_vs_Mock,cl
AT1G01510.1,GO:0045604,AN,1,187145,190472,+,3327,protein_coding,C-terminal binding protein AN [Source:UniProtKB/Swiss-Prot;Acc:O23702],0.5921471869910877,0.910141178910532,0.04098784951753882,0.6258834244409188,0.8796924718090965,-0.037452561991363695,3.091864501798275e-4,0.01118557536605457,0.27252989471071226,0,0,0,4
AT3G07050.1,GO:0045604,NSN1,3,2229355,2232361,-,3006,protein_coding,Guanine nucleotide-binding protein-like NSN1 [Source:UniProtKB/Swiss-Prot;Acc:Q9M8Z5],0.10113645503604904,0.5178090371074336,-0.42375707579358873,0.27354954256611225,0.643187160260844,-0.2829225617246524,0.3748811325208978,0.7575535236043576,0.22898950786897265,0,0,0,4
AT5G03150.1,GO:0045604,JKD,5,745421,749028,+,3607,protein_coding,Zinc finger protein JACKDAW [Source:UniProtKB/Swiss-Prot;Acc:Q700D2],0.1033135692487419,0.5231043187477207,0.24917930741667682,0.010628558333024082,0.1128291442386888,0.39005284504672977,0.0529098206120436,0.33028138668514395,0.29556063792311854,0,0,0,6
