ID,Path,Gene,Chromosome,Start,End,Strand,Length,BioType,Description,Flg22_vs_Mock_pvalue,Flg22_vs_Mock_padj,Flg22_vs_Mock_log2FoldChange,Flg22_SynCom33_vs_Mock_pvalue,Flg22_SynCom33_vs_Mock_padj,Flg22_SynCom33_vs_Mock_log2FoldChange,Flg22_SynCom35_vs_Mock_pvalue,Flg22_SynCom35_vs_Mock_padj,Flg22_SynCom35_vs_Mock_log2FoldChange,Flg22_vs_Mock,Flg22_SynCom33_vs_Mock,Flg22_SynCom35_vs_Mock,cl
AT1G17760.1,GO:0031123,CSTF77,1,6110107,6116617,-,6510,protein_coding,Cleavage stimulation factor subunit 77 [Source:UniProtKB/Swiss-Prot;Acc:Q8GUP1],0.8466718482397197,0.9743433191355945,0.017278393098600672,0.04061324502494374,0.2500382710078962,-0.18505060759469438,0.2031171303810364,0.6055256409797984,-0.11401969966448636,0,0,0,3
AT1G71800.1,GO:0031123,CSTF64,1,26999374,27002458,+,3084,protein_coding,Cleavage stimulating factor 64 [Source:UniProtKB/Swiss-Prot;Acc:Q9M9G6],0.584221907747015,0.9083896673828274,-0.05816081697106711,0.0494028013009865,0.27952980521429577,0.2057673484061242,0.00573317046187829,0.08979727537230983,0.28671793899512926,0,0,0,1
AT2G25850.4,GO:0031123,PAPS2,2,11025345,11030776,-,5431,protein_coding,PAPS2 [Source:UniProtKB/TrEMBL;Acc:A0A178VXR1],0.8338684676616845,0.970542629013237,0.21717065569922195,0.9516146673673956,0.9893064642111318,0.06287792593327542,0.5735628105522701,0.8699468340408513,0.5817423202470758,0,0,0,6
AT2G25850.1,GO:0031123,PAPS2,2,11025345,11030808,-,5463,protein_coding,PAPS2 [Source:UniProtKB/TrEMBL;Acc:A0A178VXR1],0.06664754971367504,0.43051778259600504,0.4206798473672115,0.8142430538216234,0.9493204568171436,-0.054445599441595986,0.17213994580910671,0.5661439256699233,-0.31781622752119404,0,0,0,7
AT2G25850.9,GO:0031123,PAPS2,2,11025502,11030761,-,5259,protein_coding,PAPS2 [Source:UniProtKB/TrEMBL;Acc:A0A178VXR1],0.5505066068135227,0.897534498232069,0.596732230249447,0.2692124619613262,0.6399300912940464,1.1032910137865015,0.32342114491703616,0.7211182487872156,0.9860810910098754,0,0,0,5
AT2G25850.3,GO:0031123,PAPS2,2,11025510,11030627,-,5117,protein_coding,PAPS2 [Source:UniProtKB/TrEMBL;Acc:A0A178VXR1],0.28813443074406847,0.7618384784841978,-0.2610146293139933,0.09052060733677479,0.3847841502889279,0.41319416026472056,0.20208824692541083,0.6044049357098217,0.3114238944415117,0,0,0,1
