ID,Path,Gene,Chromosome,Start,End,Strand,Length,BioType,Description,Flg22_vs_Mock_pvalue,Flg22_vs_Mock_padj,Flg22_vs_Mock_log2FoldChange,Flg22_SynCom33_vs_Mock_pvalue,Flg22_SynCom33_vs_Mock_padj,Flg22_SynCom33_vs_Mock_log2FoldChange,Flg22_SynCom35_vs_Mock_pvalue,Flg22_SynCom35_vs_Mock_padj,Flg22_SynCom35_vs_Mock_log2FoldChange,Flg22_vs_Mock,Flg22_SynCom33_vs_Mock,Flg22_SynCom35_vs_Mock,cl
AT3G12280.1,GO:0000082,RBR1,3,3913349,3919359,-,6010,protein_coding,RBR1 [Source:UniProtKB/TrEMBL;Acc:A0A178VFS5],0.24677711723830956,0.7260239293101869,-0.2510632814970025,0.0016196136683168077,0.03175671380867427,-0.6874250749074933,0.40073014962398823,0.7724939516332869,-0.18186196355825732,0,0,0,8
AT3G12280.2,GO:0000082,RBR1,3,3913463,3919170,-,5707,protein_coding,RBR1 [Source:UniProtKB/TrEMBL;Acc:A0A178VFS5],0.5386264343166944,0.8927104493818229,-0.25507452399429237,0.7969957985500112,0.9436131307943746,-0.10662145217693102,0.5490042850974899,0.85860658459828465,0.24783863808939138,0,0,0,4
AT3G48750.1,GO:0000082,CDKA-1,3,18071454,18074641,+,3187,protein_coding,Cyclin-dependent kinase A-1 [Source:UniProtKB/Swiss-Prot;Acc:P24100],0.8059266936741816,0.9662426756893417,-0.02320265242227422,0.05220281007319041,0.2874935715838143,-0.1844317575322781,0.2130414622121862,0.6154925682418578,0.1168270284529861,0,0,0,4
AT4G34160.1,GO:0000082,CYCD3-1,4,16357421,16359565,+,2144,protein_coding,Cyclin-D3-1 [Source:UniProtKB/Swiss-Prot;Acc:P42753],0.5275785652469966,0.8896699137220958,-0.1099843959032234,0.010334756402844734,0.11103873765838214,-0.45007858350454427,0.5427956880382322,0.8560756957403822,0.1053855664003511,0,0,0,4
AT5G03415.1,GO:0000082,DPB,5,842488,845454,+,2966,protein_coding,Transcription factor-like protein DPB [Source:UniProtKB/Swiss-Prot;Acc:Q9FNY2],0.47904678699376363,0.8724331236914297,0.0829682316100712,0.25659593018915616,0.6274555812489551,0.1326319185744733,0.33648168733905537,0.7302782929529426,0.11186807760026507,0,0,0,6
