ID,Path,Gene,Chromosome,Start,End,Strand,Length,BioType,Description,Flg22_vs_Mock_pvalue,Flg22_vs_Mock_padj,Flg22_vs_Mock_log2FoldChange,Flg22_SynCom33_vs_Mock_pvalue,Flg22_SynCom33_vs_Mock_padj,Flg22_SynCom33_vs_Mock_log2FoldChange,Flg22_SynCom35_vs_Mock_pvalue,Flg22_SynCom35_vs_Mock_padj,Flg22_SynCom35_vs_Mock_log2FoldChange,Flg22_vs_Mock,Flg22_SynCom33_vs_Mock,Flg22_SynCom35_vs_Mock,cl
AT2G35630.1,GO:0030981,MOR1,2,14966574,14980761,+,14187,protein_coding,Protein MOR1 [Source:UniProtKB/Swiss-Prot;Acc:Q94FN2],0.04557368557938161,0.357982194830078,-0.1867488935218276,0.45232795841984946,0.784296890241747,-0.07011649962345914,0.09300804346834082,0.4356673500314142,0.15623910770015714,0,0,0,4
AT3G55000.1,GO:0030981,TON1A,3,20381460,20383878,+,2418,protein_coding,Protein TONNEAU 1a [Source:UniProtKB/Swiss-Prot;Acc:Q9FQ25],0.8933991478712683,0.9850342389027601,-0.013903950199460951,0.3941511621813795,0.7455894406980399,0.08793226266813906,0.0925370300537124,0.4346826434599331,0.1719260179036947,0,0,0,1
AT3G55005.1,GO:0030981,TON1B,3,20383896,20386452,+,2556,protein_coding,Protein TONNEAU 1b [Source:UniProtKB/Swiss-Prot;Acc:Q9FQ24],0.2760846325636832,0.7514834604600173,-0.11393686389639249,0.44082023584877134,0.7775675577484692,-0.08050348084955809,0.28705941026324855,0.6931538972650322,0.10923207015507991,0,0,0,4
