ID,Path,Gene,Chromosome,Start,End,Strand,Length,BioType,Description,Flg22_vs_Mock_pvalue,Flg22_vs_Mock_padj,Flg22_vs_Mock_log2FoldChange,Flg22_SynCom33_vs_Mock_pvalue,Flg22_SynCom33_vs_Mock_padj,Flg22_SynCom33_vs_Mock_log2FoldChange,Flg22_SynCom35_vs_Mock_pvalue,Flg22_SynCom35_vs_Mock_padj,Flg22_SynCom35_vs_Mock_log2FoldChange,Flg22_vs_Mock,Flg22_SynCom33_vs_Mock,Flg22_SynCom35_vs_Mock,cl
AT1G09350.1,GO:0047216,GOLS3,1,3019639,3021443,+,1804,protein_coding,Hexosyltransferase (Fragment) [Source:UniProtKB/TrEMBL;Acc:W8PVD7],0.7162972618473489,0.9461420728057194,0.30906706855546834,0.41817030445008885,0.7611603096346189,0.6860493839505707,0.3392349907675193,0.7324820865091526,0.8084471616021975,0,0,0,6
AT1G09350.2,GO:0047216,GOLS3,1,3020221,3021441,+,1220,protein_coding,Hexosyltransferase (Fragment) [Source:UniProtKB/TrEMBL;Acc:W8PVD7],0.7173168096503602,0.9461740062637326,-0.32805623806954676,0.33767570442591677,0.6998743758428962,0.8620473284092354,0.5734829432525248,0.8699468340408513,0.5067751297543174,0,0,0,5
AT1G56600.1,GO:0047216,GOLS2,1,21207537,21209635,+,2098,protein_coding,Galactinol synthase 2 [Source:UniProtKB/Swiss-Prot;Acc:Q9FXB2],0.009895958023322746,0.1529777484499412,2.1872863684744397,0.01828378781061274,0.15693732349525213,2.0044787537940354,0.14302594848569752,NA,-1.3849447695485657,0,0,-0,9
AT2G47180.1,GO:0047216,GOLS1,2,19368798,19370478,-,1680,protein_coding,Galactinol synthase 1 [Source:UniProtKB/Swiss-Prot;Acc:O22893],0.499781466672299,0.8799266331020134,0.38308931227713205,0.691448925489332,0.9085702422037454,-0.22565406292664916,0.7972942233991805,0.9487258565543508,-0.14596298663352297,0,0,0,7
