ID,Path,Gene,Chromosome,Start,End,Strand,Length,BioType,Description,Flg22_vs_Mock_pvalue,Flg22_vs_Mock_padj,Flg22_vs_Mock_log2FoldChange,Flg22_SynCom33_vs_Mock_pvalue,Flg22_SynCom33_vs_Mock_padj,Flg22_SynCom33_vs_Mock_log2FoldChange,Flg22_SynCom35_vs_Mock_pvalue,Flg22_SynCom35_vs_Mock_padj,Flg22_SynCom35_vs_Mock_log2FoldChange,Flg22_vs_Mock,Flg22_SynCom33_vs_Mock,Flg22_SynCom35_vs_Mock,cl
AT1G20110.1,GO:0070676,FREE1,1,6971424,6975130,+,3706,protein_coding,Protein FREE1 [Source:UniProtKB/Swiss-Prot;Acc:Q9ASS2],0.9908642684830036,0.9980604122547079,0.0012214249423038261,0.9182382063072342,0.9801079726296277,0.010950458300748747,0.04801102165898553,0.31370156411512057,-0.2111583117209475,0,0,0,2
AT2G06530.1,GO:0070676,VPS2.1,2,2588523,2590531,-,2008,protein_coding,VPS2.1 [Source:UniProtKB/TrEMBL;Acc:A0A178VT12],0.45004310492382604,0.8613956255147585,0.09116153639647279,0.15289981477373987,0.49552096596640804,0.17242548788733641,2.531238118404801e-4,0.009635526369079541,-0.4432770073577596,0,0,0,9
AT4G29160.1,GO:0070676,VPS32.2,4,14380660,14382736,+,2076,protein_coding,Vacuolar protein sorting-associated protein 32 homolog 2 [Source:UniProtKB/Swiss-Prot;Acc:Q9SZE4],0.18350206547281814,0.6580559335536246,0.40635518590141506,0.11518400811645535,0.43275702392544413,0.481166844444673,0.38732526112376614,0.7661909844380759,-0.26490277351235386,0,0,0,9
AT4G29160.3,GO:0070676,VPS32.2,4,14380712,14382666,+,1954,protein_coding,Vacuolar protein sorting-associated protein 32 homolog 2 [Source:UniProtKB/Swiss-Prot;Acc:Q9SZE4],0.7813948855708488,0.9614113187433333,0.05143758274943388,0.7888281266887949,0.9413391785347823,0.04964827957522257,0.174734578083406,0.5703270362878584,-0.25183412772001945,0,0,0,9
AT5G09260.1,GO:0070676,VPS20.2,5,2876698,2878753,+,2055,protein_coding,Vacuolar protein sorting-associated protein 20 homolog 2 [Source:UniProtKB/Swiss-Prot;Acc:Q9FY89],0.608457826596275,0.9158842337776384,-0.06841535464529062,0.0361018955580105,0.23441815371749716,0.2758771005475372,0.8508148247542306,0.9638949970341233,-0.024975540377197663,0,0,0,5
AT5G22950.1,GO:0070676,VPS24-1,5,7681234,7682949,+,1715,protein_coding,VPS24.1 [Source:UniProtKB/TrEMBL;Acc:A0A178UMV9],0.46871498930203775,0.8685331702576026,0.08862864273465286,0.1994983438201962,0.5614933497769603,0.1567966653572657,0.13257655562616605,0.5083721350421267,-0.1845642702769164,0,0,0,9
