ID,Path,Gene,Chromosome,Start,End,Strand,Length,BioType,Description,Flg22_vs_Mock_pvalue,Flg22_vs_Mock_padj,Flg22_vs_Mock_log2FoldChange,Flg22_SynCom33_vs_Mock_pvalue,Flg22_SynCom33_vs_Mock_padj,Flg22_SynCom33_vs_Mock_log2FoldChange,Flg22_SynCom35_vs_Mock_pvalue,Flg22_SynCom35_vs_Mock_padj,Flg22_SynCom35_vs_Mock_log2FoldChange,Flg22_vs_Mock,Flg22_SynCom33_vs_Mock,Flg22_SynCom35_vs_Mock,cl
AT1G54340.1,GO:0004450,ICDH,1,20283326,20286786,+,3460,protein_coding,Peroxisomal isocitrate dehydrogenase [NADP] [Source:UniProtKB/Swiss-Prot;Acc:Q9SLK0],0.2250188251322724,0.7017930357126057,0.1861216276097247,0.18550247618430646,0.5442335134696357,-0.20390124734871728,0.044210038519400044,0.2990116632736832,-0.3099286912338485,0,0,0,2
AT1G54340.2,GO:0004450,ICDH,1,20283393,20286786,+,3393,protein_coding,Peroxisomal isocitrate dehydrogenase [NADP] [Source:UniProtKB/Swiss-Prot;Acc:Q9SLK0],0.025829215312053233,0.26424475898682365,0.7805415199190474,0.3027017252828066,0.670496953906181,0.3646204633347206,0.5214255056209349,0.8441759632724396,-0.23050930540476142,0,0,0,7
AT1G65930.1,GO:0004450,CICDH,1,24538886,24542712,+,3826,protein_coding,Isocitrate dehydrogenase [NADP] [Source:UniProtKB/TrEMBL;Acc:A0A178W7K0],0.31371769788634635,0.7796609716911944,0.12064459336709343,0.303428320869926,0.6709871286676982,0.12323924696250411,0.2189701002241209,0.62284023069187755,0.1471930445812056,0,0,0,6
AT5G14590.1,GO:0004450,,5,4703298,4706826,-,3528,protein_coding,"Isocitrate dehydrogenase [NADP], chloroplastic/mitochondrial [Source:UniProtKB/Swiss-Prot;Acc:Q8LPJ5]",0.013633708045005834,0.18558107650536462,0.2403903778051124,0.030171495395016786,0.2107770632039608,-0.21366467876553621,0.0091464223179935,0.12004616919055518,-0.25656956173165546,0,0,0,7
