ID,Path,Gene,Chromosome,Start,End,Strand,Length,BioType,Description,Flg22_vs_Mock_pvalue,Flg22_vs_Mock_padj,Flg22_vs_Mock_log2FoldChange,Flg22_SynCom33_vs_Mock_pvalue,Flg22_SynCom33_vs_Mock_padj,Flg22_SynCom33_vs_Mock_log2FoldChange,Flg22_SynCom35_vs_Mock_pvalue,Flg22_SynCom35_vs_Mock_padj,Flg22_SynCom35_vs_Mock_log2FoldChange,Flg22_vs_Mock,Flg22_SynCom33_vs_Mock,Flg22_SynCom35_vs_Mock,cl
AT4G01840.1,GO:0030322,TPK5,4,793177,795237,+,2060,protein_coding,Two-pore potassium channel 5 [Source:UniProtKB/Swiss-Prot;Acc:Q9S6Z8],0.31845748782014904,0.7833768939431102,0.35489720387329765,0.5624946930983226,0.8476327448310204,-0.2070168571730752,0.278674766466803,0.6846770355043246,-0.3876022189095543,0,0,0,7
AT4G18160.1,GO:0030322,TPK3,4,10055379,10058185,+,2806,protein_coding,TPK3 [Source:UniProtKB/TrEMBL;Acc:A0A178UWR8],0.32794106264342404,0.790984147098783,0.18755427832499902,0.8540157267347224,0.9608909814462352,-0.03562747216978169,0.5187398148291935,0.842845268405734,0.12363780397738411,0,0,0,3
AT5G46360.1,GO:0030322,KCO3,5,18806755,18808224,-,1469,protein_coding,Ca2+ activated outward rectifying K+ channel 3 [Source:TAIR;Acc:AT5G46360],0.5393985875673372,NA,-0.6914503342497048,0.15873086807341727,NA,1.4155307068891765,0.1532781930370703,NA,1.4303433177876121,0,0,0,1
AT5G46370.1,GO:0030322,TPK2,5,18809496,18811870,-,2374,protein_coding,KCO2 [Source:UniProtKB/TrEMBL;Acc:A0A178UQZ6],0.45618283847347574,0.8641384981661862,0.5013210327484718,5.965964544190506e-7,6.543156003965853e-5,3.2184359179199995,7.04030227189395e-4,0.02035764327610873,2.200041519595669,0,1,1,5
AT5G55630.2,GO:0030322,TPK1,5,22531358,22533122,+,1764,protein_coding,Two-pore potassium channel 1 [Source:UniProtKB/Swiss-Prot;Acc:Q8LBL1],0.9159694749274122,0.9881103985285892,0.01476135463116546,0.4370289088135887,0.7741819523378511,0.10834687442833929,0.04174149398878167,0.29006841778801545,-0.28785154663961005,0,0,0,9
AT5G55630.1,GO:0030322,TPK1,5,22531400,22533118,+,1718,protein_coding,Two-pore potassium channel 1 [Source:UniProtKB/Swiss-Prot;Acc:Q8LBL1],0.5861264073292153,0.9088734680048683,0.290760177523274,0.5261636753394496,0.8284134895440485,0.3382797978628243,0.06326572507663117,0.3577080965433821,0.9805985876312511,0,0,0,6
