ID,Path,Gene,Chromosome,Start,End,Strand,Length,BioType,Description,Flg22_vs_Mock_pvalue,Flg22_vs_Mock_padj,Flg22_vs_Mock_log2FoldChange,Flg22_SynCom33_vs_Mock_pvalue,Flg22_SynCom33_vs_Mock_padj,Flg22_SynCom33_vs_Mock_log2FoldChange,Flg22_SynCom35_vs_Mock_pvalue,Flg22_SynCom35_vs_Mock_padj,Flg22_SynCom35_vs_Mock_log2FoldChange,Flg22_vs_Mock,Flg22_SynCom33_vs_Mock,Flg22_SynCom35_vs_Mock,cl
AT1G31730.1,GO:0030124,,1,11359512,11364288,+,4776,protein_coding,AP-4 complex subunit epsilon [Source:UniProtKB/Swiss-Prot;Acc:Q8L7A9],0.3322614078628812,0.7934100549978528,-0.06352388077385121,0.22982300618499701,0.5986430638070657,-0.07872991542341679,0.8539715706324034,0.9647624801356561,0.012011478052043178,0,0,0,4
AT2G19790.1,GO:0030124,,2,8527175,8528685,+,1510,protein_coding,AP-4 complex subunit sigma [Source:UniProtKB/Swiss-Prot;Acc:O82201],0.06728896405891278,0.432102515418204,0.19237578841563296,0.03150290710280253,0.21622466242304675,0.22597255096490015,0.4740832570706673,0.8199400908989967,0.0753452875704822,0,0,0,6
AT4G24550.2,GO:0030124,AP4M,4,12675708,12679203,+,3495,protein_coding,AP4M [Source:UniProtKB/TrEMBL;Acc:A0A178UX13],0.36477428207884804,0.8145469697356371,0.07474941027021413,0.4503547962402055,0.783450395795694,0.06229462915279156,0.35609724697570616,0.7443045182793737,-0.07626166993020021,0,0,0,9
AT4G24550.1,GO:0030124,AP4M,4,12675734,12679048,+,3314,protein_coding,AP4M [Source:UniProtKB/TrEMBL;Acc:A0A178UX13],0.7656113402252899,0.9571733012705728,0.34542604893018775,0.7388657729261863,0.9250849275769496,0.38616672767212173,0.289480019428496,0.6948329150364917,1.220778756762809,0,0,0,6
AT5G11490.1,GO:0030124,,5,3671699,3676406,+,4707,protein_coding,Beta-adaptin-like protein [Source:UniProtKB/TrEMBL;Acc:F4JXV9],0.5888319793330592,0.9094994526108806,-0.03907750112546309,0.9118266804044467,0.9774738514121666,-0.008000343228025397,0.5424827709618623,0.855908081978211,0.04381410839302359,0,0,0,4
