ID,Path,Gene,Chromosome,Start,End,Strand,Length,BioType,Description,Flg22_vs_Mock_pvalue,Flg22_vs_Mock_padj,Flg22_vs_Mock_log2FoldChange,Flg22_SynCom33_vs_Mock_pvalue,Flg22_SynCom33_vs_Mock_padj,Flg22_SynCom33_vs_Mock_log2FoldChange,Flg22_SynCom35_vs_Mock_pvalue,Flg22_SynCom35_vs_Mock_padj,Flg22_SynCom35_vs_Mock_log2FoldChange,Flg22_vs_Mock,Flg22_SynCom33_vs_Mock,Flg22_SynCom35_vs_Mock,cl
AT1G05200.2,GO:0034220,GLR3.4,1,1504960,1509152,+,4192,protein_coding,Glutamate receptor [Source:UniProtKB/TrEMBL;Acc:Q53YX3],0.09036415805327351,0.49466297268521486,-1.0758412740900825,0.45753798326230727,0.7871199325519868,-0.47125428727058755,0.904822603720156,0.978301969851137,-0.07578525544400258,-0,0,0,8
AT1G05200.5,GO:0034220,GLR3.4,1,1504996,1507852,+,2856,protein_coding,Glutamate receptor [Source:UniProtKB/TrEMBL;Acc:Q53YX3],0.44160176551306635,0.8574391093475449,-0.80656436648773,0.21931791883201124,0.5865205226862441,-1.30044746818683,0.9159101295766154,NA,-0.10956111575130799,0,-0,0,8
AT1G05200.7,GO:0034220,GLR3.4,1,1505266,1508514,+,3248,protein_coding,Glutamate receptor [Source:UniProtKB/TrEMBL;Acc:Q53YX3],0.15604499585962342,0.6164987840654318,1.5421128064181948,0.0744551404608486,0.34736256262904064,1.9335512140286246,0.4809277091083572,NA,0.7721864230412236,0,0,0,9
AT5G37500.3,GO:0034220,GORK,5,14889586,14893564,-,3978,protein_coding,gated outwardly-rectifying K+ channel [Source:TAIR;Acc:AT5G37500],0.6152434202042236,0.9190515323520648,-0.5665482815437807,0.8109635159196202,0.9481286145762289,0.2687492359263333,0.3770453670828865,0.7586318327461635,-0.9977755623647705,0,0,0,10
AT5G37500.1,GO:0034220,GORK,5,14889692,14895233,-,5541,protein_coding,gated outwardly-rectifying K+ channel [Source:TAIR;Acc:AT5G37500],0.19388156627488115,0.6681409358695782,0.34750403885272,0.6934719424124474,0.9093943614475077,-0.10624534801691159,0.6849580000484603,0.9126897192633419,-0.1091837184165866,0,0,0,7
AT5G37500.4,GO:0034220,GORK,5,14889692,14895233,-,5541,protein_coding,gated outwardly-rectifying K+ channel [Source:TAIR;Acc:AT5G37500],0.6373458702187751,0.9259215606728487,-0.8198081863699023,0.23804202755468534,0.6074330901598898,-2.0663589005873813,0.8194468651815402,0.9545787820060336,-0.39635582853882234,0,-0,0,8
