ID,Path,Gene,Chromosome,Start,End,Strand,Length,BioType,Description,Flg22_vs_Mock_pvalue,Flg22_vs_Mock_padj,Flg22_vs_Mock_log2FoldChange,Flg22_SynCom33_vs_Mock_pvalue,Flg22_SynCom33_vs_Mock_padj,Flg22_SynCom33_vs_Mock_log2FoldChange,Flg22_SynCom35_vs_Mock_pvalue,Flg22_SynCom35_vs_Mock_padj,Flg22_SynCom35_vs_Mock_log2FoldChange,Flg22_vs_Mock,Flg22_SynCom33_vs_Mock,Flg22_SynCom35_vs_Mock,cl
AT1G09700.1,GO:0031054,DRB1,1,3137649,3140353,-,2704,protein_coding,Double-stranded RNA-binding protein 1 [Source:UniProtKB/Swiss-Prot;Acc:O04492],0.7582237193866408,0.9545451499051282,-0.067415224347455,0.06329689527330955,0.31739360916566073,-0.410824100421884,0.47083606277542683,0.8177135065491723,0.15684315860323553,0,0,0,4
AT1G24450.1,GO:0031054,NFD2,1,8664097,8665569,+,1472,protein_coding,Protein NUCLEAR FUSION DEFECTIVE 2 [Source:UniProtKB/Swiss-Prot;Acc:Q9FYL8],0.10404185070854088,0.5244405758857187,0.3161973141297603,0.7396595884871251,0.9251069047649143,0.06551151856811492,0.47240940840402856,0.8182669276866067,0.14042397524135417,0,0,0,6
AT4G37510.1,GO:0031054,RNC1,4,17626104,17629070,-,2966,protein_coding,"Ribonuclease III domain-containing protein RNC1, chloroplastic [Source:UniProtKB/Swiss-Prot;Acc:Q9SZV0]",0.7932372371737964,0.9639645952123239,-0.054435309578567036,0.7690243740879222,0.9347914639037542,0.06083247755782462,0.38858421791009773,0.7671189398446937,0.17780535729672534,0,0,0,1
