ID,Path,Gene,Chromosome,Start,End,Strand,Length,BioType,Description,Flg22_vs_Mock_pvalue,Flg22_vs_Mock_padj,Flg22_vs_Mock_log2FoldChange,Flg22_SynCom33_vs_Mock_pvalue,Flg22_SynCom33_vs_Mock_padj,Flg22_SynCom33_vs_Mock_log2FoldChange,Flg22_SynCom35_vs_Mock_pvalue,Flg22_SynCom35_vs_Mock_padj,Flg22_SynCom35_vs_Mock_log2FoldChange,Flg22_vs_Mock,Flg22_SynCom33_vs_Mock,Flg22_SynCom35_vs_Mock,cl
AT1G02720.1,GO:0071668,GATL5,1,591682,594264,+,2582,protein_coding,Probable galacturonosyltransferase-like 5 [Source:UniProtKB/Swiss-Prot;Acc:Q9FWY9],0.11351357940066456,0.5443637857544966,-0.3155481550037032,0.11749458810556673,0.43595438474173154,-0.312207782994326,0.27449461543722176,0.6818413220256927,0.21335957983753212,0,0,0,4
AT1G02720.2,GO:0071668,GATL5,1,591826,593887,+,2061,protein_coding,Probable galacturonosyltransferase-like 5 [Source:UniProtKB/Swiss-Prot;Acc:Q9FWY9],0.2607473260433147,0.7383747076491852,-1.0913486169995883,0.9749520337424371,0.9945228463956359,-0.02939259901366656,0.7440400078044878,NA,0.3029454094370036,-0,0,0,1
AT1G30230.1,GO:0071668,,1,10638878,10640941,+,2063,protein_coding,Translation elongation factor EF1B/ribosomal protein S6 family protein [Source:UniProtKB/TrEMBL;Acc:A8MRC4],0.5386666672182917,0.8927104493818229,-0.10100518335247594,0.028163694308159834,0.2032429061195769,-0.3609137415102292,0.3033195127724313,0.7062776653386713,0.16894806343696242,0,0,0,4
AT3G57280.1,GO:0071668,FAX1,3,21193680,21195790,+,2110,protein_coding,"Protein FATTY ACID EXPORT 1, chloroplastic [Source:UniProtKB/Swiss-Prot;Acc:Q93V66]",0.20201458978511927,0.6768696979032268,0.1956489035511634,0.1719441521251545,0.5253100008442326,0.20946486538799297,0.4929355566994056,0.8291877795465179,-0.10553852814910168,0,0,0,9
