ID,Path,Gene,Chromosome,Start,End,Strand,Length,BioType,Description,Flg22_vs_Mock_pvalue,Flg22_vs_Mock_padj,Flg22_vs_Mock_log2FoldChange,Flg22_SynCom33_vs_Mock_pvalue,Flg22_SynCom33_vs_Mock_padj,Flg22_SynCom33_vs_Mock_log2FoldChange,Flg22_SynCom35_vs_Mock_pvalue,Flg22_SynCom35_vs_Mock_padj,Flg22_SynCom35_vs_Mock_log2FoldChange,Flg22_vs_Mock,Flg22_SynCom33_vs_Mock,Flg22_SynCom35_vs_Mock,cl
AT2G31900.2,GO:0016461,XIF,2,13560370,13569623,-,9253,protein_coding,myosin-like protein XIF [Source:TAIR;Acc:AT2G31900],0.8816285055018371,0.9828551392821914,-0.05965102576648465,0.5574779641378722,0.8453789261469372,0.23462406723887355,0.13578720178020373,0.5125146690348512,0.5954898958446879,0,0,0,1
AT2G31900.3,GO:0016461,XIF,2,13560549,13568279,-,7730,protein_coding,myosin-like protein XIF [Source:TAIR;Acc:AT2G31900],0.36385613838395664,0.8143860343096642,-1.2206138854249053,0.28043461714621426,0.6504437772324876,-1.451921617172448,0.9707056147275256,0.9931187981659191,0.04924718911229105,-0,-0,0,4
AT2G31900.4,GO:0016461,XIF,2,13560676,13569623,-,8947,protein_coding,myosin-like protein XIF [Source:TAIR;Acc:AT2G31900],0.06343478299659974,0.42069372434963065,-2.5279942612250794,0.0012605074015260692,0.026460352765097905,-4.572833081745413,0.8407506314900131,0.9611630700354458,-0.27073029072000976,-0,-1,0,8
AT2G31900.5,GO:0016461,XIF,2,13560760,13569092,-,8332,protein_coding,myosin-like protein XIF [Source:TAIR;Acc:AT2G31900],0.8888181584436792,0.9838700410438949,-0.07792803389878102,0.6113291310143485,0.8734477271840744,-0.2838372558346005,0.8507266771522404,0.9638949970341233,-0.10485812012394079,0,0,0,8
AT2G31900.1,GO:0016461,XIF,2,13560760,13570469,-,9709,protein_coding,myosin-like protein XIF [Source:TAIR;Acc:AT2G31900],0.11115313849942281,0.5387251210905013,0.4084310281635774,0.24787182059048382,0.6185061953531861,0.2970559759139114,0.18392779762184414,0.5813379802005503,0.34059887316745596,0,0,0,6
