ID,Path,Gene,Chromosome,Start,End,Strand,Length,BioType,Description,Flg22_vs_Mock_pvalue,Flg22_vs_Mock_padj,Flg22_vs_Mock_log2FoldChange,Flg22_SynCom33_vs_Mock_pvalue,Flg22_SynCom33_vs_Mock_padj,Flg22_SynCom33_vs_Mock_log2FoldChange,Flg22_SynCom35_vs_Mock_pvalue,Flg22_SynCom35_vs_Mock_padj,Flg22_SynCom35_vs_Mock_log2FoldChange,Flg22_vs_Mock,Flg22_SynCom33_vs_Mock,Flg22_SynCom35_vs_Mock,cl
AT3G10740.1,GO:0046373,ASD1,3,3360711,3365739,-,5028,protein_coding,Alpha-L-arabinofuranosidase 1 [Source:UniProtKB/TrEMBL;Acc:A0A1I9LPN8],0.666778536499208,0.933115103742,-0.2384677688194423,0.30624188795961377,0.67381742259976,0.5631506526917726,0.27143243933101835,0.678684062397446,0.6048807759314839,0,0,0,1
AT3G10740.4,GO:0046373,ASD1,3,3360857,3364658,-,3801,protein_coding,Alpha-L-arabinofuranosidase 1 [Source:UniProtKB/TrEMBL;Acc:A0A1I9LPN8],0.24021746400330277,0.7181316065724304,0.3306832949791891,0.026714695697463195,0.197075864363119,0.6236114654654077,0.01641135625333841,0.1715136441106931,0.6752788869393833,0,0,0,6
AT5G12960.1,GO:0046373,,5,4097693,4101766,+,4073,protein_coding,Proline-tRNA ligase (DUF1680) [Source:UniProtKB/TrEMBL;Acc:Q84W43],0.6526523268842203,0.9289707441860648,0.41644592628479143,0.9396492533240838,NA,0.0712995068991708,0.22497120737118392,NA,1.092899380895513,0,0,0,4
AT5G26120.1,GO:0046373,ASD2,5,9121675,9125967,-,4292,protein_coding,Alpha-L-arabinofuranosidase 2 [Source:UniProtKB/Swiss-Prot;Acc:Q8VZR2],0.8463310614564468,NA,-0.25754046415096354,0.7287278368472052,NA,-0.46650646794433187,0.23955685228719517,NA,-1.7448987219553838,0,0,-0,2
