ID,Path,Gene,Chromosome,Start,End,Strand,Length,BioType,Description,Flg22_vs_Mock_pvalue,Flg22_vs_Mock_padj,Flg22_vs_Mock_log2FoldChange,Flg22_SynCom33_vs_Mock_pvalue,Flg22_SynCom33_vs_Mock_padj,Flg22_SynCom33_vs_Mock_log2FoldChange,Flg22_SynCom35_vs_Mock_pvalue,Flg22_SynCom35_vs_Mock_padj,Flg22_SynCom35_vs_Mock_log2FoldChange,Flg22_vs_Mock,Flg22_SynCom33_vs_Mock,Flg22_SynCom35_vs_Mock,cl
AT4G26850.1,GO:0080047,VTC2,4,13498956,13501701,-,2745,protein_coding,GDP-L-galactose phosphorylase 1 [Source:UniProtKB/Swiss-Prot;Acc:Q8RWE8],0.053258860126096284,0.38809415478462095,-0.4922991804358974,9.320878485029609e-4,0.0210734949902915,-0.8460443452308762,0.018369564623703656,0.18444698903049356,-0.6007726288577457,0,0,0,8
AT5G55120.1,GO:0080047,VTC5,5,22369007,22371867,+,2860,protein_coding,VTC5 [Source:UniProtKB/TrEMBL;Acc:A0A178UIM1],0.8675804651494792,0.9792557500986891,-0.03273898095268536,0.489482795623062,0.8061681480173479,-0.13594612295462571,0.08723210338693067,0.4207357544672771,0.33390450764788904,0,0,0,4
