ID,Path,Gene,Chromosome,Start,End,Strand,Length,BioType,Description,Flg22_vs_Mock_pvalue,Flg22_vs_Mock_padj,Flg22_vs_Mock_log2FoldChange,Flg22_SynCom33_vs_Mock_pvalue,Flg22_SynCom33_vs_Mock_padj,Flg22_SynCom33_vs_Mock_log2FoldChange,Flg22_SynCom35_vs_Mock_pvalue,Flg22_SynCom35_vs_Mock_padj,Flg22_SynCom35_vs_Mock_log2FoldChange,Flg22_vs_Mock,Flg22_SynCom33_vs_Mock,Flg22_SynCom35_vs_Mock,cl
AT3G51770.2,GO:0010364,ETO1,3,19199750,19204464,-,4714,protein_coding,ETO1 [Source:UniProtKB/TrEMBL;Acc:A0A384KPH2],0.9453496035690221,0.9933269717125698,0.00839690111441835,0.015480050838326037,0.14218950368359026,0.295255965394224,0.11562759848002453,0.4796444809912888,0.1919286927090472,0,0,0,1
AT3G51770.1,GO:0010364,ETO1,3,19199781,19204464,-,4683,protein_coding,ETO1 [Source:UniProtKB/TrEMBL;Acc:A0A384KPH2],0.5503134947386082,0.897534498232069,-0.21445792970252023,0.5077773503779539,0.8174184521743911,-0.2378638080072753,0.4215026253990661,0.7860684293334614,0.28757028746222424,0,0,0,4
AT4G02680.1,GO:0010364,EOL1,4,1180923,1185012,-,4089,protein_coding,EOL1 [Source:UniProtKB/TrEMBL;Acc:A0A178V4A7],0.46535051759024854,0.8669519766030909,-0.09970793454570141,0.03679463803679054,0.2370837631124169,-0.2859296598346233,0.45600994435760517,0.8083323932622506,0.10148140304653169,0,0,0,4
AT5G58550.1,GO:0010364,EOL2,5,23665295,23668886,-,3591,protein_coding,ETO1-like 2 [Source:TAIR;Acc:AT5G58550],0.1522980947526855,0.6097370072006495,-0.22646838794564597,0.10530097188093053,0.41420847616376566,-0.2564541029576343,0.5635216808064213,0.8658429762094284,0.09076553340594723,0,0,0,4
