ID,Path,Gene,Chromosome,Start,End,Strand,Length,BioType,Description,Flg22_vs_Mock_pvalue,Flg22_vs_Mock_padj,Flg22_vs_Mock_log2FoldChange,Flg22_SynCom33_vs_Mock_pvalue,Flg22_SynCom33_vs_Mock_padj,Flg22_SynCom33_vs_Mock_log2FoldChange,Flg22_SynCom35_vs_Mock_pvalue,Flg22_SynCom35_vs_Mock_padj,Flg22_SynCom35_vs_Mock_log2FoldChange,Flg22_vs_Mock,Flg22_SynCom33_vs_Mock,Flg22_SynCom35_vs_Mock,cl
AT3G07300.2,GO:0044237,,3,2324603,2327651,-,3048,protein_coding,AT3G07300 protein [Source:UniProtKB/TrEMBL;Acc:B3H7H1],0.42159681971562635,0.8478245758528545,-0.2279263799572255,0.2879435221500371,0.6566323602748897,-0.3016825249366165,0.7737058927025178,0.9415282027948517,-0.08135231817388236,0,0,0,8
AT3G07300.3,GO:0044237,,3,2324617,2327659,-,3042,protein_coding,AT3G07300 protein [Source:UniProtKB/TrEMBL;Acc:B3H7H1],0.6716190087118792,0.9348817855697953,-0.10783833268148892,0.44706036491310613,0.7813448679709684,0.1923038490511546,0.6638579128480493,0.9056331907064507,0.10990479696875899,0,0,0,1
AT5G38640.1,GO:0044237,,5,15467679,15470724,-,3045,protein_coding,At5g38640 [Source:UniProtKB/TrEMBL;Acc:Q9FFV8],0.607492460558736,0.9155269761939208,-0.06971434462991144,0.002529461924906871,0.04361577643704074,-0.4150966831363204,0.166618669882102,0.5580433986291945,-0.18795996298219267,0,0,0,3
