ID,Path,Gene,Chromosome,Start,End,Strand,Length,BioType,Description,Flg22_vs_Mock_pvalue,Flg22_vs_Mock_padj,Flg22_vs_Mock_log2FoldChange,Flg22_SynCom33_vs_Mock_pvalue,Flg22_SynCom33_vs_Mock_padj,Flg22_SynCom33_vs_Mock_log2FoldChange,Flg22_SynCom35_vs_Mock_pvalue,Flg22_SynCom35_vs_Mock_padj,Flg22_SynCom35_vs_Mock_log2FoldChange,Flg22_vs_Mock,Flg22_SynCom33_vs_Mock,Flg22_SynCom35_vs_Mock,cl
AT4G37830.1,GO:0005751,,4,17787524,17788834,-,1310,protein_coding,cytochrome c oxidase-related [Source:TAIR;Acc:AT4G37830],0.21684168779099733,0.6932738123383849,0.1568089292168719,0.542548365980311,0.8381097100495759,0.07737133743449165,0.8412802267296564,0.9612970734752376,0.025436703190788248,0,0,0,6
ATMG00160.1,GO:0005751,COX2,Mt,40502,42628,-,2126,protein_coding,Cytochrome c oxidase subunit 2 [Source:UniProtKB/TrEMBL;Acc:G1C2Q7],0.04529486077815132,0.3565283273887725,0.85061917050477,0.5091351663485637,0.8183663346513778,0.28643403171786125,0.06760289028931162,0.36972724608976587,-0.8432831034877684,0,0,0,7
ATMG00730.1,GO:0005751,COX3,Mt,217631,219077,+,1446,protein_coding,cytochrome c oxidase subunit 3 [Source:TAIR;Acc:ATMG00730],0.9350877539111468,0.9915020266177292,0.06293842860834284,0.173927422091441,0.5283943880548508,-1.1016689055750588,0.5726443433736859,NA,-0.4418288964470241,0,-0,0,3
ATMG01360.1,GO:0005751,COX1,Mt,349830,351413,-,1583,protein_coding,Cytochrome c oxidase subunit 1 [Source:UniProtKB/Swiss-Prot;Acc:P60620],0.10144802082358821,0.5190247509204621,0.8006614439688128,0.6148819686709106,0.8748281288282088,0.2503904030999004,0.544475056095804,0.856534420947679,-0.3078591612321435,0,0,0,7
