ID,Path,Gene,Chromosome,Start,End,Strand,Length,BioType,Description,Flg22_vs_Mock_pvalue,Flg22_vs_Mock_padj,Flg22_vs_Mock_log2FoldChange,Flg22_SynCom33_vs_Mock_pvalue,Flg22_SynCom33_vs_Mock_padj,Flg22_SynCom33_vs_Mock_log2FoldChange,Flg22_SynCom35_vs_Mock_pvalue,Flg22_SynCom35_vs_Mock_padj,Flg22_SynCom35_vs_Mock_log2FoldChange,Flg22_vs_Mock,Flg22_SynCom33_vs_Mock,Flg22_SynCom35_vs_Mock,cl
AT1G28960.6,GO:0010945,ATNUDT15,1,10109500,10111731,-,2231,protein_coding,NUDX15 [Source:UniProtKB/TrEMBL;Acc:A0A178WAX9],0.06726586725102601,0.43208465994897327,0.5162814691312173,0.03330010892420893,0.22295729217947308,0.5993677830070981,0.17269063236819218,0.5674703035728668,0.38527597187612805,0,0,0,6
AT1G28960.7,GO:0010945,ATNUDT15,1,10109500,10111738,-,2238,protein_coding,NUDX15 [Source:UniProtKB/TrEMBL;Acc:A0A178WAX9],0.6642059113705572,0.9325383080246943,-0.3514998449445843,0.6449888402746395,0.8895463041737953,-0.37309987671121014,0.4885640393912508,0.8268720857566432,-0.561070244619725,0,0,0,2
AT1G28960.5,GO:0010945,ATNUDT15,1,10109594,10111738,-,2144,protein_coding,NUDX15 [Source:UniProtKB/TrEMBL;Acc:A0A178WAX9],0.5196090449252092,0.8879573718106,0.3353096670060435,0.8501115772494858,0.9597863766645485,-0.09881277863749034,0.972271467019035,0.9935906187846771,-0.018143701140672513,0,0,0,3
AT1G28960.3,GO:0010945,ATNUDT15,1,10109656,10111738,-,2082,protein_coding,NUDX15 [Source:UniProtKB/TrEMBL;Acc:A0A178WAX9],0.9887198998236161,0.9976691739398755,0.003330069497988563,0.3761030838177152,0.7314345945524768,-0.2094793773905786,0.2488175536329552,0.6576390551750738,-0.27277405027048207,0,0,0,2
AT5G45940.1,GO:0010945,NUDT11,5,18629562,18630691,-,1129,protein_coding,Nudix hydrolase 11 [Source:UniProtKB/Swiss-Prot;Acc:Q8LET2],0.024271807882810283,0.25549525587322297,0.829975637982302,0.007605495976128824,0.09158938621154412,0.9812151378990404,0.176174248393683,0.5722157285698928,0.5005488458406384,0,0,0,9
AT5G45940.2,GO:0010945,NUDT11,5,18629562,18630706,-,1144,protein_coding,Nudix hydrolase 11 [Source:UniProtKB/Swiss-Prot;Acc:Q8LET2],0.6527660377236632,0.9289707441860648,-0.1635509287398432,0.19734067398529156,0.5584236665787531,0.4590911586785994,0.40023015724757516,0.772211721483533,-0.3065826042906315,0,0,0,10
