ID,Path,Gene,Chromosome,Start,End,Strand,Length,BioType,Description,Flg22_vs_Mock_pvalue,Flg22_vs_Mock_padj,Flg22_vs_Mock_log2FoldChange,Flg22_SynCom33_vs_Mock_pvalue,Flg22_SynCom33_vs_Mock_padj,Flg22_SynCom33_vs_Mock_log2FoldChange,Flg22_SynCom35_vs_Mock_pvalue,Flg22_SynCom35_vs_Mock_padj,Flg22_SynCom35_vs_Mock_log2FoldChange,Flg22_vs_Mock,Flg22_SynCom33_vs_Mock,Flg22_SynCom35_vs_Mock,cl
AT2G45730.1,GO:0016429,,2,18836264,18839273,-,3009,protein_coding,tRNA (adenine(58)-N(1))-methyltransferase non-catalytic subunit TRM6 [Source:UniProtKB/TrEMBL;Acc:O80846],0.0854272793708837,0.4823429797334858,-0.39384138822486287,0.28064315882242963,0.6506947936264924,-0.24653942476459909,0.36168691630799626,0.7484526431865535,0.20710998182700874,0,0,0,4
AT5G14600.1,GO:0016429,,5,4706891,4709163,+,2272,protein_coding,tRNA (adenine(58)-N(1))-methyltransferase [Source:UniProtKB/TrEMBL;Acc:Q84K50],0.23999334379609438,0.7180574186148685,-0.2767089855731859,0.027400186681128043,0.20037318236182916,-0.5257499576615153,0.8200648093393454,0.9547748267135826,-0.052933365142275805,0,0,0,8
