ID,Path,Gene,Chromosome,Start,End,Strand,Length,BioType,Description,Flg22_vs_Mock_pvalue,Flg22_vs_Mock_padj,Flg22_vs_Mock_log2FoldChange,Flg22_SynCom33_vs_Mock_pvalue,Flg22_SynCom33_vs_Mock_padj,Flg22_SynCom33_vs_Mock_log2FoldChange,Flg22_SynCom35_vs_Mock_pvalue,Flg22_SynCom35_vs_Mock_padj,Flg22_SynCom35_vs_Mock_log2FoldChange,Flg22_vs_Mock,Flg22_SynCom33_vs_Mock,Flg22_SynCom35_vs_Mock,cl
AT1G31800.1,GO:0010291,CYP97A3,1,11396402,11399714,+,3312,protein_coding,"Protein LUTEIN DEFICIENT 5, chloroplastic [Source:UniProtKB/Swiss-Prot;Acc:Q93VK5]",0.2662310574755556,0.7431144215912692,-0.3902053413073103,0.09769214685626242,0.399732425713948,-0.5846242522965696,0.7536498325867234,0.9352149304812711,0.10875841187719126,0,0,0,4
AT4G25700.1,GO:0010291,BETA-OHASE 1,4,13093869,13096049,-,2180,protein_coding,"Beta-carotene 3-hydroxylase 1, chloroplastic [Source:UniProtKB/Swiss-Prot;Acc:Q9SZZ8]",0.7898590277771482,0.9633844108941363,0.09540025770315733,0.6781850227744802,0.9032219958546197,-0.14954194601056442,0.6449482170551357,0.8995989390309564,0.16439611570521034,0,0,0,4
AT5G52570.1,GO:0010291,BETA-OHASE 2,5,21334793,21337126,-,2333,protein_coding,"Beta-carotene 3-hydroxylase 2, chloroplastic [Source:UniProtKB/Swiss-Prot;Acc:Q9LTG0]",0.5216851939329119,0.888593877004992,-0.48737864513930934,0.116504770358994,0.43474198178657364,-1.2330955393638277,0.05508185726182534,NA,-1.5240353722433242,0,-0,-0,2
