ID,Path,Gene,Chromosome,Start,End,Strand,Length,BioType,Description,Flg22_vs_Mock_pvalue,Flg22_vs_Mock_padj,Flg22_vs_Mock_log2FoldChange,Flg22_SynCom33_vs_Mock_pvalue,Flg22_SynCom33_vs_Mock_padj,Flg22_SynCom33_vs_Mock_log2FoldChange,Flg22_SynCom35_vs_Mock_pvalue,Flg22_SynCom35_vs_Mock_padj,Flg22_SynCom35_vs_Mock_log2FoldChange,Flg22_vs_Mock,Flg22_SynCom33_vs_Mock,Flg22_SynCom35_vs_Mock,cl
AT1G19570.1,GO:0043903,DHAR1,1,6773302,6774523,-,1221,protein_coding,"Glutathione S-transferase DHAR1, mitochondrial [Source:UniProtKB/Swiss-Prot;Acc:Q9FWR4]",0.31617447475214117,0.7813000411312929,0.19493689690223323,0.22704133640637722,0.5963619885993113,-0.23512943596365998,0.02407218590311618,0.21535856367149175,0.43853902110417003,0,0,0,4
AT3G09940.1,GO:0043903,MDAR3,3,3056375,3059244,-,2869,protein_coding,Monodehydroascorbate reductase 3 [Source:UniProtKB/Swiss-Prot;Acc:Q9SR59],0.012912979066125199,0.17860109561121248,-0.6106057246303183,0.3119094490937065,0.6776650618715767,0.24741611000996366,0.15386850680130798,0.5400702596405248,0.3486934312528033,0,0,0,1
