ID,Path,Gene,Chromosome,Start,End,Strand,Length,BioType,Description,Flg22_vs_Mock_pvalue,Flg22_vs_Mock_padj,Flg22_vs_Mock_log2FoldChange,Flg22_SynCom33_vs_Mock_pvalue,Flg22_SynCom33_vs_Mock_padj,Flg22_SynCom33_vs_Mock_log2FoldChange,Flg22_SynCom35_vs_Mock_pvalue,Flg22_SynCom35_vs_Mock_padj,Flg22_SynCom35_vs_Mock_log2FoldChange,Flg22_vs_Mock,Flg22_SynCom33_vs_Mock,Flg22_SynCom35_vs_Mock,cl
AT2G25080.1,GO:0047066,GPX1,2,10667898,10670127,+,2229,protein_coding,"Phospholipid hydroperoxide glutathione peroxidase 1, chloroplastic [Source:UniProtKB/Swiss-Prot;Acc:P52032]",0.9045850034143657,0.9868673762789351,-0.0338022447659953,0.7639553304383635,0.9330904264303362,-0.08472559189580056,0.632324512620493,0.8945525555963534,0.13465072438929226,0,0,0,4
AT4G11600.1,GO:0047066,GPX6,4,7009769,7011406,-,1637,protein_coding,"Probable phospholipid hydroperoxide glutathione peroxidase 6, mitochondrial [Source:UniProtKB/Swiss-Prot;Acc:O48646]",0.21726790078447014,0.693312875743762,-0.34965725942890136,0.004075782337378867,0.06060021061582893,-0.8141728341953697,0.0045942429967040675,0.07690161126042311,-0.8033401033554093,0,0,0,2
