ID,Path,Gene,Chromosome,Start,End,Strand,Length,BioType,Description,Flg22_vs_Mock_pvalue,Flg22_vs_Mock_padj,Flg22_vs_Mock_log2FoldChange,Flg22_SynCom33_vs_Mock_pvalue,Flg22_SynCom33_vs_Mock_padj,Flg22_SynCom33_vs_Mock_log2FoldChange,Flg22_SynCom35_vs_Mock_pvalue,Flg22_SynCom35_vs_Mock_padj,Flg22_SynCom35_vs_Mock_log2FoldChange,Flg22_vs_Mock,Flg22_SynCom33_vs_Mock,Flg22_SynCom35_vs_Mock,cl
AT1G56160.1,GO:0055065,ATMYB72,1,21022384,21023587,+,1203,protein_coding,MYB72 [Source:UniProtKB/TrEMBL;Acc:A0A178W4I7],0.0018563052324985063,0.051584291535233785,3.4104193752227525,0.009806445886437646,0.10746713343628896,2.8323196595598725,0.9187359961718027,0.9814809323224347,0.113328898074021,0,0,0,7
AT2G02470.2,GO:0055065,AL6,2,652564,654985,+,2421,protein_coding,AL6 [Source:UniProtKB/TrEMBL;Acc:A0A178VQJ7],0.9760488259922153,0.9951558716104979,0.011250475682169246,0.19204709375705942,0.5523871147418437,0.4864382712330991,0.35133166969280455,0.7410868394546415,0.34768663576004993,0,0,0,5
AT2G02470.1,GO:0055065,AL6,2,652576,654985,+,2409,protein_coding,AL6 [Source:UniProtKB/TrEMBL;Acc:A0A178VQJ7],0.4802053068095351,0.8729652520747084,-0.189416109309869,0.22228996418652064,0.5904741914290561,-0.3282482096685578,0.5038654934887639,0.8345890675218168,-0.17910500262200027,0,0,0,8
AT2G02470.3,GO:0055065,AL6,2,652576,654985,+,2409,protein_coding,AL6 [Source:UniProtKB/TrEMBL;Acc:A0A178VQJ7],0.7857500112871365,0.9625698712091247,0.11287058765925537,0.6435506984881861,0.8889994797923648,0.19175105701872194,0.4760494401059267,0.8204638352707136,0.2937746259744814,0,0,0,6
