ID,Path,Gene,Chromosome,Start,End,Strand,Length,BioType,Description,Flg22_vs_Mock_pvalue,Flg22_vs_Mock_padj,Flg22_vs_Mock_log2FoldChange,Flg22_SynCom33_vs_Mock_pvalue,Flg22_SynCom33_vs_Mock_padj,Flg22_SynCom33_vs_Mock_log2FoldChange,Flg22_SynCom35_vs_Mock_pvalue,Flg22_SynCom35_vs_Mock_padj,Flg22_SynCom35_vs_Mock_log2FoldChange,Flg22_vs_Mock,Flg22_SynCom33_vs_Mock,Flg22_SynCom35_vs_Mock,cl
AT3G60800.1,GO:0019707,PAT14,3,22467114,22469623,-,2509,protein_coding,S-acyltransferase [Source:UniProtKB/TrEMBL;Acc:A0A178VIL0],0.07150136276940545,0.4436917750407213,0.16264347103961824,0.5067563046769452,0.8165307664859528,0.06034293816790907,0.7807394155079975,0.9439312589740064,0.025208003327515535,0,0,0,6
AT4G22750.1,GO:0019707,PAT13,4,11949180,11951424,-,2244,protein_coding,Probable protein S-acyltransferase 13 [Source:UniProtKB/Swiss-Prot;Acc:Q94C49],0.6975953124430712,0.9411589585224384,0.03065658397544599,0.8243865131686412,0.9517353767231872,0.01753429100105673,0.22084993055265176,0.6248627107180638,-0.09688610684554481,0,0,0,2
