ID,Path,Gene,Chromosome,Start,End,Strand,Length,BioType,Description,Flg22_vs_Mock_pvalue,Flg22_vs_Mock_padj,Flg22_vs_Mock_log2FoldChange,Flg22_SynCom33_vs_Mock_pvalue,Flg22_SynCom33_vs_Mock_padj,Flg22_SynCom33_vs_Mock_log2FoldChange,Flg22_SynCom35_vs_Mock_pvalue,Flg22_SynCom35_vs_Mock_padj,Flg22_SynCom35_vs_Mock_log2FoldChange,Flg22_vs_Mock,Flg22_SynCom33_vs_Mock,Flg22_SynCom35_vs_Mock,cl
AT1G06220.1,GO:0030623,CLO,1,1899951,1904897,+,4946,protein_coding,110 kDa U5 small nuclear ribonucleoprotein component CLO [Source:UniProtKB/Swiss-Prot;Acc:Q9LNC5],0.13063558836443934,0.5761615507768014,-0.71640832613026,0.41208275614966144,0.7572136179525351,-0.38859426590684126,0.669943021621708,0.9069479282596532,-0.20187462354451427,0,0,0,8
AT1G06220.3,GO:0030623,CLO,1,1900233,1904883,+,4650,protein_coding,110 kDa U5 small nuclear ribonucleoprotein component CLO [Source:UniProtKB/Swiss-Prot;Acc:Q9LNC5],0.053166172709079446,0.387941148370398,1.5604651567647339,0.773271630013938,0.9362763186578261,0.23292021641970728,0.07194884133074315,0.3822041725092489,1.4522562642055454,0,0,0,6
AT1G80070.1,GO:0030623,PRP8A,1,30117847,30127811,+,9964,protein_coding,SUS2 [Source:UniProtKB/TrEMBL;Acc:A0A178W7J7],0.5028201451154106,0.8813378128483005,-0.09459861263035844,0.03037137399618113,0.21162345146846584,-0.30585151441542363,0.5901029011668919,0.8770011161049346,0.07601208448029421,0,0,0,4
AT4G38780.1,GO:0030623,,4,18101296,18111082,-,9786,protein_coding,Pre-mRNA-processing-splicing factor [Source:TAIR;Acc:AT4G38780],0.726653812964317,0.9488171295031078,0.13873613605708385,0.4712653777589025,0.7952348839130793,-0.2874460854490482,0.1841781771477887,0.5814906280605644,-0.5310852442680116,0,0,0,2
