ID,Path,Gene,Chromosome,Start,End,Strand,Length,BioType,Description,Flg22_vs_Mock_pvalue,Flg22_vs_Mock_padj,Flg22_vs_Mock_log2FoldChange,Flg22_SynCom33_vs_Mock_pvalue,Flg22_SynCom33_vs_Mock_padj,Flg22_SynCom33_vs_Mock_log2FoldChange,Flg22_SynCom35_vs_Mock_pvalue,Flg22_SynCom35_vs_Mock_padj,Flg22_SynCom35_vs_Mock_log2FoldChange,Flg22_vs_Mock,Flg22_SynCom33_vs_Mock,Flg22_SynCom35_vs_Mock,cl
AT5G19150.1,GO:0052856,,5,6426071,6428468,-,2397,protein_coding,ATP-dependent (S)-NAD(P)H-hydrate dehydratase [Source:UniProtKB/TrEMBL;Acc:A0A178UA58],0.9919796662266307,0.9981690165484822,0.0018499066213935975,0.838194816048255,0.9552647563225275,-0.037648302602951676,0.6586181831133814,0.9033595062178489,0.08087005129080443,0,0,0,4
AT5G49970.1,GO:0052856,PPOX1,5,20329103,20333172,+,4069,protein_coding,"Pyridoxine/pyridoxamine 5'-phosphate oxidase 1, chloroplastic [Source:UniProtKB/Swiss-Prot;Acc:Q9LTX3]",0.0017427131947773285,0.049458094527768746,0.32219869096209897,0.9289105857588745,0.9824903354725395,0.009315180952412721,0.21147918365890106,0.6140936874430708,0.12919750625602122,0,0,0,3
