ID,Path,Gene,Chromosome,Start,End,Strand,Length,BioType,Description,Flg22_vs_Mock_pvalue,Flg22_vs_Mock_padj,Flg22_vs_Mock_log2FoldChange,Flg22_SynCom33_vs_Mock_pvalue,Flg22_SynCom33_vs_Mock_padj,Flg22_SynCom33_vs_Mock_log2FoldChange,Flg22_SynCom35_vs_Mock_pvalue,Flg22_SynCom35_vs_Mock_padj,Flg22_SynCom35_vs_Mock_log2FoldChange,Flg22_vs_Mock,Flg22_SynCom33_vs_Mock,Flg22_SynCom35_vs_Mock,cl
AT3G55830.1,GO:0052541,EPC1,3,20714946,20717443,+,2497,protein_coding,Glycosyltransferase family 64 protein C4 [Source:UniProtKB/Swiss-Prot;Acc:Q9LY62],0.38880894042143493,0.831959427630637,-0.07408062752469602,0.42775452164685546,0.7676166255614665,0.06773766314153042,0.02007258230370892,0.19370565531314157,0.1966939942974774,0,0,0,1
AT4G26690.1,GO:0052541,GDPDL3,4,13456434,13460105,-,3671,protein_coding,Glycerophosphodiester phosphodiesterase GDPDL3 [Source:UniProtKB/Swiss-Prot;Acc:Q9SZ11],0.7740321521204835,0.9593789929619458,-0.05137928148091283,0.010058427159490655,0.10920461991172367,0.460182120958044,0.6507717467255034,0.9011436754763541,-0.08100376824363832,0,0,0,5
AT5G55480.1,GO:0052541,GDPDL4,5,22474142,22478216,+,4074,protein_coding,Glycerophosphodiester phosphodiesterase GDPDL4 [Source:UniProtKB/Swiss-Prot;Acc:Q9FJ62],0.29592808007809884,0.7674469978541599,-0.14073042040130818,0.31944703426855403,0.6838333587604746,-0.13405891986650462,0.14180618086102573,0.5228464519777098,0.1968421279240812,0,0,0,4
