ID,Path,Gene,Chromosome,Start,End,Strand,Length,BioType,Description,Flg22_vs_Mock_pvalue,Flg22_vs_Mock_padj,Flg22_vs_Mock_log2FoldChange,Flg22_SynCom33_vs_Mock_pvalue,Flg22_SynCom33_vs_Mock_padj,Flg22_SynCom33_vs_Mock_log2FoldChange,Flg22_SynCom35_vs_Mock_pvalue,Flg22_SynCom35_vs_Mock_padj,Flg22_SynCom35_vs_Mock_log2FoldChange,Flg22_vs_Mock,Flg22_SynCom33_vs_Mock,Flg22_SynCom35_vs_Mock,cl
AT4G27780.1,GO:0032791,ACBP2,4,13847549,13849934,+,2385,protein_coding,AtACBP2 [Source:UniProtKB/TrEMBL;Acc:A0A178V3N7],0.49599946973463793,0.8785304276516508,-0.11714913172839499,0.254847241821886,0.6252950974424943,-0.19614624088461186,0.04907729494783106,0.31759645329727476,-0.33922506167736954,0,0,0,2
AT4G38580.2,GO:0032791,HIPP26,4,18034363,18035922,+,1559,protein_coding,HIPP26 [Source:UniProtKB/TrEMBL;Acc:A0A178V1F5],0.7695850082703453,0.9579326448131968,-0.05080424407621743,0.11723603661334155,0.4355883759207305,-0.2738901687506999,0.9804275225702814,0.9956641041589734,0.004237563865936541,0,0,0,3
AT5G53470.1,GO:0032791,ACBP1,5,21710170,21712614,+,2444,protein_coding,Acyl-CoA-binding domain-containing protein 1 [Source:UniProtKB/Swiss-Prot;Acc:Q9SM23],0.14317989534711953,0.5977067136465224,-0.24559442292523664,0.11910010687521261,0.43880854150735354,-0.26177073880726276,0.9474676288710104,0.988028744734939,-0.010907934528330795,0,0,0,4
