ID,Path,Gene,Chromosome,Start,End,Strand,Length,BioType,Description,Flg22_vs_Mock_pvalue,Flg22_vs_Mock_padj,Flg22_vs_Mock_log2FoldChange,Flg22_SynCom33_vs_Mock_pvalue,Flg22_SynCom33_vs_Mock_padj,Flg22_SynCom33_vs_Mock_log2FoldChange,Flg22_SynCom35_vs_Mock_pvalue,Flg22_SynCom35_vs_Mock_padj,Flg22_SynCom35_vs_Mock_log2FoldChange,Flg22_vs_Mock,Flg22_SynCom33_vs_Mock,Flg22_SynCom35_vs_Mock,cl
AT2G41490.1,GO:0008963,GPT,2,17301572,17304211,+,2639,protein_coding,GPT [Source:UniProtKB/TrEMBL;Acc:A0A178VV44],0.24672599355754787,0.7260239293101869,0.14751860502884848,0.8125911912990205,0.948731513008521,-0.030414180288777588,0.14785434914937629,0.5321783261274229,-0.18615269433611475,0,0,0,7
AT3G57220.1,GO:0008963,,3,21174395,21177194,+,2799,protein_coding,At3g57220 [Source:UniProtKB/TrEMBL;Acc:Q9M2M5],0.4147268175818277,0.8452512666235762,0.13180321041918996,0.7401424691500847,0.925332985568439,0.053802000503547005,0.046961505313596906,0.31004387893373064,0.3177672276100555,0,0,0,4
AT4G18270.1,GO:0008963,TRANS11,4,10098673,10102107,-,3434,protein_coding,Phospho-N-acetylmuramoyl-pentapeptide-transferase homolog [Source:UniProtKB/Swiss-Prot;Acc:O49730],0.5915598199801213,0.910141178910532,-0.12395315168165356,0.8738230061153364,0.9665343663377662,0.03648492363017621,0.6875052815383162,0.9138627583429367,-0.09254094694624429,0,0,0,10
