ID,Path,Gene,Chromosome,Start,End,Strand,Length,BioType,Description,Flg22_vs_Mock_pvalue,Flg22_vs_Mock_padj,Flg22_vs_Mock_log2FoldChange,Flg22_SynCom33_vs_Mock_pvalue,Flg22_SynCom33_vs_Mock_padj,Flg22_SynCom33_vs_Mock_log2FoldChange,Flg22_SynCom35_vs_Mock_pvalue,Flg22_SynCom35_vs_Mock_padj,Flg22_SynCom35_vs_Mock_log2FoldChange,Flg22_vs_Mock,Flg22_SynCom33_vs_Mock,Flg22_SynCom35_vs_Mock,cl
AT3G49180.1,GO:0097344,RID3,3,18229747,18232004,+,2257,protein_coding,Protein ROOT INITIATION DEFECTIVE 3 [Source:UniProtKB/Swiss-Prot;Acc:Q9M3B4],0.03618518284816502,0.31893743132786356,-0.4238653991406968,0.07307506369388102,0.34378786528157323,-0.3618912065086437,0.3277003555927823,0.7242029607739568,0.19338607088315127,0,0,0,4
AT5G06350.1,GO:0097344,,5,1938412,1944366,+,5954,protein_coding,ARM repeat superfamily protein [Source:UniProtKB/TrEMBL;Acc:F4K3T5],0.8325375199309881,0.9705008034379354,0.35056033869376046,0.9932147351761232,0.9978620192163213,-0.01410206998671164,0.7137648574183908,0.9233387489119781,-0.6084907992641521,0,0,0,2
AT5G06350.2,GO:0097344,,5,1938496,1944357,+,5861,protein_coding,ARM repeat superfamily protein [Source:UniProtKB/TrEMBL;Acc:F4K3T5],0.671148855132041,0.9348817855697953,-0.572543946614017,0.6656273401930659,0.8977863597752898,-0.5827891757576039,0.7545683789179839,0.9352156130032192,0.42116585549731295,0,0,0,4
