ID,Path,Gene,Chromosome,Start,End,Strand,Length,BioType,Description,Flg22_vs_Mock_pvalue,Flg22_vs_Mock_padj,Flg22_vs_Mock_log2FoldChange,Flg22_SynCom33_vs_Mock_pvalue,Flg22_SynCom33_vs_Mock_padj,Flg22_SynCom33_vs_Mock_log2FoldChange,Flg22_SynCom35_vs_Mock_pvalue,Flg22_SynCom35_vs_Mock_padj,Flg22_SynCom35_vs_Mock_log2FoldChange,Flg22_vs_Mock,Flg22_SynCom33_vs_Mock,Flg22_SynCom35_vs_Mock,cl
AT3G26090.1,GO:0009968,RGS1,3,9532613,9535629,+,3016,protein_coding,Regulator of G-protein signaling 1 [Source:UniProtKB/Swiss-Prot;Acc:Q8H1F2],9.50288766923275e-4,0.033025482196386916,0.37559081163662134,0.7861122675437244,0.9408094867507961,-0.03127325048081174,0.010901513103214083,0.13313127017112913,-0.2954437697214627,0,0,0,7
AT5G63980.1,GO:0009968,SAL1,5,25610002,25611802,+,1800,protein_coding,SAL1 phosphatase [Source:UniProtKB/Swiss-Prot;Acc:Q42546],0.011094063642348648,0.16433411776088205,0.38731805308793227,0.28930557452789557,0.6576355472249256,0.16201915465339672,0.2914379437600073,0.6966627307374968,0.16114116925094135,0,0,0,7
