ID,Path,Gene,Chromosome,Start,End,Strand,Length,BioType,Description,Flg22_vs_Mock_pvalue,Flg22_vs_Mock_padj,Flg22_vs_Mock_log2FoldChange,Flg22_SynCom33_vs_Mock_pvalue,Flg22_SynCom33_vs_Mock_padj,Flg22_SynCom33_vs_Mock_log2FoldChange,Flg22_SynCom35_vs_Mock_pvalue,Flg22_SynCom35_vs_Mock_padj,Flg22_SynCom35_vs_Mock_log2FoldChange,Flg22_vs_Mock,Flg22_SynCom33_vs_Mock,Flg22_SynCom35_vs_Mock,cl
AT2G32950.1,GO:0000152,COP1,2,13977881,13983609,+,5728,protein_coding,FUS1 [Source:UniProtKB/TrEMBL;Acc:A0A178VXE2],0.7132110904776204,0.9456478204756522,0.07474399659620716,0.36486610396255714,0.7227366370432677,-0.18470676937645905,0.19272569872149706,0.5927633418360747,-0.2654937958815318,0,0,0,2
AT2G32950.2,GO:0000152,COP1,2,13977888,13983539,+,5651,protein_coding,FUS1 [Source:UniProtKB/TrEMBL;Acc:A0A178VXE2],0.7629399156113944,0.9569840739543738,-0.20552122057560013,0.5779521421219294,0.8569503300894488,0.378377459859422,0.5172690375698705,0.8417533688634438,-0.4415403207973374,0,0,0,10
AT3G01090.3,GO:0000152,,3,31145,34451,-,3306,protein_coding,,0.2457057655803542,0.725773082763871,-0.3219690540471933,0.9847126546576176,0.9963507069597287,0.005306946424010264,0.5919852763283939,0.8778866899521992,0.14831531372394594,0,0,0,1
AT3G01090.1,GO:0000152,,3,31163,34670,-,3507,protein_coding,,0.0873777950314462,0.4870725207215601,0.6457922059346545,0.24362176522277368,0.613890911209194,0.44083325674949786,0.6691650701066092,0.9068250161690296,-0.16192971349592564,0,0,0,9
