ID,Path,Gene,Chromosome,Start,End,Strand,Length,BioType,Description,Flg22_vs_Mock_pvalue,Flg22_vs_Mock_padj,Flg22_vs_Mock_log2FoldChange,Flg22_SynCom33_vs_Mock_pvalue,Flg22_SynCom33_vs_Mock_padj,Flg22_SynCom33_vs_Mock_log2FoldChange,Flg22_SynCom35_vs_Mock_pvalue,Flg22_SynCom35_vs_Mock_padj,Flg22_SynCom35_vs_Mock_log2FoldChange,Flg22_vs_Mock,Flg22_SynCom33_vs_Mock,Flg22_SynCom35_vs_Mock,cl
ATMG00410.1,GO:0045259,ATP6-1,Mt,111587,112907,+,1320,protein_coding,ATP synthase subunit a [Source:UniProtKB/TrEMBL;Acc:A0A178U7J2],0.19240985795236776,0.6681409358695782,1.936918833842936,0.23969464376050972,NA,1.7495540158024345,0.9820224290534062,NA,-0.034332603686259275,0,0,0,9
ATMG01170.1,GO:0045259,ATP6-2,Mt,296820,298204,-,1384,protein_coding,ATP synthase subunit a [Source:UniProtKB/TrEMBL;Acc:G1C2S8],0.5731878702322926,0.9050310490075865,-0.37909286618605254,0.8138273939618763,NA,-0.15660256000884717,0.20731804903763013,NA,-0.8720797414896111,0,0,0,10
ATCG00130.1,GO:0045259,ATPF,Pt,11529,12798,-,1269,protein_coding,"ATP synthase subunit b, chloroplastic [Source:UniProtKB/Swiss-Prot;Acc:P56759]",0.4119081497695413,NA,0.7838478755570362,0.4802200941922657,NA,-0.7920969662808174,0.20556206945166283,NA,1.1766361927519735,0,0,0,6
ATCG00470.1,GO:0045259,ATPE,Pt,52265,52663,-,398,protein_coding,"ATP synthase epsilon chain, chloroplastic [Source:UniProtKB/Swiss-Prot;Acc:P09468]",0.9578269186741668,0.9939609076844966,0.01709454646136324,0.22743402724478395,0.5965146271752689,0.3880360560431825,0.029438113487785366,0.2401567088128655,0.6967565046490924,0,0,0,1
