ID,Path,Gene,Chromosome,Start,End,Strand,Length,BioType,Description,Flg22_vs_Mock_pvalue,Flg22_vs_Mock_padj,Flg22_vs_Mock_log2FoldChange,Flg22_SynCom33_vs_Mock_pvalue,Flg22_SynCom33_vs_Mock_padj,Flg22_SynCom33_vs_Mock_log2FoldChange,Flg22_SynCom35_vs_Mock_pvalue,Flg22_SynCom35_vs_Mock_padj,Flg22_SynCom35_vs_Mock_log2FoldChange,Flg22_vs_Mock,Flg22_SynCom33_vs_Mock,Flg22_SynCom35_vs_Mock,cl
AT2G40660.1,GO:0017102,,2,16965909,16969119,+,3210,protein_coding,"Nucleic acid-binding, OB-fold-like protein [Source:UniProtKB/TrEMBL;Acc:Q93VB0]",0.5132235755450534,0.8851324619281493,-0.09303293188500752,0.11891683486780594,0.43858206026292273,-0.22237220676222605,0.3363265529601301,0.7302782929529426,0.13623113012130722,0,0,0,4
AT3G59980.1,GO:0017102,,3,22154244,22155641,-,1397,protein_coding,"Nucleic acid-binding, OB-fold-like protein [Source:UniProtKB/TrEMBL;Acc:Q9M1X8]",0.6993470635968716,0.9415202213440953,-0.07810797841218174,0.24934315697316656,0.6200786714643444,-0.23475922131458735,0.4827237048773839,0.8231759917734691,0.1402947679445916,0,0,0,4
