ID,Path,Gene,Chromosome,Start,End,Strand,Length,BioType,Description,Flg22_vs_Mock_pvalue,Flg22_vs_Mock_padj,Flg22_vs_Mock_log2FoldChange,Flg22_SynCom33_vs_Mock_pvalue,Flg22_SynCom33_vs_Mock_padj,Flg22_SynCom33_vs_Mock_log2FoldChange,Flg22_SynCom35_vs_Mock_pvalue,Flg22_SynCom35_vs_Mock_padj,Flg22_SynCom35_vs_Mock_log2FoldChange,Flg22_vs_Mock,Flg22_SynCom33_vs_Mock,Flg22_SynCom35_vs_Mock,cl
AT3G02860.2,GO:0048478,,3,625163,627367,-,2204,protein_coding,F13E7.20 protein [Source:UniProtKB/TrEMBL;Acc:Q9M8S7],0.6094573774541341,0.9163410558399375,0.14652693966500385,0.7785270977224579,0.9375395823401825,0.08075583109247339,0.08697159111848682,0.4203494984759464,-0.49558174157308316,0,0,0,2
AT3G02860.1,GO:0048478,,3,625163,627491,-,2328,protein_coding,F13E7.20 protein [Source:UniProtKB/TrEMBL;Acc:Q9M8S7],0.5507437506998949,0.897534498232069,0.1881658250025065,0.381825294933218,0.7366408689027393,0.2754225482083851,0.21042636100935658,0.6122928632272738,0.3930677594104399,0,0,0,6
AT5G07810.1,GO:0048478,,5,2491200,2498542,-,7342,protein_coding,SNF2 domain-containing protein / helicase domain-containing protein / HNH endonuclease domain-containing protein [Source:TAIR;Acc:AT5G07810],0.39066996352411454,0.8327415225838195,-0.1462273374812505,0.14109297576429772,0.4779913515432705,0.2470673970999202,0.10752257290554093,0.4643292153942746,0.26919428507857207,0,0,0,1
