ID,Path,Gene,Chromosome,Start,End,Strand,Length,BioType,Description,Flg22_vs_Mock_pvalue,Flg22_vs_Mock_padj,Flg22_vs_Mock_log2FoldChange,Flg22_SynCom33_vs_Mock_pvalue,Flg22_SynCom33_vs_Mock_padj,Flg22_SynCom33_vs_Mock_log2FoldChange,Flg22_SynCom35_vs_Mock_pvalue,Flg22_SynCom35_vs_Mock_padj,Flg22_SynCom35_vs_Mock_log2FoldChange,Flg22_vs_Mock,Flg22_SynCom33_vs_Mock,Flg22_SynCom35_vs_Mock,cl
AT2G46590.1,GO:0071462,DOF2.5,2,19132925,19135293,+,2368,protein_coding,Dof zinc finger protein DOF2.5 [Source:UniProtKB/Swiss-Prot;Acc:Q9ZPY0],0.881174672174514,0.9828551392821914,-0.06965848098037235,0.30041599750252873,0.6684386536411024,-0.48781216802375627,0.8278027580929365,0.957267260592803,-0.10126312727602851,0,0,0,3
AT2G46590.2,GO:0071462,DOF2.5,2,19133005,19135383,+,2378,protein_coding,Dof zinc finger protein DOF2.5 [Source:UniProtKB/Swiss-Prot;Acc:Q9ZPY0],0.8274284912924441,0.9696044000628784,-0.05641266509199126,0.030020504168185087,0.21032348007535875,-0.5684419235984474,0.7140926217539059,0.9233556836978816,0.09440756783707105,0,0,0,3
