ID,Path,Gene,Chromosome,Start,End,Strand,Length,BioType,Description,Flg22_vs_Mock_pvalue,Flg22_vs_Mock_padj,Flg22_vs_Mock_log2FoldChange,Flg22_SynCom33_vs_Mock_pvalue,Flg22_SynCom33_vs_Mock_padj,Flg22_SynCom33_vs_Mock_log2FoldChange,Flg22_SynCom35_vs_Mock_pvalue,Flg22_SynCom35_vs_Mock_padj,Flg22_SynCom35_vs_Mock_log2FoldChange,Flg22_vs_Mock,Flg22_SynCom33_vs_Mock,Flg22_SynCom35_vs_Mock,cl
AT5G11030.2,GO:0055105,ALF4,5,3490788,3495173,-,4385,protein_coding,Aberrant root formation protein 4 [Source:UniProtKB/Swiss-Prot;Acc:Q84VX3],0.5019568602747129,0.8805858090533589,0.10850327326086949,0.9356648403193331,0.9850222141164797,0.01309773921967394,0.7638578709504612,0.9383878150951668,-0.0486919487647697,0,0,0,7
AT5G11030.4,GO:0055105,ALF4,5,3490807,3495135,-,4328,protein_coding,Aberrant root formation protein 4 [Source:UniProtKB/Swiss-Prot;Acc:Q84VX3],0.9614643711266472,0.9944633830616663,0.04223948638330729,0.8042065077103602,0.9459780862095606,0.21620310521304936,0.5005754417898738,NA,0.584185220970398,0,0,0,1
AT5G11030.8,GO:0055105,ALF4,5,3490833,3495132,-,4299,protein_coding,Aberrant root formation protein 4 [Source:UniProtKB/Swiss-Prot;Acc:Q84VX3],0.8563076456449784,0.9767773977848947,0.26041870695813646,0.7945279704362853,0.9426682041222534,0.3742023569010606,0.8292026048417487,NA,0.30989355634685273,0,0,0,6
