ID,Path,Gene,Chromosome,Start,End,Strand,Length,BioType,Description,Flg22_vs_Mock_pvalue,Flg22_vs_Mock_padj,Flg22_vs_Mock_log2FoldChange,Flg22_SynCom33_vs_Mock_pvalue,Flg22_SynCom33_vs_Mock_padj,Flg22_SynCom33_vs_Mock_log2FoldChange,Flg22_SynCom35_vs_Mock_pvalue,Flg22_SynCom35_vs_Mock_padj,Flg22_SynCom35_vs_Mock_log2FoldChange,Flg22_vs_Mock,Flg22_SynCom33_vs_Mock,Flg22_SynCom35_vs_Mock,cl
AT1G66970.2,GO:0030643,SVL2,1,24992553,24996117,-,3564,protein_coding,SHV3-like 2 [Source:UniProtKB/TrEMBL;Acc:F4HQ30],0.6554214544493767,0.9295922271622888,0.3928622789898561,0.17913355856638213,0.53581437537091,1.157529189678533,0.24492561179448313,NA,1.0033315167026629,0,0,0,5
AT3G02040.1,GO:0030643,GDPD1,3,348167,350010,-,1843,protein_coding,"Glycerophosphodiester phosphodiesterase GDPD1, chloroplastic [Source:UniProtKB/Swiss-Prot;Acc:Q9SGA2]",0.002311268817885211,0.059603548099437825,0.6439938697941037,0.06431937433657256,0.3203693572198895,0.3920682944356824,0.27890971579697177,0.6849744735242493,0.229671637199778,0,0,0,7
AT3G17790.1,GO:0030643,PAP17,3,6089381,6091231,+,1850,protein_coding,Purple acid phosphatase 17 [Source:UniProtKB/Swiss-Prot;Acc:Q9SCX8],0.03085721533235926,0.2895261346645705,1.182886179095371,0.6826366900622092,0.9051459707696669,-0.22467084490676614,7.411772453459952e-5,0.003826446817281964,-2.2044350199698535,0,0,-1,7
AT5G42810.1,GO:0030643,IPK1,5,17166702,17169459,+,2757,protein_coding,Inositol-pentakisphosphate 2-kinase [Source:UniProtKB/Swiss-Prot;Acc:Q93YN9],0.07488796027109669,0.45247770818673194,-0.3634400593276873,0.024594593319683083,0.187614034511839,-0.4595686650510871,0.11145567588663861,0.47199448168997565,-0.32411240205088887,0,0,0,8
