ID,Path,Gene,Chromosome,Start,End,Strand,Length,BioType,Description,Flg22_vs_Mock_pvalue,Flg22_vs_Mock_padj,Flg22_vs_Mock_log2FoldChange,Flg22_SynCom33_vs_Mock_pvalue,Flg22_SynCom33_vs_Mock_padj,Flg22_SynCom33_vs_Mock_log2FoldChange,Flg22_SynCom35_vs_Mock_pvalue,Flg22_SynCom35_vs_Mock_padj,Flg22_SynCom35_vs_Mock_log2FoldChange,Flg22_vs_Mock,Flg22_SynCom33_vs_Mock,Flg22_SynCom35_vs_Mock,cl
AT1G11190.1,GO:0016891,ENDO1,1,3750066,3752780,-,2714,protein_coding,ENDO1 [Source:UniProtKB/TrEMBL;Acc:A0A178WKD4],6.343453225301117e-8,1.6301510852652256e-5,1.081299093697061,0.03678322082711537,0.23706702044462127,0.423286934327758,2.0564985369134225e-4,0.008329165286374262,-0.7841916357090448,1,0,0,7
AT3G15140.1,GO:0016891,,3,5099426,5101880,-,2454,protein_coding,Uncharacterized exonuclease domain-containing protein At3g15140 [Source:UniProtKB/Swiss-Prot;Acc:Q8W566],0.3426937197769722,0.8007252269899245,-0.7406314816476989,0.6194457678226175,0.8769963520043618,-0.3841258217210496,0.4973855469147488,NA,0.5159272091899068,0,0,0,4
AT3G15140.2,GO:0016891,,3,5099444,5101411,-,1967,protein_coding,Uncharacterized exonuclease domain-containing protein At3g15140 [Source:UniProtKB/Swiss-Prot;Acc:Q8W566],0.804739656665032,0.9662426756893417,-0.09621245098143515,0.5645230936918765,0.8489091396458909,-0.22544962749305142,0.3291975322098684,0.7251428330448203,0.3731947510248215,0,0,0,4
AT4G31150.3,GO:0016891,,4,15143217,15145640,-,2423,protein_coding,At4g31150 [Source:UniProtKB/TrEMBL;Acc:Q8L9R0],0.9035763817010989,0.9867081025597555,-0.17635648839837828,0.14623504831643694,NA,-2.2143592287439784,0.4244448029361495,NA,-1.1786157841399156,0,-0,-0,2
AT4G31150.4,GO:0016891,,4,15143217,15145640,-,2423,protein_coding,At4g31150 [Source:UniProtKB/TrEMBL;Acc:Q8L9R0],0.7444767532770908,0.9529854144178901,-0.3230893441174915,0.6047671763014959,0.8706293448583039,-0.5138674011725392,0.8731137404072531,0.9700555239397249,-0.15805099558559074,0,0,0,8
AT4G31150.1,GO:0016891,,4,15143217,15145640,-,2423,protein_coding,At4g31150 [Source:UniProtKB/TrEMBL;Acc:Q8L9R0],0.8127803887042166,0.9668016559497242,0.1183725843438065,0.28582645533545714,0.6550656853444079,0.531640320880761,0.5525922846591766,0.8600249181220385,-0.2979087845903677,0,0,0,9
