ID,Path,Gene,Chromosome,Start,End,Strand,Length,BioType,Description,Flg22_vs_Mock_pvalue,Flg22_vs_Mock_padj,Flg22_vs_Mock_log2FoldChange,Flg22_SynCom33_vs_Mock_pvalue,Flg22_SynCom33_vs_Mock_padj,Flg22_SynCom33_vs_Mock_log2FoldChange,Flg22_SynCom35_vs_Mock_pvalue,Flg22_SynCom35_vs_Mock_padj,Flg22_SynCom35_vs_Mock_log2FoldChange,Flg22_vs_Mock,Flg22_SynCom33_vs_Mock,Flg22_SynCom35_vs_Mock,cl
AT3G07270.2,GO:0035998,GCH1,3,2313998,2317188,+,3190,protein_coding,GTP cyclohydrolase 1 [Source:UniProtKB/Swiss-Prot;Acc:Q9SFV7],0.5741714655908157,0.9052820905612992,0.08346869059618384,0.8521548602961069,0.9604994301496065,-0.027741441117176188,0.30277338634358936,0.7057095522962933,0.15272296801041108,0,0,0,4
AT3G07270.1,GO:0035998,GCH1,3,2314432,2317364,+,2932,protein_coding,GTP cyclohydrolase 1 [Source:UniProtKB/Swiss-Prot;Acc:Q9SFV7],0.4625429055156782,0.8657727581957676,0.15207569711655117,0.5584240774812352,0.8460391686070422,-0.1219785723996887,0.22040409475732253,0.6244631467171435,0.25271693207270224,0,0,0,4
