ID,Path,Gene,Chromosome,Start,End,Strand,Length,BioType,Description,Flg22_vs_Mock_pvalue,Flg22_vs_Mock_padj,Flg22_vs_Mock_log2FoldChange,Flg22_SynCom33_vs_Mock_pvalue,Flg22_SynCom33_vs_Mock_padj,Flg22_SynCom33_vs_Mock_log2FoldChange,Flg22_SynCom35_vs_Mock_pvalue,Flg22_SynCom35_vs_Mock_padj,Flg22_SynCom35_vs_Mock_log2FoldChange,Flg22_vs_Mock,Flg22_SynCom33_vs_Mock,Flg22_SynCom35_vs_Mock,cl
AT1G36370.1,GO:0046500,SHM7,1,13696042,13698739,-,2697,protein_coding,Serine hydroxymethyltransferase 7 [Source:UniProtKB/Swiss-Prot;Acc:Q84WV0],0.060467228575093,0.41142787072562137,0.609523070623849,0.23636275483830962,0.6051730784308696,-0.3849876371244337,0.01067403754657124,0.13148449629585734,-0.8307524057912191,0,0,0,7
AT5G49810.1,GO:0046500,MMT1,5,20239293,20246398,+,7105,protein_coding,Methionine S-methyltransferase [Source:UniProtKB/Swiss-Prot;Acc:Q9LTB2],0.3117719301650277,0.7777556975246918,0.11447200511063915,0.42325181436854614,0.7651550285040523,0.09063927864561976,0.9992449047394298,0.9998272537485365,1.0711777785632297e-4,0,0,0,6
AT5G65860.1,GO:0046500,,5,26347593,26349044,-,1451,protein_coding,Ankyrin repeat family protein [Source:UniProtKB/TrEMBL;Acc:Q2V2U9],0.1543694677795938,0.6136574092109718,-0.8691158657326309,0.25246604919290083,0.6227557656821032,-0.6944889333735041,0.05827844884465046,NA,-1.1649999551069077,0,0,-0,8
AT5G65860.2,GO:0046500,,5,26347634,26349056,-,1422,protein_coding,Ankyrin repeat family protein [Source:UniProtKB/TrEMBL;Acc:Q2V2U9],0.5133705830778246,0.8851423982883753,-0.16267041475561062,0.4398400668473559,0.7770251392152436,-0.1924422562609782,0.17920579454441163,0.5761503414605713,0.3305406388335725,0,0,0,4
