ID,Path,Gene,Chromosome,Start,End,Strand,Length,BioType,Description,Flg22_vs_Mock_pvalue,Flg22_vs_Mock_padj,Flg22_vs_Mock_log2FoldChange,Flg22_SynCom33_vs_Mock_pvalue,Flg22_SynCom33_vs_Mock_padj,Flg22_SynCom33_vs_Mock_log2FoldChange,Flg22_SynCom35_vs_Mock_pvalue,Flg22_SynCom35_vs_Mock_padj,Flg22_SynCom35_vs_Mock_log2FoldChange,Flg22_vs_Mock,Flg22_SynCom33_vs_Mock,Flg22_SynCom35_vs_Mock,cl
AT3G07560.1,GO:0016560,PEX13,3,2411321,2413587,-,2266,protein_coding,Peroxisomal membrane protein 13 [Source:UniProtKB/Swiss-Prot;Acc:Q9SRR0],0.9483241907933991,0.9933269717125698,-0.007398637427310603,0.9361664170601288,0.9853146758906558,0.00914198680614685,0.07316623435452842,0.385677753308774,-0.20491038005939055,0,0,0,2
AT5G47040.1,GO:0016560,LON2,5,19092858,19098772,-,5914,protein_coding,"Lon protease homolog 2, peroxisomal [Source:UniProtKB/Swiss-Prot;Acc:O64948]",0.3723281809511824,0.8203637753971188,-0.14355698588144394,0.20419679507165756,0.5675370394040838,0.20390966288367476,0.025107704341528446,0.2202118669516921,0.3592759629132654,0,0,0,1
AT5G56290.1,GO:0016560,PEX5,5,22786496,22792306,+,5810,protein_coding,Peroxisome biogenesis protein 5 [Source:UniProtKB/Swiss-Prot;Acc:Q9FMA3],0.24839338115122803,0.728320080745909,0.08483907178026147,0.29285036096317585,0.6606348703230315,-0.07783800118787916,0.047778778430524305,0.3127787350970214,-0.14633648939714022,0,0,0,2
AT5G62810.1,GO:0016560,PEX14,5,25220147,25223789,+,3642,protein_coding,Peroxisomal membrane protein PEX14 [Source:UniProtKB/Swiss-Prot;Acc:Q9FXT6],0.8974107157466723,0.9854472783693764,-0.01420904590576916,0.11530912887173253,0.4329245813309936,-0.17429753817567575,0.6776128395200642,0.910300792901679,-0.04576403523892285,0,0,0,3
