ID,Path,Gene,Chromosome,Start,End,Strand,Length,BioType,Description,Flg22_vs_Mock_pvalue,Flg22_vs_Mock_padj,Flg22_vs_Mock_log2FoldChange,Flg22_SynCom33_vs_Mock_pvalue,Flg22_SynCom33_vs_Mock_padj,Flg22_SynCom33_vs_Mock_log2FoldChange,Flg22_SynCom35_vs_Mock_pvalue,Flg22_SynCom35_vs_Mock_padj,Flg22_SynCom35_vs_Mock_log2FoldChange,Flg22_vs_Mock,Flg22_SynCom33_vs_Mock,Flg22_SynCom35_vs_Mock,cl
AT5G11630.3,GO:0071433,,5,3740460,3741243,+,783,protein_coding,Uncharacterized protein T22P22_20 [Source:UniProtKB/TrEMBL;Acc:Q9LYG7],0.9910732857831568,NA,0.014643179211823237,0.2403353451758181,NA,1.4359348145715003,0.3906877729740842,NA,1.0597718346614962,0,0,0,5
AT5G11630.2,GO:0071433,,5,3740460,3741827,+,1367,protein_coding,Uncharacterized protein T22P22_20 [Source:UniProtKB/TrEMBL;Acc:Q9LYG7],0.7835227372989013,0.9619238865041868,0.14499182180298795,0.444288896131139,0.7794157220299502,-0.4107076854300136,0.5063952852288238,0.8365361819858198,-0.3549597651205607,0,0,0,3
AT5G11630.1,GO:0071433,,5,3740460,3741827,+,1367,protein_coding,Uncharacterized protein T22P22_20 [Source:UniProtKB/TrEMBL;Acc:Q9LYG7],0.12755523397051707,0.5699097082686115,-0.5205063236432945,0.3359422635083577,0.6983047681636511,-0.3259677740425562,0.24886299602268983,0.6576390551750738,0.38035549430212867,0,0,0,4
