ID,Path,Gene,Chromosome,Start,End,Strand,Length,BioType,Description,Flg22_vs_Mock_pvalue,Flg22_vs_Mock_padj,Flg22_vs_Mock_log2FoldChange,Flg22_SynCom33_vs_Mock_pvalue,Flg22_SynCom33_vs_Mock_padj,Flg22_SynCom33_vs_Mock_log2FoldChange,Flg22_SynCom35_vs_Mock_pvalue,Flg22_SynCom35_vs_Mock_padj,Flg22_SynCom35_vs_Mock_log2FoldChange,Flg22_vs_Mock,Flg22_SynCom33_vs_Mock,Flg22_SynCom35_vs_Mock,cl
AT1G64090.1,GO:0071782,RTNLB3,1,23789128,23791229,+,2101,protein_coding,Reticulon-like protein [Source:UniProtKB/TrEMBL;Acc:F4I596],0.7322897798350254,0.9502176053942513,-0.049937114294363295,0.847064522747988,0.9587528858455282,-0.028151896406904235,0.27876981894845915,0.6848406314982161,0.157741870634253,0,0,0,4
AT2G24330.1,GO:0071782,,2,10347018,10349921,-,2903,protein_coding,Uncharacterized protein At2g24330 [Source:UniProtKB/TrEMBL;Acc:Q541V7],0.6187011976085861,0.9199082974629913,0.06635880364543303,0.589883952598798,0.8640146250618912,0.07187925776357992,0.10030247085851654,0.45121107777004316,-0.22070003108814262,0,0,0,9
AT4G11220.1,GO:0071782,RTNLB2,4,6837911,6840036,-,2125,protein_coding,Reticulon-like protein B2 [Source:UniProtKB/Swiss-Prot;Acc:Q9SUT9],0.6814590600678248,0.9371093489821896,-0.06895910486987174,0.5686243547331775,0.8519812132472423,0.09568843571685229,0.45542670482430786,0.8082513768562406,-0.12537847652866202,0,0,0,10
AT4G23630.1,GO:0071782,RTNLB1,4,12317036,12320074,+,3038,protein_coding,Reticulon-like protein [Source:UniProtKB/TrEMBL;Acc:A0A178V247],0.5417049413050787,0.8941758676213915,0.07128036559758065,0.02097313763506619,0.17002409104518978,-0.27012172887962477,0.045330904854767096,0.30324392710846965,-0.23405336414776715,0,0,0,3
AT5G41600.1,GO:0071782,RTNLB4,5,16636029,16637908,+,1879,protein_coding,Reticulon-like protein B4 [Source:UniProtKB/Swiss-Prot;Acc:Q9FFS0],0.38671805477434074,0.8312510676652204,-0.17513298255188087,0.15934165744890685,0.5061352281155045,-0.28514490739769205,0.5283169540847292,0.8480045945886042,0.12709879042715594,0,0,0,4
