ID,Path,Gene,Chromosome,Start,End,Strand,Length,BioType,Description,Flg22_vs_Mock_pvalue,Flg22_vs_Mock_padj,Flg22_vs_Mock_log2FoldChange,Flg22_SynCom33_vs_Mock_pvalue,Flg22_SynCom33_vs_Mock_padj,Flg22_SynCom33_vs_Mock_log2FoldChange,Flg22_SynCom35_vs_Mock_pvalue,Flg22_SynCom35_vs_Mock_padj,Flg22_SynCom35_vs_Mock_log2FoldChange,Flg22_vs_Mock,Flg22_SynCom33_vs_Mock,Flg22_SynCom35_vs_Mock,cl
AT2G33210.1,GO:0045041,HSP60-2,2,14074767,14078772,-,4005,protein_coding,"Chaperonin CPN60-like 1, mitochondrial [Source:UniProtKB/Swiss-Prot;Acc:Q8L7B5]",0.21468345416472048,0.6910016123640361,-0.25606155799224833,0.010277907937910849,0.11082971597098427,-0.5301688382051795,0.42074056217488465,0.7855173401213235,0.165923319439382,0,0,0,4
AT3G13860.1,GO:0045041,HSP60-3A,3,4561517,4565335,-,3818,protein_coding,"Chaperonin CPN60-like 2, mitochondrial [Source:UniProtKB/Swiss-Prot;Acc:Q93ZM7]",0.30802621724354984,0.7741057077912853,-0.20886123490852823,0.018894732053074775,0.15986874910383225,-0.4821311585720059,0.39134117837298865,0.767979546815187,0.17511330612808604,0,0,0,4
AT3G23990.1,GO:0045041,CPN60,3,8668772,8672578,+,3806,protein_coding,"Chaperonin CPN60, mitochondrial [Source:UniProtKB/Swiss-Prot;Acc:P29197]",0.09956923078585653,0.5146768266363955,-0.40666785529386273,0.033125697476362244,0.22234332073896873,-0.5261722364222865,0.3285707588696498,0.7247285992676452,0.24107099422556735,0,0,0,4
AT5G23395.1,GO:0045041,MIA40,5,7874572,7876427,-,1855,protein_coding,Mitochondrial intermembrane space import and assembly protein 40 homolog [Source:UniProtKB/Swiss-Prot;Acc:Q8GYJ4],0.05837735540037508,0.40464355654013856,-0.38135226547922513,0.16045887722195162,0.5075320686391713,-0.28171602415904495,0.9921165302606075,0.9987280198796549,-0.001956724592529016,0,0,0,8
