ID,Path,Gene,Chromosome,Start,End,Strand,Length,BioType,Description,Flg22_vs_Mock_pvalue,Flg22_vs_Mock_padj,Flg22_vs_Mock_log2FoldChange,Flg22_SynCom33_vs_Mock_pvalue,Flg22_SynCom33_vs_Mock_padj,Flg22_SynCom33_vs_Mock_log2FoldChange,Flg22_SynCom35_vs_Mock_pvalue,Flg22_SynCom35_vs_Mock_padj,Flg22_SynCom35_vs_Mock_log2FoldChange,Flg22_vs_Mock,Flg22_SynCom33_vs_Mock,Flg22_SynCom35_vs_Mock,cl
AT5G41360.1,GO:0000112,XPB2,5,16544340,16549327,+,4987,protein_coding,XPB2 [Source:UniProtKB/TrEMBL;Acc:A0A178UFA0],0.43204883150501117,0.8523744259073841,-0.11353788998073126,0.3653911061980359,0.7232274877265996,-0.1308750765232508,0.40076053746508666,0.7724939516332869,-0.12125455537314725,0,0,0,8
AT5G41370.1,GO:0000112,XPB1,5,16551119,16556038,+,4919,protein_coding,General transcription and DNA repair factor IIH helicase subunit XPB1 [Source:UniProtKB/Swiss-Prot;Acc:Q38861],0.7760903211509176,0.9598585171710462,-0.03943255348272341,0.619984651401837,0.8772772664121685,0.06866157539726528,0.3854042441263982,0.7649079996594348,-0.12034452384208805,0,0,0,10
