ID,Path,Gene,Chromosome,Start,End,Strand,Length,BioType,Description,Flg22_vs_Mock_pvalue,Flg22_vs_Mock_padj,Flg22_vs_Mock_log2FoldChange,Flg22_SynCom33_vs_Mock_pvalue,Flg22_SynCom33_vs_Mock_padj,Flg22_SynCom33_vs_Mock_log2FoldChange,Flg22_SynCom35_vs_Mock_pvalue,Flg22_SynCom35_vs_Mock_padj,Flg22_SynCom35_vs_Mock_log2FoldChange,Flg22_vs_Mock,Flg22_SynCom33_vs_Mock,Flg22_SynCom35_vs_Mock,cl
AT1G49340.3,GO:0070273,PI4KA1,1,18252050,18264583,+,12533,protein_coding,Phosphatidylinositol 4-kinase alpha 1 [Source:UniProtKB/Swiss-Prot;Acc:Q9SXA1],0.7852119379146618,0.9624259624160597,-0.12486932705984322,0.0431074283670994,0.2590686092922795,0.9246309149562066,0.37995326810748387,0.7611571336257656,0.40166226501318864,0,0,0,5
AT1G49340.2,GO:0070273,PI4KA1,1,18252052,18264672,+,12620,protein_coding,Phosphatidylinositol 4-kinase alpha 1 [Source:UniProtKB/Swiss-Prot;Acc:Q9SXA1],0.8501364124706452,0.9752378815776379,0.026206861436341822,0.9628067093686407,0.9917935374657181,0.0064693697967256915,0.3141423500852492,0.7136205811020719,0.1394316275237285,0,0,0,4
AT1G49340.4,GO:0070273,PI4KA1,1,18252064,18264463,+,12399,protein_coding,Phosphatidylinositol 4-kinase alpha 1 [Source:UniProtKB/Swiss-Prot;Acc:Q9SXA1],0.5141657757372943,0.885260160069909,-0.20110828230695196,0.18051933299740366,0.5377869304791582,-0.4133996296139861,0.9009243856823967,0.9773437111267989,-0.03832989612277767,0,0,0,4
