ID,Path,Gene,Chromosome,Start,End,Strand,Length,BioType,Description,Flg22_vs_Mock_pvalue,Flg22_vs_Mock_padj,Flg22_vs_Mock_log2FoldChange,Flg22_SynCom33_vs_Mock_pvalue,Flg22_SynCom33_vs_Mock_padj,Flg22_SynCom33_vs_Mock_log2FoldChange,Flg22_SynCom35_vs_Mock_pvalue,Flg22_SynCom35_vs_Mock_padj,Flg22_SynCom35_vs_Mock_log2FoldChange,Flg22_vs_Mock,Flg22_SynCom33_vs_Mock,Flg22_SynCom35_vs_Mock,cl
AT1G26800.1,GO:0071218,MPSR1,1,9285025,9286395,-,1370,protein_coding,E3 ubiquitin-protein ligase MPSR1 [Source:UniProtKB/Swiss-Prot;Acc:Q9LQX2],0.6386401939334508,0.9263126797985651,-0.16891907725790697,0.9439852984138047,0.9873613349407674,0.025227414344089334,0.15611882718049583,0.5436252343766635,0.5069531046607291,0,0,0,4
AT3G57340.2,GO:0071218,,3,21218981,21220485,+,1504,protein_coding,AT3G57340 protein [Source:UniProtKB/TrEMBL;Acc:Q9M2L3],0.0034349952564309495,0.0777830655843875,0.2824413517862429,0.1302573478319208,0.45934383109244326,0.1467208865686261,0.2711306016109382,0.6785457207485647,0.10654141156734735,0,0,0,6
AT5G05750.1,GO:0071218,,5,1727368,1728933,+,1565,protein_coding,DNAJ heat shock N-terminal domain-containing protein [Source:UniProtKB/TrEMBL;Acc:Q9FFK2],0.25043646035404443,0.7303606726677982,-0.13450382838509245,0.8264450371174575,0.9520061656139795,0.02554085058793433,0.09144277939562889,0.43125322153947926,0.19520502503993953,0,0,0,1
AT5G49060.1,GO:0071218,ATJ49,5,19886308,19888571,+,2263,protein_coding,Chaperone protein dnaJ 49 [Source:UniProtKB/Swiss-Prot;Acc:Q9FH28],0.862723478896438,0.97856312417731794,0.030869894605989392,0.796533408755057,0.9434124577624523,0.04602665402880642,6.123150546043697e-4,0.018345050540064665,-0.6238836502159326,0,0,0,2
