ID,Path,Gene,Chromosome,Start,End,Strand,Length,BioType,Description,Flg22_vs_Mock_pvalue,Flg22_vs_Mock_padj,Flg22_vs_Mock_log2FoldChange,Flg22_SynCom33_vs_Mock_pvalue,Flg22_SynCom33_vs_Mock_padj,Flg22_SynCom33_vs_Mock_log2FoldChange,Flg22_SynCom35_vs_Mock_pvalue,Flg22_SynCom35_vs_Mock_padj,Flg22_SynCom35_vs_Mock_log2FoldChange,Flg22_vs_Mock,Flg22_SynCom33_vs_Mock,Flg22_SynCom35_vs_Mock,cl
AT2G25710.5,GO:0004077,HCS1,2,10952547,10955377,+,2830,protein_coding,"Biotin--protein ligase 1, chloroplastic [Source:UniProtKB/Swiss-Prot;Acc:Q9SL92]",0.41400458714589744,0.8446851548214535,0.12312657885382496,0.1605374479984349,0.5076520493394829,0.2111236228925509,0.25748607754987274,0.6654050047231315,0.1701731762629037,0,0,0,6
AT2G25710.8,GO:0004077,HCS1,2,10952561,10955377,+,2816,protein_coding,"Biotin--protein ligase 1, chloroplastic [Source:UniProtKB/Swiss-Prot;Acc:Q9SL92]",0.8815681546969457,0.9828551392821914,-0.11591198104129583,0.38360236070262416,0.7374892225714976,0.6700518244736309,0.7976580171910774,0.9487258565543508,-0.19949038952120368,0,0,0,5
AT2G25710.7,GO:0004077,HCS1,2,10952561,10955377,+,2816,protein_coding,"Biotin--protein ligase 1, chloroplastic [Source:UniProtKB/Swiss-Prot;Acc:Q9SL92]",0.48281124335150494,0.8743068610872616,-0.27908065534617116,0.865476032011159,0.964570071479813,-0.06700774869919447,0.03216615250749664,0.2537223924673292,-0.8665681387948987,0,0,0,10
