ID,Path,Gene,Chromosome,Start,End,Strand,Length,BioType,Description,Flg22_vs_Mock_pvalue,Flg22_vs_Mock_padj,Flg22_vs_Mock_log2FoldChange,Flg22_SynCom33_vs_Mock_pvalue,Flg22_SynCom33_vs_Mock_padj,Flg22_SynCom33_vs_Mock_log2FoldChange,Flg22_SynCom35_vs_Mock_pvalue,Flg22_SynCom35_vs_Mock_padj,Flg22_SynCom35_vs_Mock_log2FoldChange,Flg22_vs_Mock,Flg22_SynCom33_vs_Mock,Flg22_SynCom35_vs_Mock,cl
AT4G24160.1,GO:0070328,,4,12539656,12542489,+,2833,protein_coding,1-acylglycerol-3-phosphate O-acyltransferase [Source:UniProtKB/Swiss-Prot;Acc:O22975],0.25891660723980225,0.7369691175077838,-0.2591501237425639,0.18410459608121643,0.5428882454134855,-0.3049343723061545,0.004825103152413983,0.07972687612690633,-0.6475179367759936,0,0,0,2
AT4G24160.2,GO:0070328,,4,12539684,12542489,+,2805,protein_coding,1-acylglycerol-3-phosphate O-acyltransferase [Source:UniProtKB/Swiss-Prot;Acc:O22975],0.3284504071501239,0.791255263334842,-0.4301499891406753,0.5494759605082311,0.8408562795329606,-0.26311574300332785,0.010854969415871425,0.13276505043570652,-1.1289445099476334,0,0,-0,10
