ID,Path,Gene,Chromosome,Start,End,Strand,Length,BioType,Description,Flg22_vs_Mock_pvalue,Flg22_vs_Mock_padj,Flg22_vs_Mock_log2FoldChange,Flg22_SynCom33_vs_Mock_pvalue,Flg22_SynCom33_vs_Mock_padj,Flg22_SynCom33_vs_Mock_log2FoldChange,Flg22_SynCom35_vs_Mock_pvalue,Flg22_SynCom35_vs_Mock_padj,Flg22_SynCom35_vs_Mock_log2FoldChange,Flg22_vs_Mock,Flg22_SynCom33_vs_Mock,Flg22_SynCom35_vs_Mock,cl
AT1G64490.1,GO:0060261,,1,23952133,23952839,+,706,protein_coding,At1g64490 [Source:UniProtKB/TrEMBL;Acc:Q9SGW6],0.49919642531028957,0.8797653875277791,0.1715483265280673,0.26962497231065446,0.6400923952140127,-0.28494078410682794,0.2745866410407444,0.6819454330709434,0.27589247844884995,0,0,0,3
AT4G10920.1,GO:0060261,KELP,4,6697674,6699266,-,1592,protein_coding,Uncharacterized protein At4g10920 [Source:UniProtKB/TrEMBL;Acc:Q0WP62],0.5241659341460141,0.8893343616166732,-0.07286288911751075,0.5757517688568068,0.8557610986033355,0.06378519333449556,0.7340606231739735,0.9291357234957873,-0.03873706407105364,0,0,0,1
AT5G09250.1,GO:0060261,KIWI,5,2875136,2876595,-,1459,protein_coding,ssDNA-binding transcriptional regulator [Source:TAIR;Acc:AT5G09250],0.07056705026854342,0.4416660390088272,0.4998635568275755,0.06643181396448286,0.32627010036688636,0.5074525423842289,0.4416592753694567,0.8004817019007134,0.21449483368394356,0,0,0,9
AT5G09250.3,GO:0060261,KIWI,5,2875136,2876595,-,1459,protein_coding,ssDNA-binding transcriptional regulator [Source:TAIR;Acc:AT5G09250],0.2992160158884228,0.7694394319159354,-0.7394605125631224,0.3180683978772666,0.6832579859587353,-0.7107751630405547,0.8572886840209412,NA,0.12511887575084488,0,0,0,4
AT5G09250.5,GO:0060261,KIWI,5,2875218,2876583,-,1365,protein_coding,ssDNA-binding transcriptional regulator [Source:TAIR;Acc:AT5G09250],0.9513742049945988,0.9935683150044656,-0.05625030958261826,0.8961879208924608,NA,0.11984269163333787,0.49041401431475773,NA,-0.6466953305418014,0,0,0,10
AT5G42060.1,GO:0060261,,5,16818388,16818955,-,567,protein_coding,Mediator-associated protein 3 [Source:UniProtKB/Swiss-Prot;Acc:Q9FHX8],0.9909436710427075,0.9980604122547079,0.0031849505230759395,0.5798455207505606,0.8581220533641937,-0.15611566317974315,0.9893867179020824,0.9980462850716483,-0.003725265694535737,0,0,0,3
