ID,Path,Gene,Chromosome,Start,End,Strand,Length,BioType,Description,Flg22_vs_Mock_pvalue,Flg22_vs_Mock_padj,Flg22_vs_Mock_log2FoldChange,Flg22_SynCom33_vs_Mock_pvalue,Flg22_SynCom33_vs_Mock_padj,Flg22_SynCom33_vs_Mock_log2FoldChange,Flg22_SynCom35_vs_Mock_pvalue,Flg22_SynCom35_vs_Mock_padj,Flg22_SynCom35_vs_Mock_log2FoldChange,Flg22_vs_Mock,Flg22_SynCom33_vs_Mock,Flg22_SynCom35_vs_Mock,cl
AT2G01110.1,GO:0031361,TATC,2,83260,85258,-,1998,protein_coding,UNE3 [Source:UniProtKB/TrEMBL;Acc:A0A178VUB7],0.8469905240293447,0.9743747820685029,0.02711552325375572,0.5159650480311346,0.8223747433400309,-0.09192676488038733,0.7496542353905965,0.9344791381388163,0.04461680308566662,0,0,0,4
ATCG00540.1,GO:0031361,PETA,Pt,61657,62619,+,962,protein_coding,Cytochrome f [Source:UniProtKB/Swiss-Prot;Acc:P56771],0.9319110941318596,NA,-0.07901156038148816,0.3899346155826492,NA,-0.839469302919563,0.6931151194122178,NA,-0.36954470323931443,0,0,0,3
