ID,Path,Gene,Chromosome,Start,End,Strand,Length,BioType,Description,Flg22_vs_Mock_pvalue,Flg22_vs_Mock_padj,Flg22_vs_Mock_log2FoldChange,Flg22_SynCom33_vs_Mock_pvalue,Flg22_SynCom33_vs_Mock_padj,Flg22_SynCom33_vs_Mock_log2FoldChange,Flg22_SynCom35_vs_Mock_pvalue,Flg22_SynCom35_vs_Mock_padj,Flg22_SynCom35_vs_Mock_log2FoldChange,Flg22_vs_Mock,Flg22_SynCom33_vs_Mock,Flg22_SynCom35_vs_Mock,cl
AT4G29530.1,GO:0042131,,4,14495960,14497512,+,1552,protein_coding,Thiamine phosphate phosphatase-like protein [Source:UniProtKB/Swiss-Prot;Acc:Q9SU92],0.5729784224433906,0.9050310490075865,-0.22818469319256743,0.17186639206943685,0.525285570139547,0.5432760313743681,0.8572342784859771,0.9654670788734441,0.07210048356478373,0,0,0,5
AT5G32470.1,GO:0042131,TH2,5,12084897,12088706,-,3809,protein_coding,"Bifunctional TH2 protein, mitochondrial [Source:UniProtKB/Swiss-Prot;Acc:F4KFT7]",0.9773016998814166,0.995356346740767,-0.0029248612076107363,0.6700909290285928,0.9000697525813007,-0.043914498550967795,0.863095626445261,0.9673908743572046,0.017635422351327753,0,0,0,4
