ID,Path,Gene,Chromosome,Start,End,Strand,Length,BioType,Description,Flg22_vs_Mock_pvalue,Flg22_vs_Mock_padj,Flg22_vs_Mock_log2FoldChange,Flg22_SynCom33_vs_Mock_pvalue,Flg22_SynCom33_vs_Mock_padj,Flg22_SynCom33_vs_Mock_log2FoldChange,Flg22_SynCom35_vs_Mock_pvalue,Flg22_SynCom35_vs_Mock_padj,Flg22_SynCom35_vs_Mock_log2FoldChange,Flg22_vs_Mock,Flg22_SynCom33_vs_Mock,Flg22_SynCom35_vs_Mock,cl
AT1G36370.1,GO:0055063,SHM7,1,13696042,13698739,-,2697,protein_coding,Serine hydroxymethyltransferase 7 [Source:UniProtKB/Swiss-Prot;Acc:Q84WV0],0.060467228575093,0.41142787072562137,0.609523070623849,0.23636275483830962,0.6051730784308696,-0.3849876371244337,0.01067403754657124,0.13148449629585734,-0.8307524057912191,0,0,0,7
AT4G28610.1,GO:0055063,PHR1,4,14132811,14135292,-,2481,protein_coding,Protein PHOSPHATE STARVATION RESPONSE 1 [Source:UniProtKB/Swiss-Prot;Acc:Q94CL7],0.6840168801360876,0.9378822668506511,-0.044318174731761015,0.31949354408645503,0.6838333587604746,0.10801822851767574,0.6928953864474382,0.915866007755204,-0.04291669790526039,0,0,0,5
