ID,Path,Gene,Chromosome,Start,End,Strand,Length,BioType,Description,Flg22_vs_Mock_pvalue,Flg22_vs_Mock_padj,Flg22_vs_Mock_log2FoldChange,Flg22_SynCom33_vs_Mock_pvalue,Flg22_SynCom33_vs_Mock_padj,Flg22_SynCom33_vs_Mock_log2FoldChange,Flg22_SynCom35_vs_Mock_pvalue,Flg22_SynCom35_vs_Mock_padj,Flg22_SynCom35_vs_Mock_log2FoldChange,Flg22_vs_Mock,Flg22_SynCom33_vs_Mock,Flg22_SynCom35_vs_Mock,cl
AT1G26630.1,GO:0034050,ELF5A-2,1,9205800,9207417,+,1617,protein_coding,Eukaryotic translation initiation factor 5A-2 [Source:UniProtKB/Swiss-Prot;Acc:Q93VP3],0.9595378229005033,0.9941416613872613,0.005697061081917736,0.0526226438591282,0.28863536262417555,-0.2177915061339353,0.15465310363981843,0.540948584961726,0.15972412710359665,0,0,0,4
AT1G26630.2,GO:0034050,ELF5A-2,1,9205836,9207383,+,1547,protein_coding,Eukaryotic translation initiation factor 5A-2 [Source:UniProtKB/Swiss-Prot;Acc:Q93VP3],0.5911081916772962,0.910141178910532,-0.3530250668167411,0.8344707814426853,0.9540705688831187,0.13539826571133382,0.6627805160045712,NA,-0.2851833180962281,0,0,0,10
