ID,Path,Gene,Chromosome,Start,End,Strand,Length,BioType,Description,Flg22_vs_Mock_pvalue,Flg22_vs_Mock_padj,Flg22_vs_Mock_log2FoldChange,Flg22_SynCom33_vs_Mock_pvalue,Flg22_SynCom33_vs_Mock_padj,Flg22_SynCom33_vs_Mock_log2FoldChange,Flg22_SynCom35_vs_Mock_pvalue,Flg22_SynCom35_vs_Mock_padj,Flg22_SynCom35_vs_Mock_log2FoldChange,Flg22_vs_Mock,Flg22_SynCom33_vs_Mock,Flg22_SynCom35_vs_Mock,cl
AT5G04510.1,GO:0045860,PDPK1,5,1286845,1289908,+,3063,protein_coding,3-phosphoinositide-dependent protein kinase 1 [Source:UniProtKB/Swiss-Prot;Acc:Q9XF67],0.4446704988346901,0.859189166231531,0.0894361391442442,0.141856787236617,0.4796610617367807,0.17141521967332532,0.08081831340323763,0.40546561648041446,0.20286048490911568,0,0,0,6
AT5G04510.3,GO:0045860,PDPK1,5,1286846,1289907,+,3061,protein_coding,3-phosphoinositide-dependent protein kinase 1 [Source:UniProtKB/Swiss-Prot;Acc:Q9XF67],0.9922678810307087,0.9981690165484822,-0.003368251359398127,0.48227227947370416,0.8017110052425312,0.24265936168487726,0.2706476164274127,0.678254203751114,-0.38665145273698703,0,0,0,9
