ID,Path,Gene,Chromosome,Start,End,Strand,Length,BioType,Description,Flg22_vs_Mock_pvalue,Flg22_vs_Mock_padj,Flg22_vs_Mock_log2FoldChange,Flg22_SynCom33_vs_Mock_pvalue,Flg22_SynCom33_vs_Mock_padj,Flg22_SynCom33_vs_Mock_log2FoldChange,Flg22_SynCom35_vs_Mock_pvalue,Flg22_SynCom35_vs_Mock_padj,Flg22_SynCom35_vs_Mock_log2FoldChange,Flg22_vs_Mock,Flg22_SynCom33_vs_Mock,Flg22_SynCom35_vs_Mock,cl
AT3G05740.2,GO:0036310,RECQL1,3,1698297,1701467,+,3170,protein_coding,ATP-dependent DNA helicase Q-like 1 [Source:UniProtKB/Swiss-Prot;Acc:Q9FT74],0.03754068877826806,0.32356310094764934,-1.0187265473388716,0.7086058374387227,0.9153222973109792,-0.1791963842058713,0.08083020602876663,0.40546561648041446,-0.8486567773907987,-0,0,0,10
AT4G35740.1,GO:0036310,RECQL3,4,16935988,16940372,+,4384,protein_coding,ATP-dependent DNA helicase Q-like 3 [Source:UniProtKB/Swiss-Prot;Acc:Q9FT72],0.9939492270382706,0.9985120610611842,-0.0033142560138302093,0.3320910567553898,0.6950538607675482,0.42130719684996604,0.5467623735727115,0.8575532422851746,0.26200433410286067,0,0,0,5
AT4G35740.2,GO:0036310,RECQL3,4,16936120,16940332,+,4212,protein_coding,ATP-dependent DNA helicase Q-like 3 [Source:UniProtKB/Swiss-Prot;Acc:Q9FT72],0.9786808943537835,0.9957079228441024,0.010173457561365297,0.6053662489542619,0.8708902656742198,-0.19752560525800525,0.1631431908038269,0.5534283637540438,-0.5360563021860316,0,0,0,2
AT5G07810.1,GO:0036310,,5,2491200,2498542,-,7342,protein_coding,SNF2 domain-containing protein / helicase domain-containing protein / HNH endonuclease domain-containing protein [Source:TAIR;Acc:AT5G07810],0.39066996352411454,0.8327415225838195,-0.1462273374812505,0.14109297576429772,0.4779913515432705,0.2470673970999202,0.10752257290554093,0.4643292153942746,0.26919428507857207,0,0,0,1
