ID,Path,Gene,Chromosome,Start,End,Strand,Length,BioType,Description,Flg22_vs_Mock_pvalue,Flg22_vs_Mock_padj,Flg22_vs_Mock_log2FoldChange,Flg22_SynCom33_vs_Mock_pvalue,Flg22_SynCom33_vs_Mock_padj,Flg22_SynCom33_vs_Mock_log2FoldChange,Flg22_SynCom35_vs_Mock_pvalue,Flg22_SynCom35_vs_Mock_padj,Flg22_SynCom35_vs_Mock_log2FoldChange,Flg22_vs_Mock,Flg22_SynCom33_vs_Mock,Flg22_SynCom35_vs_Mock,cl
AT3G04070.1,GO:0010365,NAC047,3,1061300,1063234,-,1934,protein_coding,NAC transcription factor 47 [Source:UniProtKB/Swiss-Prot;Acc:Q84TD6],0.04735601876473613,0.365021860654657,0.5771785145342738,0.4564020867407065,0.7864744163951072,0.21693391881602644,0.002681653066238841,0.05318648760723334,-0.8773662907388866,0,0,0,7
AT3G21220.1,GO:0010365,MKK5,3,7445604,7448498,+,2894,protein_coding,MKK5 [Source:UniProtKB/TrEMBL;Acc:A0A178VIK5],0.4100732993393395,0.843855655876744,-0.5316078052977175,0.8807773114920473,0.9681244075962442,-0.09585512402896902,0.11111513738721766,0.4713350847979874,-1.041554119622284,0,0,-0,10
AT3G21220.2,GO:0010365,MKK5,3,7445731,7447573,+,1842,protein_coding,MKK5 [Source:UniProtKB/TrEMBL;Acc:A0A178VIK5],0.41385529660852044,0.8445825618824716,0.13968204248507204,0.7150881233787466,0.9174779941135675,-0.06262710149857106,0.859627282878692,0.9663075026397332,0.03024616339674783,0,0,0,3
