ID,Path,Gene,Chromosome,Start,End,Strand,Length,BioType,Description,Flg22_vs_Mock_pvalue,Flg22_vs_Mock_padj,Flg22_vs_Mock_log2FoldChange,Flg22_SynCom33_vs_Mock_pvalue,Flg22_SynCom33_vs_Mock_padj,Flg22_SynCom33_vs_Mock_log2FoldChange,Flg22_SynCom35_vs_Mock_pvalue,Flg22_SynCom35_vs_Mock_padj,Flg22_SynCom35_vs_Mock_log2FoldChange,Flg22_vs_Mock,Flg22_SynCom33_vs_Mock,Flg22_SynCom35_vs_Mock,cl
AT1G05850.1,GO:0043255,CTL1,1,1766503,1768837,-,2334,protein_coding,Chitinase-like protein 1 [Source:UniProtKB/Swiss-Prot;Acc:Q9MA41],0.2244065838314091,0.7012330231706382,-0.1610156714704843,0.5198588234576533,0.8244938443331172,0.08526071943066008,0.005799056337943561,0.09030725760745746,0.36532489921536265,0,0,0,1
AT1G12840.1,GO:0043255,VHA-C,1,4374205,4378514,+,4309,protein_coding,V-type proton ATPase subunit C [Source:UniProtKB/Swiss-Prot;Acc:Q9SDS7],0.6883609909214847,0.9385568846082438,-0.02865984063033148,0.35981783443334686,0.7186870950024079,-0.06546797306113823,0.9888166920411152,0.9980462850716483,0.0010004718776471925,0,0,0,4
AT5G05170.1,GO:0043255,CESA3,5,1530132,1535558,-,5426,protein_coding,Cellulose synthase A catalytic subunit 3 [UDP-forming] [Source:UniProtKB/Swiss-Prot;Acc:Q941L0],0.2897371044133237,0.7628372997200498,-0.13867442313482292,0.948757849684266,0.9890068448585558,-0.00841695420980829,0.257177771293079,0.6650376553330829,0.1483649018223407,0,0,0,1
