ID,Path,Gene,Chromosome,Start,End,Strand,Length,BioType,Description,Flg22_vs_Mock_pvalue,Flg22_vs_Mock_padj,Flg22_vs_Mock_log2FoldChange,Flg22_SynCom33_vs_Mock_pvalue,Flg22_SynCom33_vs_Mock_padj,Flg22_SynCom33_vs_Mock_log2FoldChange,Flg22_SynCom35_vs_Mock_pvalue,Flg22_SynCom35_vs_Mock_padj,Flg22_SynCom35_vs_Mock_log2FoldChange,Flg22_vs_Mock,Flg22_SynCom33_vs_Mock,Flg22_SynCom35_vs_Mock,cl
AT3G46780.1,GO:0098572,PTAC16,3,17228642,17231229,+,2587,protein_coding,"Protein PLASTID TRANSCRIPTIONALLY ACTIVE 16, chloroplastic [Source:UniProtKB/Swiss-Prot;Acc:Q9STF2]",0.02346870327753457,0.2505266187145659,1.8569917113652112,0.006429601052847504,0.08096205729371163,2.2205808379176695,0.22142766594525312,NA,1.0203280367378826,0,0,0,9
AT3G55250.1,GO:0098572,PSA3,3,20479121,20480739,+,1618,protein_coding,PDE329 [Source:UniProtKB/TrEMBL;Acc:A0A178VJJ9],0.21148771290128143,0.6876845193095418,-0.47239225641150373,0.5436506371526149,0.8388087420665002,-0.22564651250230292,0.7122164534679845,0.9227723297558628,-0.13544565755157661,0,0,0,8
