ID,Path,Gene,Chromosome,Start,End,Strand,Length,BioType,Description,Flg22_vs_Mock_pvalue,Flg22_vs_Mock_padj,Flg22_vs_Mock_log2FoldChange,Flg22_SynCom33_vs_Mock_pvalue,Flg22_SynCom33_vs_Mock_padj,Flg22_SynCom33_vs_Mock_log2FoldChange,Flg22_SynCom35_vs_Mock_pvalue,Flg22_SynCom35_vs_Mock_padj,Flg22_SynCom35_vs_Mock_log2FoldChange,Flg22_vs_Mock,Flg22_SynCom33_vs_Mock,Flg22_SynCom35_vs_Mock,cl
AT1G07110.1,GO:0043609,FKFBP,1,2178022,2184193,-,6171,protein_coding,FKFBP [Source:UniProtKB/TrEMBL;Acc:A0A178W4F2],0.6671529109055179,0.933247528494175,-0.04312392702102277,0.5039491797380331,0.8151514546515738,-0.06708541721484873,0.9310442556341485,0.9846174645938875,0.008643097219621967,0,0,0,4
AT3G11220.1,GO:0043609,ELP4,3,3513350,3516447,-,3097,protein_coding,Elongator complex protein 4 [Source:UniProtKB/Swiss-Prot;Acc:Q9C778],0.666848671832757,0.933115103742,0.15640274134928986,0.7785393979830331,0.9375395823401825,0.10229307122792333,0.35180757791598793,0.7413605419034982,0.33689786917039305,0,0,0,6
AT3G11220.2,GO:0043609,ELP4,3,3513531,3516408,-,2877,protein_coding,Elongator complex protein 4 [Source:UniProtKB/Swiss-Prot;Acc:Q9C778],0.7350223161210292,0.9513375365248583,-0.20124638175794504,0.15403939555106927,0.49699598733590866,-0.8559124229988785,0.02366688295705255,0.21309052027723438,-1.3707314714823913,0,0,-0,2
