ID,Path,Gene,Chromosome,Start,End,Strand,Length,BioType,Description,Flg22_vs_Mock_pvalue,Flg22_vs_Mock_padj,Flg22_vs_Mock_log2FoldChange,Flg22_SynCom33_vs_Mock_pvalue,Flg22_SynCom33_vs_Mock_padj,Flg22_SynCom33_vs_Mock_log2FoldChange,Flg22_SynCom35_vs_Mock_pvalue,Flg22_SynCom35_vs_Mock_padj,Flg22_SynCom35_vs_Mock_log2FoldChange,Flg22_vs_Mock,Flg22_SynCom33_vs_Mock,Flg22_SynCom35_vs_Mock,cl
AT2G39930.1,GO:0010368,ISA1,2,16665851,16672494,+,6643,protein_coding,ISA1 [Source:UniProtKB/TrEMBL;Acc:A0A178VW25],0.5212117063495638,0.8884486131268284,0.10958569851430935,0.6119906091081458,0.8735944962853216,-0.08716122941101419,0.08376411551003284,0.41210542018524715,0.2935355308633214,0,0,0,4
AT2G39930.3,GO:0010368,ISA1,2,16666023,16671091,+,5068,protein_coding,ISA1 [Source:UniProtKB/TrEMBL;Acc:A0A178VW25],0.5794883661849316,0.9066902588052875,-0.6962026538776372,0.43307444334084466,NA,-0.9940391615840463,0.6290222863996848,NA,-0.6043210862060608,0,0,0,8
