ID,Path,Gene,Chromosome,Start,End,Strand,Length,BioType,Description,Flg22_vs_Mock_pvalue,Flg22_vs_Mock_padj,Flg22_vs_Mock_log2FoldChange,Flg22_SynCom33_vs_Mock_pvalue,Flg22_SynCom33_vs_Mock_padj,Flg22_SynCom33_vs_Mock_log2FoldChange,Flg22_SynCom35_vs_Mock_pvalue,Flg22_SynCom35_vs_Mock_padj,Flg22_SynCom35_vs_Mock_log2FoldChange,Flg22_vs_Mock,Flg22_SynCom33_vs_Mock,Flg22_SynCom35_vs_Mock,cl
AT3G56120.1,GO:0009019,,3,20823146,20826543,+,3397,protein_coding,tRNA (guanine(37)-N1)-methyltransferase 1 [Source:UniProtKB/Swiss-Prot;Acc:Q93YU6],0.6531279996324809,0.9290745200784276,-0.09252428098844942,0.46128753330798833,0.7893272737355406,-0.15191878000493916,0.6389646048472252,0.8969875619618122,0.09605566329129148,0,0,0,4
AT4G27340.1,GO:0009019,,4,13687174,13690538,-,3364,protein_coding,tRNA (guanine(37)-N1)-methyltransferase 2 [Source:UniProtKB/Swiss-Prot;Acc:Q6NQ64],0.7259640891577999,0.9485872606732365,0.16159135392702884,0.9052696167248018,0.9755444952606935,-0.05508910174270774,0.1889253009027505,0.5875732305370117,0.6013243531102787,0,0,0,4
AT4G27340.2,GO:0009019,,4,13687568,13690478,-,2910,protein_coding,tRNA (guanine(37)-N1)-methyltransferase 2 [Source:UniProtKB/Swiss-Prot;Acc:Q6NQ64],0.6558464356606233,0.929652752912147,-0.4527495392265152,0.6259759211497207,0.8797764789222978,-0.4953966034417784,0.46381957922914135,0.812647674202858,-0.745748665455322,0,0,0,2
AT4G27340.3,GO:0009019,,4,13688185,13690515,-,2330,protein_coding,tRNA (guanine(37)-N1)-methyltransferase 2 [Source:UniProtKB/Swiss-Prot;Acc:Q6NQ64],0.708140614355992,NA,-0.4847447785476508,0.32798235858525404,NA,-1.3099412890226847,0.9996383719587482,NA,-5.784196759616034e-4,0,-0,0,8
AT5G47680.1,GO:0009019,TRM10,5,19316046,19317539,-,1493,protein_coding,At5g47680 [Source:UniProtKB/TrEMBL;Acc:Q9FGI9],0.17640733987749213,0.6478754421539834,-0.2553566832047753,0.060984808425537836,0.3111394230585136,-0.35445452161745516,0.278271012025202,0.684215787668414,0.20353499901115144,0,0,0,4
