ID,Path,Gene,Chromosome,Start,End,Strand,Length,BioType,Description,Flg22_vs_Mock_pvalue,Flg22_vs_Mock_padj,Flg22_vs_Mock_log2FoldChange,Flg22_SynCom33_vs_Mock_pvalue,Flg22_SynCom33_vs_Mock_padj,Flg22_SynCom33_vs_Mock_log2FoldChange,Flg22_SynCom35_vs_Mock_pvalue,Flg22_SynCom35_vs_Mock_padj,Flg22_SynCom35_vs_Mock_log2FoldChange,Flg22_vs_Mock,Flg22_SynCom33_vs_Mock,Flg22_SynCom35_vs_Mock,cl
AT3G22740.1,GO:0047150,HMT3,3,8032917,8036005,-,3088,protein_coding,Homocysteine S-methyltransferase 3 [Source:UniProtKB/Swiss-Prot;Acc:Q8LAX0],0.002631692448076286,0.06483406962450733,-1.0557405758329177,0.019253439944241127,0.1613375849691677,0.7827540019850944,0.2410987745247774,0.6491722795206598,0.39382840795477236,-0,0,0,5
AT3G25900.1,GO:0047150,HMT-1,3,9480746,9482962,+,2216,protein_coding,Homocysteine S-methyltransferase 1 [Source:UniProtKB/Swiss-Prot;Acc:Q9SDL7],2.7007507195275518e-12,1.6853992918443312e-9,0.8358521957810635,1.3582471931659784e-9,4.179307936670444e-7,0.7256756702634213,0.003779642529627428,0.06791885947623581,-0.35396103290391656,0,0,0,9
AT3G25900.2,GO:0047150,HMT-1,3,9480839,9482926,+,2087,protein_coding,Homocysteine S-methyltransferase 1 [Source:UniProtKB/Swiss-Prot;Acc:Q9SDL7],0.641333273609624,0.9273392630027173,-0.4561561531977542,0.35854828279829765,0.7174168171331475,0.888622616383065,0.44631100418863767,0.8030446034786451,-0.7480304390918078,0,0,0,10
AT3G63250.1,GO:0047150,HMT-2,3,23369781,23372823,-,3042,protein_coding,Homocysteine S-methyltransferase 2 [Source:UniProtKB/Swiss-Prot;Acc:Q9M1W4],0.24127256280538137,0.7194257778094036,0.6492927643609346,0.27391924930470773,0.6436060886119355,0.607448493213427,0.12087661335379174,NA,0.8510742926702993,0,0,0,6
AT3G63250.3,GO:0047150,HMT-2,3,23370213,23372713,-,2500,protein_coding,Homocysteine S-methyltransferase 2 [Source:UniProtKB/Swiss-Prot;Acc:Q9M1W4],0.5063993319024543,0.882613010471477,0.08230322242518301,0.8027968389870411,0.9458603458284935,0.030991872981943284,0.004397670062008658,0.07535551734458995,0.349505710177256,0,0,0,4
AT3G63250.2,GO:0047150,HMT-2,3,23370308,23372616,-,2308,protein_coding,Homocysteine S-methyltransferase 2 [Source:UniProtKB/Swiss-Prot;Acc:Q9M1W4],0.5910954763066965,NA,0.6828918959139084,0.9291886731174703,NA,0.11494152749548857,0.45284481329027454,NA,0.9469070443822599,0,0,0,6
