ID,Path,Gene,Chromosome,Start,End,Strand,Length,BioType,Description,Flg22_vs_Mock_pvalue,Flg22_vs_Mock_padj,Flg22_vs_Mock_log2FoldChange,Flg22_SynCom33_vs_Mock_pvalue,Flg22_SynCom33_vs_Mock_padj,Flg22_SynCom33_vs_Mock_log2FoldChange,Flg22_SynCom35_vs_Mock_pvalue,Flg22_SynCom35_vs_Mock_padj,Flg22_SynCom35_vs_Mock_log2FoldChange,Flg22_vs_Mock,Flg22_SynCom33_vs_Mock,Flg22_SynCom35_vs_Mock,cl
AT2G17975.1,GO:0070935,,2,7822074,7824121,-,2047,protein_coding,At2g17975 [Source:UniProtKB/TrEMBL;Acc:Q8S8K1],0.04028918005250154,0.33748212393858273,0.6088437716690152,0.003170739775284626,0.05082637247418087,0.8715639821940053,0.1252453002651347,0.4964823585069386,0.4559218843248592,0,0,0,5
AT2G17975.2,GO:0070935,,2,7822238,7824031,-,1793,protein_coding,At2g17975 [Source:UniProtKB/TrEMBL;Acc:Q8S8K1],0.648186348681291,0.9273604099470842,-0.4094286324769754,0.7198218092646778,0.9200385068777609,-0.321639809430223,0.5632764369098333,0.8658110106945989,-0.5187850586042703,0,0,0,8
