ID,Path,Gene,Chromosome,Start,End,Strand,Length,BioType,Description,Flg22_vs_Mock_pvalue,Flg22_vs_Mock_padj,Flg22_vs_Mock_log2FoldChange,Flg22_SynCom33_vs_Mock_pvalue,Flg22_SynCom33_vs_Mock_padj,Flg22_SynCom33_vs_Mock_log2FoldChange,Flg22_SynCom35_vs_Mock_pvalue,Flg22_SynCom35_vs_Mock_padj,Flg22_SynCom35_vs_Mock_log2FoldChange,Flg22_vs_Mock,Flg22_SynCom33_vs_Mock,Flg22_SynCom35_vs_Mock,cl
AT2G34390.1,GO:0015727,NIP2-1,2,14514487,14515958,-,1471,protein_coding,Aquaporin NIP2-1 [Source:UniProtKB/Swiss-Prot;Acc:Q8W037],0.6846185138834284,0.9380756985662715,0.18556798002847574,2.3921139827631955e-4,0.007997950446414949,1.6301644959403776,0.6621617169100384,0.9047403583070569,-0.2017425589496047,0,1,0,5
AT2G34390.2,GO:0015727,NIP2-1,2,14514617,14515988,-,1371,protein_coding,Aquaporin NIP2-1 [Source:UniProtKB/Swiss-Prot;Acc:Q8W037],0.39521781874020595,0.8350642166954748,-0.47705713167243713,0.2560474688478864,0.6268225229237258,0.599377617075517,0.25080763113228555,NA,-0.648923068092329,0,0,0,10
