ID,Path,Gene,Chromosome,Start,End,Strand,Length,BioType,Description,Flg22_vs_Mock_pvalue,Flg22_vs_Mock_padj,Flg22_vs_Mock_log2FoldChange,Flg22_SynCom33_vs_Mock_pvalue,Flg22_SynCom33_vs_Mock_padj,Flg22_SynCom33_vs_Mock_log2FoldChange,Flg22_SynCom35_vs_Mock_pvalue,Flg22_SynCom35_vs_Mock_padj,Flg22_SynCom35_vs_Mock_log2FoldChange,Flg22_vs_Mock,Flg22_SynCom33_vs_Mock,Flg22_SynCom35_vs_Mock,cl
AT3G44330.1,GO:0009966,,3,16006508,16011121,+,4613,protein_coding,Nicalin [Source:UniProtKB/TrEMBL;Acc:Q9M292],0.13584133300332002,0.5846729530971108,-0.16842477197285044,0.1713032861816062,0.5242782013912688,-0.1544826203492636,0.14123294472600234,0.5218651244577797,0.16558987726265575,0,0,0,4
AT5G52200.3,GO:0009966,I-2,5,21202549,21204756,-,2207,protein_coding,Protein phosphatase inhibitor 2 [Source:UniProtKB/Swiss-Prot;Acc:Q9LTK0],0.7747445945479715,0.9594526125428074,-0.12152583085390091,0.8649157196961113,0.9642377297254949,-0.07210152515266548,5.297947397870318e-5,NA,-2.002111070040119,0,0,-0,2
AT5G52200.1,GO:0009966,I-2,5,21202604,21204816,-,2212,protein_coding,Protein phosphatase inhibitor 2 [Source:UniProtKB/Swiss-Prot;Acc:Q9LTK0],0.5746384431929972,0.9057054598401443,0.08436780584370711,0.14961936088652958,0.4901971553140388,0.21634446797734386,0.24209403684909178,0.6504868187850631,-0.17619616895128407,0,0,0,9
