ID,Path,Gene,Chromosome,Start,End,Strand,Length,BioType,Description,Flg22_vs_Mock_pvalue,Flg22_vs_Mock_padj,Flg22_vs_Mock_log2FoldChange,Flg22_SynCom33_vs_Mock_pvalue,Flg22_SynCom33_vs_Mock_padj,Flg22_SynCom33_vs_Mock_log2FoldChange,Flg22_SynCom35_vs_Mock_pvalue,Flg22_SynCom35_vs_Mock_padj,Flg22_SynCom35_vs_Mock_log2FoldChange,Flg22_vs_Mock,Flg22_SynCom33_vs_Mock,Flg22_SynCom35_vs_Mock,cl
AT1G05620.1,GO:0008477,URH2,1,1678881,1681710,+,2829,protein_coding,Probable uridine nucleosidase 2 [Source:UniProtKB/Swiss-Prot;Acc:Q8LAC4],0.8312460916763438,0.9702077162517324,-0.11946084551784396,0.504167791762077,0.8152291215081006,0.3730700461391262,0.5838881253151866,0.8749411721477894,-0.307348052544496,0,0,0,10
AT1G05620.2,GO:0008477,URH2,1,1679406,1681710,+,2304,protein_coding,Probable uridine nucleosidase 2 [Source:UniProtKB/Swiss-Prot;Acc:Q8LAC4],0.5721144301061554,0.904977049619021,-0.0654179727684713,0.09195351387300182,0.38759549274534805,-0.19589491660521083,0.49197355092700135,0.8285689317316566,0.07914007488237321,0,0,0,4
AT2G36310.1,GO:0008477,URH1,2,15224497,15227276,-,2779,protein_coding,Uridine nucleosidase 1 [Source:UniProtKB/Swiss-Prot;Acc:Q9SJM7],0.8482363042607657,0.9748667926838857,0.037708796410892656,0.20711972651527522,0.5714072750598962,0.24840192844651804,0.7612130531572395,0.9375026658267344,0.05985819066080118,0,0,0,5
