ID,Path,Gene,Chromosome,Start,End,Strand,Length,BioType,Description,Flg22_vs_Mock_pvalue,Flg22_vs_Mock_padj,Flg22_vs_Mock_log2FoldChange,Flg22_SynCom33_vs_Mock_pvalue,Flg22_SynCom33_vs_Mock_padj,Flg22_SynCom33_vs_Mock_log2FoldChange,Flg22_SynCom35_vs_Mock_pvalue,Flg22_SynCom35_vs_Mock_padj,Flg22_SynCom35_vs_Mock_log2FoldChange,Flg22_vs_Mock,Flg22_SynCom33_vs_Mock,Flg22_SynCom35_vs_Mock,cl
AT2G23420.1,GO:0034355,NAPRT2,2,9971603,9975207,+,3604,protein_coding,Nicotinate phosphoribosyltransferase 2 [Source:UniProtKB/Swiss-Prot;Acc:Q84WV8],0.8072201939883005,0.9662426756893417,0.043310143609175504,0.03672386930085124,0.2367980461850523,-0.3741274775492972,3.6120553382063805e-5,0.0022043200194892813,-0.7454579375950887,0,0,0,2
AT4G36940.1,GO:0034355,NAPRT1,4,17416855,17420252,+,3397,protein_coding,NAPRT1 [Source:UniProtKB/TrEMBL;Acc:A0A178V5W0],0.6031185249741677,0.91443312606026,-0.06020432557400957,0.24406037841356415,0.6142219261566518,-0.13522367265472282,0.5490751506828391,0.8586469621403204,-0.06924537356744577,0,0,0,8
