ID,Path,Gene,Chromosome,Start,End,Strand,Length,BioType,Description,Flg22_vs_Mock_pvalue,Flg22_vs_Mock_padj,Flg22_vs_Mock_log2FoldChange,Flg22_SynCom33_vs_Mock_pvalue,Flg22_SynCom33_vs_Mock_padj,Flg22_SynCom33_vs_Mock_log2FoldChange,Flg22_SynCom35_vs_Mock_pvalue,Flg22_SynCom35_vs_Mock_padj,Flg22_SynCom35_vs_Mock_log2FoldChange,Flg22_vs_Mock,Flg22_SynCom33_vs_Mock,Flg22_SynCom35_vs_Mock,cl
AT1G64780.1,GO:0072488,AMT1-2,1,24060640,24062804,-,2164,protein_coding,Ammonium transporter 1 member 2 [Source:UniProtKB/Swiss-Prot;Acc:Q9ZPJ8],0.040735411565130844,0.33922869253401644,0.73784497755337,0.024563714739493554,0.18745387346731474,0.8106662654848061,0.46732139164468994,0.8153135296177542,-0.2621747978022218,0,0,0,9
AT2G38290.1,GO:0072488,AMT2,2,16039430,16042521,-,3091,protein_coding,Ammonium transporter 2 [Source:UniProtKB/Swiss-Prot;Acc:Q9M6N7],0.012879007935384655,0.17845451542619648,-0.6403459441004593,0.034081351067061894,0.2259928168191312,-0.5453196069223311,2.863151405964605e-4,0.010516289545755186,-0.9353192570202834,0,0,0,2
AT3G24290.1,GO:0072488,AMT1-5,3,8801400,8802890,-,1490,protein_coding,Putative ammonium transporter 1 member 5 [Source:UniProtKB/Swiss-Prot;Acc:Q9LK16],0.27833508805840124,0.7534782407589804,1.3459328068426748,0.958079939047226,NA,0.06690343019221034,0.6221363680139258,NA,-0.640869612736286,0,0,0,7
AT3G24300.1,GO:0072488,AMT1-3,3,8805519,8807460,-,1941,protein_coding,Ammonium transporter 1 member 3 [Source:UniProtKB/Swiss-Prot;Acc:Q9SQH9],0.010516442889777306,0.15939312843821535,-0.8530244433145706,0.037486082821820796,0.23924522279586577,-0.6935818678739171,0.0478206050008791,0.312967387135786,-0.6596914375671623,0,0,0,8
AT4G13510.1,GO:0072488,AMT1-1,4,7858183,7860288,+,2105,protein_coding,Ammonium transporter [Source:UniProtKB/TrEMBL;Acc:A0A178V540],0.3228084501627666,0.7868693076532991,-0.3720779180563204,0.8695884709584507,0.9652913419734153,-0.061781105386710645,0.3250230860554878,0.7224136552404772,-0.370370080851187,0,0,0,10
