ID,Path,Gene,Chromosome,Start,End,Strand,Length,BioType,Description,Flg22_vs_Mock_pvalue,Flg22_vs_Mock_padj,Flg22_vs_Mock_log2FoldChange,Flg22_SynCom33_vs_Mock_pvalue,Flg22_SynCom33_vs_Mock_padj,Flg22_SynCom33_vs_Mock_log2FoldChange,Flg22_SynCom35_vs_Mock_pvalue,Flg22_SynCom35_vs_Mock_padj,Flg22_SynCom35_vs_Mock_log2FoldChange,Flg22_vs_Mock,Flg22_SynCom33_vs_Mock,Flg22_SynCom35_vs_Mock,cl
AT1G30010.1,GO:0006314,NMAT1,1,10513151,10516385,+,3234,protein_coding,"Nuclear intron maturase 1, mitochondrial [Source:UniProtKB/Swiss-Prot;Acc:Q9C8R8]",0.549171783955198,0.8973379852096153,-0.141147963242376,0.33975453210088014,0.7013193067600291,-0.2259361879580891,0.046828552792571795,0.30993158819358796,0.4569928449173813,0,0,0,4
AT5G04050.1,GO:0006314,,5,1096016,1099042,+,3026,protein_coding,,0.582521128688807,0.9078270129595561,-0.1484613232819415,0.291773681439749,0.6599136360957049,-0.2866299255088407,0.6112484959305947,0.8852279259750058,0.1353690292696755,0,0,0,4
AT5G46920.1,GO:0006314,NMAT2,5,19053472,19056073,+,2601,protein_coding,"Nuclear intron maturase 2, mitochondrial [Source:UniProtKB/Swiss-Prot;Acc:Q9FJR9]",0.26016124792474016,0.737812768615966,-0.1567213479139093,0.001764118640492261,0.03372904501686555,-0.4434279011422022,0.8812142202841731,0.9725332222393979,-0.02055611674358537,0,0,0,4
