ID,Path,Gene,Chromosome,Start,End,Strand,Length,BioType,Description,Flg22_vs_Mock_pvalue,Flg22_vs_Mock_padj,Flg22_vs_Mock_log2FoldChange,Flg22_SynCom33_vs_Mock_pvalue,Flg22_SynCom33_vs_Mock_padj,Flg22_SynCom33_vs_Mock_log2FoldChange,Flg22_SynCom35_vs_Mock_pvalue,Flg22_SynCom35_vs_Mock_padj,Flg22_SynCom35_vs_Mock_log2FoldChange,Flg22_vs_Mock,Flg22_SynCom33_vs_Mock,Flg22_SynCom35_vs_Mock,cl
AT4G25350.1,GO:0080050,PHO1-H4,4,12962965,12966629,-,3664,protein_coding,Phosphate transporter PHO1 homolog 4 [Source:UniProtKB/Swiss-Prot;Acc:Q6R8G6],0.5830177108191122,0.9078270129595561,0.23549446166076562,0.025715203665084015,0.1932558302836982,0.9497738721328132,0.2055168539473323,0.6073544883636357,0.5406584382810925,0,0,0,5
AT5G56860.1,GO:0080050,GATA21,5,22989216,22991530,-,2314,protein_coding,GATA transcription factor 21 [Source:UniProtKB/Swiss-Prot;Acc:Q5HZ36],0.13957978707424193,0.5914931037422981,-1.477285011947123,0.051240322660888724,NA,-2.202306224653563,0.010434797115286797,NA,2.0127586870040637,-0,-0,0,4
