ID,Path,Gene,Chromosome,Start,End,Strand,Length,BioType,Description,Flg22_vs_Mock_pvalue,Flg22_vs_Mock_padj,Flg22_vs_Mock_log2FoldChange,Flg22_SynCom33_vs_Mock_pvalue,Flg22_SynCom33_vs_Mock_padj,Flg22_SynCom33_vs_Mock_log2FoldChange,Flg22_SynCom35_vs_Mock_pvalue,Flg22_SynCom35_vs_Mock_padj,Flg22_SynCom35_vs_Mock_log2FoldChange,Flg22_vs_Mock,Flg22_SynCom33_vs_Mock,Flg22_SynCom35_vs_Mock,cl
AT3G05210.1,GO:0070522,ERCC1,3,1479339,1482042,+,2703,protein_coding,DNA excision repair protein ERCC-1 [Source:UniProtKB/Swiss-Prot;Acc:Q9MA98],0.48491322340346615,0.8752403418423143,0.10878258981944146,0.6677840110248735,0.8987767153820833,-0.06737546970290463,0.571411872408236,0.8690017318841098,-0.08858010615640446,0,0,0,3
AT3G05210.2,GO:0070522,ERCC1,3,1479339,1482042,+,2703,protein_coding,DNA excision repair protein ERCC-1 [Source:UniProtKB/Swiss-Prot;Acc:Q9MA98],0.967269808837396,0.9946629527453268,-0.012867206753113251,0.0505027402357763,0.2827185887168135,0.6028970135774264,0.523047285202287,0.8448117883448555,-0.20103748286467382,0,0,0,5
