ID,Path,Gene,Chromosome,Start,End,Strand,Length,BioType,Description,Flg22_vs_Mock_pvalue,Flg22_vs_Mock_padj,Flg22_vs_Mock_log2FoldChange,Flg22_SynCom33_vs_Mock_pvalue,Flg22_SynCom33_vs_Mock_padj,Flg22_SynCom33_vs_Mock_log2FoldChange,Flg22_SynCom35_vs_Mock_pvalue,Flg22_SynCom35_vs_Mock_padj,Flg22_SynCom35_vs_Mock_log2FoldChange,Flg22_vs_Mock,Flg22_SynCom33_vs_Mock,Flg22_SynCom35_vs_Mock,cl
AT2G36070.1,GO:0015462,TIM44-2,2,15144795,15148223,-,3428,protein_coding,Mitochondrial import inner membrane translocase subunit TIM44-2 [Source:UniProtKB/Swiss-Prot;Acc:Q5XF06],0.9718197612901076,0.9946629527453268,0.00452832804403623,0.0703050285783114,0.3365277382909842,-0.2329395757192558,0.9012001428379086,0.9773437111267989,-0.015900492119860672,0,0,0,3
AT4G01800.1,GO:0015462,AGY1,4,770722,776131,-,5409,protein_coding,Albino or Glassy Yellow 1 [Source:UniProtKB/TrEMBL;Acc:F4JG57],0.9446588097771688,0.9933269717125698,0.013997667294801477,0.6331527792830507,0.8836039275419737,-0.09639607765323746,0.36342515661108776,0.7495312831332661,0.1827613216360486,0,0,0,4
