ID,Path,Gene,Chromosome,Start,End,Strand,Length,BioType,Description,Flg22_vs_Mock_pvalue,Flg22_vs_Mock_padj,Flg22_vs_Mock_log2FoldChange,Flg22_SynCom33_vs_Mock_pvalue,Flg22_SynCom33_vs_Mock_padj,Flg22_SynCom33_vs_Mock_log2FoldChange,Flg22_SynCom35_vs_Mock_pvalue,Flg22_SynCom35_vs_Mock_padj,Flg22_SynCom35_vs_Mock_log2FoldChange,Flg22_vs_Mock,Flg22_SynCom33_vs_Mock,Flg22_SynCom35_vs_Mock,cl
AT5G25250.1,GO:0005901,FLOT1,5,8749680,8751636,+,1956,protein_coding,Flotillin-like protein 1 [Source:UniProtKB/Swiss-Prot;Acc:Q501E6],0.013730468130553446,0.18561976004099062,0.739783618580774,3.586832676860029e-7,4.382783455425059e-5,1.5250583863409417,0.1305107077869399,0.5045649855646908,-0.4563646772961206,0,1,0,9
AT5G25260.1,GO:0005901,FLOT2,5,8752684,8754522,+,1838,protein_coding,Flotillin-like protein 2 [Source:UniProtKB/Swiss-Prot;Acc:Q4V3D6],0.5138654552301446,0.8851639187262633,0.3415024659300047,2.5875726445965664e-8,4.96850913086035e-6,2.888541014816282,0.206398575057234,0.6086125978494651,0.6594088663706895,0,1,0,5
AT5G64870.1,GO:0005901,FLOT3,5,25929432,25931384,-,1952,protein_coding,Flotillin-like protein 3 [Source:UniProtKB/Swiss-Prot;Acc:Q9LV90],0.46880113307833426,0.8685331702576026,0.496462598115554,0.8159451300019196,0.949698518562158,0.16070240966539281,0.8781693243371504,NA,-0.1063083491943608,0,0,0,7
