ID,Path,Gene,Chromosome,Start,End,Strand,Length,BioType,Description,Flg22_vs_Mock_pvalue,Flg22_vs_Mock_padj,Flg22_vs_Mock_log2FoldChange,Flg22_SynCom33_vs_Mock_pvalue,Flg22_SynCom33_vs_Mock_padj,Flg22_SynCom33_vs_Mock_log2FoldChange,Flg22_SynCom35_vs_Mock_pvalue,Flg22_SynCom35_vs_Mock_padj,Flg22_SynCom35_vs_Mock_log2FoldChange,Flg22_vs_Mock,Flg22_SynCom33_vs_Mock,Flg22_SynCom35_vs_Mock,cl
AT2G05070.1,GO:0030104,LHCB2.2,2,1799234,1800472,-,1238,protein_coding,"Chlorophyll a-b binding protein 2.2, chloroplastic [Source:UniProtKB/Swiss-Prot;Acc:Q9S7J7]",0.15737803050840227,0.6184506190475386,2.291447859891483,0.08205924031951031,0.3661082786678772,2.8125908296454862,0.6537166235094769,NA,0.7353432772635692,0,0,0,9
AT3G26520.1,GO:0030104,TIP1-2,3,9722443,9723904,-,1461,protein_coding,Aquaporin TIP1-2 [Source:UniProtKB/Swiss-Prot;Acc:Q41963],0.5870328653135335,0.9088734680048683,-0.08918477567871402,0.029292268300754785,0.20821950283321083,0.35778386127829864,1.1704124181163115e-4,0.005383897123335033,0.6322591972840188,0,0,0,1
AT3G56580.1,GO:0030104,RZF1,3,20961543,20963817,+,2274,protein_coding,E3 ubiquitin-protein ligase RZF1 [Source:UniProtKB/Swiss-Prot;Acc:Q94AK4],0.2326653607634338,0.7092630620094638,0.514494825357842,0.45119265598545716,0.7839149385537102,0.32555087098736935,0.3192515131609618,0.7172724041488998,0.4293822264719683,0,0,0,6
AT3G56580.3,GO:0030104,RZF1,3,20961589,20963749,+,2160,protein_coding,E3 ubiquitin-protein ligase RZF1 [Source:UniProtKB/Swiss-Prot;Acc:Q94AK4],0.311074151306352,0.7772968824480131,-0.23114133697554548,0.2011640606546206,0.5634773656890185,-0.2918971534269124,0.4365301570674928,0.797010886767086,-0.17730632516915418,0,0,0,8
AT4G20140.1,GO:0030104,GSO1,4,10883921,10888270,+,4349,protein_coding,LRR receptor-like serine/threonine-protein kinase GSO1 [Source:UniProtKB/Swiss-Prot;Acc:C0LGQ5],0.4105224321157753,0.8438674149004016,0.17736106201272173,0.4860553154311216,0.8042316656247226,-0.15025175691465462,0.024707090644777534,0.2184502707578309,-0.48480044372188846,0,0,0,2
AT4G22330.1,GO:0030104,ATCES1,4,11797548,11799946,+,2398,protein_coding,ATCES1 [Source:UniProtKB/TrEMBL;Acc:A0A178UXI2],0.37845389621684056,0.8245301761302619,0.06872550375948815,0.007907840110872031,0.09357780385580403,0.20623250404199558,0.05602160870116911,0.33957366140910217,0.14819987614089247,0,0,0,1
