ID,Path,Gene,Chromosome,Start,End,Strand,Length,BioType,Description,Flg22_vs_Mock_pvalue,Flg22_vs_Mock_padj,Flg22_vs_Mock_log2FoldChange,Flg22_SynCom33_vs_Mock_pvalue,Flg22_SynCom33_vs_Mock_padj,Flg22_SynCom33_vs_Mock_log2FoldChange,Flg22_SynCom35_vs_Mock_pvalue,Flg22_SynCom35_vs_Mock_padj,Flg22_SynCom35_vs_Mock_log2FoldChange,Flg22_vs_Mock,Flg22_SynCom33_vs_Mock,Flg22_SynCom35_vs_Mock,cl
AT2G47160.1,GO:0043674,BOR1,2,19357420,19361328,-,3908,protein_coding,HCO3-transporter family [Source:UniProtKB/TrEMBL;Acc:A8MS82],0.500375136512476,0.8800605384834338,0.2328694887664209,0.05964190850995379,0.3070855745191683,0.6503169760227602,0.012703481372281921,0.1471450914079723,0.860046667587621,0,0,0,1
AT2G47160.2,GO:0043674,BOR1,2,19357478,19361162,-,3684,protein_coding,HCO3-transporter family [Source:UniProtKB/TrEMBL;Acc:A8MS82],0.8591695078798258,0.9777456097747521,0.07426909198390746,0.007908964004180744,0.09357780385580403,1.108973912235829,0.5164813363079491,0.8412666207783779,0.27133699857233406,0,0,0,5
AT3G26520.1,GO:0043674,TIP1-2,3,9722443,9723904,-,1461,protein_coding,Aquaporin TIP1-2 [Source:UniProtKB/Swiss-Prot;Acc:Q41963],0.5870328653135335,0.9088734680048683,-0.08918477567871402,0.029292268300754785,0.20821950283321083,0.35778386127829864,1.1704124181163115e-4,0.005383897123335033,0.6322591972840188,0,0,0,1
