ID,Path,Gene,Chromosome,Start,End,Strand,Length,BioType,Description,Flg22_vs_Mock_pvalue,Flg22_vs_Mock_padj,Flg22_vs_Mock_log2FoldChange,Flg22_SynCom33_vs_Mock_pvalue,Flg22_SynCom33_vs_Mock_padj,Flg22_SynCom33_vs_Mock_log2FoldChange,Flg22_SynCom35_vs_Mock_pvalue,Flg22_SynCom35_vs_Mock_padj,Flg22_SynCom35_vs_Mock_log2FoldChange,Flg22_vs_Mock,Flg22_SynCom33_vs_Mock,Flg22_SynCom35_vs_Mock,cl
AT5G47760.1,GO:0008967,PGLP2,5,19342405,19345127,-,2722,protein_coding,Phosphoglycolate phosphatase 2 [Source:UniProtKB/Swiss-Prot;Acc:Q8GWU0],0.42175716446007555,0.8479431621857084,0.17830783807258857,0.7468806987549764,0.9272455061160706,-0.07197254103774511,0.5087015958666627,0.8376115935500769,-0.14732766903878855,0,0,0,7
AT5G47760.2,GO:0008967,PGLP2,5,19342405,19345127,-,2722,protein_coding,Phosphoglycolate phosphatase 2 [Source:UniProtKB/Swiss-Prot;Acc:Q8GWU0],0.3211814003896243,0.7854559286112944,0.9415126087538238,0.3813535088103311,0.7360034125245879,0.8320465460560874,0.28664188655880785,NA,1.0096121691077313,0,0,0,6
