ID,Path,Gene,Chromosome,Start,End,Strand,Length,BioType,Description,Flg22_vs_Mock_pvalue,Flg22_vs_Mock_padj,Flg22_vs_Mock_log2FoldChange,Flg22_SynCom33_vs_Mock_pvalue,Flg22_SynCom33_vs_Mock_padj,Flg22_SynCom33_vs_Mock_log2FoldChange,Flg22_SynCom35_vs_Mock_pvalue,Flg22_SynCom35_vs_Mock_padj,Flg22_SynCom35_vs_Mock_log2FoldChange,Flg22_vs_Mock,Flg22_SynCom33_vs_Mock,Flg22_SynCom35_vs_Mock,cl
AT1G08930.1,GO:0034219,ERD6,1,2873300,2877261,+,3961,protein_coding,ERD6 [Source:UniProtKB/TrEMBL;Acc:A0A178W9Q9],0.34182152409471966,0.8001640240194878,-0.4174274934721476,0.38273062951744685,0.7370010942332171,0.3812584846752833,0.0019018594927742692,0.04146212471249267,-1.3780828271149088,0,0,-1,10
AT1G08930.2,GO:0034219,ERD6,1,2873465,2877270,+,3805,protein_coding,ERD6 [Source:UniProtKB/TrEMBL;Acc:A0A178W9Q9],0.629260058583204,0.9239020600154171,-0.0875468502100308,0.09505150900225105,0.39471506073101803,0.30255149123419295,0.006510695373002739,0.0971074453091754,-0.4937234296919369,0,0,0,10
AT1G71880.1,GO:0034219,SUC1,1,27054030,27056464,+,2434,protein_coding,Sucrose transport protein SUC1 [Source:UniProtKB/Swiss-Prot;Acc:Q39232],3.00373920111795e-5,0.002604883553019037,-0.8482207537366879,4.603025936026983e-4,0.012948220953119104,-0.7116540336580928,0.1198073108728388,0.48770292470029714,0.315195222976178,0,0,0,4
