ID,Path,Gene,Chromosome,Start,End,Strand,Length,BioType,Description,Flg22_vs_Mock_pvalue,Flg22_vs_Mock_padj,Flg22_vs_Mock_log2FoldChange,Flg22_SynCom33_vs_Mock_pvalue,Flg22_SynCom33_vs_Mock_padj,Flg22_SynCom33_vs_Mock_log2FoldChange,Flg22_SynCom35_vs_Mock_pvalue,Flg22_SynCom35_vs_Mock_padj,Flg22_SynCom35_vs_Mock_log2FoldChange,Flg22_vs_Mock,Flg22_SynCom33_vs_Mock,Flg22_SynCom35_vs_Mock,cl
AT1G59870.1,GO:0071366,ABCG36,1,22034423,22040126,+,5703,protein_coding,ABC transporter G family member 36 [Source:UniProtKB/Swiss-Prot;Acc:Q9XIE2],0.9004394038583293,0.9865028762843637,-0.021500565529434464,0.2614576148616592,0.6322871179121197,0.19297195793709612,0.0027627520022098172,0.0542581940156439,-0.5144818416914321,0,0,0,9
AT3G53480.1,GO:0071366,ABCG37,3,19825267,19831880,+,6613,protein_coding,ABC transporter G family member 37 [Source:UniProtKB/Swiss-Prot;Acc:Q9LFH0],0.17728926360667202,0.6487697248721492,0.3522014238140935,0.5326600966688175,0.8321288797494188,0.16289120027020954,0.0019518159739870546,0.04237977319691386,-0.8088335036709379,0,0,0,9
