ID,Path,Gene,Chromosome,Start,End,Strand,Length,BioType,Description,Flg22_vs_Mock_pvalue,Flg22_vs_Mock_padj,Flg22_vs_Mock_log2FoldChange,Flg22_SynCom33_vs_Mock_pvalue,Flg22_SynCom33_vs_Mock_padj,Flg22_SynCom33_vs_Mock_log2FoldChange,Flg22_SynCom35_vs_Mock_pvalue,Flg22_SynCom35_vs_Mock_padj,Flg22_SynCom35_vs_Mock_log2FoldChange,Flg22_vs_Mock,Flg22_SynCom33_vs_Mock,Flg22_SynCom35_vs_Mock,cl
AT3G11270.1,GO:0005838,RPN8B,3,3528822,3531724,+,2902,protein_coding,26S proteasome non-ATPase regulatory subunit 7 homolog B [Source:UniProtKB/Swiss-Prot;Acc:Q9C774],0.6822744845050737,0.9373453799902266,-0.03532035071780197,5.023176626748016e-4,0.013758670446161792,-0.3042491362930742,5.042693925863537e-7,6.453038854703456e-5,-0.4404038992498978,0,0,0,2
AT5G05780.1,GO:0005838,RPN8A,5,1735730,1738740,+,3010,protein_coding,26S proteasome non-ATPase regulatory subunit 7 homolog A [Source:UniProtKB/Swiss-Prot;Acc:O24412],0.5630057524363239,0.9020597933109082,-0.05127769744967266,0.24517912427649913,0.6153973126798179,-0.10312832732349855,0.9634406125105454,0.9912760935465893,-0.004056626748197609,0,0,0,4
AT5G42040.1,GO:0005838,RPN12B,5,16813565,16814749,-,1184,protein_coding,Putative 26S proteasome non-ATPase regulatory subunit 8 homolog B [Source:UniProtKB/Swiss-Prot;Acc:Q9FHY0],0.08809653186755109,0.48855378799298543,0.9489074891801863,0.39983708435508897,NA,0.48350035377418227,0.6106119318132618,NA,0.294630620751083,0,0,0,7
AT5G57950.1,GO:0005838,,5,23460696,23462388,+,1692,protein_coding,"26S proteasome regulatory subunit, putative [Source:TAIR;Acc:AT5G57950]",0.8135433430364828,0.9668864794759191,-0.03672770155721688,0.5456914794304892,0.8392515190778712,0.09366342414490844,0.9034030768530521,0.9781750404127426,-0.018828365191316497,0,0,0,1
