ID,Path,Gene,Chromosome,Start,End,Strand,Length,BioType,Description,Flg22_vs_Mock_pvalue,Flg22_vs_Mock_padj,Flg22_vs_Mock_log2FoldChange,Flg22_SynCom33_vs_Mock_pvalue,Flg22_SynCom33_vs_Mock_padj,Flg22_SynCom33_vs_Mock_log2FoldChange,Flg22_SynCom35_vs_Mock_pvalue,Flg22_SynCom35_vs_Mock_padj,Flg22_SynCom35_vs_Mock_log2FoldChange,Flg22_vs_Mock,Flg22_SynCom33_vs_Mock,Flg22_SynCom35_vs_Mock,cl
AT1G09940.1,GO:0008883,HEMA2,1,3236908,3239554,-,2646,protein_coding,"Glutamyl-tRNA reductase 2, chloroplastic [Source:UniProtKB/Swiss-Prot;Acc:P49294]",0.4669485859991499,0.8677675305536577,0.12834506539267942,0.009289967382358821,0.10377785085346117,0.4575795392155372,0.7582360149076508,0.9367845223150035,-0.054365907158142435,0,0,0,5
AT1G58290.1,GO:0008883,HEMA1,1,21623700,21626402,-,2702,protein_coding,"Glutamyl-tRNA reductase 1, chloroplastic [Source:UniProtKB/Swiss-Prot;Acc:P42804]",0.05054711686919442,0.37803827242441074,-0.37986302603773725,0.32028673994183443,0.6843545611675631,-0.1928472554849742,0.3091996859906415,0.7096186311266015,-0.1972110429740092,0,0,0,8
AT2G31250.1,GO:0008883,HEMA3,2,13319621,13321597,-,1976,protein_coding,"Probable glutamyl-tRNA reductase 3, chloroplastic [Source:UniProtKB/Swiss-Prot;Acc:Q9SJX1]",0.011662458623829123,0.16994303028121185,-1.6999807926432537,0.12525300050606034,0.4494195354516703,-0.9804429675239817,0.8754236466321655,NA,-0.09587060741613258,-0,0,0,8
