ID,Path,Gene,Chromosome,Start,End,Strand,Length,BioType,Description,Flg22_vs_Mock_pvalue,Flg22_vs_Mock_padj,Flg22_vs_Mock_log2FoldChange,Flg22_SynCom33_vs_Mock_pvalue,Flg22_SynCom33_vs_Mock_padj,Flg22_SynCom33_vs_Mock_log2FoldChange,Flg22_SynCom35_vs_Mock_pvalue,Flg22_SynCom35_vs_Mock_padj,Flg22_SynCom35_vs_Mock_log2FoldChange,Flg22_vs_Mock,Flg22_SynCom33_vs_Mock,Flg22_SynCom35_vs_Mock,cl
AT2G35320.1,GO:0048856,ATEYA,2,14866832,14868881,-,2049,protein_coding,Eyes absent homolog [Source:UniProtKB/Swiss-Prot;Acc:O82162],0.9302204730548779,0.990882914792884,0.013485791728511812,0.8170755756134167,0.9498172792199605,-0.035717714829421696,0.8663753654417085,0.9684629003715558,-0.025867665275273635,0,0,0,4
AT4G12750.1,GO:0048856,,4,7497698,7504716,-,7018,protein_coding,Homeodomain-like transcriptional regulator [Source:TAIR;Acc:AT4G12750],0.20487866165954097,0.6793153636062266,-0.2902969065087312,0.08171541255712218,0.36526001336224784,-0.39940183431168985,0.6847448657038235,0.9126643755735505,-0.09259771521135624,0,0,0,8
