ID,Path,Gene,Chromosome,Start,End,Strand,Length,BioType,Description,Flg22_vs_Mock_pvalue,Flg22_vs_Mock_padj,Flg22_vs_Mock_log2FoldChange,Flg22_SynCom33_vs_Mock_pvalue,Flg22_SynCom33_vs_Mock_padj,Flg22_SynCom33_vs_Mock_log2FoldChange,Flg22_SynCom35_vs_Mock_pvalue,Flg22_SynCom35_vs_Mock_padj,Flg22_SynCom35_vs_Mock_log2FoldChange,Flg22_vs_Mock,Flg22_SynCom33_vs_Mock,Flg22_SynCom35_vs_Mock,cl
AT5G17690.1,GO:0000791,TFL2,5,5827142,5829755,-,2613,protein_coding,like heterochromatin protein (LHP1) [Source:TAIR;Acc:AT5G17690],0.9859430724707635,0.9974006836512818,-0.0022672293995394132,0.7127247219756286,0.9170449015739556,-0.04748242571395841,0.6351618417624535,0.8954336834668395,0.06074441535201599,0,0,0,4
AT5G17690.3,GO:0000791,TFL2,5,5827171,5829760,-,2589,protein_coding,like heterochromatin protein (LHP1) [Source:TAIR;Acc:AT5G17690],0.9826267287562931,0.9965371940330385,0.03077141950107923,0.6236322327263562,0.8791023429548981,0.6921874317397897,0.9335937607445676,0.9851661236325965,-0.11777425936261506,0,0,0,5
AT5G54260.1,GO:0000791,MRE11,5,22032038,22038052,+,6014,protein_coding,DNA repair and meiosis protein (Mre11) [Source:TAIR;Acc:AT5G54260],0.9851731303313587,0.9973654384685183,0.016322070664129294,0.025910080277705073,0.19417752384311898,-2.0428107418631227,0.7826093198628201,0.944294516674606,-0.24279706037889606,0,-0,0,3
AT5G54260.2,GO:0000791,MRE11,5,22032898,22038011,+,5113,protein_coding,DNA repair and meiosis protein (Mre11) [Source:TAIR;Acc:AT5G54260],0.7458394598989657,0.9529854144178901,0.058916702958227866,0.17479682264388047,0.5295136376903575,0.24458287375885673,0.9781439781060274,0.9952714945261362,0.004973062646416588,0,0,0,5
