ID,Path,Gene,Chromosome,Start,End,Strand,Length,BioType,Description,Flg22_vs_Mock_pvalue,Flg22_vs_Mock_padj,Flg22_vs_Mock_log2FoldChange,Flg22_SynCom33_vs_Mock_pvalue,Flg22_SynCom33_vs_Mock_padj,Flg22_SynCom33_vs_Mock_log2FoldChange,Flg22_SynCom35_vs_Mock_pvalue,Flg22_SynCom35_vs_Mock_padj,Flg22_SynCom35_vs_Mock_log2FoldChange,Flg22_vs_Mock,Flg22_SynCom33_vs_Mock,Flg22_SynCom35_vs_Mock,cl
AT5G05560.2,GO:0007091,EMB2771,5,1640098,1654830,+,14732,protein_coding,"E3 ubiquitin ligase, putative [Source:TAIR;Acc:AT5G05560]",0.16884013268505263,0.6366107089300053,-0.6099909625855402,0.015837048021679515,0.14395570488998086,-1.081024488864882,0.052043491920262176,0.327593492573958,-0.8643028892011885,0,-0,0,8
AT5G05560.1,GO:0007091,EMB2771,5,1641365,1654756,+,13391,protein_coding,"E3 ubiquitin ligase, putative [Source:TAIR;Acc:AT5G05560]",0.6169398444851973,0.9190515323520648,0.7233245778259623,0.8879712034671674,0.9707738783124256,0.2041333498299123,0.35536349876552253,0.7437524816081806,1.3341790710477293,0,0,0,6
AT5G05560.3,GO:0007091,EMB2771,5,1641939,1654795,+,12856,protein_coding,"E3 ubiquitin ligase, putative [Source:TAIR;Acc:AT5G05560]",0.8955442343761025,0.9851838261895935,0.027100198474811422,0.2033040886572305,0.5662267417409521,-0.2646902330339422,0.014843479404839077,0.16151263117214767,0.49736685919745993,0,0,0,4
