ID,Path,Gene,Chromosome,Start,End,Strand,Length,BioType,Description,Flg22_vs_Mock_pvalue,Flg22_vs_Mock_padj,Flg22_vs_Mock_log2FoldChange,Flg22_SynCom33_vs_Mock_pvalue,Flg22_SynCom33_vs_Mock_padj,Flg22_SynCom33_vs_Mock_log2FoldChange,Flg22_SynCom35_vs_Mock_pvalue,Flg22_SynCom35_vs_Mock_padj,Flg22_SynCom35_vs_Mock_log2FoldChange,Flg22_vs_Mock,Flg22_SynCom33_vs_Mock,Flg22_SynCom35_vs_Mock,cl
AT2G19670.1,GO:0016274,PRMT12,2,8499000,8501294,-,2294,protein_coding,Probable protein arginine N-methyltransferase 1.2 [Source:UniProtKB/Swiss-Prot;Acc:O82210],0.1978760131770065,0.6713218041521111,-0.487217914502431,0.3370087710769311,0.6993029551594027,-0.36289469770657823,0.1979929932691433,0.5992345492601647,0.48350031617927736,0,0,0,4
AT4G29510.1,GO:0016274,PRMT11,4,14491622,14494001,+,2379,protein_coding,Protein arginine N-methyltransferase 1.1 [Source:UniProtKB/Swiss-Prot;Acc:Q9SU94],0.1377974251491705,0.5887434409640531,-0.4311844192597085,0.3175051684011573,0.6826400237124168,-0.290235894432424,0.7865604829397329,0.9455390045752308,0.07846908938735145,0,0,0,4
AT5G65860.1,GO:0016274,,5,26347593,26349044,-,1451,protein_coding,Ankyrin repeat family protein [Source:UniProtKB/TrEMBL;Acc:Q2V2U9],0.1543694677795938,0.6136574092109718,-0.8691158657326309,0.25246604919290083,0.6227557656821032,-0.6944889333735041,0.05827844884465046,NA,-1.1649999551069077,0,0,-0,8
AT5G65860.2,GO:0016274,,5,26347634,26349056,-,1422,protein_coding,Ankyrin repeat family protein [Source:UniProtKB/TrEMBL;Acc:Q2V2U9],0.5133705830778246,0.8851423982883753,-0.16267041475561062,0.4398400668473559,0.7770251392152436,-0.1924422562609782,0.17920579454441163,0.5761503414605713,0.3305406388335725,0,0,0,4
