ID,Path,Gene,Chromosome,Start,End,Strand,Length,BioType,Description,Flg22_vs_Mock_pvalue,Flg22_vs_Mock_padj,Flg22_vs_Mock_log2FoldChange,Flg22_SynCom33_vs_Mock_pvalue,Flg22_SynCom33_vs_Mock_padj,Flg22_SynCom33_vs_Mock_log2FoldChange,Flg22_SynCom35_vs_Mock_pvalue,Flg22_SynCom35_vs_Mock_padj,Flg22_SynCom35_vs_Mock_log2FoldChange,Flg22_vs_Mock,Flg22_SynCom33_vs_Mock,Flg22_SynCom35_vs_Mock,cl
AT1G12040.1,GO:0000904,LRX1,1,4069992,4072681,+,2689,protein_coding,Leucine-rich repeat extensin-like protein 1 [Source:UniProtKB/Swiss-Prot;Acc:O65375],0.8060787187386407,0.9662426756893417,0.08917386059873704,4.4772394611757444e-4,0.012722743255319911,1.2746508622674277,0.7541406229703778,0.9352149304812711,0.11375986975029295,0,1,0,5
AT1G62440.1,GO:0000904,LRX2,1,23112933,23115293,+,2360,protein_coding,Leucine-rich repeat extensin-like protein 2 [Source:UniProtKB/Swiss-Prot;Acc:O48809],0.003941036762554765,0.08478677477413328,0.732133469111606,2.7856846605390702e-9,7.800497400480341e-7,1.5063826011571457,0.3490230452393796,0.7402453415669206,0.23823039822392003,0,1,0,5
