ID,Path,Gene,Chromosome,Start,End,Strand,Length,BioType,Description,Flg22_vs_Mock_pvalue,Flg22_vs_Mock_padj,Flg22_vs_Mock_log2FoldChange,Flg22_SynCom33_vs_Mock_pvalue,Flg22_SynCom33_vs_Mock_padj,Flg22_SynCom33_vs_Mock_log2FoldChange,Flg22_SynCom35_vs_Mock_pvalue,Flg22_SynCom35_vs_Mock_padj,Flg22_SynCom35_vs_Mock_log2FoldChange,Flg22_vs_Mock,Flg22_SynCom33_vs_Mock,Flg22_SynCom35_vs_Mock,cl
AT1G68830.1,GO:0042548,STN7,1,25872412,25875662,-,3250,protein_coding,"Serine/threonine-protein kinase STN7, chloroplastic [Source:UniProtKB/Swiss-Prot;Acc:Q9S713]",0.017019418926511,0.21027379446571012,0.4941528289987013,0.2663665839956415,0.6370593372529049,0.2311735345762068,0.026317480357763802,0.2255596517445962,-0.468127145509624,0,0,0,7
AT2G45870.1,GO:0042548,,2,18875736,18877679,+,1943,protein_coding,"UPF0187 protein At2g45870, chloroplastic [Source:UniProtKB/Swiss-Prot;Acc:O80832]",0.5494888915245996,0.897341546038701,0.26796486096170763,0.2404645490107861,0.6104614668876165,-0.5424251812461841,0.23285589754363,0.6407530490231838,0.5293269594908272,0,0,0,4
AT2G45870.3,GO:0042548,,2,18875736,18877679,+,1943,protein_coding,"UPF0187 protein At2g45870, chloroplastic [Source:UniProtKB/Swiss-Prot;Acc:O80832]",0.48410367711917524,0.8748531395486925,-0.5477903899304568,0.10903610538747639,0.4221558615588812,-1.2842016920027757,0.3729461208511897,NA,-0.6987750864967341,0,-0,0,8
AT3G61320.1,GO:0042548,,3,22693873,22695754,+,1881,protein_coding,Bestrophin-like protein [Source:UniProtKB/TrEMBL;Acc:A0A1I9LTI1],0.4948527250129347,0.8783390011488378,-0.17468085296085442,0.017492676499682024,0.15257564233110066,-0.620465484344452,0.37539922298444695,0.7576209596474356,-0.22659257715979644,0,0,0,3
