ID,Path,Gene,Chromosome,Start,End,Strand,Length,BioType,Description,Flg22_vs_Mock_pvalue,Flg22_vs_Mock_padj,Flg22_vs_Mock_log2FoldChange,Flg22_SynCom33_vs_Mock_pvalue,Flg22_SynCom33_vs_Mock_padj,Flg22_SynCom33_vs_Mock_log2FoldChange,Flg22_SynCom35_vs_Mock_pvalue,Flg22_SynCom35_vs_Mock_padj,Flg22_SynCom35_vs_Mock_log2FoldChange,Flg22_vs_Mock,Flg22_SynCom33_vs_Mock,Flg22_SynCom35_vs_Mock,cl
AT1G55140.1,GO:0000476,,1,20572405,20574382,-,1977,protein_coding,At1g55140 [Source:UniProtKB/TrEMBL;Acc:Q6NQK8],0.7639012585176189,0.9571317835183853,-0.09740112701076048,0.7712782637914782,0.9359719718613438,0.09310299169585957,0.4905121954589075,0.8280425763491642,0.21790401962727998,0,0,0,1
AT3G13740.3,GO:0000476,,3,4504067,4506320,+,2253,protein_coding,Ribonuclease III family protein [Source:UniProtKB/TrEMBL;Acc:A0A1I9LL75],0.39377307216465324,0.8339974969095991,0.5489349193194223,0.633235237857902,0.8836039275419737,-0.3261677763068393,0.041674008483831106,NA,1.268284197142305,0,0,0,4
AT3G13740.6,GO:0000476,,3,4504276,4506319,+,2043,protein_coding,Ribonuclease III family protein [Source:UniProtKB/TrEMBL;Acc:A0A1I9LL75],0.43233335184603416,0.8526673722672047,-1.058520828382522,0.5449522717510955,NA,0.7868772786758221,0.9058820676102937,NA,0.15472154268745528,-0,0,0,5
AT3G13740.2,GO:0000476,,3,4504581,4506311,+,1730,protein_coding,Ribonuclease III family protein [Source:UniProtKB/TrEMBL;Acc:A0A1I9LL75],0.7837573286178876,0.9619773702231068,-0.07829926118541741,0.27702282021542407,0.646715367175947,-0.3136326652987006,0.9018290354561973,0.977498099651652,-0.03501918889107351,0,0,0,3
