ID,Path,Gene,Chromosome,Start,End,Strand,Length,BioType,Description,Flg22_vs_Mock_pvalue,Flg22_vs_Mock_padj,Flg22_vs_Mock_log2FoldChange,Flg22_SynCom33_vs_Mock_pvalue,Flg22_SynCom33_vs_Mock_padj,Flg22_SynCom33_vs_Mock_log2FoldChange,Flg22_SynCom35_vs_Mock_pvalue,Flg22_SynCom35_vs_Mock_padj,Flg22_SynCom35_vs_Mock_log2FoldChange,Flg22_vs_Mock,Flg22_SynCom33_vs_Mock,Flg22_SynCom35_vs_Mock,cl
AT5G10510.4,GO:0060774,AIL6,5,3315401,3320323,+,4922,protein_coding,AINTEGUMENTA-like 6 [Source:UniProtKB/TrEMBL;Acc:F4KGW7],0.09813544712812951,0.5125997651556637,1.5708084075577256,0.07289499761975686,0.3434561706056925,1.7019879349624512,0.1984240433871107,0.6000861892906486,1.2238565961685834,0,0,0,6
AT5G10510.6,GO:0060774,AIL6,5,3315952,3320008,+,4056,protein_coding,AINTEGUMENTA-like 6 [Source:UniProtKB/TrEMBL;Acc:F4KGW7],0.8413211323339802,0.9724006797377865,0.30212430339972357,0.9623636118982916,0.991588874145222,0.07122672274353456,0.9202659161595457,0.9815462586879921,-0.1511144040794668,0,0,0,7
AT5G10510.1,GO:0060774,AIL6,5,3316036,3320282,+,4246,protein_coding,AINTEGUMENTA-like 6 [Source:UniProtKB/TrEMBL;Acc:F4KGW7],0.3528612952699826,0.8087054280647589,0.49327415942603825,0.5446293747438393,0.838974397369516,0.3219263982598371,0.5109078685485637,0.8386614015789674,0.3491563480155218,0,0,0,6
AT5G57390.1,GO:0060774,AIL5,5,23252989,23256703,-,3714,protein_coding,AP2-like ethylene-responsive transcription factor AIL5 [Source:UniProtKB/Swiss-Prot;Acc:Q6PQQ3],0.11526049921646443,0.5476718582988026,0.771414606856503,0.25053507630260746,0.6211768393865318,0.5669027881299146,0.0014747136457094454,NA,-1.8725474455868307,0,0,-0,9
AT5G57390.2,GO:0060774,AIL5,5,23253100,23255905,-,2805,protein_coding,AP2-like ethylene-responsive transcription factor AIL5 [Source:UniProtKB/Swiss-Prot;Acc:Q6PQQ3],0.3875411520599931,0.8313167769625168,0.6006307132320208,0.9758551641692105,0.9947867070519628,0.02132030043016942,0.23062627546664263,NA,0.8289805580096107,0,0,0,6
AT5G65510.2,GO:0060774,AIL7,5,26185829,26189571,+,3742,protein_coding,AP2-like ethylene-responsive transcription factor AIL7 [Source:UniProtKB/Swiss-Prot;Acc:Q6J9N8],0.8344835869432143,0.9706704700074343,0.11166178796779795,0.2561128851685226,0.6268621122735341,-0.627206313948093,0.9617795795841751,NA,-0.025660234780747217,0,0,0,3
