ID,Path,Gene,Chromosome,Start,End,Strand,Length,BioType,Description,Flg22_vs_Mock_pvalue,Flg22_vs_Mock_padj,Flg22_vs_Mock_log2FoldChange,Flg22_SynCom33_vs_Mock_pvalue,Flg22_SynCom33_vs_Mock_padj,Flg22_SynCom33_vs_Mock_log2FoldChange,Flg22_SynCom35_vs_Mock_pvalue,Flg22_SynCom35_vs_Mock_padj,Flg22_SynCom35_vs_Mock_log2FoldChange,Flg22_vs_Mock,Flg22_SynCom33_vs_Mock,Flg22_SynCom35_vs_Mock,cl
AT1G55180.2,GO:0045848,PLDALPHA4,1,20585008,20587532,-,2524,protein_coding,Phospholipase D alpha 4 [Source:UniProtKB/Swiss-Prot;Acc:Q9C888],0.4564149039403135,0.8641384981661862,-0.22637316667585933,0.5816378632812937,0.8589068967986313,-0.16731646322560614,0.3205550350095244,0.7183896629957278,0.29889678227547684,0,0,0,4
AT1G55180.1,GO:0045848,PLDALPHA4,1,20585008,20587723,-,2715,protein_coding,Phospholipase D alpha 4 [Source:UniProtKB/Swiss-Prot;Acc:Q9C888],0.643581659489294,0.9273392630027173,-0.6532621652508408,0.9772714095494127,0.994954644313541,0.040149596861947114,0.3184946560084643,0.7168193165821553,-1.412560382582513,0,0,-0,10
