ID,Path,Gene,Chromosome,Start,End,Strand,Length,BioType,Description,Flg22_vs_Mock_pvalue,Flg22_vs_Mock_padj,Flg22_vs_Mock_log2FoldChange,Flg22_SynCom33_vs_Mock_pvalue,Flg22_SynCom33_vs_Mock_padj,Flg22_SynCom33_vs_Mock_log2FoldChange,Flg22_SynCom35_vs_Mock_pvalue,Flg22_SynCom35_vs_Mock_padj,Flg22_SynCom35_vs_Mock_log2FoldChange,Flg22_vs_Mock,Flg22_SynCom33_vs_Mock,Flg22_SynCom35_vs_Mock,cl
AT2G16650.1,GO:0001682,PRORP2,2,7215591,7218558,-,2967,protein_coding,Proteinaceous RNase P 2 [Source:UniProtKB/Swiss-Prot;Acc:Q680B9],0.5703264034793868,0.9046835125020947,-0.28650726940882637,0.759892449010604,0.9316261233017913,0.15362434247586737,0.5724903552642133,0.8695696685367594,0.2832051325214902,0,0,0,1
AT2G32230.1,GO:0001682,PRORP1,2,13679529,13682308,-,2779,protein_coding,"Proteinaceous RNase P 1, chloroplastic/mitochondrial [Source:UniProtKB/Swiss-Prot;Acc:Q66GI4]",0.05592279720606931,0.397970052928934,-0.4072262693764953,0.010258388351886437,0.1107493958535788,-0.5498950340952344,0.46958775499660327,0.816990324682404,0.15126946596080657,0,0,0,4
AT4G21900.1,GO:0001682,PRORP3,4,11616338,11619421,-,3083,protein_coding,Proteinaceous RNase P 3 [Source:UniProtKB/Swiss-Prot;Acc:F4JKB6],0.7953216008790653,0.9648102601956161,-0.060478087378882786,0.49163305988969513,0.8073482939148013,-0.16079394573275446,0.1265364371076644,0.4981309325174633,0.3525080928739946,0,0,0,4
AT5G60430.3,GO:0001682,,5,24301549,24303369,+,1820,protein_coding,Antiporter/ drug transporter [Source:UniProtKB/TrEMBL;Acc:Q9FKK3],0.21542316825275096,0.6912925476463905,0.27882913034769075,0.012517213067198541,0.12480998578354272,0.5573287445652507,0.8498329483078131,0.9637573660412798,0.04285656589683606,0,0,0,9
AT5G60430.1,GO:0001682,,5,24301549,24303369,+,1820,protein_coding,Antiporter/ drug transporter [Source:UniProtKB/TrEMBL;Acc:Q9FKK3],0.9286607446058336,0.9904775374510817,0.12021479371862928,0.6984991447219483,0.9113043322412959,0.5181205890913383,0.9521347772680117,NA,0.08056505528303694,0,0,0,5
AT5G60430.4,GO:0001682,,5,24301608,24303068,+,1460,protein_coding,Antiporter/ drug transporter [Source:UniProtKB/TrEMBL;Acc:Q9FKK3],0.0010498369339958001,0.03539539035114698,2.747636072744983,0.00202075241757379,0.0374117537804536,2.595748901540659,0.03517453290298662,NA,1.79957241740906,1,1,0,9
