ID,Path,Gene,Chromosome,Start,End,Strand,Length,BioType,Description,Flg22_vs_Mock_pvalue,Flg22_vs_Mock_padj,Flg22_vs_Mock_log2FoldChange,Flg22_SynCom33_vs_Mock_pvalue,Flg22_SynCom33_vs_Mock_padj,Flg22_SynCom33_vs_Mock_log2FoldChange,Flg22_SynCom35_vs_Mock_pvalue,Flg22_SynCom35_vs_Mock_padj,Flg22_SynCom35_vs_Mock_log2FoldChange,Flg22_vs_Mock,Flg22_SynCom33_vs_Mock,Flg22_SynCom35_vs_Mock,cl
AT1G19670.1,GO:0047746,CLH1,1,6803486,6805092,-,1606,protein_coding,Chlorophyllase-1 [Source:UniProtKB/Swiss-Prot;Acc:O22527],0.24211600394363303,NA,1.2314963359562272,0.06380037537766134,NA,1.8951901377937517,0.1894343008401136,NA,1.3664654234060267,0,0,0,5
AT4G36530.1,GO:0047746,,4,17239958,17242030,-,2072,protein_coding,Alpha/beta-Hydrolases superfamily protein [Source:UniProtKB/TrEMBL;Acc:O23227],2.397588724220942e-4,0.012035637590349963,-1.038567025598275,1.1802126251545474e-5,7.482659384293525e-4,-1.2513458338792776,0.3814073998563858,0.7623711553460393,-0.24056496061747457,-1,-1,0,8
AT5G38520.1,GO:0047746,,5,15421289,15423431,+,2142,protein_coding,Alpha/beta-Hydrolases superfamily protein [Source:UniProtKB/TrEMBL;Acc:F4KBJ3],0.2955229400489917,0.7673641185133966,-1.1967492563829119,0.631411525351681,NA,0.5225283011578309,0.4613033302126856,NA,0.7983140656175164,-0,0,0,1
AT5G43860.1,GO:0047746,CLH2,5,17630426,17632338,+,1912,protein_coding,"Chlorophyllase-2, chloroplastic [Source:UniProtKB/Swiss-Prot;Acc:Q9M7I7]",0.6487931026419834,0.9273604099470842,0.5441878891330473,0.7258290978235873,NA,-0.4275481728384539,0.6938520073581612,NA,-0.47941966008860654,0,0,0,7
