ID,Path,Gene,Chromosome,Start,End,Strand,Length,BioType,Description,Flg22_vs_Mock_pvalue,Flg22_vs_Mock_padj,Flg22_vs_Mock_log2FoldChange,Flg22_SynCom33_vs_Mock_pvalue,Flg22_SynCom33_vs_Mock_padj,Flg22_SynCom33_vs_Mock_log2FoldChange,Flg22_SynCom35_vs_Mock_pvalue,Flg22_SynCom35_vs_Mock_padj,Flg22_SynCom35_vs_Mock_log2FoldChange,Flg22_vs_Mock,Flg22_SynCom33_vs_Mock,Flg22_SynCom35_vs_Mock,cl
AT1G21880.2,GO:0042834,LYM1,1,7680390,7682641,+,2251,protein_coding,LYP2 [Source:UniProtKB/TrEMBL;Acc:A0A178W9K9],0.14794861817885327,0.6055691850439395,-0.387724726033993,0.29615679645240445,0.6639939117792774,-0.2796302413541373,0.14367915862455863,0.5261687613146909,0.3886024819232571,0,0,0,4
AT1G77630.1,GO:0042834,LYM3,1,29173409,29175629,+,2220,protein_coding,LysM domain-containing GPI-anchored protein 3 [Source:UniProtKB/Swiss-Prot;Acc:Q6NPN4],0.15379392319728044,0.6126168348519656,-0.42555157467995886,0.419593242710939,0.7621560831414042,-0.23901954991715357,0.16574603194836987,0.5569159269013803,0.4008307189889984,0,0,0,4
