ID,Path,Gene,Chromosome,Start,End,Strand,Length,BioType,Description,Flg22_vs_Mock_pvalue,Flg22_vs_Mock_padj,Flg22_vs_Mock_log2FoldChange,Flg22_SynCom33_vs_Mock_pvalue,Flg22_SynCom33_vs_Mock_padj,Flg22_SynCom33_vs_Mock_log2FoldChange,Flg22_SynCom35_vs_Mock_pvalue,Flg22_SynCom35_vs_Mock_padj,Flg22_SynCom35_vs_Mock_log2FoldChange,Flg22_vs_Mock,Flg22_SynCom33_vs_Mock,Flg22_SynCom35_vs_Mock,cl
AT1G74350.1,GO:0006315,,1,27949022,27951413,-,2391,protein_coding,,0.6280907223177223,0.9235876599509517,0.14780172379629325,0.06961665806232936,0.3345432609995599,0.5406406552090607,0.49415133517078463,0.829905914496632,0.20668101048730825,0,0,0,5
ATMG00520.1,GO:0006315,MATR,Mt,144294,146312,-,2018,protein_coding,Maturase (Fragment) [Source:UniProtKB/TrEMBL;Acc:P93307],0.43871237502852123,0.8560343082525557,-0.14172728040656302,0.7985108509976915,0.9444756388442851,0.046148956489608366,0.31459551139917546,0.7138707760917571,-0.18352131154732088,0,0,0,10
