ID,Path,Gene,Chromosome,Start,End,Strand,Length,BioType,Description,Flg22_vs_Mock_pvalue,Flg22_vs_Mock_padj,Flg22_vs_Mock_log2FoldChange,Flg22_SynCom33_vs_Mock_pvalue,Flg22_SynCom33_vs_Mock_padj,Flg22_SynCom33_vs_Mock_log2FoldChange,Flg22_SynCom35_vs_Mock_pvalue,Flg22_SynCom35_vs_Mock_padj,Flg22_SynCom35_vs_Mock_log2FoldChange,Flg22_vs_Mock,Flg22_SynCom33_vs_Mock,Flg22_SynCom35_vs_Mock,cl
AT2G18790.2,GO:0017012,PHYB,2,8139756,8144430,+,4674,protein_coding,Phytochrome [Source:UniProtKB/TrEMBL;Acc:A0A178W0V4],0.4124322869295454,0.8440593840274345,-0.3768876348419017,0.2931336814737528,0.6606874843110105,-0.4839567842949272,0.13642538072140012,0.5134616188794163,-0.6863798735345871,0,0,0,2
AT2G18790.1,GO:0017012,PHYB,2,8139763,8144461,+,4698,protein_coding,Phytochrome [Source:UniProtKB/TrEMBL;Acc:A0A178W0V4],0.6936037775578932,0.939802419250914,-0.060281058362313934,0.02469265515213164,0.1880419138242501,-0.34435245055019137,0.187858691936693,0.5869486247549298,-0.20158221271145962,0,0,0,3
