ID,Path,Gene,Chromosome,Start,End,Strand,Length,BioType,Description,Flg22_vs_Mock_pvalue,Flg22_vs_Mock_padj,Flg22_vs_Mock_log2FoldChange,Flg22_SynCom33_vs_Mock_pvalue,Flg22_SynCom33_vs_Mock_padj,Flg22_SynCom33_vs_Mock_log2FoldChange,Flg22_SynCom35_vs_Mock_pvalue,Flg22_SynCom35_vs_Mock_padj,Flg22_SynCom35_vs_Mock_log2FoldChange,Flg22_vs_Mock,Flg22_SynCom33_vs_Mock,Flg22_SynCom35_vs_Mock,cl
AT1G09340.1,GO:0010297,CRB,1,3015241,3018542,+,3301,protein_coding,chloroplast RNA binding [Source:TAIR;Acc:AT1G09340],0.17384376483348374,0.6442726179392457,-0.5925517479347547,0.6365894154037742,0.8851971059095953,-0.20299839554656565,0.1621693334816385,0.5524596183660803,0.5874531258679121,0,0,0,4
AT2G26400.1,GO:0010297,ARD,2,11231800,11233295,-,1495,protein_coding,acireductone dioxygenase 3 [Source:TAIR;Acc:AT2G26400],0.09716930704882162,0.5108445356356518,1.483130355216529,0.2523262870724719,NA,1.0385452402147142,0.7279184437059806,NA,0.3245366594964456,0,0,0,7
AT2G40840.1,GO:0010297,DPE2,2,17044932,17051062,+,6130,protein_coding,4-alpha-glucanotransferase DPE2 [Source:UniProtKB/Swiss-Prot;Acc:Q8RXD9],0.9084679593969195,0.9869002016097549,-0.029075747285964154,0.8054232948920683,0.9462215470815624,-0.06230486189770185,0.9448295303981947,0.9870013713604631,0.017494916658980796,0,0,0,4
