ID,Path,Gene,Chromosome,Start,End,Strand,Length,BioType,Description,Flg22_vs_Mock_pvalue,Flg22_vs_Mock_padj,Flg22_vs_Mock_log2FoldChange,Flg22_SynCom33_vs_Mock_pvalue,Flg22_SynCom33_vs_Mock_padj,Flg22_SynCom33_vs_Mock_log2FoldChange,Flg22_SynCom35_vs_Mock_pvalue,Flg22_SynCom35_vs_Mock_padj,Flg22_SynCom35_vs_Mock_log2FoldChange,Flg22_vs_Mock,Flg22_SynCom33_vs_Mock,Flg22_SynCom35_vs_Mock,cl
AT2G27450.3,GO:0009446,CPA,2,11737374,11739690,-,2316,protein_coding,N-carbamoylputrescine amidase [Source:UniProtKB/Swiss-Prot;Acc:Q8VYF5],0.15156222686832435,0.6086635121502769,1.0342112169286348,0.9397918410033231,0.9860075367110414,0.05594798586899439,0.9471402098801366,NA,0.04896445066794561,0,0,0,7
AT2G27450.1,GO:0009446,CPA,2,11737434,11739690,-,2256,protein_coding,N-carbamoylputrescine amidase [Source:UniProtKB/Swiss-Prot;Acc:Q8VYF5],0.41953004228376106,0.8466466869171779,-0.0842136091882452,0.0017969814552774364,0.03413883779559579,-0.3281003579195248,0.24146048516198215,0.6499279874722496,-0.12206641078407932,0,0,0,3
AT4G34710.1,GO:0009446,ADC2,4,16560030,16563044,-,3014,protein_coding,Arginine decarboxylase 2 [Source:UniProtKB/Swiss-Prot;Acc:O23141],0.5597435227265686,0.9009816137633396,0.13856401261397017,0.07291512408476628,0.3434561706056925,-0.4262289375283945,5.940668290492693e-4,0.01793232092003428,-0.816444178682066,0,0,0,2
AT4G34710.2,GO:0009446,ADC2,4,16560062,16562931,-,2869,protein_coding,Arginine decarboxylase 2 [Source:UniProtKB/Swiss-Prot;Acc:O23141],0.012849860201441087,0.17841465897898365,0.652591370347874,0.8300883898181104,0.9528252719815481,0.056313384004823545,0.017956830342115516,0.18159118300572302,-0.6214463220990752,0,0,0,7
AT5G08170.1,GO:0009446,AIH,5,2628300,2631295,-,2995,protein_coding,Agmatine deiminase [Source:UniProtKB/Swiss-Prot;Acc:Q8GWW7],0.001173405572512103,0.03804197163383856,1.6652848258077715,0.008456086811350523,0.09806580054474753,1.3576995321352425,0.17067757321568378,0.5637443031868304,0.7142210960540154,1,0,0,7
AT5G08170.5,GO:0009446,AIH,5,2628325,2630902,-,2577,protein_coding,Agmatine deiminase [Source:UniProtKB/Swiss-Prot;Acc:Q8GWW7],0.3730738956108105,0.8210380963194857,-0.099738425413565,0.004535291274341416,0.06465176805113036,-0.32137689426008986,3.855089829599776e-4,0.013081206081877489,-0.40172335209167104,0,0,0,2
