ID,Path,Gene,Chromosome,Start,End,Strand,Length,BioType,Description,Flg22_vs_Mock_pvalue,Flg22_vs_Mock_padj,Flg22_vs_Mock_log2FoldChange,Flg22_SynCom33_vs_Mock_pvalue,Flg22_SynCom33_vs_Mock_padj,Flg22_SynCom33_vs_Mock_log2FoldChange,Flg22_SynCom35_vs_Mock_pvalue,Flg22_SynCom35_vs_Mock_padj,Flg22_SynCom35_vs_Mock_log2FoldChange,Flg22_vs_Mock,Flg22_SynCom33_vs_Mock,Flg22_SynCom35_vs_Mock,cl
AT1G31480.1,GO:0009660,SGR2,1,11265816,11271701,+,5885,protein_coding,Phospholipase SGR2 [Source:UniProtKB/Swiss-Prot;Acc:Q8W5R2],0.36598786283322404,0.8156415657598898,0.11529480192782139,0.5838831679669063,0.8600990367300332,0.0699419083054699,0.31660598115910804,0.7157729668242879,-0.12820735293149074,0,0,0,7
AT2G26890.1,GO:0009660,GRV2,2,11462067,11474371,-,12304,protein_coding,DnaJ homolog subfamily C GRV2 [Source:UniProtKB/Swiss-Prot;Acc:F4IVL6],0.8949995689195492,0.9851009047508937,0.015180645078678157,0.3632217743484668,0.721557465591986,0.10453869304531364,0.9468152398951033,0.98769239866803,-0.007670433906537394,0,0,0,5
AT5G46860.1,GO:0009660,SYP22,5,19012021,19014110,-,2089,protein_coding,VAM3 [Source:UniProtKB/TrEMBL;Acc:A0A178UDT6],0.14542438470228566,0.6019430822264947,-0.1880555013290866,0.5391645379609066,0.8359696286112097,0.079028563709537,0.6834804775443204,0.9122670933614397,-0.05250097969071232,0,0,0,1
