ID,Path,Gene,Chromosome,Start,End,Strand,Length,BioType,Description,Flg22_vs_Mock_pvalue,Flg22_vs_Mock_padj,Flg22_vs_Mock_log2FoldChange,Flg22_SynCom33_vs_Mock_pvalue,Flg22_SynCom33_vs_Mock_padj,Flg22_SynCom33_vs_Mock_log2FoldChange,Flg22_SynCom35_vs_Mock_pvalue,Flg22_SynCom35_vs_Mock_padj,Flg22_SynCom35_vs_Mock_log2FoldChange,Flg22_vs_Mock,Flg22_SynCom33_vs_Mock,Flg22_SynCom35_vs_Mock,cl
AT2G24330.1,GO:0071784,,2,10347018,10349921,-,2903,protein_coding,Uncharacterized protein At2g24330 [Source:UniProtKB/TrEMBL;Acc:Q541V7],0.6187011976085861,0.9199082974629913,0.06635880364543303,0.589883952598798,0.8640146250618912,0.07187925776357992,0.10030247085851654,0.45121107777004316,-0.22070003108814262,0,0,0,9
AT4G31080.1,GO:0071784,,4,15120824,15123527,+,2703,protein_coding,Protein of unknown function (DUF2296) [Source:TAIR;Acc:AT4G31080],0.05130045830256542,0.3811143492699848,-0.19631811463949866,0.5240686271558369,0.827185498948002,-0.06402380821487286,0.1839543225013073,0.5813379802005503,-0.13347606890112507,0,0,0,8
