ID,Path,Gene,Chromosome,Start,End,Strand,Length,BioType,Description,Flg22_vs_Mock_pvalue,Flg22_vs_Mock_padj,Flg22_vs_Mock_log2FoldChange,Flg22_SynCom33_vs_Mock_pvalue,Flg22_SynCom33_vs_Mock_padj,Flg22_SynCom33_vs_Mock_log2FoldChange,Flg22_SynCom35_vs_Mock_pvalue,Flg22_SynCom35_vs_Mock_padj,Flg22_SynCom35_vs_Mock_log2FoldChange,Flg22_vs_Mock,Flg22_SynCom33_vs_Mock,Flg22_SynCom35_vs_Mock,cl
AT1G32070.2,GO:0030187,NSI,1,11534619,11536338,-,1719,protein_coding,Acetyltransferase NSI [Source:UniProtKB/Swiss-Prot;Acc:Q7X9V3],0.35435399372317367,0.8091849719908681,0.17788345291801685,0.04055566383020207,0.24995514232415533,0.3907179294483,0.7745952970801352,0.9418840856368269,0.05508592877454469,0,0,0,5
AT1G32070.3,GO:0030187,NSI,1,11534682,11536316,-,1634,protein_coding,Acetyltransferase NSI [Source:UniProtKB/Swiss-Prot;Acc:Q7X9V3],0.02907346805921279,0.2819864659995185,-0.7064145276766692,0.6000466729422489,0.8688169052048655,-0.1662709207991854,0.23864968574583068,0.6467035525651266,-0.37518059949678545,0,0,0,10
AT4G35160.1,GO:0030187,ASMT,4,16730703,16732923,-,2220,protein_coding,Acetylserotonin O-methyltransferase [Source:UniProtKB/Swiss-Prot;Acc:Q9T003],0.3169954885960968,0.7822980100599901,0.24192667800149095,0.050660252267424724,0.28317379928358466,0.47230062480983975,0.6076335049309534,0.8840965041395863,0.12414814824316707,0,0,0,5
AT5G54160.1,GO:0030187,OMT1,5,21981902,21984399,+,2497,protein_coding,Flavone 3'-O-methyltransferase 1 [Source:UniProtKB/Swiss-Prot;Acc:Q9FK25],8.175682762514967e-4,0.02970285990412539,0.46854304294641974,0.1245094232619042,0.448487513885369,0.21511446996105912,0.3896318496680272,0.7671189398446937,-0.12051012270341033,0,0,0,7
