ID,Path,Gene,Chromosome,Start,End,Strand,Length,BioType,Description,Flg22_vs_Mock_pvalue,Flg22_vs_Mock_padj,Flg22_vs_Mock_log2FoldChange,Flg22_SynCom33_vs_Mock_pvalue,Flg22_SynCom33_vs_Mock_padj,Flg22_SynCom33_vs_Mock_log2FoldChange,Flg22_SynCom35_vs_Mock_pvalue,Flg22_SynCom35_vs_Mock_padj,Flg22_SynCom35_vs_Mock_log2FoldChange,Flg22_vs_Mock,Flg22_SynCom33_vs_Mock,Flg22_SynCom35_vs_Mock,cl
AT2G02380.1,GO:0016034,GSTZ2,2,626842,628676,+,1834,protein_coding,Glutathione S-transferase Z2 [Source:UniProtKB/Swiss-Prot;Acc:Q9ZVQ4],1.7815529271885576e-4,0.009708770241921924,0.9163164301153801,5.085210544319836e-4,0.013830682060725177,0.853009893530602,0.01879258342393527,0.18674596117845302,-0.6434998977902976,0,0,0,9
AT2G02390.1,GO:0016034,ATGSTZ1,2,628730,631165,+,2435,protein_coding,glutathione S-transferase zeta 1 [Source:TAIR;Acc:AT2G02390],0.010457352168139682,0.15891659836381658,0.6073999520610723,0.642121433874842,0.8880747227156199,0.11055510012243314,0.0013712430000448557,0.03295938138769864,-0.766487103601079,0,0,0,7
AT2G02390.3,GO:0016034,ATGSTZ1,2,628877,631144,+,2267,protein_coding,glutathione S-transferase zeta 1 [Source:TAIR;Acc:AT2G02390],0.02821434645001161,0.2772816832331026,0.9860468635482497,0.11107300660778593,0.4252897274322753,0.7172391194276004,0.40044903757822004,0.7724505248602324,-0.3821580829050698,0,0,0,9
AT2G02390.2,GO:0016034,ATGSTZ1,2,628899,630869,+,1970,protein_coding,glutathione S-transferase zeta 1 [Source:TAIR;Acc:AT2G02390],0.9746250848687438,0.9948798425309692,-0.00952213942067732,0.5324406474051278,0.8321288797494188,-0.1882528072585483,0.15932702909940116,0.5478961346093332,-0.4270732808601979,0,0,0,2
AT2G02390.4,GO:0016034,ATGSTZ1,2,629367,631165,+,1798,protein_coding,glutathione S-transferase zeta 1 [Source:TAIR;Acc:AT2G02390],0.1674932059382343,0.634373905616009,-0.14163418359419044,5.161070183865443e-4,0.013985875875269236,-0.35720870239572655,4.073133271495097e-23,3.266381341520968e-19,-1.027552328724296,0,0,-1,2
AT3G47680.1,GO:0016034,,3,17577398,17579577,-,2179,protein_coding,At3g47680 [Source:UniProtKB/TrEMBL;Acc:Q9STU5],0.5321077201731521,0.8911515464358377,0.13795571479825575,0.10021749558676331,0.4050588958597762,0.3623817937739064,0.41816725479189376,0.7843651813334929,0.17860110067625826,0,0,0,5
