ID,Path,Gene,Chromosome,Start,End,Strand,Length,BioType,Description,Flg22_vs_Mock_pvalue,Flg22_vs_Mock_padj,Flg22_vs_Mock_log2FoldChange,Flg22_SynCom33_vs_Mock_pvalue,Flg22_SynCom33_vs_Mock_padj,Flg22_SynCom33_vs_Mock_log2FoldChange,Flg22_SynCom35_vs_Mock_pvalue,Flg22_SynCom35_vs_Mock_padj,Flg22_SynCom35_vs_Mock_log2FoldChange,Flg22_vs_Mock,Flg22_SynCom33_vs_Mock,Flg22_SynCom35_vs_Mock,cl
AT3G02680.1,GO:0007095,NBS1,3,576308,579562,+,3254,protein_coding,Nijmegen breakage syndrome 1 protein [Source:UniProtKB/Swiss-Prot;Acc:Q0H8D7],0.22668919670340357,0.7035888376869545,0.33275069048145856,0.8186989695875249,0.9503137950566339,0.06379997235881021,0.4099840970402493,0.7783615377678597,0.2269975268441797,0,0,0,6
AT3G24495.1,GO:0007095,MSH7,3,8912343,8918146,-,5803,protein_coding,DNA mismatch repair protein MSH7 [Source:UniProtKB/Swiss-Prot;Acc:Q9SMV7],0.5160940544706885,0.886043035602738,-0.15708334630183712,0.2834726952759786,0.6532070113499793,-0.260249368840384,0.4074275576412829,0.7770926811924339,0.19842780748187558,0,0,0,4
AT3G24495.2,GO:0007095,MSH7,3,8912343,8918288,-,5945,protein_coding,DNA mismatch repair protein MSH7 [Source:UniProtKB/Swiss-Prot;Acc:Q9SMV7],0.4186425305072756,0.8465117461374367,-0.5370311137258219,0.3671685078677649,0.724401206795354,-0.599593671281113,0.6563221322855357,0.9028566917481232,0.2919268495298674,0,0,0,4
AT4G02070.1,GO:0007095,MSH6,4,905865,913290,+,7425,protein_coding,DNA mismatch repair protein MSH6 [Source:UniProtKB/Swiss-Prot;Acc:O04716],0.04692014882625117,0.3634624692400779,-0.3670668714614656,0.015143065187120898,0.14071063890777183,-0.44986391775205353,0.2805722053800421,0.6870297612853801,0.19654923705025668,0,0,0,4
AT5G54260.1,GO:0007095,MRE11,5,22032038,22038052,+,6014,protein_coding,DNA repair and meiosis protein (Mre11) [Source:TAIR;Acc:AT5G54260],0.9851731303313587,0.9973654384685183,0.016322070664129294,0.025910080277705073,0.19417752384311898,-2.0428107418631227,0.7826093198628201,0.944294516674606,-0.24279706037889606,0,-0,0,3
AT5G54260.2,GO:0007095,MRE11,5,22032898,22038011,+,5113,protein_coding,DNA repair and meiosis protein (Mre11) [Source:TAIR;Acc:AT5G54260],0.7458394598989657,0.9529854144178901,0.058916702958227866,0.17479682264388047,0.5295136376903575,0.24458287375885673,0.9781439781060274,0.9952714945261362,0.004973062646416588,0,0,0,5
