ID,Path,Gene,Chromosome,Start,End,Strand,Length,BioType,Description,Flg22_vs_Mock_pvalue,Flg22_vs_Mock_padj,Flg22_vs_Mock_log2FoldChange,Flg22_SynCom33_vs_Mock_pvalue,Flg22_SynCom33_vs_Mock_padj,Flg22_SynCom33_vs_Mock_log2FoldChange,Flg22_SynCom35_vs_Mock_pvalue,Flg22_SynCom35_vs_Mock_padj,Flg22_SynCom35_vs_Mock_log2FoldChange,Flg22_vs_Mock,Flg22_SynCom33_vs_Mock,Flg22_SynCom35_vs_Mock,cl
AT3G47960.1,GO:0090448,NPF2.10,3,17697942,17700923,-,2981,protein_coding,GTR1 [Source:UniProtKB/TrEMBL;Acc:A0A178V6P7],9.529005351923733e-6,0.0010550077822637774,0.5404932996894871,0.42485015782171925,0.765624585544242,-0.09921121836977521,0.4007330164410774,0.7724939516332869,0.10351737864578489,0,0,0,7
AT5G62680.1,GO:0090448,NPF2.11,5,25165137,25168060,-,2923,protein_coding,GTR2 [Source:UniProtKB/TrEMBL;Acc:A0A178UEQ7],0.44692226969894117,0.8605648207422417,0.15055705734261293,0.6603397685457564,0.8964642420146048,-0.08708185523577917,0.9109421574745353,0.9799261150872375,-0.022149890494164354,0,0,0,3
