ID,Path,Gene,Chromosome,Start,End,Strand,Length,BioType,Description,Flg22_vs_Mock_pvalue,Flg22_vs_Mock_padj,Flg22_vs_Mock_log2FoldChange,Flg22_SynCom33_vs_Mock_pvalue,Flg22_SynCom33_vs_Mock_padj,Flg22_SynCom33_vs_Mock_log2FoldChange,Flg22_SynCom35_vs_Mock_pvalue,Flg22_SynCom35_vs_Mock_padj,Flg22_SynCom35_vs_Mock_log2FoldChange,Flg22_vs_Mock,Flg22_SynCom33_vs_Mock,Flg22_SynCom35_vs_Mock,cl
AT3G50960.1,GO:0000280,PLP3A,3,18938697,18940428,-,1731,protein_coding,Thioredoxin domain-containing protein PLP3A [Source:UniProtKB/Swiss-Prot;Acc:Q6NPL9],0.001600291266047972,0.04679097980508324,-0.4865896831605799,0.27315079733316155,0.6428681258895157,-0.16633464655098606,0.8126813952245369,0.9534559573633798,-0.03562777526508621,0,0,0,8
AT5G07630.1,GO:0000280,,5,2410703,2414711,+,4008,protein_coding,Lipid transporter [Source:UniProtKB/TrEMBL;Acc:F4K836],0.40664749858298055,0.8408733979474236,-1.4470833652816306,0.9100351346169736,0.9768586291356427,0.1938302173552722,0.749144579268491,NA,0.5473698215147005,-0,0,0,1
AT5G07630.2,GO:0000280,,5,2411434,2414750,+,3316,protein_coding,Lipid transporter [Source:UniProtKB/TrEMBL;Acc:F4K836],0.2629940996388901,0.7404490627183586,-0.14708667248636492,0.7955286320608037,0.942922646147661,-0.033801159300154926,0.2928038060588699,0.6974829220790715,0.13493531718896135,0,0,0,4
AT5G51600.1,GO:0000280,MAP65-3,5,20960779,20964537,-,3758,protein_coding,65-kDa microtubule-associated protein 3 [Source:UniProtKB/Swiss-Prot;Acc:Q9FHM4],0.02622018090097465,0.26635553293984926,-0.4614794364302001,2.835028763662633e-4,0.00899069857443737,-0.7603550644950036,0.014105004073067445,0.1560175576964858,0.4995863048771094,0,0,0,4
AT5G66410.1,GO:0000280,PLP3B,5,26519437,26521696,+,2259,protein_coding,PLP3b [Source:UniProtKB/TrEMBL;Acc:A0A178URB4],0.7575031446754756,0.9545451499051282,-0.034407581792800755,0.8360711759157242,0.9545341305346319,0.023011297506819177,0.3836805446238905,0.7645631566648744,0.09622674676431585,0,0,0,4
