ID,Path,Gene,Chromosome,Start,End,Strand,Length,BioType,Description,Flg22_vs_Mock_pvalue,Flg22_vs_Mock_padj,Flg22_vs_Mock_log2FoldChange,Flg22_SynCom33_vs_Mock_pvalue,Flg22_SynCom33_vs_Mock_padj,Flg22_SynCom33_vs_Mock_log2FoldChange,Flg22_SynCom35_vs_Mock_pvalue,Flg22_SynCom35_vs_Mock_padj,Flg22_SynCom35_vs_Mock_log2FoldChange,Flg22_vs_Mock,Flg22_SynCom33_vs_Mock,Flg22_SynCom35_vs_Mock,cl
AT2G26500.2,GO:0009496,,2,11270218,11270874,+,656,protein_coding,At2g26500/T9J22.17 [Source:UniProtKB/TrEMBL;Acc:O48717],0.7047770328801305,0.9435268257053323,-0.22688619834570428,0.6216651298429812,NA,-0.2975459410223799,0.7110666408060144,NA,0.21354270052798638,0,0,0,4
AT4G03280.1,GO:0009496,PETC,4,1440146,1441863,+,1717,protein_coding,"Cytochrome b6-f complex iron-sulfur subunit, chloroplastic [Source:UniProtKB/Swiss-Prot;Acc:Q9ZR03]",0.11371781484215539,0.5445129445765851,0.7976512051824488,0.3203743725459595,0.6843852417975591,0.5038664896238153,0.10343927634150418,0.45736851869581097,0.8199114333399938,0,0,0,6
