ID,Path,Gene,Chromosome,Start,End,Strand,Length,BioType,Description,Flg22_vs_Mock_pvalue,Flg22_vs_Mock_padj,Flg22_vs_Mock_log2FoldChange,Flg22_SynCom33_vs_Mock_pvalue,Flg22_SynCom33_vs_Mock_padj,Flg22_SynCom33_vs_Mock_log2FoldChange,Flg22_SynCom35_vs_Mock_pvalue,Flg22_SynCom35_vs_Mock_padj,Flg22_SynCom35_vs_Mock_log2FoldChange,Flg22_vs_Mock,Flg22_SynCom33_vs_Mock,Flg22_SynCom35_vs_Mock,cl
AT5G05880.1,GO:0050139,UGT76C4,5,1769527,1771737,+,2210,protein_coding,UDP-glycosyltransferase 76C4 [Source:UniProtKB/Swiss-Prot;Acc:Q9FI98],0.06025359113577207,0.4108479409211566,-0.37952801852039025,0.2697928072366536,0.6402339551673484,0.22019112202212682,0.48138130892633013,0.8225262003632672,0.14046375428553348,0,0,0,1
AT5G05890.1,GO:0050139,UGT76C5,5,1772415,1774187,+,1772,protein_coding,Glycosyltransferase (Fragment) [Source:UniProtKB/TrEMBL;Acc:W8PV16],0.008009390829051716,0.133621826392238,-0.8458575595268549,0.796465589858228,0.9434055072292965,0.08142767116759432,0.0046390454209508875,0.07728958084296154,0.8888922112799358,0,0,0,1
