ID,Path,Gene,Chromosome,Start,End,Strand,Length,BioType,Description,Flg22_vs_Mock_pvalue,Flg22_vs_Mock_padj,Flg22_vs_Mock_log2FoldChange,Flg22_SynCom33_vs_Mock_pvalue,Flg22_SynCom33_vs_Mock_padj,Flg22_SynCom33_vs_Mock_log2FoldChange,Flg22_SynCom35_vs_Mock_pvalue,Flg22_SynCom35_vs_Mock_padj,Flg22_SynCom35_vs_Mock_log2FoldChange,Flg22_vs_Mock,Flg22_SynCom33_vs_Mock,Flg22_SynCom35_vs_Mock,cl
AT4G25730.1,GO:0016435,,4,13102662,13106864,-,4202,protein_coding,Putative rRNA methyltransferase [Source:UniProtKB/TrEMBL;Acc:F4JTD2],0.047016232995393384,0.3638043376889403,-0.49091605406506617,0.08130278098206536,0.3640432286690974,-0.4308057048719308,0.6569656010929683,0.9030258047455139,0.10961413351533468,0,0,0,4
AT5G57280.1,GO:0016435,RID2,5,23204377,23206663,+,2286,protein_coding,RID2 [Source:UniProtKB/TrEMBL;Acc:A0A178UNY0],0.17169415441104507,0.6406453921949892,-0.276835367268771,0.05984172328568038,0.3076429920378007,-0.38275064193948266,0.2149828553099148,0.6181848445359875,-0.2502808927739559,0,0,0,8
