ID,Path,Gene,Chromosome,Start,End,Strand,Length,BioType,Description,Flg22_vs_Mock_pvalue,Flg22_vs_Mock_padj,Flg22_vs_Mock_log2FoldChange,Flg22_SynCom33_vs_Mock_pvalue,Flg22_SynCom33_vs_Mock_padj,Flg22_SynCom33_vs_Mock_log2FoldChange,Flg22_SynCom35_vs_Mock_pvalue,Flg22_SynCom35_vs_Mock_padj,Flg22_SynCom35_vs_Mock_log2FoldChange,Flg22_vs_Mock,Flg22_SynCom33_vs_Mock,Flg22_SynCom35_vs_Mock,cl
AT2G35210.1,GO:0048205,AGD10,2,14836062,14838151,+,2089,protein_coding,RPA [Source:UniProtKB/TrEMBL;Acc:A0A178VQN0],0.3565786690476448,0.8108697380807741,-0.28025806370805606,0.4598922245229052,0.7882985138472948,0.21989831523767467,0.3321358321617319,0.7278638106158775,0.2869535056269619,0,0,0,1
AT4G17890.1,GO:0048205,AGD8,4,9936861,9939493,+,2632,protein_coding,Probable ADP-ribosylation factor GTPase-activating protein AGD8 [Source:UniProtKB/Swiss-Prot;Acc:Q8H100],0.3114499718254817,0.7775073521720517,-0.1052368846432162,0.7837909216794576,0.9398492339991407,-0.028459160399780963,0.31923081068558845,0.7172724041488998,0.10255510380976868,0,0,0,4
AT4G17890.2,GO:0048205,AGD8,4,9937024,9939493,+,2469,protein_coding,Probable ADP-ribosylation factor GTPase-activating protein AGD8 [Source:UniProtKB/Swiss-Prot;Acc:Q8H100],0.23299526561794323,0.7093339115405771,0.4984449697680697,0.1827586170830304,0.5410105874271581,0.5562398318437869,0.7879482202513824,0.9459968346073203,0.11324455635583573,0,0,0,9
AT5G46750.1,GO:0048205,AGD9,5,18969736,18971981,-,2245,protein_coding,AGD9 [Source:UniProtKB/TrEMBL;Acc:A0A178UAW4],0.6979750047078912,0.9412697197259583,0.029737605904220064,0.9799213068375614,0.9953412184549626,0.0019317224652197183,0.05966843207195669,0.3480851451957163,0.14324056298508528,0,0,0,4
