ID,Path,Gene,Chromosome,Start,End,Strand,Length,BioType,Description,Flg22_vs_Mock_pvalue,Flg22_vs_Mock_padj,Flg22_vs_Mock_log2FoldChange,Flg22_SynCom33_vs_Mock_pvalue,Flg22_SynCom33_vs_Mock_padj,Flg22_SynCom33_vs_Mock_log2FoldChange,Flg22_SynCom35_vs_Mock_pvalue,Flg22_SynCom35_vs_Mock_padj,Flg22_SynCom35_vs_Mock_log2FoldChange,Flg22_vs_Mock,Flg22_SynCom33_vs_Mock,Flg22_SynCom35_vs_Mock,cl
AT5G60100.1,GO:0032091,PRR3,5,24197971,24201405,-,3434,protein_coding,Pseudo-response regulator 3 [Source:UniProtKB/TrEMBL;Acc:F4JXG7],0.7982306773974205,0.9655646934993704,0.28933037855238836,0.19672001821066293,0.5583599967837654,-1.465471535225194,0.5169059556057549,0.8415594153050857,-0.7343922484215976,0,-0,0,2
AT5G60100.5,GO:0032091,PRR3,5,24197971,24201415,-,3444,protein_coding,Pseudo-response regulator 3 [Source:UniProtKB/TrEMBL;Acc:F4JXG7],0.6674240980601849,0.9333607793691382,0.2614669493931465,0.3028986933533297,0.6704975852045626,-0.6481446781145783,0.36103807587812425,NA,-0.5702945564476595,0,0,0,2
AT5G60100.3,GO:0032091,PRR3,5,24197977,24201415,-,3438,protein_coding,Pseudo-response regulator 3 [Source:UniProtKB/TrEMBL;Acc:F4JXG7],0.7125989304138372,0.9455991857907444,0.6807582997457362,0.9967157209393908,0.998856476283564,-0.007609629902732012,0.6769190391400894,0.9102150824012125,0.7699776585469013,0,0,0,6
AT5G60100.7,GO:0032091,PRR3,5,24197996,24201364,-,3368,protein_coding,Pseudo-response regulator 3 [Source:UniProtKB/TrEMBL;Acc:F4JXG7],0.6722563181061458,0.9350301269413205,0.42599305546059335,0.7869449930595891,0.9408341251246554,0.2723889730513833,0.6694616795754276,0.9068250161690296,0.4296886605250134,0,0,0,6
