ID,Path,Gene,Chromosome,Start,End,Strand,Length,BioType,Description,Flg22_vs_Mock_pvalue,Flg22_vs_Mock_padj,Flg22_vs_Mock_log2FoldChange,Flg22_SynCom33_vs_Mock_pvalue,Flg22_SynCom33_vs_Mock_padj,Flg22_SynCom33_vs_Mock_log2FoldChange,Flg22_SynCom35_vs_Mock_pvalue,Flg22_SynCom35_vs_Mock_padj,Flg22_SynCom35_vs_Mock_log2FoldChange,Flg22_vs_Mock,Flg22_SynCom33_vs_Mock,Flg22_SynCom35_vs_Mock,cl
AT3G09100.2,GO:0004484,,3,2787953,2793547,-,5594,protein_coding,mRNA capping enzyme family protein [Source:UniProtKB/TrEMBL;Acc:F4IYM6],0.9527194001586079,0.99359763643049,0.005488541141492355,0.8177305186128482,0.9500253785905487,-0.021356062477711827,0.37789472448307215,0.7591976018049061,-0.08164297004272641,0,0,0,3
AT3G09100.1,GO:0004484,,3,2789548,2793532,-,3984,protein_coding,mRNA capping enzyme family protein [Source:UniProtKB/TrEMBL;Acc:F4IYM6],0.855288215795478,0.9767267292200514,0.12499743993518765,0.5404468851734741,NA,0.4126413316665326,0.6099712033938376,NA,0.3434543461335158,0,0,0,1
AT5G01290.1,GO:0004484,,5,117297,121569,+,4272,protein_coding,mRNA capping enzyme family protein [Source:UniProtKB/TrEMBL;Acc:Q8GSD7],0.6230616017909978,0.9219047344444371,-0.04330875437479108,0.11745083950344753,0.43595438474173154,-0.1387933538907086,0.2555485949387246,0.6639628816276233,-0.10004639092178287,0,0,0,3
