ID,Path,Gene,Chromosome,Start,End,Strand,Length,BioType,Description,Flg22_vs_Mock_pvalue,Flg22_vs_Mock_padj,Flg22_vs_Mock_log2FoldChange,Flg22_SynCom33_vs_Mock_pvalue,Flg22_SynCom33_vs_Mock_padj,Flg22_SynCom33_vs_Mock_log2FoldChange,Flg22_SynCom35_vs_Mock_pvalue,Flg22_SynCom35_vs_Mock_padj,Flg22_SynCom35_vs_Mock_log2FoldChange,Flg22_vs_Mock,Flg22_SynCom33_vs_Mock,Flg22_SynCom35_vs_Mock,cl
AT1G54490.1,GO:0000291,XRN4,1,20350109,20356916,+,6807,protein_coding,XRN4 [Source:UniProtKB/TrEMBL;Acc:A0A384KRW9],0.5924966762141142,0.910141178910532,0.05127588763251636,0.43629975906652696,0.7738088795620645,-0.07471800976602429,0.0021578871945425316,0.04557897289403356,-0.29500897756481154,0,0,0,2
AT5G59180.1,GO:0000291,NRPB7,5,23883356,23885305,+,1949,protein_coding,DNA-directed RNA polymerase II subunit 7 [Source:UniProtKB/Swiss-Prot;Acc:P38421],0.8862689928471701,0.9837440685142131,-0.021007954874798992,0.3792449722716258,0.7345761462417555,-0.13014686880366252,0.30764625619784125,0.7087427933384843,-0.15029770311492946,0,0,0,3
