ID,Path,Gene,Chromosome,Start,End,Strand,Length,BioType,Description,Flg22_vs_Mock_pvalue,Flg22_vs_Mock_padj,Flg22_vs_Mock_log2FoldChange,Flg22_SynCom33_vs_Mock_pvalue,Flg22_SynCom33_vs_Mock_padj,Flg22_SynCom33_vs_Mock_log2FoldChange,Flg22_SynCom35_vs_Mock_pvalue,Flg22_SynCom35_vs_Mock_padj,Flg22_SynCom35_vs_Mock_log2FoldChange,Flg22_vs_Mock,Flg22_SynCom33_vs_Mock,Flg22_SynCom35_vs_Mock,cl
AT1G21400.1,GO:0043617,,1,7493343,7496710,+,3367,protein_coding,Thiamin diphosphate-binding fold (THDP-binding) superfamily protein [Source:TAIR;Acc:AT1G21400],0.878987190896807,0.9824498541769295,0.07388063301503472,0.11963623157290838,0.43991977393549725,0.7512132354897694,0.7190934405888767,0.9242910051524107,0.1742413295553756,0,0,0,5
AT3G06850.2,GO:0043617,BCE2,3,2157931,2160669,-,2738,protein_coding,"Lipoamide acyltransferase component of branched-chain alpha-keto acid dehydrogenase complex, mitochondrial [Source:UniProtKB/Swiss-Prot;Acc:Q9M7Z1]",0.5534222831582809,0.8987657452195389,-0.24525034671172302,0.09272102870254753,0.3893633125192048,0.6938555050236609,7.445671449892699e-5,0.00382752059276749,1.6324814911437862,0,0,1,1
AT3G13450.1,GO:0043617,DIN4,3,4382198,4384436,-,2238,protein_coding,"2-oxoisovalerate dehydrogenase subunit beta 2, mitochondrial [Source:UniProtKB/Swiss-Prot;Acc:Q9LDY2]",0.818910339589534,0.9680612780538831,0.05038334801528393,0.020955108946343004,0.16992918211028435,0.5049087414563144,0.06185488699066773,0.35447948337815255,0.4084031271235176,0,0,0,1
AT3G47340.1,GO:0043617,ASN1,3,17437840,17441431,-,3591,protein_coding,DIN6 [Source:UniProtKB/TrEMBL;Acc:A0A178VBT4],0.6926383495847863,0.9395851038897501,0.12612926044030723,0.7582004570389136,0.9308123618759256,0.0982367605906798,0.6312494233336323,0.8944309716984339,0.15312870358596448,0,0,0,6
AT3G47340.4,GO:0043617,ASN1,3,17437884,17440176,-,2292,protein_coding,DIN6 [Source:UniProtKB/TrEMBL;Acc:A0A178VBT4],0.6729663695878834,0.935274670232012,0.19077771123543008,0.05573717709103673,0.29711021109681723,0.85821715774191,0.7485816413905813,0.9341148880956524,-0.1454475609313651,0,0,0,5
AT3G47340.2,GO:0043617,ASN1,3,17437884,17441242,-,3358,protein_coding,DIN6 [Source:UniProtKB/TrEMBL;Acc:A0A178VBT4],0.8671570476637924,0.9792023603859943,0.09208876895889394,0.7392246278840233,0.9251069047649143,0.18322129494638828,0.7763014056560377,0.9421509971887684,-0.15651453685403105,0,0,0,9
