ID,Path,Gene,Chromosome,Start,End,Strand,Length,BioType,Description,Flg22_vs_Mock_pvalue,Flg22_vs_Mock_padj,Flg22_vs_Mock_log2FoldChange,Flg22_SynCom33_vs_Mock_pvalue,Flg22_SynCom33_vs_Mock_padj,Flg22_SynCom33_vs_Mock_log2FoldChange,Flg22_SynCom35_vs_Mock_pvalue,Flg22_SynCom35_vs_Mock_padj,Flg22_SynCom35_vs_Mock_log2FoldChange,Flg22_vs_Mock,Flg22_SynCom33_vs_Mock,Flg22_SynCom35_vs_Mock,cl
AT3G22200.1,GO:0010033,POP2,3,7835149,7839061,+,3912,protein_coding,Pyridoxal phosphate (PLP)-dependent transferases superfamily protein [Source:TAIR;Acc:AT3G22200],0.40915237011009425,0.8428305275083786,-0.15066268173878736,0.5712638472356499,0.853548573819136,-0.103346431786415,0.02938297542279303,0.23997508868648382,-0.39769510658291757,0,0,0,2
AT5G63620.3,GO:0010033,,5,25466128,25468473,-,2345,protein_coding,AT5g63620/MBK5_9 [Source:UniProtKB/TrEMBL;Acc:Q93ZM6],0.9249682835872471,0.9890928265532498,-0.07681795444315542,0.8895708787691653,0.9713501862640356,-0.11328019472535568,0.7058903192989302,0.9203110073334314,-0.3080570784706033,0,0,0,10
AT5G63620.1,GO:0010033,,5,25466128,25468550,-,2422,protein_coding,AT5g63620/MBK5_9 [Source:UniProtKB/TrEMBL;Acc:Q93ZM6],0.19833084449608168,0.6715825854977638,-0.2099897161146065,0.23212385687561404,0.6013908419391581,0.19414619628176805,0.0654255076768489,0.36510956259369104,0.2987689384874686,0,0,0,1
