ID,Path,Gene,Chromosome,Start,End,Strand,Length,BioType,Description,Flg22_vs_Mock_pvalue,Flg22_vs_Mock_padj,Flg22_vs_Mock_log2FoldChange,Flg22_SynCom33_vs_Mock_pvalue,Flg22_SynCom33_vs_Mock_padj,Flg22_SynCom33_vs_Mock_log2FoldChange,Flg22_SynCom35_vs_Mock_pvalue,Flg22_SynCom35_vs_Mock_padj,Flg22_SynCom35_vs_Mock_log2FoldChange,Flg22_vs_Mock,Flg22_SynCom33_vs_Mock,Flg22_SynCom35_vs_Mock,cl
AT1G57820.3,GO:0031508,ORTH2,1,21414074,21418115,-,4041,protein_coding,E3 ubiquitin-protein ligase ORTHRUS 2 [Source:UniProtKB/Swiss-Prot;Acc:Q8VYZ0],0.05341367212682483,0.3883130988695796,-0.5216215370499869,0.02633894872136046,0.19533321048145713,-0.6006200763407994,0.8211355896965261,0.9551207257620273,-0.0606660570435976,0,0,0,8
AT1G57820.2,GO:0031508,ORTH2,1,21414170,21417937,-,3767,protein_coding,E3 ubiquitin-protein ligase ORTHRUS 2 [Source:UniProtKB/Swiss-Prot;Acc:Q8VYZ0],0.8115353923836743,0.9667017409037706,-0.08957106237284893,0.15493798126698782,0.4986283745264177,-0.5371025068421271,0.03517417566705209,0.2641137073027276,0.7858138438877064,0,0,0,4
