ID,Path,Gene,Chromosome,Start,End,Strand,Length,BioType,Description,Flg22_vs_Mock_pvalue,Flg22_vs_Mock_padj,Flg22_vs_Mock_log2FoldChange,Flg22_SynCom33_vs_Mock_pvalue,Flg22_SynCom33_vs_Mock_padj,Flg22_SynCom33_vs_Mock_log2FoldChange,Flg22_SynCom35_vs_Mock_pvalue,Flg22_SynCom35_vs_Mock_padj,Flg22_SynCom35_vs_Mock_log2FoldChange,Flg22_vs_Mock,Flg22_SynCom33_vs_Mock,Flg22_SynCom35_vs_Mock,cl
AT1G61680.2,GO:0043693,TPS14,1,22772315,22774720,-,2405,protein_coding,"S-(+)-linalool synthase, chloroplastic [Source:UniProtKB/Swiss-Prot;Acc:Q84UV0]",0.9917364887249863,NA,0.016088091253474154,0.9959481289814883,NA,0.007893000204509303,0.8539568018550744,NA,-0.28804065350530633,0,0,0,2
AT4G36810.1,GO:0043693,GGPPS1,4,17343374,17345171,+,1797,protein_coding,"Heterodimeric geranylgeranyl pyrophosphate synthase large subunit 1, chloroplastic [Source:UniProtKB/Swiss-Prot;Acc:P34802]",0.6062206158437418,0.9153150623108692,0.09302047639240911,0.8194022513263584,0.9505298643047672,0.041257396119658625,0.2334489657244042,0.6409780790537586,0.21415198796348903,0,0,0,4
AT4G38460.1,GO:0043693,GGR,4,17994739,17996222,+,1483,protein_coding,"Heterodimeric geranylgeranyl pyrophosphate synthase small subunit, chloroplastic [Source:UniProtKB/Swiss-Prot;Acc:Q39108]",0.34469189020336405,0.8025905682864863,0.14152186850534143,0.23065721724113103,0.5996641502781512,-0.18107144004846512,0.9312713668898763,0.9846865918333146,-0.012940040550710729,0,0,0,3
