ID,Path,Gene,Chromosome,Start,End,Strand,Length,BioType,Description,Flg22_vs_Mock_pvalue,Flg22_vs_Mock_padj,Flg22_vs_Mock_log2FoldChange,Flg22_SynCom33_vs_Mock_pvalue,Flg22_SynCom33_vs_Mock_padj,Flg22_SynCom33_vs_Mock_log2FoldChange,Flg22_SynCom35_vs_Mock_pvalue,Flg22_SynCom35_vs_Mock_padj,Flg22_SynCom35_vs_Mock_log2FoldChange,Flg22_vs_Mock,Flg22_SynCom33_vs_Mock,Flg22_SynCom35_vs_Mock,cl
AT1G14520.2,GO:0050113,MIOX1,1,4968142,4970007,-,1865,protein_coding,myo-inositol oxygenase 1 [Source:TAIR;Acc:AT1G14520],0.4867520072588213,0.8752403418423143,0.2554732878967833,0.6378310028980003,0.8859697731568256,0.17320300812576303,0.1407606491434553,0.521236621026118,-0.5498136753361781,0,0,0,9
AT2G19800.1,GO:0050113,MIOX2,2,8530865,8533779,-,2914,protein_coding,At2g19800 [Source:UniProtKB/TrEMBL;Acc:B4F7Q2],0.42432477601461066,0.8486655110011069,-0.377539912382228,0.3392756883701687,0.7007158666429344,0.45142291289923814,0.7527632508231803,0.9352149304812711,0.14881462170118975,0,0,0,5
AT4G26260.2,GO:0050113,MIOX4,4,13297803,13300377,+,2574,protein_coding,MIOX4 [Source:UniProtKB/TrEMBL;Acc:A0A178V1J3],0.6132250246157517,0.9180186074775171,0.3507022169944852,0.04147179024776313,0.2535553151177972,1.4067808825051265,0.009992431922969338,0.12676790764045365,1.7750228638461099,0,0,0,1
