ID,Path,Gene,Chromosome,Start,End,Strand,Length,BioType,Description,Flg22_vs_Mock_pvalue,Flg22_vs_Mock_padj,Flg22_vs_Mock_log2FoldChange,Flg22_SynCom33_vs_Mock_pvalue,Flg22_SynCom33_vs_Mock_padj,Flg22_SynCom33_vs_Mock_log2FoldChange,Flg22_SynCom35_vs_Mock_pvalue,Flg22_SynCom35_vs_Mock_padj,Flg22_SynCom35_vs_Mock_log2FoldChange,Flg22_vs_Mock,Flg22_SynCom33_vs_Mock,Flg22_SynCom35_vs_Mock,cl
AT2G23400.2,GO:0009668,,2,9963809,9965414,-,1605,protein_coding,Undecaprenyl pyrophosphate synthetase family protein [Source:TAIR;Acc:AT2G23400],0.0251068045427455,0.2601760061172317,-1.1676771097670962,0.9608847279647769,0.9911214626712666,-0.024669768005173183,0.6708601493349099,0.907287451653778,-0.21424371546950574,-0,0,0,1
AT2G23410.1,GO:0009668,DPS,2,9966127,9967788,-,1661,protein_coding,Dehydrodolichyl diphosphate synthase 1 [Source:UniProtKB/Swiss-Prot;Acc:O80458],5.079186622940431e-5,0.0038245456047092583,-1.5887171695934699,0.5966843960513533,0.8674059017225005,-0.204374598422825,0.20346784259648915,0.6058452190056537,-0.4918589793911978,-1,0,0,10
AT5G58770.1,GO:0009668,,5,23734273,23735767,+,1494,protein_coding,Dehydrodolichyl diphosphate synthase 2 [Source:UniProtKB/Swiss-Prot;Acc:Q56Y11],0.5756698530921078,0.9062875630636722,0.16025488690117853,0.003121814932631618,0.05037252642197068,-0.8862462715009635,0.4782738125829796,0.8214686501835741,-0.20500352845458986,0,0,0,3
AT5G58780.1,GO:0009668,,5,23735620,23737335,-,1715,protein_coding,Dehydrodolichyl diphosphate synthase 3 [Source:UniProtKB/Swiss-Prot;Acc:Q8RX73],0.023031607833762992,0.24803474318782592,0.9227477003422029,0.8430211507449947,0.9571758140871326,-0.08092411659966672,0.016238037179341244,0.1707657497202812,-0.9918452724006117,0,0,0,7
AT5G58784.1,GO:0009668,,5,23739818,23741388,-,1570,protein_coding,Dehydrodolichyl diphosphate synthase 5 [Source:UniProtKB/Swiss-Prot;Acc:Q570Q8],1.730900374108967e-5,0.0017012017676900446,-1.3511326275888234,0.17631360281419262,0.5316652243463151,-0.40871520489184937,0.36079673605018536,0.7481329880019237,0.27100422577287103,-1,0,0,1
