ID,Path,Gene,Chromosome,Start,End,Strand,Length,BioType,Description,Flg22_vs_Mock_pvalue,Flg22_vs_Mock_padj,Flg22_vs_Mock_log2FoldChange,Flg22_SynCom33_vs_Mock_pvalue,Flg22_SynCom33_vs_Mock_padj,Flg22_SynCom33_vs_Mock_log2FoldChange,Flg22_SynCom35_vs_Mock_pvalue,Flg22_SynCom35_vs_Mock_padj,Flg22_SynCom35_vs_Mock_log2FoldChange,Flg22_vs_Mock,Flg22_SynCom33_vs_Mock,Flg22_SynCom35_vs_Mock,cl
AT2G42810.1,GO:0046906,PAPP5,2,17811935,17816772,-,4837,protein_coding,Serine/threonine-protein phosphatase 5 [Source:UniProtKB/Swiss-Prot;Acc:Q84XU2],0.07453031228076808,0.45189020643965133,-0.19293529837467213,0.04596997873030006,0.2671924255627948,-0.21608159992657547,0.49261147439692926,0.8288164802462636,0.07369546462487916,0,0,0,4
AT2G42810.3,GO:0046906,PAPP5,2,17811935,17816772,-,4837,protein_coding,Serine/threonine-protein phosphatase 5 [Source:UniProtKB/Swiss-Prot;Acc:Q84XU2],0.2828089463121123,0.7579924576516822,-1.1157886690444123,0.6517677919570837,0.892644272640632,-0.4678262560201607,0.5687822653527309,0.8680627858677934,-0.5907592602131332,-0,0,0,8
AT2G42810.2,GO:0046906,PAPP5,2,17811935,17816772,-,4837,protein_coding,Serine/threonine-protein phosphatase 5 [Source:UniProtKB/Swiss-Prot;Acc:Q84XU2],0.13899331278042226,0.5905224492000659,0.43866366907004534,0.3571967242101388,0.715913717110098,0.2738682067968,0.05577294470149212,0.3387797404537582,0.5652262901170748,0,0,0,6
AT3G59400.1,GO:0046906,GUN4,3,21948501,21949796,-,1295,protein_coding,"Tetrapyrrole-binding protein, chloroplastic [Source:UniProtKB/Swiss-Prot;Acc:Q9LX31]",0.8990978281288239,0.9859448563872337,-0.15495649734793598,0.730750196544744,NA,0.4158934957929443,0.7218110502752169,NA,-0.43734167289299475,0,0,0,10
