ID,Path,Gene,Chromosome,Start,End,Strand,Length,BioType,Description,Flg22_vs_Mock_pvalue,Flg22_vs_Mock_padj,Flg22_vs_Mock_log2FoldChange,Flg22_SynCom33_vs_Mock_pvalue,Flg22_SynCom33_vs_Mock_padj,Flg22_SynCom33_vs_Mock_log2FoldChange,Flg22_SynCom35_vs_Mock_pvalue,Flg22_SynCom35_vs_Mock_padj,Flg22_SynCom35_vs_Mock_log2FoldChange,Flg22_vs_Mock,Flg22_SynCom33_vs_Mock,Flg22_SynCom35_vs_Mock,cl
AT1G09230.2,GO:0097157,SNRNP65,1,2979511,2982219,-,2708,protein_coding,U11/U12 small nuclear ribonucleoprotein 65 kDa protein [Source:UniProtKB/Swiss-Prot;Acc:Q8RWV8],0.4640369128219892,0.8666587007972952,-0.13101573185707388,0.2790562644316208,0.649169590688347,-0.19437445574906423,0.9506716094612402,0.9883435279555125,0.010960767378102228,0,0,0,4
AT1G09230.3,GO:0097157,SNRNP65,1,2979801,2982713,-,2912,protein_coding,U11/U12 small nuclear ribonucleoprotein 65 kDa protein [Source:UniProtKB/Swiss-Prot;Acc:Q8RWV8],0.14464825907907788,0.6009703923263201,1.522080086587395,0.3705991767973679,0.727068907363286,0.9414111384089231,0.5494695603537778,NA,0.6316778279860874,0,0,0,7
AT1G80070.1,GO:0097157,PRP8A,1,30117847,30127811,+,9964,protein_coding,SUS2 [Source:UniProtKB/TrEMBL;Acc:A0A178W7J7],0.5028201451154106,0.8813378128483005,-0.09459861263035844,0.03037137399618113,0.21162345146846584,-0.30585151441542363,0.5901029011668919,0.8770011161049346,0.07601208448029421,0,0,0,4
AT4G38780.1,GO:0097157,,4,18101296,18111082,-,9786,protein_coding,Pre-mRNA-processing-splicing factor [Source:TAIR;Acc:AT4G38780],0.726653812964317,0.9488171295031078,0.13873613605708385,0.4712653777589025,0.7952348839130793,-0.2874460854490482,0.1841781771477887,0.5814906280605644,-0.5310852442680116,0,0,0,2
AT5G40490.1,GO:0097157,,5,16225326,16227757,+,2431,protein_coding,RNA-binding (RRM/RBD/RNP motifs) family protein [Source:UniProtKB/TrEMBL;Acc:Q9FM47],0.04402154138543759,0.3528084876852755,-0.3152187505354683,0.02542492087140314,0.1919867199059155,-0.3502638312068949,0.07368509906320865,0.3872250138188453,0.27574592065407094,0,0,0,4
