ID,Path,Gene,Chromosome,Start,End,Strand,Length,BioType,Description,Flg22_vs_Mock_pvalue,Flg22_vs_Mock_padj,Flg22_vs_Mock_log2FoldChange,Flg22_SynCom33_vs_Mock_pvalue,Flg22_SynCom33_vs_Mock_padj,Flg22_SynCom33_vs_Mock_log2FoldChange,Flg22_SynCom35_vs_Mock_pvalue,Flg22_SynCom35_vs_Mock_padj,Flg22_SynCom35_vs_Mock_log2FoldChange,Flg22_vs_Mock,Flg22_SynCom33_vs_Mock,Flg22_SynCom35_vs_Mock,cl
AT1G15110.1,GO:0003882,,1,5198940,5202315,+,3375,protein_coding,Phosphatidyl serine synthase family protein [Source:UniProtKB/TrEMBL;Acc:F4HXY6],0.10649571532692567,0.5290155340641652,1.0090804437906917,0.4196082892081237,0.7621560831414042,0.5055954236254662,0.8156860501005789,0.9539312769296385,0.14622540883810886,0,0,0,7
AT1G15110.2,GO:0003882,,1,5199018,5202175,+,3157,protein_coding,Phosphatidyl serine synthase family protein [Source:UniProtKB/TrEMBL;Acc:F4HXY6],0.35746326655383004,0.8109479257536198,-0.3910950844873301,0.6939275249199381,0.9095314724639051,0.16556046640422123,0.915236722491752,0.980914290633599,0.0448000945472218,0,0,0,1
AT1G15110.4,GO:0003882,,1,5199273,5202215,+,2942,protein_coding,Phosphatidyl serine synthase family protein [Source:UniProtKB/TrEMBL;Acc:F4HXY6],0.9157164990298876,0.9881103985285892,0.016534103684109704,0.37789983704761093,0.7332156924946861,0.13746627113571697,0.2820843134414006,0.6887632612172147,-0.16842397723970515,0,0,0,9
