ID,Path,Gene,Chromosome,Start,End,Strand,Length,BioType,Description,Flg22_vs_Mock_pvalue,Flg22_vs_Mock_padj,Flg22_vs_Mock_log2FoldChange,Flg22_SynCom33_vs_Mock_pvalue,Flg22_SynCom33_vs_Mock_padj,Flg22_SynCom33_vs_Mock_log2FoldChange,Flg22_SynCom35_vs_Mock_pvalue,Flg22_SynCom35_vs_Mock_padj,Flg22_SynCom35_vs_Mock_log2FoldChange,Flg22_vs_Mock,Flg22_SynCom33_vs_Mock,Flg22_SynCom35_vs_Mock,cl
AT5G59440.2,GO:0006235,ZEU1,5,23971063,23972964,+,1901,protein_coding,P-loop containing nucleoside triphosphate hydrolases superfamily protein [Source:UniProtKB/TrEMBL;Acc:F4KJ62],0.8044184782000161,0.9662426756893417,-0.2982367681262858,0.49951648174398583,0.8128202131211016,-0.8178499591720673,0.754554993431052,NA,-0.3765290112002899,0,0,0,8
AT5G59440.1,GO:0006235,ZEU1,5,23971217,23972952,+,1735,protein_coding,P-loop containing nucleoside triphosphate hydrolases superfamily protein [Source:UniProtKB/TrEMBL;Acc:F4KJ62],0.07290843459788286,0.4478188460682992,1.634224215813607,0.19984060408258367,0.5619367279234324,1.1691667917061006,0.033011445742964475,0.25651225265612015,1.941771913232434,0,0,0,6
AT5G59440.3,GO:0006235,ZEU1,5,23971231,23972924,+,1693,protein_coding,P-loop containing nucleoside triphosphate hydrolases superfamily protein [Source:UniProtKB/TrEMBL;Acc:F4KJ62],0.0067931847982905715,0.12028059379577571,-5.396204589099757,0.5543196430890859,0.8438152232298508,-1.150939421064446,0.039388178180794126,0.2806874379957183,-4.042738758193832,-0,-0,-0,10
