ID,Path,Gene,Chromosome,Start,End,Strand,Length,BioType,Description,Flg22_vs_Mock_pvalue,Flg22_vs_Mock_padj,Flg22_vs_Mock_log2FoldChange,Flg22_SynCom33_vs_Mock_pvalue,Flg22_SynCom33_vs_Mock_padj,Flg22_SynCom33_vs_Mock_log2FoldChange,Flg22_SynCom35_vs_Mock_pvalue,Flg22_SynCom35_vs_Mock_padj,Flg22_SynCom35_vs_Mock_log2FoldChange,Flg22_vs_Mock,Flg22_SynCom33_vs_Mock,Flg22_SynCom35_vs_Mock,cl
AT2G21470.3,GO:0031510,SAE2,2,9198569,9202487,+,3918,protein_coding,SUMO-activating enzyme subunit 2 [Source:UniProtKB/Swiss-Prot;Acc:Q9SJT1],0.5485359951341243,0.8971920945880493,-0.29551165949879005,0.9548919390566991,0.9900667485597775,-0.02778600702075323,0.05795256079123686,0.34339136298757883,-0.9413470236259928,0,0,0,10
AT2G21470.1,GO:0031510,SAE2,2,9198585,9202473,+,3888,protein_coding,SUMO-activating enzyme subunit 2 [Source:UniProtKB/Swiss-Prot;Acc:Q9SJT1],0.9244610898610733,0.9890413103696633,0.012054787875924991,0.7594273307488172,0.9314228262245509,0.038923849607684594,0.9958755754577251,0.9991909427982678,6.564854428893677e-4,0,0,0,1
AT4G24940.1,GO:0031510,SAE1A,4,12823496,12826209,+,2713,protein_coding,SUMO-activating enzyme subunit 1A [Source:UniProtKB/Swiss-Prot;Acc:Q8VY78],0.985259328401784,0.9973654384685183,0.001863578619768482,0.3113422105022662,0.6771953305842139,-0.10275223555784709,0.6301226912244234,0.8939916335384825,0.04826374857696949,0,0,0,4
AT5G50680.1,GO:0031510,SAE1B-2,5,20618733,20621103,+,2370,protein_coding,SUMO-activating enzyme subunit 1B-1 [Source:UniProtKB/Swiss-Prot;Acc:P0DI12],0.9921059637243004,0.9981690165484822,0.0017665682223521814,0.4551935093977111,0.7856508455620719,-0.13399968825208694,0.29269475768100195,0.6974829220790715,-0.18857324639244594,0,0,0,2
