ID,Path,Gene,Chromosome,Start,End,Strand,Length,BioType,Description,Flg22_vs_Mock_pvalue,Flg22_vs_Mock_padj,Flg22_vs_Mock_log2FoldChange,Flg22_SynCom33_vs_Mock_pvalue,Flg22_SynCom33_vs_Mock_padj,Flg22_SynCom33_vs_Mock_log2FoldChange,Flg22_SynCom35_vs_Mock_pvalue,Flg22_SynCom35_vs_Mock_padj,Flg22_SynCom35_vs_Mock_log2FoldChange,Flg22_vs_Mock,Flg22_SynCom33_vs_Mock,Flg22_SynCom35_vs_Mock,cl
AT1G67070.1,GO:0004476,PMI2,1,25041833,25044647,+,2814,protein_coding,Mannose-6-phosphate isomerase 2 [Source:UniProtKB/Swiss-Prot;Acc:Q9FZH5],0.5671768119519103,0.9035882755187352,0.22762105686124037,0.01529453495232374,0.141628552734539,0.9590911886138318,0.1297290306126598,0.5031470286118603,0.600301062783192,0,0,0,5
AT1G67070.3,GO:0004476,PMI2,1,25042135,25044004,+,1869,protein_coding,Mannose-6-phosphate isomerase 2 [Source:UniProtKB/Swiss-Prot;Acc:Q9FZH5],0.7167866909050895,0.9461690924620495,0.17737809710123498,0.8299698753954599,0.9528207290049859,-0.1059965969974943,0.45226311728049845,0.8062575106518592,-0.37346166834321703,0,0,0,2
AT3G02570.1,GO:0004476,PMI1,3,543346,545602,-,2256,protein_coding,PMI1 [Source:UniProtKB/TrEMBL;Acc:A0A178VN24],0.6031256293585843,0.91443312606026,0.08442145382475154,0.5155555678857054,0.8221903742125569,0.10556318014392702,0.3525544630239375,0.7416623040764484,0.15063488931138946,0,0,0,6
