ID,Path,Gene,Chromosome,Start,End,Strand,Length,BioType,Description,Flg22_vs_Mock_pvalue,Flg22_vs_Mock_padj,Flg22_vs_Mock_log2FoldChange,Flg22_SynCom33_vs_Mock_pvalue,Flg22_SynCom33_vs_Mock_padj,Flg22_SynCom33_vs_Mock_log2FoldChange,Flg22_SynCom35_vs_Mock_pvalue,Flg22_SynCom35_vs_Mock_padj,Flg22_SynCom35_vs_Mock_log2FoldChange,Flg22_vs_Mock,Flg22_SynCom33_vs_Mock,Flg22_SynCom35_vs_Mock,cl
AT1G70750.1,GO:0030133,MYOB2,1,26679872,26683355,-,3483,protein_coding,Myosin-binding protein 2 [Source:UniProtKB/Swiss-Prot;Acc:Q9CAC4],0.3870629073030311,0.8312510676652204,0.11341855471057048,0.662326472261635,0.896871512791129,-0.05751198902398655,0.3439042204588242,0.7360138540699462,0.12386769983674671,0,0,0,4
AT5G06560.1,GO:0030133,MYOB7,5,2003304,2006347,-,3043,protein_coding,Myosin-binding protein 7 [Source:UniProtKB/Swiss-Prot;Acc:Q9FG14],0.0010162253602762187,0.034841479273803135,-0.4071328420568522,0.26524540662548474,0.6359760078716965,0.13668234080107272,0.3422675882971438,0.7346504836340173,0.11639354680311327,0,0,0,1
