ID,Path,Gene,Chromosome,Start,End,Strand,Length,BioType,Description,Flg22_vs_Mock_pvalue,Flg22_vs_Mock_padj,Flg22_vs_Mock_log2FoldChange,Flg22_SynCom33_vs_Mock_pvalue,Flg22_SynCom33_vs_Mock_padj,Flg22_SynCom33_vs_Mock_log2FoldChange,Flg22_SynCom35_vs_Mock_pvalue,Flg22_SynCom35_vs_Mock_padj,Flg22_SynCom35_vs_Mock_log2FoldChange,Flg22_vs_Mock,Flg22_SynCom33_vs_Mock,Flg22_SynCom35_vs_Mock,cl
AT2G39000.4,GO:0006474,,2,16286212,16287990,-,1778,protein_coding,Acyl-CoA N-acyltransferases (NAT) superfamily protein [Source:UniProtKB/TrEMBL;Acc:Q9ZV08],0.09720123375830357,0.5108445356356518,-0.7329876113606894,0.7885721826779619,0.9413391785347823,0.1135181461938496,0.7163042164511596,0.9236460192338306,0.153073794585836,0,0,0,1
AT2G39000.3,GO:0006474,,2,16286336,16287967,-,1631,protein_coding,Acyl-CoA N-acyltransferases (NAT) superfamily protein [Source:UniProtKB/TrEMBL;Acc:Q9ZV08],0.8686608128497683,0.9796012638685582,-0.05027722835707021,0.9767010616087032,0.9948724162845349,-0.008874426514956272,0.893671852382702,0.975823525143356,0.04050988704252681,0,0,0,4
AT2G39000.2,GO:0006474,,2,16286339,16287970,-,1631,protein_coding,Acyl-CoA N-acyltransferases (NAT) superfamily protein [Source:UniProtKB/TrEMBL;Acc:Q9ZV08],0.7088804453943164,0.9449153019863041,0.2401113259716251,0.5630426818674397,0.8479518510844598,0.3703143672975168,0.32426522780261124,NA,0.6243809500372155,0,0,0,6
