ID,Path,Gene,Chromosome,Start,End,Strand,Length,BioType,Description,Flg22_vs_Mock_pvalue,Flg22_vs_Mock_padj,Flg22_vs_Mock_log2FoldChange,Flg22_SynCom33_vs_Mock_pvalue,Flg22_SynCom33_vs_Mock_padj,Flg22_SynCom33_vs_Mock_log2FoldChange,Flg22_SynCom35_vs_Mock_pvalue,Flg22_SynCom35_vs_Mock_padj,Flg22_SynCom35_vs_Mock_log2FoldChange,Flg22_vs_Mock,Flg22_SynCom33_vs_Mock,Flg22_SynCom35_vs_Mock,cl
AT1G50030.1,GO:0010116,TOR,1,18522248,18539995,-,17747,protein_coding,Serine/threonine-protein kinase TOR [Source:UniProtKB/TrEMBL;Acc:A0A178WN52],0.6305398565642562,0.9243611989086742,-0.048562174654481365,0.8352387087422063,0.9541832887853466,-0.02099597199719667,0.13149104895925517,0.5059839500738581,-0.15233193813179868,0,0,0,10
AT1G65690.1,GO:0010116,NHL6,1,24431417,24433165,-,1748,protein_coding,NDR1/HIN1-like protein 6 [Source:UniProtKB/Swiss-Prot;Acc:Q8LD98],0.08995099134222012,0.4934304811513348,0.6109180842322612,0.40391924691360903,0.751163878493034,0.3008079844394086,4.2096092787936546e-5,0.0025006118525732774,-1.4815482575083132,0,0,-1,9
AT3G28455.1,GO:0010116,CLE25,3,10669725,10671645,-,1920,protein_coding,CLE25 [Source:UniProtKB/TrEMBL;Acc:A0A178VIA6],0.6656634451306215,0.9329325225788251,0.1702183019561234,0.2606360907932522,0.6312669822851538,-0.45703635608468407,0.8266228998094105,0.9570604395361981,-0.08692776444978971,0,0,0,3
AT4G18780.1,GO:0010116,CESA8,4,10312624,10316886,-,4262,protein_coding,Cellulose synthase (Fragment) [Source:UniProtKB/TrEMBL;Acc:A0A068FHR7],0.3235463485825327,0.7869707451867592,-0.22446635643932364,0.08450076381272931,0.3721411423351555,-0.3929838347940859,0.3513064887633343,0.7410868394546415,0.21104493235198754,0,0,0,4
AT5G08520.1,GO:0010116,SRM1,5,2755144,2758540,-,3396,protein_coding,Transcription factor SRM1 [Source:UniProtKB/Swiss-Prot;Acc:Q9FNN6],0.04967943886690678,0.37498538455966746,-0.23189814467568257,0.7686663694807441,0.9347914639037542,0.03448057131809819,0.14319405008337066,0.5255353625194765,0.17061690856567158,0,0,0,1
