ID,Path,Gene,Chromosome,Start,End,Strand,Length,BioType,Description,Flg22_vs_Mock_pvalue,Flg22_vs_Mock_padj,Flg22_vs_Mock_log2FoldChange,Flg22_SynCom33_vs_Mock_pvalue,Flg22_SynCom33_vs_Mock_padj,Flg22_SynCom33_vs_Mock_log2FoldChange,Flg22_SynCom35_vs_Mock_pvalue,Flg22_SynCom35_vs_Mock_padj,Flg22_SynCom35_vs_Mock_log2FoldChange,Flg22_vs_Mock,Flg22_SynCom33_vs_Mock,Flg22_SynCom35_vs_Mock,cl
AT1G73790.1,GO:0033566,GIP2,1,27744649,27745429,+,780,protein_coding,Mitotic-spindle organizing protein 1A [Source:UniProtKB/Swiss-Prot;Acc:Q9C9T3],0.8458501675477624,0.9739829418391998,-0.06295250966070975,0.35509268758896984,0.7144911398028957,0.2947730735765917,0.5112987999355635,0.8386622893951388,-0.2134401068060881,0,0,0,5
AT4G09550.1,GO:0033566,GIP1,4,6039055,6040226,+,1171,protein_coding,Mitotic-spindle organizing protein 1B [Source:UniProtKB/Swiss-Prot;Acc:Q9M0N8],0.22206553860946424,0.698986155971424,0.5470056084904178,0.7731509976603751,0.9362514130864544,-0.1335283930685844,0.9252825586765794,NA,-0.04300336483585097,0,0,0,7
AT4G09550.2,GO:0033566,GIP1,4,6039068,6040215,+,1147,protein_coding,Mitotic-spindle organizing protein 1B [Source:UniProtKB/Swiss-Prot;Acc:Q9M0N8],0.4582759836220643,0.8643297983803209,0.9606151357278973,0.18206609073154473,NA,1.7072212796009323,0.15997376342522873,NA,1.7938646899624882,0,0,0,6
AT5G17410.1,GO:0033566,,5,5730569,5736695,+,6126,protein_coding,Spc97 / Spc98 family of spindle pole body (SBP) component [Source:TAIR;Acc:AT5G17410],0.1817837442650718,0.6559536216084929,1.3239073164909096,0.11400588336022571,0.430605913471418,1.5664216155358104,0.37586103594167675,0.7578966392326594,0.8786149021194573,0,0,0,9
AT5G17410.2,GO:0033566,,5,5730610,5736695,+,6085,protein_coding,Spc97 / Spc98 family of spindle pole body (SBP) component [Source:TAIR;Acc:AT5G17410],0.37162739377049747,0.8197389257455688,-0.966803832933807,0.07921864438199973,0.3590550663087028,-1.9036982749310514,0.8221160436922668,0.9554813783696695,-0.2430350764541822,0,-0,0,8
