ID,Path,Gene,Chromosome,Start,End,Strand,Length,BioType,Description,Flg22_vs_Mock_pvalue,Flg22_vs_Mock_padj,Flg22_vs_Mock_log2FoldChange,Flg22_SynCom33_vs_Mock_pvalue,Flg22_SynCom33_vs_Mock_padj,Flg22_SynCom33_vs_Mock_log2FoldChange,Flg22_SynCom35_vs_Mock_pvalue,Flg22_SynCom35_vs_Mock_padj,Flg22_SynCom35_vs_Mock_log2FoldChange,Flg22_vs_Mock,Flg22_SynCom33_vs_Mock,Flg22_SynCom35_vs_Mock,cl
AT1G25350.1,GO:0006424,OVA9,1,8889018,8894306,-,5288,protein_coding,"Glutamine-tRNA ligase, putative / glutaminyl-tRNA synthetase, putative / GlnRS [Source:UniProtKB/TrEMBL;Acc:F4ICG2]",0.07296920572607693,0.4478188460682992,-0.14113414505042352,0.03564949215682862,0.23271725307427557,-0.1654854514458015,0.6950725370670556,0.9165473903069059,-0.03074585950829524,0,0,0,4
AT1G48520.2,GO:0006424,GATB,1,17940050,17942822,+,2772,protein_coding,"Glutamyl-tRNA(Gln) amidotransferase subunit B, chloroplastic/mitochondrial [Source:UniProtKB/Swiss-Prot;Acc:Q9FV81]",0.760155362773054,0.955730143482024,-0.24115485709141957,0.43775312269573197,0.7748517681105362,-0.6171437279358103,0.9545105985912237,0.989537391272412,0.04483973951044195,0,0,0,4
AT1G48520.1,GO:0006424,GATB,1,17940050,17942864,+,2814,protein_coding,"Glutamyl-tRNA(Gln) amidotransferase subunit B, chloroplastic/mitochondrial [Source:UniProtKB/Swiss-Prot;Acc:Q9FV81]",0.27699338016491676,0.7524091265903753,0.15606278236455537,0.19611567124422555,0.557413846307959,0.1853986171933173,0.10985712220387696,0.46893943328262455,0.22783007715253312,0,0,0,6
AT5G64050.1,GO:0006424,OVA3,5,25629832,25633209,-,3377,protein_coding,"Glutamate--tRNA ligase, chloroplastic/mitochondrial [Source:UniProtKB/Swiss-Prot;Acc:Q9FEA2]",0.7047836691851894,0.9435268257053323,0.04556258865128227,0.9644324113386499,0.9919129069235779,-0.005371725659115909,0.9362165117710143,0.9851868880707652,-0.009617733410335503,0,0,0,3
