ID,Path,Gene,Chromosome,Start,End,Strand,Length,BioType,Description,Flg22_vs_Mock_pvalue,Flg22_vs_Mock_padj,Flg22_vs_Mock_log2FoldChange,Flg22_SynCom33_vs_Mock_pvalue,Flg22_SynCom33_vs_Mock_padj,Flg22_SynCom33_vs_Mock_log2FoldChange,Flg22_SynCom35_vs_Mock_pvalue,Flg22_SynCom35_vs_Mock_padj,Flg22_SynCom35_vs_Mock_log2FoldChange,Flg22_vs_Mock,Flg22_SynCom33_vs_Mock,Flg22_SynCom35_vs_Mock,cl
AT2G26350.3,GO:0010381,PEX10,2,11217148,11220507,-,3359,protein_coding,PEX10 [Source:UniProtKB/TrEMBL;Acc:A0A178VWJ2],0.5318506318054528,0.8911515464358377,0.783995732999975,0.984760345655987,0.9963614592918154,0.02408869842802121,0.37593190061249815,NA,1.1081711161705574,0,0,0,6
AT2G26350.1,GO:0010381,PEX10,2,11217439,11220507,-,3068,protein_coding,PEX10 [Source:UniProtKB/TrEMBL;Acc:A0A178VWJ2],0.534674739821531,0.8918549350212597,0.10055140051350732,0.17522703441981463,0.5301268583953801,0.21840104325218,0.5556836321840184,0.8617690698931374,-0.09600152853226429,0,0,0,9
AT2G26350.4,GO:0010381,PEX10,2,11217439,11220541,-,3102,protein_coding,PEX10 [Source:UniProtKB/TrEMBL;Acc:A0A178VWJ2],0.4491071907200141,0.8612020404383707,-1.0066909538277213,0.4093149528224541,NA,-1.0991484153404985,0.27797001933208376,NA,-1.4518762022171154,-0,-0,-0,8
