ID,Path,Gene,Chromosome,Start,End,Strand,Length,BioType,Description,Flg22_vs_Mock_pvalue,Flg22_vs_Mock_padj,Flg22_vs_Mock_log2FoldChange,Flg22_SynCom33_vs_Mock_pvalue,Flg22_SynCom33_vs_Mock_padj,Flg22_SynCom33_vs_Mock_log2FoldChange,Flg22_SynCom35_vs_Mock_pvalue,Flg22_SynCom35_vs_Mock_padj,Flg22_SynCom35_vs_Mock_log2FoldChange,Flg22_vs_Mock,Flg22_SynCom33_vs_Mock,Flg22_SynCom35_vs_Mock,cl
AT1G60800.1,GO:0007639,NIK3,1,22383393,22387766,-,4373,protein_coding,Protein NSP-INTERACTING KINASE 3 [Source:UniProtKB/Swiss-Prot;Acc:Q93ZS4],0.8502192339302009,0.9752378815776379,0.04363823534941715,0.6460225600752477,0.8897621918200025,0.10601718141402683,0.5771406654173521,0.8719054776035854,0.12840042936915275,0,0,0,1
AT1G60800.2,GO:0007639,NIK3,1,22383395,22386701,-,3306,protein_coding,Protein NSP-INTERACTING KINASE 3 [Source:UniProtKB/Swiss-Prot;Acc:Q93ZS4],0.8108087261565634,0.9664689020754437,0.031008298247558977,7.189466417285665e-4,0.017682272299128384,0.4314397254933675,0.13509082013723528,0.5114106925037932,0.19165868317971116,0,0,0,5
AT2G23950.1,GO:0007639,,2,10186891,10190492,-,3601,protein_coding,Probable LRR receptor-like serine/threonine-protein kinase At2g23950 [Source:UniProtKB/Swiss-Prot;Acc:Q0WVM4],0.9050969826409121,0.9868809346462182,-0.025690369853494644,0.019699434775778554,0.16369712693739694,-0.5060327477360804,0.8092371488871652,0.9522327727707119,0.051926112683119655,0,0,0,3
AT4G30520.1,GO:0007639,,4,14907942,14911446,-,3504,protein_coding,Probable LRR receptor-like serine/threonine-protein kinase At4g30520 [Source:UniProtKB/Swiss-Prot;Acc:Q8VYT3],0.5992420372575622,0.9138210757661104,0.1016669255185921,0.09989968979045995,0.4045042116202959,-0.3232404142991106,0.28822649949068824,0.6939704888657904,0.20439268097615643,0,0,0,3
AT5G45780.1,GO:0007639,,5,18566798,18569906,-,3108,protein_coding,Probable LRR receptor-like serine/threonine-protein kinase At5g45780 [Source:UniProtKB/Swiss-Prot;Acc:C0LGU5],0.14265608553355158,0.5972111211897047,-0.5697644370265375,0.009717173049203668,0.10670630960322428,-1.0189061219495619,0.9751069993719917,0.9943256131433637,0.011960936924119961,0,-0,0,8
