ID,Path,Gene,Chromosome,Start,End,Strand,Length,BioType,Description,Flg22_vs_Mock_pvalue,Flg22_vs_Mock_padj,Flg22_vs_Mock_log2FoldChange,Flg22_SynCom33_vs_Mock_pvalue,Flg22_SynCom33_vs_Mock_padj,Flg22_SynCom33_vs_Mock_log2FoldChange,Flg22_SynCom35_vs_Mock_pvalue,Flg22_SynCom35_vs_Mock_padj,Flg22_SynCom35_vs_Mock_log2FoldChange,Flg22_vs_Mock,Flg22_SynCom33_vs_Mock,Flg22_SynCom35_vs_Mock,cl
AT2G20635.1,GO:0051754,BUB1,2,8900360,8903698,+,3338,protein_coding,Mitotic checkpoint serine/threonine-protein kinase BUB1 [Source:UniProtKB/Swiss-Prot;Acc:F4IVI0],0.089635467761426807,0.4927927551453045,-0.49982919764532063,0.0324201298783857,0.21974393069521497,-0.632662738748659,0.09606607088588906,0.44173500255594783,0.47947513110961326,0,0,0,4
AT2G33560.1,GO:0051754,BUBR1,2,14213601,14216054,-,2453,protein_coding,BUBR1 [Source:UniProtKB/TrEMBL;Acc:A0A178VU51],0.24167863741941326,0.7198703012287522,-0.2950203567867249,0.28968298856844554,0.6577202997324392,-0.2665799682531967,0.04098646492717765,0.28674062328514116,0.49904065057708397,0,0,0,4
AT2G33560.2,GO:0051754,BUBR1,2,14213604,14216054,-,2450,protein_coding,BUBR1 [Source:UniProtKB/TrEMBL;Acc:A0A178VU51],0.008659246245994278,0.14085606654851668,-1.4806878485561659,0.02922910924607191,0.2079552523984488,-1.2188202288055927,0.6484389499341043,0.9001814343632246,-0.24847980897690206,-0,-0,0,8
AT2G47980.1,GO:0051754,SCC3,2,19631207,19636978,+,5771,protein_coding,SCC3 [Source:UniProtKB/TrEMBL;Acc:A0A178VN21],0.4334054326164318,0.8536154952200021,0.07858314202624614,0.20545522193253626,0.5690929702205502,-0.12742023451791587,0.9946927165180307,0.9990524278174133,6.672571741410486e-4,0,0,0,3
AT5G05510.1,GO:0051754,,5,1630559,1632739,-,2180,protein_coding,At5g05510 [Source:UniProtKB/TrEMBL;Acc:Q9FFG4],0.039359176236010665,0.3328773809018402,-0.7072225052084199,0.05124412141033988,0.28481929733329775,-0.6684088037497581,0.21229158000839368,0.614805793362752,0.4144699780142378,0,0,0,4
