ID,Path,Gene,Chromosome,Start,End,Strand,Length,BioType,Description,Flg22_vs_Mock_pvalue,Flg22_vs_Mock_padj,Flg22_vs_Mock_log2FoldChange,Flg22_SynCom33_vs_Mock_pvalue,Flg22_SynCom33_vs_Mock_padj,Flg22_SynCom33_vs_Mock_log2FoldChange,Flg22_SynCom35_vs_Mock_pvalue,Flg22_SynCom35_vs_Mock_padj,Flg22_SynCom35_vs_Mock_log2FoldChange,Flg22_vs_Mock,Flg22_SynCom33_vs_Mock,Flg22_SynCom35_vs_Mock,cl
AT3G45590.2,GO:0000213,SEN1,3,16732540,16733854,+,1314,protein_coding,tRNA-splicing endonuclease subunit Sen2-1 [Source:UniProtKB/Swiss-Prot;Acc:Q9M1E8],0.2992550497681245,0.7694394319159354,0.9319656371782243,0.6899234497192115,0.9078598996220533,0.3596409346596198,0.49282204691550796,0.8291127835449853,0.6166446913948003,0,0,0,6
AT3G57360.1,GO:0000213,,3,21225540,21227039,+,1499,protein_coding,At3g57360 [Source:UniProtKB/TrEMBL;Acc:Q6DBN3],0.41107639209504404,0.843989081568486,0.1956055625762368,0.4513351376538027,0.7839149385537102,-0.18391472672943815,0.9433371611949324,0.9867087774916747,0.017013801577186852,0,0,0,3
AT5G59980.2,GO:0000213,,5,24147099,24149942,+,2843,protein_coding,Polymerase/histidinol phosphatase-like protein [Source:UniProtKB/TrEMBL;Acc:F4JXF0],0.3405442849009262,0.7995570717716297,-0.30644278076697207,0.2422047138903118,0.6122335538838329,-0.37685130241016723,0.8406598196658177,0.9611535947875793,0.06398065203792168,0,0,0,4
AT5G59980.1,GO:0000213,,5,24147099,24149942,+,2843,protein_coding,Polymerase/histidinol phosphatase-like protein [Source:UniProtKB/TrEMBL;Acc:F4JXF0],0.71046341535267,0.9451763028424377,0.31360745817821956,0.2521095222801742,0.6224474814415543,-0.9851811775889487,0.49468220286572784,0.8300448710768867,0.5753652944045419,0,0,0,3
AT5G60230.1,GO:0000213,SEN2,5,24250008,24251613,-,1605,protein_coding,Splicing endonuclease 2 [Source:UniProtKB/TrEMBL;Acc:F4JYW0],0.7920817410991416,0.9638115017678341,-0.1482484448832595,0.9164108938058911,0.9796804330442195,-0.05886130899967574,0.2382728052560919,0.6464832692963864,0.647294633095356,0,0,0,4
