ID,Path,Gene,Chromosome,Start,End,Strand,Length,BioType,Description,Flg22_vs_Mock_pvalue,Flg22_vs_Mock_padj,Flg22_vs_Mock_log2FoldChange,Flg22_SynCom33_vs_Mock_pvalue,Flg22_SynCom33_vs_Mock_padj,Flg22_SynCom33_vs_Mock_log2FoldChange,Flg22_SynCom35_vs_Mock_pvalue,Flg22_SynCom35_vs_Mock_padj,Flg22_SynCom35_vs_Mock_log2FoldChange,Flg22_vs_Mock,Flg22_SynCom33_vs_Mock,Flg22_SynCom35_vs_Mock,cl
AT1G79230.1,GO:0016783,STR1,1,29800563,29804033,+,3470,protein_coding,"Thiosulfate/3-mercaptopyruvate sulfurtransferase 1, mitochondrial [Source:UniProtKB/Swiss-Prot;Acc:O64530]",0.8745656715183038,0.9814284423641337,0.026973449810064453,0.0563808364268882,0.299216258784204,-0.32693575947909187,0.01660366472834442,0.1729224961188355,-0.41040968285457413,0,0,0,2
AT1G79230.2,GO:0016783,STR1,1,29800693,29803939,+,3246,protein_coding,"Thiosulfate/3-mercaptopyruvate sulfurtransferase 1, mitochondrial [Source:UniProtKB/Swiss-Prot;Acc:O64530]",0.008384612192166097,0.13807252916799798,0.4720558267352694,0.8779663948871256,0.9675780411929676,0.027636351240410712,0.46834050205871025,0.8158823894662166,0.1302171228822351,0,0,0,7
AT1G79230.3,GO:0016783,STR1,1,29800693,29803939,+,3246,protein_coding,"Thiosulfate/3-mercaptopyruvate sulfurtransferase 1, mitochondrial [Source:UniProtKB/Swiss-Prot;Acc:O64530]",0.2494082608135924,0.7291696893486627,-0.5836879841102219,0.21534399226953846,0.5812642614635397,-0.6280234450868505,0.9722154003381724,0.9935906187846771,-0.01761542529626293,0,0,0,8
AT4G35910.1,GO:0016783,CTU2,4,17008388,17011642,-,3254,protein_coding,Cytoplasmic tRNA 2-thiolation protein 2 [Source:UniProtKB/Swiss-Prot;Acc:O65628],0.21467218906140217,0.6910016123640361,-0.16909954212620115,0.004123656105653346,0.06104191818952271,-0.39715354040811346,0.6503561826422084,0.9010895534638393,0.0606902926749694,0,0,0,4
