ID,Path,Gene,Chromosome,Start,End,Strand,Length,BioType,Description,Flg22_vs_Mock_pvalue,Flg22_vs_Mock_padj,Flg22_vs_Mock_log2FoldChange,Flg22_SynCom33_vs_Mock_pvalue,Flg22_SynCom33_vs_Mock_padj,Flg22_SynCom33_vs_Mock_log2FoldChange,Flg22_SynCom35_vs_Mock_pvalue,Flg22_SynCom35_vs_Mock_padj,Flg22_SynCom35_vs_Mock_log2FoldChange,Flg22_vs_Mock,Flg22_SynCom33_vs_Mock,Flg22_SynCom35_vs_Mock,cl
AT1G48420.1,GO:0019148,DCD,1,17895784,17898813,-,3029,protein_coding,"Bifunctional D-cysteine desulfhydrase/1-aminocyclopropane-1-carboxylate deaminase, mitochondrial [Source:UniProtKB/Swiss-Prot;Acc:F4HYF3]",0.030429985026335673,0.2868240093273667,1.1619568601630181,0.18152843532203625,0.539328845968941,0.7282391187371754,0.030800293948133568,NA,1.1568861038858491,0,0,0,6
AT1G48420.2,GO:0019148,DCD,1,17896135,17898807,-,2672,protein_coding,"Bifunctional D-cysteine desulfhydrase/1-aminocyclopropane-1-carboxylate deaminase, mitochondrial [Source:UniProtKB/Swiss-Prot;Acc:F4HYF3]",0.5243818897127295,0.8893343616166732,-0.8289518096682812,0.8159097874001504,0.9496985020519958,0.29962669342590975,0.5520789964759192,NA,0.7628496214611926,0,0,0,1
AT1G48420.3,GO:0019148,DCD,1,17896446,17898804,-,2358,protein_coding,"Bifunctional D-cysteine desulfhydrase/1-aminocyclopropane-1-carboxylate deaminase, mitochondrial [Source:UniProtKB/Swiss-Prot;Acc:F4HYF3]",0.35277445434897264,0.8087054280647589,0.1491097624081963,0.12658169905264147,0.4517246877929876,-0.24675404132747467,0.9279167357927482,0.9834715551214563,-0.014534748521364398,0,0,0,3
AT3G26115.1,GO:0019148,,3,9542268,9544497,+,2229,protein_coding,"D-cysteine desulfhydrase 2, mitochondrial [Source:UniProtKB/Swiss-Prot;Acc:A1L4V7]",0.6045295945518145,0.9146310075073392,-0.2822340059118819,0.1961793170121122,0.557413846307959,-0.7164802049493717,0.636831008901603,0.8958960644225933,0.2529752448386537,0,0,0,4
