ID,Path,Gene,Chromosome,Start,End,Strand,Length,BioType,Description,Flg22_vs_Mock_pvalue,Flg22_vs_Mock_padj,Flg22_vs_Mock_log2FoldChange,Flg22_SynCom33_vs_Mock_pvalue,Flg22_SynCom33_vs_Mock_padj,Flg22_SynCom33_vs_Mock_log2FoldChange,Flg22_SynCom35_vs_Mock_pvalue,Flg22_SynCom35_vs_Mock_padj,Flg22_SynCom35_vs_Mock_log2FoldChange,Flg22_vs_Mock,Flg22_SynCom33_vs_Mock,Flg22_SynCom35_vs_Mock,cl
AT4G24580.3,GO:0070382,REN1,4,12687879,12694428,-,6549,protein_coding,Rho GTPase-activating protein REN1 [Source:UniProtKB/Swiss-Prot;Acc:F4JQZ3],0.3332042928945847,0.7943287102946662,1.0307187583940252,0.6703812392448092,0.9001558572750178,0.4548430646171491,0.7693867475380339,0.9400387605053385,0.31341673285599936,0,0,0,7
AT4G24580.2,GO:0070382,REN1,4,12687879,12694656,-,6777,protein_coding,Rho GTPase-activating protein REN1 [Source:UniProtKB/Swiss-Prot;Acc:F4JQZ3],0.00803531707002811,0.13381525948190096,-0.6891649969259342,0.6104267340513141,0.8733070452124829,0.13162741863838318,0.3968321050973199,0.7708507698370063,-0.21927887857385672,0,0,0,10
AT4G24580.1,GO:0070382,REN1,4,12687879,12694656,-,6777,protein_coding,Rho GTPase-activating protein REN1 [Source:UniProtKB/Swiss-Prot;Acc:F4JQZ3],0.34385264448839153,0.8013692008290486,1.1122526843874811,0.23014557801947416,0.5990871916645206,1.4095760919731462,0.26928830284559657,0.6768924866638139,1.2976825705877344,0,0,0,6
