ID,Path,Gene,Chromosome,Start,End,Strand,Length,BioType,Description,Flg22_vs_Mock_pvalue,Flg22_vs_Mock_padj,Flg22_vs_Mock_log2FoldChange,Flg22_SynCom33_vs_Mock_pvalue,Flg22_SynCom33_vs_Mock_padj,Flg22_SynCom33_vs_Mock_log2FoldChange,Flg22_SynCom35_vs_Mock_pvalue,Flg22_SynCom35_vs_Mock_padj,Flg22_SynCom35_vs_Mock_log2FoldChange,Flg22_vs_Mock,Flg22_SynCom33_vs_Mock,Flg22_SynCom35_vs_Mock,cl
AT1G15700.1,GO:0009544,ATPC2,1,5402569,5403818,-,1249,protein_coding,"ATP synthase gamma chain 2, chloroplastic [Source:UniProtKB/Swiss-Prot;Acc:Q01909]",0.6055530474125554,0.9152012067831463,-0.07751742641113718,0.5234818222865596,0.8267714062055085,-0.09597271005633085,0.7819776371353396,0.944294516674606,0.04093240448699256,0,0,0,4
AT4G04640.1,GO:0009544,ATPC1,4,2350498,2352025,-,1527,protein_coding,"ATP synthase gamma chain 1, chloroplastic [Source:UniProtKB/Swiss-Prot;Acc:Q01908]",0.025233813751301227,0.26062845021670306,-1.005850591695768,0.3915196270508422,0.744330312191,-0.3820603640463113,0.14892570327309126,0.5340370501332583,0.6382451488782196,-0,0,0,4
ATCG00120.1,GO:0009544,ATPA,Pt,9938,11461,-,1523,protein_coding,"ATP synthase subunit alpha, chloroplastic [Source:UniProtKB/TrEMBL;Acc:A0A1B1W4S8]",0.7316194648646479,0.9502176053942513,0.2757215239870648,0.3264286390742213,NA,0.7683288090215383,0.28820189298803867,NA,0.8259721080240672,0,0,0,1
ATCG00150.1,GO:0009544,ATPI,Pt,14021,14770,-,749,protein_coding,"ATP synthase subunit a, chloroplastic [Source:UniProtKB/TrEMBL;Acc:A0A1B1W4S9]",0.7460795707326826,0.9529854144178901,-0.28875984433336893,0.5944334389296604,NA,-0.48098643348075776,0.38675709138245684,NA,0.7348774770960946,0,0,0,4
ATCG00480.1,GO:0009544,ATPB,Pt,52660,54156,-,1496,protein_coding,"ATP synthase subunit beta, chloroplastic [Source:UniProtKB/Swiss-Prot;Acc:P19366]",0.47614915053880463,0.8713549156651382,-0.24002335400712355,0.6269172595779744,0.8802710771467802,0.16316232591357452,0.1560653151088833,0.543554234840451,0.47481354646626944,0,0,0,1
