ID,Path,Gene,Chromosome,Start,End,Strand,Length,BioType,Description,Flg22_vs_Mock_pvalue,Flg22_vs_Mock_padj,Flg22_vs_Mock_log2FoldChange,Flg22_SynCom33_vs_Mock_pvalue,Flg22_SynCom33_vs_Mock_padj,Flg22_SynCom33_vs_Mock_log2FoldChange,Flg22_SynCom35_vs_Mock_pvalue,Flg22_SynCom35_vs_Mock_padj,Flg22_SynCom35_vs_Mock_log2FoldChange,Flg22_vs_Mock,Flg22_SynCom33_vs_Mock,Flg22_SynCom35_vs_Mock,cl
AT1G29060.1,GO:0000138,,1,10147605,10149780,+,2175,protein_coding,Bet1-like protein At1g29060 [Source:UniProtKB/Swiss-Prot;Acc:Q8L9S0],0.04523202057260137,0.3565283273887725,0.4913954866284027,0.08008607855526113,0.3608571846668672,0.43044996228105814,0.09524766948966228,0.4400745981529278,0.40943226419223855,0,0,0,6
AT3G02230.1,GO:0000138,RGP1,3,415389,417723,+,2334,protein_coding,RGP1 [Source:UniProtKB/TrEMBL;Acc:A0A178VK37],0.7112558383542017,0.9454094030788647,0.05613976968195535,0.3229707345084927,0.6866033440140213,0.14988020012110548,0.9477630240559441,0.9880619349506325,-0.009936003604217003,0,0,0,5
AT3G58170.1,GO:0000138,BET11,3,21542359,21544084,-,1725,protein_coding,Bet1-like SNARE 1-1 [Source:UniProtKB/Swiss-Prot;Acc:Q9M2J9],0.005132271130643693,0.1008842432564635,0.2928377251542407,0.30371530865066954,0.6713102225906347,0.10881030787997764,0.21055398364430677,0.6125901243819969,0.13158737855601393,0,0,0,6
AT3G60800.1,GO:0000138,PAT14,3,22467114,22469623,-,2509,protein_coding,S-acyltransferase [Source:UniProtKB/TrEMBL;Acc:A0A178VIL0],0.07150136276940545,0.4436917750407213,0.16264347103961824,0.5067563046769452,0.8165307664859528,0.06034293816790907,0.7807394155079975,0.9439312589740064,0.025208003327515535,0,0,0,6
AT4G14455.1,GO:0000138,BET12,4,8310319,8312384,+,2065,protein_coding,At4g14455 [Source:UniProtKB/TrEMBL;Acc:Q147J7],0.925257352814116,0.9892020500505815,0.010871622377581928,0.0030555916624620846,0.04987274746223786,0.3373897016392106,0.2330268810619504,0.6408925884594916,0.13660665184374804,0,0,0,5
AT4G14600.1,GO:0000138,,4,8376400,8378389,+,1989,protein_coding,Bet1-like protein At4g14600 [Source:UniProtKB/Swiss-Prot;Acc:Q8VXX9],0.7092987396608628,0.9450949870794566,-0.06502902180727761,0.6533138562097482,0.8932739071912961,0.07772854168902048,0.3804174574332085,0.7615210049170341,-0.15306485324361732,0,0,0,10
