ID,Path,Gene,Chromosome,Start,End,Strand,Length,BioType,Description,Flg22_vs_Mock_pvalue,Flg22_vs_Mock_padj,Flg22_vs_Mock_log2FoldChange,Flg22_SynCom33_vs_Mock_pvalue,Flg22_SynCom33_vs_Mock_padj,Flg22_SynCom33_vs_Mock_log2FoldChange,Flg22_SynCom35_vs_Mock_pvalue,Flg22_SynCom35_vs_Mock_padj,Flg22_SynCom35_vs_Mock_log2FoldChange,Flg22_vs_Mock,Flg22_SynCom33_vs_Mock,Flg22_SynCom35_vs_Mock,cl
AT1G08280.1,GO:0008373,GALT29A,1,2607877,2609971,+,2094,protein_coding,"Beta-1,6-galactosyltransferase GALT29A [Source:UniProtKB/Swiss-Prot;Acc:Q9SGD2]",0.16643648366007321,0.6331729381776872,-0.3132146464658783,0.1914232759715529,0.5515857248448283,-0.2956755957931554,0.2421043402997156,0.6504868187850631,-0.2643047304401799,0,0,0,8
AT1G08660.1,GO:0008373,SIA1,1,2756904,2759889,-,2985,protein_coding,Sialyltransferase-like protein 1 [Source:UniProtKB/Swiss-Prot;Acc:Q8VZJ0],0.22277074581605621,0.6996419555617055,0.2812792002371168,0.4585062762215627,0.7876255530134306,0.17141337211627805,0.02530187353193375,0.22094088084725594,0.5134508876429286,0,0,0,6
AT1G08660.3,GO:0008373,SIA1,1,2756916,2759279,-,2363,protein_coding,Sialyltransferase-like protein 1 [Source:UniProtKB/Swiss-Prot;Acc:Q8VZJ0],0.6002457116260667,0.9142238114278536,0.08677666383645942,1.1963402943852678e-4,0.004750372199950483,0.6264976528385994,0.05150724517079466,0.3261809171674067,0.31908618981495085,0,0,0,5
AT3G48820.2,GO:0008373,SIA2,3,18099712,18102898,-,3186,protein_coding,Sialyltransferase-like protein 2 [Source:UniProtKB/Swiss-Prot;Acc:Q8RY00],0.8265450957055875,0.9694017327903826,0.057437062044775715,0.4891187601732966,0.8058911034150318,-0.1820079922306668,0.4563414206171361,0.8086877874734267,-0.19575694691864806,0,0,0,3
AT3G48820.1,GO:0008373,SIA2,3,18099729,18102941,-,3212,protein_coding,Sialyltransferase-like protein 2 [Source:UniProtKB/Swiss-Prot;Acc:Q8RY00],0.8070044016238932,0.9662426756893417,-0.13204268519770881,0.3184486646267097,0.6833211601214694,0.5362059589793444,0.3804308211545748,0.7615210049170341,0.47133840931168625,0,0,0,1
