ID,Path,Gene,Chromosome,Start,End,Strand,Length,BioType,Description,Flg22_vs_Mock_pvalue,Flg22_vs_Mock_padj,Flg22_vs_Mock_log2FoldChange,Flg22_SynCom33_vs_Mock_pvalue,Flg22_SynCom33_vs_Mock_padj,Flg22_SynCom33_vs_Mock_log2FoldChange,Flg22_SynCom35_vs_Mock_pvalue,Flg22_SynCom35_vs_Mock_padj,Flg22_SynCom35_vs_Mock_log2FoldChange,Flg22_vs_Mock,Flg22_SynCom33_vs_Mock,Flg22_SynCom35_vs_Mock,cl
AT3G10690.1,GO:0034335,GYRA,3,3339392,3346360,-,6968,protein_coding,"DNA gyrase subunit A, chloroplastic/mitochondrial [Source:UniProtKB/Swiss-Prot;Acc:Q9CAF6]",0.16089147396428657,0.6233610798690785,-0.38901430724044306,0.2023400083079412,0.5648877456988343,-0.35367970693349426,0.21245539771772814,0.6150239121784736,0.3446203800241857,0,0,0,4
AT5G04130.1,GO:0034335,GYRBM,5,1121800,1128144,-,6344,protein_coding,"DNA gyrase subunit B, mitochondrial [Source:UniProtKB/Swiss-Prot;Acc:Q94BZ7]",0.05263124993609578,0.38572839925692803,-0.3807529213864391,0.07389279698266679,0.3460203931843633,-0.35104528896385745,0.2915840460561372,0.6966627307374968,0.20537381800033117,0,0,0,4
AT5G04130.2,GO:0034335,GYRBM,5,1121824,1128091,-,6267,protein_coding,"DNA gyrase subunit B, mitochondrial [Source:UniProtKB/Swiss-Prot;Acc:Q94BZ7]",0.09387935822131345,0.5041323271839193,1.0063874034356917,0.33119378127286714,0.6941945411960131,0.5879394133175236,0.382921729629616,0.7641370487835514,0.5276337971697822,0,0,0,7
