ID,Path,Gene,Chromosome,Start,End,Strand,Length,BioType,Description,Flg22_vs_Mock_pvalue,Flg22_vs_Mock_padj,Flg22_vs_Mock_log2FoldChange,Flg22_SynCom33_vs_Mock_pvalue,Flg22_SynCom33_vs_Mock_padj,Flg22_SynCom33_vs_Mock_log2FoldChange,Flg22_SynCom35_vs_Mock_pvalue,Flg22_SynCom35_vs_Mock_padj,Flg22_SynCom35_vs_Mock_log2FoldChange,Flg22_vs_Mock,Flg22_SynCom33_vs_Mock,Flg22_SynCom35_vs_Mock,cl
AT1G24490.1,GO:0072598,ALB4,1,8682195,8685271,+,3076,protein_coding,"ALBINO3-like protein 1, chloroplastic [Source:UniProtKB/Swiss-Prot;Acc:Q9FYL3]",0.5792208736022486,0.9066651008268509,-0.05774384015295014,0.040830867077505766,0.25094087077675126,-0.21558735764839154,0.24418762800447144,0.6529729004622947,-0.12111581148886391,0,0,0,3
AT2G28800.1,GO:0072598,ALB3,2,12356321,12359568,-,3247,protein_coding,ALB3 [Source:UniProtKB/TrEMBL;Acc:A0A178VUV3],0.8918225572228164,0.9847072273195536,-0.13851745469722102,0.34959644329673667,0.7102896442118712,-0.9557563191954704,0.04692611374625164,0.310023072283672,-2.0450588612579166,0,0,-0,2
AT2G28800.3,GO:0072598,ALB3,2,12356364,12359252,-,2888,protein_coding,ALB3 [Source:UniProtKB/TrEMBL;Acc:A0A178VUV3],0.5785173045607299,0.9063365094182143,0.10733803830165338,0.12685766699331047,0.45224316675647636,0.2940593783463182,0.08120236258608976,0.40613759946321265,0.335199636180484,0,0,0,1
AT2G28800.4,GO:0072598,ALB3,2,12356456,12359251,-,2795,protein_coding,ALB3 [Source:UniProtKB/TrEMBL;Acc:A0A178VUV3],0.34826105157938647,0.8046232991847988,-0.22114699946081845,0.380612251398893,0.7353743097012659,0.20551348770982641,0.2952736704358579,0.6991906503302242,0.2449583406951678,0,0,0,1
AT2G28800.2,GO:0072598,ALB3,2,12357123,12359252,-,2129,protein_coding,ALB3 [Source:UniProtKB/TrEMBL;Acc:A0A178VUV3],0.5360138797366001,0.8922801703152878,0.6564544948401531,0.4906468548723743,0.8069482259210258,0.7306186657364356,0.5313666358238386,NA,0.6632934366638897,0,0,0,6
AT2G31530.1,GO:0072598,SCY2,2,13427011,13430632,+,3621,protein_coding,"Preprotein translocase subunit SCY2, chloroplastic [Source:UniProtKB/Swiss-Prot;Acc:F4IQV7]",0.15541036661924046,0.6153906248368116,-0.25543638490498544,0.12967410470961396,0.45812843774528095,-0.27301931166523163,0.7140940777947431,0.9233556836978816,-0.06465012441608066,0,0,0,8
