ID,Path,Gene,Chromosome,Start,End,Strand,Length,BioType,Description,Flg22_vs_Mock_pvalue,Flg22_vs_Mock_padj,Flg22_vs_Mock_log2FoldChange,Flg22_SynCom33_vs_Mock_pvalue,Flg22_SynCom33_vs_Mock_padj,Flg22_SynCom33_vs_Mock_log2FoldChange,Flg22_SynCom35_vs_Mock_pvalue,Flg22_SynCom35_vs_Mock_padj,Flg22_SynCom35_vs_Mock_log2FoldChange,Flg22_vs_Mock,Flg22_SynCom33_vs_Mock,Flg22_SynCom35_vs_Mock,cl
AT1G09020.1,GO:0009569,SNF4,1,2899776,2904862,-,5086,protein_coding,Sucrose nonfermenting 4-like protein [Source:UniProtKB/Swiss-Prot;Acc:Q944A6],0.7815159184687405,0.9614113187433333,-0.022690086259051986,0.6725386576770659,0.9006717578675277,-0.03460179886080843,0.9645603789902739,0.99181039263186,-0.0036252051242764414,0,0,0,4
AT1G32900.1,GO:0009569,GBSS1,1,11920390,11923866,-,3476,protein_coding,"Granule-bound starch synthase 1, chloroplastic/amyloplastic [Source:UniProtKB/Swiss-Prot;Acc:Q9MAQ0]",0.02713563896655845,0.2713660775052727,2.2991211939384804,0.1338922760947072,0.46539013126687195,1.5767498867862118,0.1406838585909339,NA,1.5480111113185184,0,0,0,7
AT2G28060.1,GO:0009569,KINB3,2,11949871,11952253,-,2382,protein_coding,SNF1-related protein kinase regulatory subunit beta-3 [Source:UniProtKB/Swiss-Prot;Acc:Q9ZUU8],0.41813774335105763,0.8465117461374367,-0.1678743954265492,0.7133621772486489,0.9171627778970177,-0.07588424665234642,0.4098026943906048,0.7783242458079395,0.16800836908815703,0,0,0,4
AT2G28060.2,GO:0009569,KINB3,2,11949871,11952253,-,2382,protein_coding,SNF1-related protein kinase regulatory subunit beta-3 [Source:UniProtKB/Swiss-Prot;Acc:Q9ZUU8],0.8907423945124676,0.9844044153324688,-0.11949838749470981,0.839331558091289,0.9557137875273545,0.1755394757272295,0.19048845290203323,NA,-1.167436663076932,0,0,-0,10
AT4G09020.1,GO:0009569,ISA3,4,5783909,5789100,+,5191,protein_coding,"Isoamylase 3, chloroplastic [Source:UniProtKB/Swiss-Prot;Acc:Q9M0S5]",0.7858371537126965,0.9625698712091247,0.05657542138460371,0.444442691929119,0.7794157220299502,-0.1595103349309264,0.5139055491604547,0.839857326384228,-0.13603377705125833,0,0,0,3
AT5G39790.3,GO:0009569,,5,15932557,15935270,-,2713,protein_coding,5'-AMP-activated protein kinase-related [Source:TAIR;Acc:AT5G39790],0.5678066284574481,0.9037073386679639,0.22506642692776677,0.1016012059470733,0.4075266514874999,0.6330801720507736,0.037065947147298016,0.27211857078721263,0.7984198731432415,0,0,0,1
