ID,Path,Gene,Chromosome,Start,End,Strand,Length,BioType,Description,Flg22_vs_Mock_pvalue,Flg22_vs_Mock_padj,Flg22_vs_Mock_log2FoldChange,Flg22_SynCom33_vs_Mock_pvalue,Flg22_SynCom33_vs_Mock_padj,Flg22_SynCom33_vs_Mock_log2FoldChange,Flg22_SynCom35_vs_Mock_pvalue,Flg22_SynCom35_vs_Mock_padj,Flg22_SynCom35_vs_Mock_log2FoldChange,Flg22_vs_Mock,Flg22_SynCom33_vs_Mock,Flg22_SynCom35_vs_Mock,cl
AT5G61500.1,GO:0000153,ATG3,5,24733785,24736876,-,3091,protein_coding,Autophagy-related protein 3 [Source:UniProtKB/TrEMBL;Acc:A0A178UM04],0.21664886098277653,0.6930756191396295,-0.11758882466113636,0.832937727443751,0.9537641905229258,0.020013433773707054,0.0799581363240455,0.40336188796055494,-0.16652004304415124,0,0,0,10
AT5G61500.2,GO:0000153,ATG3,5,24733785,24736876,-,3091,protein_coding,Autophagy-related protein 3 [Source:UniProtKB/TrEMBL;Acc:A0A178UM04],0.041673253771390695,0.3434273349192188,0.943403686453596,0.0062757396869491085,0.07983973665900822,1.2592118569481865,0.6884031807366305,0.9142480663627854,0.18879143048527713,0,0,0,9
