ID,Path,Gene,Chromosome,Start,End,Strand,Length,BioType,Description,Flg22_vs_Mock_pvalue,Flg22_vs_Mock_padj,Flg22_vs_Mock_log2FoldChange,Flg22_SynCom33_vs_Mock_pvalue,Flg22_SynCom33_vs_Mock_padj,Flg22_SynCom33_vs_Mock_log2FoldChange,Flg22_SynCom35_vs_Mock_pvalue,Flg22_SynCom35_vs_Mock_padj,Flg22_SynCom35_vs_Mock_log2FoldChange,Flg22_vs_Mock,Flg22_SynCom33_vs_Mock,Flg22_SynCom35_vs_Mock,cl
AT2G22010.2,GO:0060154,RKP,2,9363109,9369461,-,6352,protein_coding,Related to KPC1 [Source:UniProtKB/TrEMBL;Acc:F4IIK4],0.1338832109766042,0.5817875616918492,-0.8517048957017308,0.6143952311046365,0.8744730556761178,-0.28458260908057875,0.06402402219338645,0.359932601838772,-1.054038571802442,0,0,-0,10
AT2G22010.1,GO:0060154,RKP,2,9363599,9369448,-,5849,protein_coding,Related to KPC1 [Source:UniProtKB/TrEMBL;Acc:F4IIK4],0.017345211227023278,0.21096687437262224,-0.3738601495517513,0.04256528576197033,0.2570457975927856,-0.31853018164026004,0.3746094737007179,0.7575535236043576,-0.13916635176892708,0,0,0,8
