ID,Path,Gene,Chromosome,Start,End,Strand,Length,BioType,Description,Flg22_vs_Mock_pvalue,Flg22_vs_Mock_padj,Flg22_vs_Mock_log2FoldChange,Flg22_SynCom33_vs_Mock_pvalue,Flg22_SynCom33_vs_Mock_padj,Flg22_SynCom33_vs_Mock_log2FoldChange,Flg22_SynCom35_vs_Mock_pvalue,Flg22_SynCom35_vs_Mock_padj,Flg22_SynCom35_vs_Mock_log2FoldChange,Flg22_vs_Mock,Flg22_SynCom33_vs_Mock,Flg22_SynCom35_vs_Mock,cl
AT5G27450.2,GO:0004496,MVK,5,9690428,9693225,+,2797,protein_coding,Mevalonate kinase [Source:UniProtKB/TrEMBL;Acc:A0A178UNV0],0.5596254172236381,0.9009816137633396,0.5369172250127641,0.5822234623432259,0.8590192708403181,0.5065810076625424,0.18341235648579035,NA,1.2151145901311564,0,0,0,6
AT5G27450.1,GO:0004496,MVK,5,9690589,9693225,+,2636,protein_coding,Mevalonate kinase [Source:UniProtKB/TrEMBL;Acc:A0A178UNV0],0.8642033768981559,0.9786222829193986,-0.03281918635902045,0.03291348579325201,0.22163835798952922,0.4077255568689689,0.16842728110480543,0.5600750654240974,0.2633688103182321,0,0,0,5
AT5G27450.3,GO:0004496,MVK,5,9690607,9693289,+,2682,protein_coding,Mevalonate kinase [Source:UniProtKB/TrEMBL;Acc:A0A178UNV0],0.5486132030914812,0.8971978299740472,-0.6854606666742785,0.9150799231987016,0.979383624454652,-0.12176941325181524,0.7337693036137161,0.9291357234957873,0.3881969264237859,0,0,0,1
