ID,Path,Gene,Chromosome,Start,End,Strand,Length,BioType,Description,Flg22_vs_Mock_pvalue,Flg22_vs_Mock_padj,Flg22_vs_Mock_log2FoldChange,Flg22_SynCom33_vs_Mock_pvalue,Flg22_SynCom33_vs_Mock_padj,Flg22_SynCom33_vs_Mock_log2FoldChange,Flg22_SynCom35_vs_Mock_pvalue,Flg22_SynCom35_vs_Mock_padj,Flg22_SynCom35_vs_Mock_log2FoldChange,Flg22_vs_Mock,Flg22_SynCom33_vs_Mock,Flg22_SynCom35_vs_Mock,cl
AT3G53270.2,GO:0042796,,3,19750047,19753198,-,3151,protein_coding,"Small nuclear RNA activating complex (SNAPc), subunit SNAP43 protein [Source:UniProtKB/TrEMBL;Acc:Q8RXK3]",0.26049329716040237,0.7381596154016415,1.0896565782995746,0.5835676263240008,0.8598943472612578,-0.5397574876188155,0.4510686279902134,0.805747627872628,0.7310644943408693,0,0,0,3
AT3G53270.5,GO:0042796,,3,19750123,19753149,-,3026,protein_coding,"Small nuclear RNA activating complex (SNAPc), subunit SNAP43 protein [Source:UniProtKB/TrEMBL;Acc:Q8RXK3]",0.32749743553691,0.7907541986105534,0.4850375744831118,0.7781807374249474,0.9374558522832783,0.14004003478196878,0.4136208026324992,0.7807664482215325,-0.4089200520739188,0,0,0,7
AT3G53270.7,GO:0042796,,3,19750123,19753202,-,3079,protein_coding,"Small nuclear RNA activating complex (SNAPc), subunit SNAP43 protein [Source:UniProtKB/TrEMBL;Acc:Q8RXK3]",0.6482193892099959,0.9273604099470842,0.1933168150205434,0.36203274812881475,0.7205321672848635,0.385618455471525,0.717142060114736,0.9241499593176822,0.15345325293280931,0,0,0,5
AT3G53270.8,GO:0042796,,3,19750126,19753280,-,3154,protein_coding,"Small nuclear RNA activating complex (SNAPc), subunit SNAP43 protein [Source:UniProtKB/TrEMBL;Acc:Q8RXK3]",0.7994573099393244,0.9656926372445539,0.15462655121279228,0.3085285966271832,0.6752312736735275,-0.6273772341436767,0.9283924878532237,0.983848907100618,0.054711782131119824,0,0,0,3
AT3G53270.6,GO:0042796,,3,19750275,19753199,-,2924,protein_coding,"Small nuclear RNA activating complex (SNAPc), subunit SNAP43 protein [Source:UniProtKB/TrEMBL;Acc:Q8RXK3]",0.45637593902488877,0.8641384981661862,-1.207146644994876,0.6374474920699232,NA,-0.7571929362475043,0.9142169526356332,NA,-0.1714768673499045,-0,0,0,8
