ID,Path,Gene,Chromosome,Start,End,Strand,Length,BioType,Description,Flg22_vs_Mock_pvalue,Flg22_vs_Mock_padj,Flg22_vs_Mock_log2FoldChange,Flg22_SynCom33_vs_Mock_pvalue,Flg22_SynCom33_vs_Mock_padj,Flg22_SynCom33_vs_Mock_log2FoldChange,Flg22_SynCom35_vs_Mock_pvalue,Flg22_SynCom35_vs_Mock_padj,Flg22_SynCom35_vs_Mock_log2FoldChange,Flg22_vs_Mock,Flg22_SynCom33_vs_Mock,Flg22_SynCom35_vs_Mock,cl
AT3G47690.1,GO:0035372,EB1A,3,17581096,17583586,+,2490,protein_coding,Microtubule-associated protein RP/EB family member 1A [Source:UniProtKB/Swiss-Prot;Acc:Q7XJ60],0.39781456621901057,0.8371044063123317,-0.22066989919201607,0.0721459074749236,0.3417491250644751,-0.47374959483919,0.7880192916009605,0.9459968346073203,0.06941791362114574,0,0,0,4
AT5G62500.1,GO:0035372,EB1B,5,25092641,25095310,+,2669,protein_coding,Microtubule-associated protein RP/EB family member 1B [Source:UniProtKB/Swiss-Prot;Acc:Q9FJJ5],0.9170078978778755,0.9882005320039144,0.011808276743229974,0.10162510573440398,0.4075617025738099,0.1841310541714348,0.410862013424169,0.7787489192962583,0.09250450753490123,0,0,0,1
AT5G67270.1,GO:0035372,EB1C,5,26840011,26842104,-,2093,protein_coding,EB1C [Source:UniProtKB/TrEMBL;Acc:A0A178UNG3],0.00316356953199147,0.07366146813018543,-0.5681061917522391,4.1121964518259166e-6,3.087823045195092e-4,-0.898513402372241,0.2511241644147117,0.6593413890089637,0.21576898322262464,0,0,0,4
