ID,Path,Gene,Chromosome,Start,End,Strand,Length,BioType,Description,Flg22_vs_Mock_pvalue,Flg22_vs_Mock_padj,Flg22_vs_Mock_log2FoldChange,Flg22_SynCom33_vs_Mock_pvalue,Flg22_SynCom33_vs_Mock_padj,Flg22_SynCom33_vs_Mock_log2FoldChange,Flg22_SynCom35_vs_Mock_pvalue,Flg22_SynCom35_vs_Mock_padj,Flg22_SynCom35_vs_Mock_log2FoldChange,Flg22_vs_Mock,Flg22_SynCom33_vs_Mock,Flg22_SynCom35_vs_Mock,cl
AT1G79070.1,GO:0031083,,1,29744271,29745815,-,1544,protein_coding,SNARE-associated protein-like protein [Source:UniProtKB/TrEMBL;Acc:Q8GXI5],0.38756794796164035,0.8313167769625168,-0.2238622838578817,0.6742568908947875,0.9015098098658244,-0.10809931126853153,0.439975860991451,0.7993424635914403,0.193944125045622,0,0,0,4
AT2G30330.1,GO:0031083,BLOS1,2,12928660,12929863,-,1203,protein_coding,Biogenesis of lysosome-related organelles complex 1 subunit 1 [Source:UniProtKB/Swiss-Prot;Acc:O22929],0.7107839324296357,0.9451763028424377,0.096671248145023,0.6661676216667376,0.8977863597752898,-0.11311569125378673,0.21662648863370146,0.619774966363765,-0.3250985801485551,0,0,0,2
AT2G30330.2,GO:0031083,BLOS1,2,12928767,12929799,-,1032,protein_coding,Biogenesis of lysosome-related organelles complex 1 subunit 1 [Source:UniProtKB/Swiss-Prot;Acc:O22929],0.7880199964896472,0.9629422442315023,0.32923265624908926,0.8525680310764631,NA,0.2280157148777851,0.22045380010617535,NA,-1.5946270579573052,0,0,-0,9
