ID,Path,Gene,Chromosome,Start,End,Strand,Length,BioType,Description,Flg22_vs_Mock_pvalue,Flg22_vs_Mock_padj,Flg22_vs_Mock_log2FoldChange,Flg22_SynCom33_vs_Mock_pvalue,Flg22_SynCom33_vs_Mock_padj,Flg22_SynCom33_vs_Mock_log2FoldChange,Flg22_SynCom35_vs_Mock_pvalue,Flg22_SynCom35_vs_Mock_padj,Flg22_SynCom35_vs_Mock_log2FoldChange,Flg22_vs_Mock,Flg22_SynCom33_vs_Mock,Flg22_SynCom35_vs_Mock,cl
AT1G30810.2,GO:0032453,JMJ18,1,10937903,10942292,-,4389,protein_coding,Lysine-specific demethylase JMJ18 [Source:UniProtKB/Swiss-Prot;Acc:F4I6G4],0.7141711197711906,0.94581248599283,0.06637434074445162,0.028446532588442246,0.20462057089352093,0.39496011085237553,0.14912013913457645,0.5341479815159627,0.2602306688706845,0,0,0,5
AT4G20400.1,GO:0032453,JMJ14,4,11008558,11013842,+,5284,protein_coding,Probable lysine-specific demethylase JMJ14 [Source:UniProtKB/Swiss-Prot;Acc:Q8GUI6],0.6409218514718118,0.9273392630027173,0.1361299865545202,0.5045221605455623,0.81529016247189,-0.1954971187448187,0.7049308557614871,0.91982182361519,0.11046920216219668,0,0,0,3
AT4G20400.2,GO:0032453,JMJ14,4,11009693,11013860,+,4167,protein_coding,Probable lysine-specific demethylase JMJ14 [Source:UniProtKB/Swiss-Prot;Acc:Q8GUI6],0.27105918030684034,0.7470863622527704,-0.159580252880871,0.9948891830081454,0.9983392758531023,-9.263654527114764e-4,0.7220293178369888,0.9252959744591847,0.05133381983108443,0,0,0,1
