ID,Path,Gene,Chromosome,Start,End,Strand,Length,BioType,Description,Flg22_vs_Mock_pvalue,Flg22_vs_Mock_padj,Flg22_vs_Mock_log2FoldChange,Flg22_SynCom33_vs_Mock_pvalue,Flg22_SynCom33_vs_Mock_padj,Flg22_SynCom33_vs_Mock_log2FoldChange,Flg22_SynCom35_vs_Mock_pvalue,Flg22_SynCom35_vs_Mock_padj,Flg22_SynCom35_vs_Mock_log2FoldChange,Flg22_vs_Mock,Flg22_SynCom33_vs_Mock,Flg22_SynCom35_vs_Mock,cl
AT2G27340.4,GO:0000225,,2,11696595,11699224,+,2629,protein_coding,At2g27340 [Source:UniProtKB/TrEMBL;Acc:Q6NLZ3],0.33950253952955706,0.7992102148369375,-0.635117888758612,0.830662050778048,0.9529337570905425,0.139690131261365,0.9026249107720439,0.97799220952303,0.07987530708686341,0,0,0,1
AT2G27340.2,GO:0000225,,2,11696595,11699224,+,2629,protein_coding,At2g27340 [Source:UniProtKB/TrEMBL;Acc:Q6NLZ3],0.7771787269184242,0.9602004892047421,-0.13818020189621852,0.590827977947525,0.8644082781748866,0.2601131165309589,0.319754060298098,0.7174122037210687,-0.48970070618025285,0,0,0,10
AT2G27340.3,GO:0000225,,2,11696595,11699224,+,2629,protein_coding,At2g27340 [Source:UniProtKB/TrEMBL;Acc:Q6NLZ3],0.41544092504415125,0.8456074432281361,1.638883568519808,0.6736580303940799,NA,0.8520274437693002,0.4078071594604225,NA,1.6650245351215338,0,0,0,6
AT2G27340.1,GO:0000225,,2,11697960,11699224,+,1264,protein_coding,At2g27340 [Source:UniProtKB/TrEMBL;Acc:Q6NLZ3],0.9198401555003919,0.9884770655970441,0.03991304580310246,0.6714164548802743,0.9003350695910377,0.16705906515195437,0.1993900377228538,0.6012135536187362,0.4945625467220458,0,0,0,1
AT3G58130.2,GO:0000225,,3,21527530,21529905,+,2375,protein_coding,At3g58130 [Source:UniProtKB/TrEMBL;Acc:Q6DBN0],0.6109390654638032,0.9165802815396694,0.08440277205030028,0.31809291326067896,0.6832579859587353,0.16496925871589124,0.7963013116859459,0.9482270771530488,0.042728869355039285,0,0,0,5
