ID,Path,Gene,Chromosome,Start,End,Strand,Length,BioType,Description,Flg22_vs_Mock_pvalue,Flg22_vs_Mock_padj,Flg22_vs_Mock_log2FoldChange,Flg22_SynCom33_vs_Mock_pvalue,Flg22_SynCom33_vs_Mock_padj,Flg22_SynCom33_vs_Mock_log2FoldChange,Flg22_SynCom35_vs_Mock_pvalue,Flg22_SynCom35_vs_Mock_padj,Flg22_SynCom35_vs_Mock_log2FoldChange,Flg22_vs_Mock,Flg22_SynCom33_vs_Mock,Flg22_SynCom35_vs_Mock,cl
AT2G40170.1,GO:0048700,EM6,2,16779552,16780368,-,816,protein_coding,Em-like protein GEA6 [Source:UniProtKB/Swiss-Prot;Acc:Q02973],0.03517525940827993,0.3134884477522524,2.108046532834119,0.2437606736446365,NA,1.1950799028066126,0.9793270682686422,NA,0.027993145772936476,0,0,0,7
AT4G29860.1,GO:0048700,DSE1,4,14601698,14605810,-,4112,protein_coding,Protein DECREASED SIZE EXCLUSION LIMIT 1 [Source:UniProtKB/Swiss-Prot;Acc:Q3MV14],0.5583527621370795,0.9008973223824984,0.11658347175819946,0.8409078870939046,0.9561765048481763,0.04010865598347804,0.3160224557485621,0.7154967288160085,-0.2015157707500427,0,0,0,2
