ID,Path,Gene,Chromosome,Start,End,Strand,Length,BioType,Description,Flg22_vs_Mock_pvalue,Flg22_vs_Mock_padj,Flg22_vs_Mock_log2FoldChange,Flg22_SynCom33_vs_Mock_pvalue,Flg22_SynCom33_vs_Mock_padj,Flg22_SynCom33_vs_Mock_log2FoldChange,Flg22_SynCom35_vs_Mock_pvalue,Flg22_SynCom35_vs_Mock_padj,Flg22_SynCom35_vs_Mock_log2FoldChange,Flg22_vs_Mock,Flg22_SynCom33_vs_Mock,Flg22_SynCom35_vs_Mock,cl
AT3G24180.1,GO:0006680,,3,8734611,8741819,-,7208,protein_coding,Non-lysosomal glucosylceramidase [Source:UniProtKB/TrEMBL;Acc:Q8VZ08],0.1623263238527214,0.6258736383243519,-0.4201476474890317,0.2052536916220029,0.5688526149487398,-0.3808537651271867,0.62365313731319,0.8908601865009012,-0.14739013130372622,0,0,0,8
AT3G24180.2,GO:0006680,,3,8734634,8741725,-,7091,protein_coding,Non-lysosomal glucosylceramidase [Source:UniProtKB/TrEMBL;Acc:Q8VZ08],0.718199111622461,0.9462766489264876,-0.04483216984648341,0.1490542963983649,0.4894668968709899,0.1789274050691524,0.5754523977772655,0.8709040221262409,0.06946041472545203,0,0,0,1
AT5G49900.2,GO:0006680,,5,20296518,20300249,-,3731,protein_coding,Non-lysosomal glucosylceramidase [Source:UniProtKB/TrEMBL;Acc:Q8GUI9],0.14541526802732244,0.6019430822264947,-0.7789142936249216,0.7209017091607843,0.9207450427318382,-0.19055206918023382,0.6894926518697313,0.9144833904119298,-0.21304937284788775,0,0,0,8
AT5G49900.1,GO:0006680,,5,20296518,20302490,-,5972,protein_coding,Non-lysosomal glucosylceramidase [Source:UniProtKB/TrEMBL;Acc:Q8GUI9],9.825848883363722e-4,0.033850429966916305,-0.7859127978230638,0.01142791121718623,0.11798140519233506,-0.6022196179029893,0.05865751248735963,0.3452856460535596,-0.4492806987404571,0,0,0,8
AT5G49900.3,GO:0006680,,5,20296836,20302575,-,5739,protein_coding,Non-lysosomal glucosylceramidase [Source:UniProtKB/TrEMBL;Acc:Q8GUI9],0.9963935466242619,0.9993324120936764,-0.005048584610446021,0.9031189772880002,0.9749727153543762,0.13593010321642635,0.7543001630287629,0.9352149304812711,0.3493724008379663,0,0,0,1
