ID,Path,Gene,Chromosome,Start,End,Strand,Length,BioType,Description,Flg22_vs_Mock_pvalue,Flg22_vs_Mock_padj,Flg22_vs_Mock_log2FoldChange,Flg22_SynCom33_vs_Mock_pvalue,Flg22_SynCom33_vs_Mock_padj,Flg22_SynCom33_vs_Mock_log2FoldChange,Flg22_SynCom35_vs_Mock_pvalue,Flg22_SynCom35_vs_Mock_padj,Flg22_SynCom35_vs_Mock_log2FoldChange,Flg22_vs_Mock,Flg22_SynCom33_vs_Mock,Flg22_SynCom35_vs_Mock,cl
AT4G28190.1,GO:0010081,ULT1,4,13984695,13987510,+,2815,protein_coding,"Developmental regulator, ULTRAPETALA [Source:UniProtKB/TrEMBL;Acc:F4JKJ1]",0.5319501226501735,0.8911515464358377,-0.24921274942422786,0.10489901453661012,0.4131803004703776,-0.6504152233577176,0.2881069260007563,0.6938552735560616,-0.42408740492979646,0,0,0,8
AT4G28190.2,GO:0010081,ULT1,4,13985023,13987442,+,2419,protein_coding,"Developmental regulator, ULTRAPETALA [Source:UniProtKB/TrEMBL;Acc:F4JKJ1]",0.6703990205641861,0.9348607041879532,0.34325797188239765,0.29602757329620527,0.663870294931892,0.8399211482734428,0.45525720100207623,0.8080697758379778,0.6007187623834287,0,0,0,5
