ID,Path,Gene,Chromosome,Start,End,Strand,Length,BioType,Description,Flg22_vs_Mock_pvalue,Flg22_vs_Mock_padj,Flg22_vs_Mock_log2FoldChange,Flg22_SynCom33_vs_Mock_pvalue,Flg22_SynCom33_vs_Mock_padj,Flg22_SynCom33_vs_Mock_log2FoldChange,Flg22_SynCom35_vs_Mock_pvalue,Flg22_SynCom35_vs_Mock_padj,Flg22_SynCom35_vs_Mock_log2FoldChange,Flg22_vs_Mock,Flg22_SynCom33_vs_Mock,Flg22_SynCom35_vs_Mock,cl
AT1G08260.1,GO:0006297,POL2A,1,2588854,2606892,+,18038,protein_coding,DNA polymerase epsilon catalytic subunit A [Source:UniProtKB/Swiss-Prot;Acc:F4HW04],0.0869042981211527,0.4854786420524116,-0.3230615970049574,0.00427416269312483,0.06235699061274639,-0.5407052116984402,0.2523104048219034,0.6604221106833336,0.21478247688073956,0,0,0,4
AT5G57160.1,GO:0006297,LIG4,5,23154965,23161826,-,6861,protein_coding,DNA ligase 4 [Source:UniProtKB/Swiss-Prot;Acc:Q9LL84],0.6199312887421258,0.9204588106753944,-0.06275275158591591,0.47570553364836154,0.7982469510321633,0.0899097603659743,0.28462423537051323,0.6909893831817527,0.13444910343464092,0,0,0,1
AT5G57160.2,GO:0006297,LIG4,5,23155150,23159747,-,4597,protein_coding,DNA ligase 4 [Source:UniProtKB/Swiss-Prot;Acc:Q9LL84],0.784643313930887,0.9622832696452184,-0.08368269516654087,0.7231426568423889,0.9214248088866843,0.10831425438746728,0.4067996809106752,0.7765678857774441,-0.2542478490784046,0,0,0,10
AT5G63960.1,GO:0006297,,5,25599514,25606841,+,7327,protein_coding,DNA polymerase [Source:UniProtKB/TrEMBL;Acc:F4KC69],0.8038003199696849,0.9662426756893417,-0.052333564789839165,0.5326671976172201,0.8321288797494188,-0.13165209062731545,0.32375792303974665,0.7213678251075576,0.2067647971136694,0,0,0,4
