ID,Path,Gene,Chromosome,Start,End,Strand,Length,BioType,Description,Flg22_vs_Mock_pvalue,Flg22_vs_Mock_padj,Flg22_vs_Mock_log2FoldChange,Flg22_SynCom33_vs_Mock_pvalue,Flg22_SynCom33_vs_Mock_padj,Flg22_SynCom33_vs_Mock_log2FoldChange,Flg22_SynCom35_vs_Mock_pvalue,Flg22_SynCom35_vs_Mock_padj,Flg22_SynCom35_vs_Mock_log2FoldChange,Flg22_vs_Mock,Flg22_SynCom33_vs_Mock,Flg22_SynCom35_vs_Mock,cl
AT1G67500.3,GO:0016035,REV3,1,25287356,25296988,-,9632,protein_coding,recovery protein 3 [Source:TAIR;Acc:AT1G67500],0.772083931001701,0.9589503794737418,-0.3984324152374986,0.3965305358215973,0.7465787517160384,-1.1690065171258415,0.9406224564980907,0.9860007815088144,-0.10238558790437692,0,-0,0,8
AT1G67500.5,GO:0016035,REV3,1,25287396,25296965,-,9569,protein_coding,recovery protein 3 [Source:TAIR;Acc:AT1G67500],0.14326275549350467,0.5978602491417199,-0.2786415057561756,0.13841487023665203,0.4732357635054335,-0.2821159948663277,3.317727762872923e-4,0.011830245359883562,-0.6864635935929888,0,0,0,2
