ID,Path,Gene,Chromosome,Start,End,Strand,Length,BioType,Description,Flg22_vs_Mock_pvalue,Flg22_vs_Mock_padj,Flg22_vs_Mock_log2FoldChange,Flg22_SynCom33_vs_Mock_pvalue,Flg22_SynCom33_vs_Mock_padj,Flg22_SynCom33_vs_Mock_log2FoldChange,Flg22_SynCom35_vs_Mock_pvalue,Flg22_SynCom35_vs_Mock_padj,Flg22_SynCom35_vs_Mock_log2FoldChange,Flg22_vs_Mock,Flg22_SynCom33_vs_Mock,Flg22_SynCom35_vs_Mock,cl
AT1G72880.2,GO:0008252,,1,27423385,27426215,-,2830,protein_coding,At1g72880 [Source:UniProtKB/TrEMBL;Acc:Q84MD7],0.22669375342247217,0.7035888376869545,-0.2901001978845624,0.45601562530347967,0.7862116495259197,0.17823728120549376,0.8896161351165948,0.9747532141271933,0.03319857476452246,0,0,0,1
AT1G72880.1,GO:0008252,,1,27423385,27426215,-,2830,protein_coding,At1g72880 [Source:UniProtKB/TrEMBL;Acc:Q84MD7],0.2169737536740143,0.6932738123383849,0.7875705602178606,0.05015883532659095,0.2816732423750612,1.2471874207194213,0.9696180556307262,0.9929793624367448,0.024394417066714386,0,0,0,9
AT4G14930.1,GO:0008252,,4,8538586,8541899,+,3313,protein_coding,At4g14930 [Source:UniProtKB/TrEMBL;Acc:Q8LAM2],0.018454297084619684,0.2188498372723463,0.7017907592874566,0.391378650663616,0.744272841478447,0.2576315079401049,0.5728186348761113,0.8697589854356248,0.16949163916086998,0,0,0,7
