ID,Path,Gene,Chromosome,Start,End,Strand,Length,BioType,Description,Flg22_vs_Mock_pvalue,Flg22_vs_Mock_padj,Flg22_vs_Mock_log2FoldChange,Flg22_SynCom33_vs_Mock_pvalue,Flg22_SynCom33_vs_Mock_padj,Flg22_SynCom33_vs_Mock_log2FoldChange,Flg22_SynCom35_vs_Mock_pvalue,Flg22_SynCom35_vs_Mock_padj,Flg22_SynCom35_vs_Mock_log2FoldChange,Flg22_vs_Mock,Flg22_SynCom33_vs_Mock,Flg22_SynCom35_vs_Mock,cl
AT1G69830.1,GO:0103025,AMY3,1,26288228,26293173,-,4945,protein_coding,"Alpha-amylase 3, chloroplastic [Source:UniProtKB/Swiss-Prot;Acc:Q94A41]",0.341421543704887,0.7998736566199515,-0.33374113497811236,0.6767795116737372,0.902484589156873,-0.14619785831142482,0.7496665025101643,0.9344791381388163,0.11185528501207913,0,0,0,4
AT1G76130.1,GO:0103025,AMY2,1,28561281,28564159,+,2878,protein_coding,Probable alpha-amylase 2 [Source:UniProtKB/Swiss-Prot;Acc:Q8LFG1],0.14828417233409857,0.6055691850439395,0.8413855605388704,0.7814867862435031,0.9388896367571284,0.16355853361434772,0.6696757518565245,0.9068989157424299,0.25055872223029235,0,0,0,7
AT4G25000.1,GO:0103025,AMY1,4,12851795,12853845,-,2050,protein_coding,Alpha-amylase 1 [Source:UniProtKB/Swiss-Prot;Acc:Q8VZ56],0.409651258567867,0.8433052028741346,-0.7108285390846221,0.42010844648838297,NA,-0.694859471015925,0.3760532179406245,NA,0.7235538329524323,0,0,0,4
