ID,Path,Gene,Chromosome,Start,End,Strand,Length,BioType,Description,Flg22_vs_Mock_pvalue,Flg22_vs_Mock_padj,Flg22_vs_Mock_log2FoldChange,Flg22_SynCom33_vs_Mock_pvalue,Flg22_SynCom33_vs_Mock_padj,Flg22_SynCom33_vs_Mock_log2FoldChange,Flg22_SynCom35_vs_Mock_pvalue,Flg22_SynCom35_vs_Mock_padj,Flg22_SynCom35_vs_Mock_log2FoldChange,Flg22_vs_Mock,Flg22_SynCom33_vs_Mock,Flg22_SynCom35_vs_Mock,cl
AT4G32980.2,GO:0010371,ATH1,4,15914722,15918044,-,3322,protein_coding,Homeobox protein ATH1 [Source:UniProtKB/Swiss-Prot;Acc:P48731],0.279158917373648,0.7543309842498512,1.2455371705838132,0.7273429473352919,NA,-0.4230469079309904,0.5171470689776353,NA,0.751769725122205,0,0,0,3
AT5G65640.1,GO:0010371,BHLH93,5,26236964,26239219,+,2255,protein_coding,Transcription factor bHLH93 [Source:UniProtKB/Swiss-Prot;Acc:Q9LSL1],0.17677023216445711,0.6480432448792287,0.2930874740828936,0.09078674373966064,0.3853061643842055,-0.3682666531495704,0.13405756750217881,0.5099868689069288,-0.32597997818062896,0,0,0,7
AT5G65640.2,GO:0010371,BHLH93,5,26237055,26239084,+,2029,protein_coding,Transcription factor bHLH93 [Source:UniProtKB/Swiss-Prot;Acc:Q9LSL1],0.9032269307036412,0.9867081025597555,0.1724585480488967,0.36540842531606643,0.7232274877265996,-1.286880218758495,0.040651754031724066,0.28567152036561577,-2.9314637316635737,0,-0,-0,2
