ID,Path,Gene,Chromosome,Start,End,Strand,Length,BioType,Description,Flg22_vs_Mock_pvalue,Flg22_vs_Mock_padj,Flg22_vs_Mock_log2FoldChange,Flg22_SynCom33_vs_Mock_pvalue,Flg22_SynCom33_vs_Mock_padj,Flg22_SynCom33_vs_Mock_log2FoldChange,Flg22_SynCom35_vs_Mock_pvalue,Flg22_SynCom35_vs_Mock_padj,Flg22_SynCom35_vs_Mock_log2FoldChange,Flg22_vs_Mock,Flg22_SynCom33_vs_Mock,Flg22_SynCom35_vs_Mock,cl
AT5G17660.1,GO:0036265,,5,5818548,5820975,-,2427,protein_coding,At5g17660 [Source:UniProtKB/TrEMBL;Acc:Q8L8R4],0.2414780321459058,0.7195788466424433,0.3505528609012648,0.24113950878183507,0.6112287681481192,0.35096366329407125,0.7974057090301899,0.9487258565543508,0.07754264391894378,0,0,0,9
AT5G24840.1,GO:0036265,,5,8533787,8535043,-,1256,protein_coding,tRNA (guanine-N(7)-)-methyltransferase [Source:UniProtKB/Swiss-Prot;Acc:Q8GXB7],0.6269219223667747,0.9231066717322858,-0.1253686608708536,0.5917777804788313,0.8648094751199753,-0.1384052354234908,0.5412610682877532,0.8550629960378143,0.1562188916758955,0,0,0,4
