ID,Path,Gene,Chromosome,Start,End,Strand,Length,BioType,Description,Flg22_vs_Mock_pvalue,Flg22_vs_Mock_padj,Flg22_vs_Mock_log2FoldChange,Flg22_SynCom33_vs_Mock_pvalue,Flg22_SynCom33_vs_Mock_padj,Flg22_SynCom33_vs_Mock_log2FoldChange,Flg22_SynCom35_vs_Mock_pvalue,Flg22_SynCom35_vs_Mock_padj,Flg22_SynCom35_vs_Mock_log2FoldChange,Flg22_vs_Mock,Flg22_SynCom33_vs_Mock,Flg22_SynCom35_vs_Mock,cl
AT5G10710.1,GO:0031511,,5,3378956,3382866,+,3910,protein_coding,Centromere protein O [Source:UniProtKB/TrEMBL;Acc:Q8GUP4],0.8757382115002093,0.9817411395338452,-0.03253446755775481,0.519792306080744,0.8244803621951858,-0.1344243422066775,0.9880200258090808,0.997850039079588,0.0031128300247295236,0,0,0,4
AT5G10710.2,GO:0031511,,5,3378956,3382866,+,3910,protein_coding,Centromere protein O [Source:UniProtKB/TrEMBL;Acc:Q8GUP4],0.01842786493297462,0.21862893885537996,-1.0665338512594005,0.9551994923785807,0.9901554479688568,-0.024309203167842144,0.13647793679275536,0.5135105103784968,-0.6573749075155807,-0,0,0,10
