ID,Path,Gene,Chromosome,Start,End,Strand,Length,BioType,Description,Flg22_vs_Mock_pvalue,Flg22_vs_Mock_padj,Flg22_vs_Mock_log2FoldChange,Flg22_SynCom33_vs_Mock_pvalue,Flg22_SynCom33_vs_Mock_padj,Flg22_SynCom33_vs_Mock_log2FoldChange,Flg22_SynCom35_vs_Mock_pvalue,Flg22_SynCom35_vs_Mock_padj,Flg22_SynCom35_vs_Mock_log2FoldChange,Flg22_vs_Mock,Flg22_SynCom33_vs_Mock,Flg22_SynCom35_vs_Mock,cl
AT1G14350.1,GO:0010235,MYB124,1,4908249,4911168,+,2919,protein_coding,MYB124 [Source:UniProtKB/TrEMBL;Acc:A0A178W3Z3],1.5167934944292237e-5,0.0015228280491920065,-0.881450080654503,2.1211348779557124e-4,0.00735692561353346,-0.7516915693386511,0.9716311439781854,0.9933917836822569,0.007065638819120906,0,0,0,8
AT1G14350.4,GO:0010235,MYB124,1,4908255,4910647,+,2392,protein_coding,MYB124 [Source:UniProtKB/TrEMBL;Acc:A0A178W3Z3],0.798790542355524,0.9656771389215525,0.17222400762081297,0.2942738285074928,0.6617591649605504,-0.7168815936594728,0.8016108459282494,0.9497736385787651,0.16964108412373152,0,0,0,3
AT1G49040.4,GO:0010235,SCD1,1,18139174,18148996,-,9822,protein_coding,SCD1 [Source:UniProtKB/TrEMBL;Acc:A0A178WQS8],0.5500451087784277,0.8974908738903817,-0.3519826059939228,0.5250462694143072,0.8276949531563864,0.3710473592201414,0.40196664017948164,0.7735302916401746,-0.494063891701625,0,0,0,10
AT1G49040.1,GO:0010235,SCD1,1,18139184,18149019,-,9835,protein_coding,SCD1 [Source:UniProtKB/TrEMBL;Acc:A0A178WQS8],0.6023631460309644,0.9142238114278536,-0.03632677236978817,0.6090697711918646,0.8728549733009757,0.03557741467496972,0.1929639000875046,0.5929653223023612,0.09012061898097311,0,0,0,1
AT3G22780.1,GO:0010235,TSO1,3,8048802,8052504,+,3702,protein_coding,CRC domain-containing protein TSO1 [Source:UniProtKB/Swiss-Prot;Acc:Q9LUI3],0.19127931318613514,0.6666052831201632,-0.19111033389073237,0.13272332328181893,0.46369007531415263,-0.22003528306091216,0.0725273947561253,0.3836790754697858,0.26043105843483305,0,0,0,4
AT3G48750.1,GO:0010235,CDKA-1,3,18071454,18074641,+,3187,protein_coding,Cyclin-dependent kinase A-1 [Source:UniProtKB/Swiss-Prot;Acc:P24100],0.8059266936741816,0.9662426756893417,-0.02320265242227422,0.05220281007319041,0.2874935715838143,-0.1844317575322781,0.2130414622121862,0.6154925682418578,0.1168270284529861,0,0,0,4
