ID,Path,Gene,Chromosome,Start,End,Strand,Length,BioType,Description,Flg22_vs_Mock_pvalue,Flg22_vs_Mock_padj,Flg22_vs_Mock_log2FoldChange,Flg22_SynCom33_vs_Mock_pvalue,Flg22_SynCom33_vs_Mock_padj,Flg22_SynCom33_vs_Mock_log2FoldChange,Flg22_SynCom35_vs_Mock_pvalue,Flg22_SynCom35_vs_Mock_padj,Flg22_SynCom35_vs_Mock_log2FoldChange,Flg22_vs_Mock,Flg22_SynCom33_vs_Mock,Flg22_SynCom35_vs_Mock,cl
AT1G54130.1,GO:0008728,RSH3,1,20210772,20213942,+,3170,protein_coding,"Probable GTP diphosphokinase RSH3, chloroplastic [Source:UniProtKB/Swiss-Prot;Acc:Q9SYH1]",0.0055325191902783856,0.10614479112252592,0.281613574107229,0.04385827546704869,0.26089802193078176,0.2049910329995203,0.18156790746320767,0.57936903373482,-0.13674565611819953,0,0,0,9
AT3G14050.1,GO:0008728,RSH2,3,4650714,4654046,-,3332,protein_coding,"Probable GTP diphosphokinase RSH2, chloroplastic [Source:UniProtKB/Swiss-Prot;Acc:Q9LVJ3]",0.7484443510235363,0.9530196132125169,0.07943003523517582,0.03771550455743809,0.2397418286859898,0.51427188690007275,0.22606889367886007,0.6332245248720475,0.29966293090481416,0,0,0,5
AT3G17470.1,GO:0008728,ATCRSH,3,5979834,5982145,+,2311,protein_coding,Ca2+-activated RelA/spot-like protein [Source:UniProtKB/TrEMBL;Acc:A0A1I9LR76],0.07251279676215147,0.4469854104066771,-0.3925176749275487,0.34992856518359783,0.71047373792447,-0.20240867592148917,0.10015936729176483,0.45098896842696584,0.3468905102143109,0,0,0,4
