ID,Path,Gene,Chromosome,Start,End,Strand,Length,BioType,Description,Flg22_vs_Mock_pvalue,Flg22_vs_Mock_padj,Flg22_vs_Mock_log2FoldChange,Flg22_SynCom33_vs_Mock_pvalue,Flg22_SynCom33_vs_Mock_padj,Flg22_SynCom33_vs_Mock_log2FoldChange,Flg22_SynCom35_vs_Mock_pvalue,Flg22_SynCom35_vs_Mock_padj,Flg22_SynCom35_vs_Mock_log2FoldChange,Flg22_vs_Mock,Flg22_SynCom33_vs_Mock,Flg22_SynCom35_vs_Mock,cl
AT4G24460.3,GO:0034635,CLT2,4,12642844,12645458,+,2614,protein_coding,"Protein CLT2, chloroplastic [Source:UniProtKB/Swiss-Prot;Acc:A1L4X0]",0.5911156516723886,0.910141178910532,-0.29005459595862565,0.010767325623533481,0.11382117475887811,-1.4451829535417038,0.30910506950247646,0.7096186311266015,-0.5521798994898369,0,-0,0,3
AT4G24460.1,GO:0034635,CLT2,4,12642844,12645458,+,2614,protein_coding,"Protein CLT2, chloroplastic [Source:UniProtKB/Swiss-Prot;Acc:A1L4X0]",0.9310774905970262,0.990882914792884,0.07443656523731924,0.9725933659384419,0.9938516312448091,-0.029596815064842054,0.8132932019979022,0.9535427957459082,-0.20361854965069182,0,0,0,2
AT5G12170.2,GO:0034635,CLT3,5,3931349,3935142,+,3793,protein_coding,"Protein CLT3, chloroplastic [Source:UniProtKB/Swiss-Prot;Acc:Q8RWL5]",0.6142956195784839,0.918639399925947,-0.08901142355646005,0.5131953444707076,0.8202123495773868,-0.11556858647821594,6.057623926211192e-4,0.018194046993356913,-0.6111563718782895,0,0,0,2
AT5G12170.3,GO:0034635,CLT3,5,3931484,3935129,+,3645,protein_coding,"Protein CLT3, chloroplastic [Source:UniProtKB/Swiss-Prot;Acc:Q8RWL5]",0.23630702415779567,0.7140448817350609,1.5534923035986774,0.40679254124532627,0.7531909741724916,1.090436405394584,0.8772450126207694,NA,0.20413909271132774,0,0,0,7
AT5G19380.1,GO:0034635,CLT1,5,6526812,6530713,-,3901,protein_coding,CRT (Chloroquine-resistance transporter)-like transporter 1 [Source:UniProtKB/TrEMBL;Acc:F4K139],0.03543468947863165,0.31469913981799336,0.36338456665583957,0.3746783325133244,0.7302740716870395,-0.15636295215536947,0.19730278707344123,0.5987273526000062,-0.22689465089132485,0,0,0,7
