ID,Path,Gene,Chromosome,Start,End,Strand,Length,BioType,Description,Flg22_vs_Mock_pvalue,Flg22_vs_Mock_padj,Flg22_vs_Mock_log2FoldChange,Flg22_SynCom33_vs_Mock_pvalue,Flg22_SynCom33_vs_Mock_padj,Flg22_SynCom33_vs_Mock_log2FoldChange,Flg22_SynCom35_vs_Mock_pvalue,Flg22_SynCom35_vs_Mock_padj,Flg22_SynCom35_vs_Mock_log2FoldChange,Flg22_vs_Mock,Flg22_SynCom33_vs_Mock,Flg22_SynCom35_vs_Mock,cl
AT1G01370.4,GO:0051307,HTR12,1,143522,145676,+,2154,protein_coding,Histone H3-like centromeric protein HTR12 [Source:UniProtKB/Swiss-Prot;Acc:Q8RVQ9],0.2286437401855835,0.7049257695561986,-0.3493760466340849,0.26868286858797524,0.6394610092531521,-0.3205328064247194,0.1358407393542001,0.5126187935704472,0.4110282680828744,0,0,0,4
AT4G22970.1,GO:0051307,ESP,4,12033437,12043670,-,10233,protein_coding,homolog of separase [Source:TAIR;Acc:AT4G22970],0.8878541614351875,0.9838690090241347,0.22730780641251508,0.3730266859409803,0.7291043559836837,1.4323600749490408,0.2125001389130609,0.6150539391205991,2.003207331269037,0,0,0,1
AT4G22970.2,GO:0051307,ESP,4,12033439,12043728,-,10289,protein_coding,homolog of separase [Source:TAIR;Acc:AT4G22970],0.8972248929030392,0.9853433104017497,-0.13469063698477562,0.4121831289152387,0.7572136179525351,-0.8566869735348318,0.6540025060025849,0.9023854260960191,-0.4676236072137248,0,0,0,3
