ID,Path,Gene,Chromosome,Start,End,Strand,Length,BioType,Description,Flg22_vs_Mock_pvalue,Flg22_vs_Mock_padj,Flg22_vs_Mock_log2FoldChange,Flg22_SynCom33_vs_Mock_pvalue,Flg22_SynCom33_vs_Mock_padj,Flg22_SynCom33_vs_Mock_log2FoldChange,Flg22_SynCom35_vs_Mock_pvalue,Flg22_SynCom35_vs_Mock_padj,Flg22_SynCom35_vs_Mock_log2FoldChange,Flg22_vs_Mock,Flg22_SynCom33_vs_Mock,Flg22_SynCom35_vs_Mock,cl
AT1G54380.1,GO:0032797,,1,20297805,20300979,-,3174,protein_coding,Spliceosome protein-like protein [Source:UniProtKB/TrEMBL;Acc:Q9C5M7],0.24647738506780273,0.7260239293101869,-0.14766884343774797,0.020835989202093372,0.1693207562668301,-0.296653652580743,0.8155402512725821,0.9539312769296385,-0.029478176511633876,0,0,0,4
AT1G54385.1,GO:0032797,SINE1,1,20301072,20303928,-,2856,protein_coding,Protein SINE1 [Source:UniProtKB/Swiss-Prot;Acc:Q5XVI1],0.9369492953931159,0.991619555940246,0.03350978292351498,0.40583737103598355,0.7524650565533035,-0.35427215173531396,0.43390768980091854,0.7961372179095865,0.3300281286110368,0,0,0,4
AT3G03970.5,GO:0032797,SINE2,3,1027902,1030677,-,2775,protein_coding,Protein SINE2 [Source:UniProtKB/Swiss-Prot;Acc:Q9SQR5],0.1391059501666764,0.5906004348369454,-1.0342100238123537,0.10330583617636754,0.41002029943793183,-1.1406373574698057,0.5488466419488003,0.858527471521732,-0.4164828643555112,-0,-0,0,8
AT3G03970.6,GO:0032797,SINE2,3,1027970,1030677,-,2707,protein_coding,Protein SINE2 [Source:UniProtKB/Swiss-Prot;Acc:Q9SQR5],0.3559791042048277,0.8103824687537158,-0.9212454646276597,0.4244014213888218,0.765624585544242,-0.7953679732757045,0.08728067840998648,NA,-1.741399808503393,0,0,-0,2
