ID,Path,Gene,Chromosome,Start,End,Strand,Length,BioType,Description,Flg22_vs_Mock_pvalue,Flg22_vs_Mock_padj,Flg22_vs_Mock_log2FoldChange,Flg22_SynCom33_vs_Mock_pvalue,Flg22_SynCom33_vs_Mock_padj,Flg22_SynCom33_vs_Mock_log2FoldChange,Flg22_SynCom35_vs_Mock_pvalue,Flg22_SynCom35_vs_Mock_padj,Flg22_SynCom35_vs_Mock_log2FoldChange,Flg22_vs_Mock,Flg22_SynCom33_vs_Mock,Flg22_SynCom35_vs_Mock,cl
AT2G43750.2,GO:0009509,OASB,2,18129435,18132637,-,3202,protein_coding,Cysteine synthase [Source:UniProtKB/TrEMBL;Acc:Q0WW95],0.9150891461855148,0.9880719325342092,0.013245819013588045,0.02695802940353448,0.19805568363646187,-0.27560214512812464,0.9726856580594133,0.9937941802180051,0.004251275121908147,0,0,0,3
AT2G43750.1,GO:0009509,OASB,2,18129435,18132638,-,3203,protein_coding,Cysteine synthase [Source:UniProtKB/TrEMBL;Acc:Q0WW95],0.22888411750977752,0.7049257695561986,1.5077722487515282,0.38983827157880135,0.7429202053439201,1.0811233925391983,0.7587516218611787,NA,0.3886448841050991,0,0,0,7
AT2G48120.1,GO:0009509,PAC,2,19679730,19681546,+,1816,protein_coding,"Protein PALE CRESS, chloroplastic [Source:UniProtKB/Swiss-Prot;Acc:Q39089]",0.6393141500877894,0.9266154801512588,-0.10406008669387011,0.6493725569650046,0.8915714684544482,-0.10098316114233839,0.3985046744870415,0.7717319052410243,0.1843363827759018,0,0,0,4
AT3G04870.2,GO:0009509,ZDS1,3,1342575,1346387,+,3812,protein_coding,"Zeta-carotene desaturase, chloroplastic/chromoplastic [Source:UniProtKB/Swiss-Prot;Acc:Q38893]",0.007769728088555896,0.13143952805732256,0.2949177266012087,0.3806579898138786,0.7353743097012659,-0.09843058109231721,2.998375544937785e-6,2.862496780163223e-4,-0.5319419805898546,0,0,0,7
