ID,Path,Gene,Chromosome,Start,End,Strand,Length,BioType,Description,Flg22_vs_Mock_pvalue,Flg22_vs_Mock_padj,Flg22_vs_Mock_log2FoldChange,Flg22_SynCom33_vs_Mock_pvalue,Flg22_SynCom33_vs_Mock_padj,Flg22_SynCom33_vs_Mock_log2FoldChange,Flg22_SynCom35_vs_Mock_pvalue,Flg22_SynCom35_vs_Mock_padj,Flg22_SynCom35_vs_Mock_log2FoldChange,Flg22_vs_Mock,Flg22_SynCom33_vs_Mock,Flg22_SynCom35_vs_Mock,cl
AT1G20580.1,GO:0034715,SMD3B,1,7128867,7130799,+,1932,protein_coding,Small nuclear ribonucleoprotein SmD3b [Source:UniProtKB/Swiss-Prot;Acc:Q9LM92],0.910505655006992,0.9872868128618356,0.01421685763409278,0.8186659866472414,0.9503137950566339,-0.029033600527954055,0.032591140095072406,0.25544080896995064,0.2685041691343127,0,0,0,4
AT1G76300.1,GO:0034715,SMD3A,1,28625871,28627408,+,1537,protein_coding,Small nuclear ribonucleoprotein SmD3a [Source:UniProtKB/Swiss-Prot;Acc:Q9S7E6],0.26032127539017536,0.7381596154016415,-0.1871750032393023,0.10107293534386164,0.4068100253981861,-0.27354425093819623,0.09991874224045735,0.45032692034861804,0.2695543979090959,0,0,0,4
AT3G07590.3,GO:0034715,SMD1A,3,2423051,2423958,+,907,protein_coding,Small nuclear ribonucleoprotein SmD1a [Source:UniProtKB/Swiss-Prot;Acc:Q9SSF1],0.6720168634889893,NA,0.42146005012469284,0.9706788225833753,NA,0.03724877122863987,0.9850103641510861,NA,-0.01900620113407005,0,0,0,7
AT3G07590.1,GO:0034715,SMD1A,3,2423053,2424166,+,1113,protein_coding,Small nuclear ribonucleoprotein SmD1a [Source:UniProtKB/Swiss-Prot;Acc:Q9SSF1],0.8304278756736881,0.9698597075340092,-0.07331348685839181,0.6428638740498295,0.8884285965880825,-0.15917992472757642,0.7363914763722785,0.9297795052956558,0.11446977715987103,0,0,0,4
AT5G62290.1,GO:0034715,,5,25019175,25021131,+,1956,protein_coding,Chloride conductance regulatory protein ICln [Source:UniProtKB/Swiss-Prot;Acc:Q9LVA7],0.34413934223930875,0.801600268304256,-0.29372461127547833,0.7518517260298154,0.9290909738409675,-0.09780505329178374,0.620517924637024,0.8896025404277174,0.1522546658953866,0,0,0,4
