ID,Path,Gene,Chromosome,Start,End,Strand,Length,BioType,Description,Flg22_vs_Mock_pvalue,Flg22_vs_Mock_padj,Flg22_vs_Mock_log2FoldChange,Flg22_SynCom33_vs_Mock_pvalue,Flg22_SynCom33_vs_Mock_padj,Flg22_SynCom33_vs_Mock_log2FoldChange,Flg22_SynCom35_vs_Mock_pvalue,Flg22_SynCom35_vs_Mock_padj,Flg22_SynCom35_vs_Mock_log2FoldChange,Flg22_vs_Mock,Flg22_SynCom33_vs_Mock,Flg22_SynCom35_vs_Mock,cl
AT2G38010.3,GO:0102121,,2,15906645,15909867,+,3222,protein_coding,,0.9308879730781289,0.990882914792884,0.0270401222357114,0.021278735749145426,0.17133536514520348,-0.725121964411167,0.3510327456712107,0.7410868394546415,-0.29151409084188856,0,0,0,3
AT2G38010.1,GO:0102121,,2,15906862,15909931,+,3069,protein_coding,,0.2551536321525288,0.7340908371224819,0.35520523671185833,0.720018764802199,0.9202027401070986,-0.11275007960678493,0.7530479298010849,0.9352149304812711,0.09846494797755183,0,0,0,3
