ID,Path,Gene,Chromosome,Start,End,Strand,Length,BioType,Description,Flg22_vs_Mock_pvalue,Flg22_vs_Mock_padj,Flg22_vs_Mock_log2FoldChange,Flg22_SynCom33_vs_Mock_pvalue,Flg22_SynCom33_vs_Mock_padj,Flg22_SynCom33_vs_Mock_log2FoldChange,Flg22_SynCom35_vs_Mock_pvalue,Flg22_SynCom35_vs_Mock_padj,Flg22_SynCom35_vs_Mock_log2FoldChange,Flg22_vs_Mock,Flg22_SynCom33_vs_Mock,Flg22_SynCom35_vs_Mock,cl
AT4G27650.2,GO:0070651,PEL1,4,13803268,13808003,-,4735,protein_coding,Protein pelota homolog [Source:UniProtKB/TrEMBL;Acc:A0A178V176],0.844303194791731,0.9736425191153222,-0.2967056635679551,0.8079396747749832,0.9468856142994656,0.36701104416970864,0.7242729352388715,0.9256393518353461,-0.5330442781336456,0,0,0,10
AT4G27650.1,GO:0070651,PEL1,4,13803282,13808031,-,4749,protein_coding,Protein pelota homolog [Source:UniProtKB/TrEMBL;Acc:A0A178V176],0.7463945587629817,0.9529854144178901,0.06196589277582486,0.7328212765995046,0.9235369706519224,0.06541779546443058,0.1499226024459482,0.5344619482474986,-0.2769861128033544,0,0,0,2
