ID,Path,Gene,Chromosome,Start,End,Strand,Length,BioType,Description,Flg22_vs_Mock_pvalue,Flg22_vs_Mock_padj,Flg22_vs_Mock_log2FoldChange,Flg22_SynCom33_vs_Mock_pvalue,Flg22_SynCom33_vs_Mock_padj,Flg22_SynCom33_vs_Mock_log2FoldChange,Flg22_SynCom35_vs_Mock_pvalue,Flg22_SynCom35_vs_Mock_padj,Flg22_SynCom35_vs_Mock_log2FoldChange,Flg22_vs_Mock,Flg22_SynCom33_vs_Mock,Flg22_SynCom35_vs_Mock,cl
AT3G19510.1,GO:0035098,HAT3.1,3,6762761,6766597,-,3836,protein_coding,Homeobox protein HAT3.1 [Source:UniProtKB/Swiss-Prot;Acc:Q04996],0.24030395697983148,0.7181316065724304,0.19480329298811072,0.4874578866748426,0.8050564728312789,0.11537474545668341,0.9506026092673139,0.9883435279555125,0.010296546062497816,0,0,0,7
AT3G20740.1,GO:0035098,FIE,3,7248809,7252452,-,3643,protein_coding,Polycomb group protein FERTILIZATION-INDEPENDENT ENDOSPERM [Source:UniProtKB/Swiss-Prot;Acc:Q9LT47],0.47142218651459905,0.8697241721577282,0.08837831424579404,0.9913630335226413,0.9978620192163213,-0.001335758964989715,0.985936326564517,0.9972015497508793,0.0021638062363807616,0,0,0,3
AT3G63270.1,GO:0035098,ALP1,3,23375584,23377661,-,2077,protein_coding,Protein ANTAGONIST OF LIKE HETEROCHROMATIN PROTEIN 1 [Source:UniProtKB/Swiss-Prot;Acc:Q94K49],0.9325664069981238,0.9914882613431455,-0.01121637165827613,0.059026478892031525,0.30570104903216955,-0.25425703584313797,0.4187953345373963,0.7844018124265665,-0.1072661564709888,0,0,0,3
AT4G29940.1,GO:0035098,PRH,4,14648139,14653465,-,5326,protein_coding,Pathogenesis-related homeodomain protein [Source:UniProtKB/Swiss-Prot;Acc:P48785],0.9884334795411324,0.9976691739398755,-0.0019661495400494383,0.6849261243614385,0.9062006139917409,-0.055122035547096986,0.6830384707909938,0.9122401050006969,-0.05534253183815719,0,0,0,3
