ID,Path,Gene,Chromosome,Start,End,Strand,Length,BioType,Description,Flg22_vs_Mock_pvalue,Flg22_vs_Mock_padj,Flg22_vs_Mock_log2FoldChange,Flg22_SynCom33_vs_Mock_pvalue,Flg22_SynCom33_vs_Mock_padj,Flg22_SynCom33_vs_Mock_log2FoldChange,Flg22_SynCom35_vs_Mock_pvalue,Flg22_SynCom35_vs_Mock_padj,Flg22_SynCom35_vs_Mock_log2FoldChange,Flg22_vs_Mock,Flg22_SynCom33_vs_Mock,Flg22_SynCom35_vs_Mock,cl
AT1G04640.1,GO:0017118,LIP2,1,1292023,1293398,+,1375,protein_coding,LIP2 [Source:UniProtKB/TrEMBL;Acc:A0A178WI01],0.12920764405273047,0.5728450961635063,-0.33360621643664085,0.6238009189655189,0.8791797620989302,-0.10579863861028246,0.13933803500566178,0.5188352338904522,0.3074323122457664,0,0,0,4
AT1G47580.1,GO:0017118,DYW1,1,17485576,17486463,+,887,protein_coding,"Pentatricopeptide repeat-containing protein DWY1, chloroplastic [Source:UniProtKB/Swiss-Prot;Acc:P0C7R1]",0.4906660674302292,0.8768902716239193,0.2534536376179552,0.8303864034036889,0.9528512953556991,0.07949441206305448,0.12483462215207052,0.49550756306459537,0.5553865592148758,0,0,0,6
AT4G31050.1,GO:0017118,LIP2P,4,15114250,15115633,+,1383,protein_coding,"Octanoyltransferase LIP2p, chloroplastic [Source:UniProtKB/Swiss-Prot;Acc:Q948J9]",0.17733528052020503,0.6487697248721492,-0.3691604321126131,0.7265123440982186,0.9220166820777135,-0.0936392690381201,0.6681370091818177,0.906601250247951,0.11237950965106862,0,0,0,1
