ID,Path,Gene,Chromosome,Start,End,Strand,Length,BioType,Description,Flg22_vs_Mock_pvalue,Flg22_vs_Mock_padj,Flg22_vs_Mock_log2FoldChange,Flg22_SynCom33_vs_Mock_pvalue,Flg22_SynCom33_vs_Mock_padj,Flg22_SynCom33_vs_Mock_log2FoldChange,Flg22_SynCom35_vs_Mock_pvalue,Flg22_SynCom35_vs_Mock_padj,Flg22_SynCom35_vs_Mock_log2FoldChange,Flg22_vs_Mock,Flg22_SynCom33_vs_Mock,Flg22_SynCom35_vs_Mock,cl
AT1G22170.1,GO:0004619,,1,7826268,7828326,+,2058,protein_coding,At1g22170 [Source:UniProtKB/TrEMBL;Acc:Q9LM13],0.6697544915833384,0.9345436241165862,0.17380543243815794,0.290541021424476,0.658709938258646,-0.43155374369284893,0.044098730983760034,0.29868447916872154,-0.8230299891398858,0,0,0,2
AT4G09520.1,GO:0004619,,4,6024804,6027123,-,2319,protein_coding,Cofactor-independent phosphoglycerate mutase [Source:UniProtKB/TrEMBL;Acc:F4JK17],0.7891664387468703,0.9630851172825717,0.032698826472535726,0.6724787632741993,0.9006717578675277,0.051673668357945055,0.3981760010445918,0.7716602788403089,-0.10361860112631581,0,0,0,9
