ID,Path,Gene,Chromosome,Start,End,Strand,Length,BioType,Description,Flg22_vs_Mock_pvalue,Flg22_vs_Mock_padj,Flg22_vs_Mock_log2FoldChange,Flg22_SynCom33_vs_Mock_pvalue,Flg22_SynCom33_vs_Mock_padj,Flg22_SynCom33_vs_Mock_log2FoldChange,Flg22_SynCom35_vs_Mock_pvalue,Flg22_SynCom35_vs_Mock_padj,Flg22_SynCom35_vs_Mock_log2FoldChange,Flg22_vs_Mock,Flg22_SynCom33_vs_Mock,Flg22_SynCom35_vs_Mock,cl
AT2G45270.1,GO:0061711,GCP1,2,18666409,18669873,+,3464,protein_coding,"Probable tRNA N6-adenosine threonylcarbamoyltransferase, mitochondrial [Source:UniProtKB/Swiss-Prot;Acc:O22145]",0.6301895603478935,0.9242631402869206,0.10452546783355415,0.6938181221692197,0.9095314724639051,-0.08644755515804675,0.5011014860126073,0.8333982561961192,0.14514569891850174,0,0,0,4
AT4G22720.2,GO:0061711,,4,11937064,11938966,+,1902,protein_coding,Probable tRNA N6-adenosine threonylcarbamoyltransferase [Source:UniProtKB/TrEMBL;Acc:O49653],0.21449501830794562,0.6909933818000447,-0.17464248561533519,0.08666042622122472,0.3771419099366946,-0.24195575986696444,0.7131958885595124,0.9233387489119781,0.051035581998505754,0,0,0,4
