ID,Path,Gene,Chromosome,Start,End,Strand,Length,BioType,Description,Flg22_vs_Mock_pvalue,Flg22_vs_Mock_padj,Flg22_vs_Mock_log2FoldChange,Flg22_SynCom33_vs_Mock_pvalue,Flg22_SynCom33_vs_Mock_padj,Flg22_SynCom33_vs_Mock_log2FoldChange,Flg22_SynCom35_vs_Mock_pvalue,Flg22_SynCom35_vs_Mock_padj,Flg22_SynCom35_vs_Mock_log2FoldChange,Flg22_vs_Mock,Flg22_SynCom33_vs_Mock,Flg22_SynCom35_vs_Mock,cl
AT1G15980.1,GO:0010598,PNSB1,1,5489145,5491363,+,2218,protein_coding,"Photosynthetic NDH subunit of subcomplex B 1, chloroplastic [Source:UniProtKB/Swiss-Prot;Acc:Q9S9N6]",0.0813220081008303,NA,2.4056469317990015,0.14157625196547852,NA,2.0489682598285506,0.09294205506914066,NA,2.3191124249737465,0,0,0,6
AT1G64770.1,GO:0010598,NDF2,1,24057297,24059621,+,2324,protein_coding,NDH-dependent cyclic electron flow 1 [Source:UniProtKB/TrEMBL;Acc:F4I890],0.2179466629856919,NA,1.6746096480342425,0.17903742990078303,NA,1.8205504830272903,0.23455450559226057,NA,1.6149736439546707,0,0,0,6
AT1G70760.1,GO:0010598,ndhL,1,26687202,26688384,+,1182,protein_coding,"NAD(P)H-quinone oxidoreductase subunit L, chloroplastic [Source:UniProtKB/Swiss-Prot;Acc:Q9CAC5]",0.6836201048941852,NA,0.56354925056791,0.4436331728737706,NA,1.0326090618303578,0.7247670995965251,NA,0.4867351463919203,0,0,0,5
AT1G74880.1,GO:0010598,ndhO,1,28129828,28131077,-,1249,protein_coding,"NAD(P)H-quinone oxidoreductase subunit O, chloroplastic [Source:UniProtKB/Swiss-Prot;Acc:Q9S829]",0.009776717406507525,0.15208167983751802,1.4979110375863751,0.10259968956509384,0.4092114028025004,0.9712862215988932,0.037059144537090125,NA,1.2193305480900227,0,0,0,6
AT2G01590.1,GO:0010598,CRR3,2,266559,267926,+,1367,protein_coding,CRR3 [Source:UniProtKB/TrEMBL;Acc:A0A178VVT4],0.5208266818979013,0.8884486131268284,0.6413317995981792,0.3950803945770252,NA,0.8462078718917543,0.9948661225027349,NA,0.006518141202662756,0,0,0,9
AT4G23890.1,GO:0010598,ndhS,4,12420414,12421464,-,1050,protein_coding,"NAD(P)H-quinone oxidoreductase subunit S, chloroplastic [Source:UniProtKB/Swiss-Prot;Acc:Q9T0A4]",0.6113890799898503,0.9167890535115468,-0.13865172675302764,0.38225977506044373,0.7370010942332171,-0.2397186761327517,0.2783448297410744,0.684215787668414,-0.2969256399518197,0,0,0,8
AT5G58260.1,GO:0010598,ndhN,5,23560568,23562001,-,1433,protein_coding,NdhN [Source:UniProtKB/TrEMBL;Acc:A0A178UG88],0.6459396277871565,NA,-0.9297045007163312,0.8467137723927861,NA,0.36039645414644855,0.7701790683457483,NA,0.5388336966330339,0,0,0,1
