ID,Path,Gene,Chromosome,Start,End,Strand,Length,BioType,Description,Flg22_vs_Mock_pvalue,Flg22_vs_Mock_padj,Flg22_vs_Mock_log2FoldChange,Flg22_SynCom33_vs_Mock_pvalue,Flg22_SynCom33_vs_Mock_padj,Flg22_SynCom33_vs_Mock_log2FoldChange,Flg22_SynCom35_vs_Mock_pvalue,Flg22_SynCom35_vs_Mock_padj,Flg22_SynCom35_vs_Mock_log2FoldChange,Flg22_vs_Mock,Flg22_SynCom33_vs_Mock,Flg22_SynCom35_vs_Mock,cl
AT4G17410.3,GO:0061659,,4,9715761,9721932,+,6171,protein_coding,"DWNN domain, a CCHC-type zinc finger [Source:TAIR;Acc:AT4G17410]",0.2830958454714104,0.7579924576516822,0.584674526343879,0.7127012462652782,0.9170449015739556,0.20116667630163756,0.32754916685230256,0.7242029607739568,0.5332045237475399,0,0,0,6
AT4G17410.4,GO:0061659,,4,9715763,9720357,+,4594,protein_coding,"DWNN domain, a CCHC-type zinc finger [Source:TAIR;Acc:AT4G17410]",0.8512900269650872,0.9756119077467166,-0.06486646065541923,0.4128389023363339,0.7574865451235635,-0.28467801036974766,0.8519355243589035,0.9644563065037681,0.06434633943017233,0,0,0,4
