ID,Path,Gene,Chromosome,Start,End,Strand,Length,BioType,Description,Flg22_vs_Mock_pvalue,Flg22_vs_Mock_padj,Flg22_vs_Mock_log2FoldChange,Flg22_SynCom33_vs_Mock_pvalue,Flg22_SynCom33_vs_Mock_padj,Flg22_SynCom33_vs_Mock_log2FoldChange,Flg22_SynCom35_vs_Mock_pvalue,Flg22_SynCom35_vs_Mock_padj,Flg22_SynCom35_vs_Mock_log2FoldChange,Flg22_vs_Mock,Flg22_SynCom33_vs_Mock,Flg22_SynCom35_vs_Mock,cl
AT1G70760.1,GO:0016655,ndhL,1,26687202,26688384,+,1182,protein_coding,"NAD(P)H-quinone oxidoreductase subunit L, chloroplastic [Source:UniProtKB/Swiss-Prot;Acc:Q9CAC5]",0.6836201048941852,NA,0.56354925056791,0.4436331728737706,NA,1.0326090618303578,0.7247670995965251,NA,0.4867351463919203,0,0,0,5
AT1G74880.1,GO:0016655,ndhO,1,28129828,28131077,-,1249,protein_coding,"NAD(P)H-quinone oxidoreductase subunit O, chloroplastic [Source:UniProtKB/Swiss-Prot;Acc:Q9S829]",0.009776717406507525,0.15208167983751802,1.4979110375863751,0.10259968956509384,0.4092114028025004,0.9712862215988932,0.037059144537090125,NA,1.2193305480900227,0,0,0,6
AT5G47890.1,GO:0016655,,5,19388704,19390937,+,2233,protein_coding,NADH dehydrogenase [ubiquinone] 1 alpha subcomplex subunit 2 [Source:UniProtKB/Swiss-Prot;Acc:Q9FIJ2],0.2168305268225741,0.6932738123383849,0.16882794908257812,0.44726447840462646,0.7813448679709684,0.10397783657766717,0.9051818419504932,0.978301969851137,-0.016302963119990438,0,0,0,7
AT5G54500.1,GO:0016655,FQR1,5,22124390,22126618,+,2228,protein_coding,Flavodoxin-like quinone reductase 1 [Source:UniProtKB/TrEMBL;Acc:F4K0D0],0.9581858141976813,0.994027733842867,0.011071865106966871,0.0015471136489489268,0.03090292028131125,0.6681689319893485,0.9692052677710019,0.9929629450949912,-0.008151891104032893,0,0,0,5
AT5G58260.1,GO:0016655,ndhN,5,23560568,23562001,-,1433,protein_coding,NdhN [Source:UniProtKB/TrEMBL;Acc:A0A178UG88],0.6459396277871565,NA,-0.9297045007163312,0.8467137723927861,NA,0.36039645414644855,0.7701790683457483,NA,0.5388336966330339,0,0,0,1
