ID,Path,Gene,Chromosome,Start,End,Strand,Length,BioType,Description,Flg22_vs_Mock_pvalue,Flg22_vs_Mock_padj,Flg22_vs_Mock_log2FoldChange,Flg22_SynCom33_vs_Mock_pvalue,Flg22_SynCom33_vs_Mock_padj,Flg22_SynCom33_vs_Mock_log2FoldChange,Flg22_SynCom35_vs_Mock_pvalue,Flg22_SynCom35_vs_Mock_padj,Flg22_SynCom35_vs_Mock_log2FoldChange,Flg22_vs_Mock,Flg22_SynCom33_vs_Mock,Flg22_SynCom35_vs_Mock,cl
AT1G25220.1,GO:0004049,ASB1,1,8837070,8839609,-,2539,protein_coding,Anthranilate synthase beta subunit 1 [Source:UniProtKB/TrEMBL;Acc:F4IAW5],1.5745078677269873e-4,0.009000722425081764,0.5693462042431653,1.5945654874262054e-5,9.42090317208599e-4,0.6496834249558582,0.4258414361913991,0.7895871500495321,-0.1209001597580646,0,0,0,9
AT2G29690.1,GO:0004049,ASA2,2,12693734,12697091,+,3357,protein_coding,"Anthranilate synthase alpha subunit 2, chloroplastic [Source:UniProtKB/Swiss-Prot;Acc:P32069]",0.8199230941010587,0.9680612780538831,-0.07319183200157017,0.10588072521062189,0.4155161540309398,-0.5220355852378502,0.2919365720161331,0.696767013851799,0.3377717487015326,0,0,0,4
AT2G29690.2,GO:0004049,ASA2,2,12693779,12697012,+,3233,protein_coding,"Anthranilate synthase alpha subunit 2, chloroplastic [Source:UniProtKB/Swiss-Prot;Acc:P32069]",0.9552066776813917,0.99359763643049,-0.05988235745250109,0.954439661923306,0.9899894011752799,-0.06091078278520929,0.5045168537275541,0.834741533793632,-0.7127754399170305,0,0,0,2
AT5G05730.1,GO:0004049,ASA1,5,1719533,1722933,-,3400,protein_coding,Anthranilate synthase alpha subunit 1 [Source:UniProtKB/TrEMBL;Acc:F4K0T5],0.0012891334725227048,0.04016676051038207,0.8467291421047056,0.0028280767341032124,0.0470447764642095,0.7857097429372157,0.13410943758904806,0.5101035335205246,0.3946075150749924,0,0,0,9
AT5G05730.2,GO:0004049,ASA1,5,1719575,1722910,-,3335,protein_coding,Anthranilate synthase alpha subunit 1 [Source:UniProtKB/TrEMBL;Acc:F4K0T5],0.556708984340361,0.9002930177448099,0.8312431549901084,0.30220210754424603,0.6702666974930517,1.4542219029908643,0.6630084944412236,NA,0.6169063530558268,0,0,0,5
AT5G57890.1,GO:0004049,ASB2,5,23447340,23449679,-,2339,protein_coding,"Anthranilate synthase beta subunit 2, chloroplastic [Source:UniProtKB/Swiss-Prot;Acc:Q9FJM5]",0.4510145371378846,0.8617100328479629,-0.19405830515125969,0.6080919260504936,0.8721045217717333,-0.13168296744789112,0.084693752308101,0.4144400680539546,0.4310740445786439,0,0,0,4
