ID,Path,Gene,Chromosome,Start,End,Strand,Length,BioType,Description,Flg22_vs_Mock_pvalue,Flg22_vs_Mock_padj,Flg22_vs_Mock_log2FoldChange,Flg22_SynCom33_vs_Mock_pvalue,Flg22_SynCom33_vs_Mock_padj,Flg22_SynCom33_vs_Mock_log2FoldChange,Flg22_SynCom35_vs_Mock_pvalue,Flg22_SynCom35_vs_Mock_padj,Flg22_SynCom35_vs_Mock_log2FoldChange,Flg22_vs_Mock,Flg22_SynCom33_vs_Mock,Flg22_SynCom35_vs_Mock,cl
AT2G02710.4,GO:0050896,TLP1,2,758693,761024,-,2331,protein_coding,Protein TWIN LOV 1 [Source:UniProtKB/Swiss-Prot;Acc:O64511],0.736625658558127,0.9518210538092751,-0.2588729992849127,0.2939976253965049,0.6614700507121565,0.7995593609703866,0.23257735793090878,0.6406575111586701,0.9084235940429605,0,0,0,1
AT2G02710.1,GO:0050896,TLP1,2,758693,761064,-,2371,protein_coding,Protein TWIN LOV 1 [Source:UniProtKB/Swiss-Prot;Acc:O64511],0.07342590950906026,0.44887235950639176,-0.6838554022068163,0.08609965929073922,0.37602208385946717,0.6534980457606304,0.07892318393099,0.40099978015031834,0.6688650607632974,0,0,0,1
AT2G02710.2,GO:0050896,TLP1,2,758694,761013,-,2319,protein_coding,Protein TWIN LOV 1 [Source:UniProtKB/Swiss-Prot;Acc:O64511],0.2661274571992126,0.7431144215912692,-0.5499078798350213,0.20129102908324842,0.5637155374326371,0.6285782699156688,0.04238363289817678,0.29250299491231696,0.9972432456607826,0,0,0,1
AT2G47590.1,GO:0050896,PHR2,2,19521774,19524095,+,2321,protein_coding,At2g47590 [Source:UniProtKB/TrEMBL;Acc:Q058P5],0.8340013033138958,0.970542629013237,-0.04367316485603006,0.45139210511614486,0.7839149385537102,-0.15719765189689894,0.3538975384854825,0.7428315120103056,0.19249934182040201,0,0,0,4
