ID,Path,Gene,Chromosome,Start,End,Strand,Length,BioType,Description,Flg22_vs_Mock_pvalue,Flg22_vs_Mock_padj,Flg22_vs_Mock_log2FoldChange,Flg22_SynCom33_vs_Mock_pvalue,Flg22_SynCom33_vs_Mock_padj,Flg22_SynCom33_vs_Mock_log2FoldChange,Flg22_SynCom35_vs_Mock_pvalue,Flg22_SynCom35_vs_Mock_padj,Flg22_SynCom35_vs_Mock_log2FoldChange,Flg22_vs_Mock,Flg22_SynCom33_vs_Mock,Flg22_SynCom35_vs_Mock,cl
AT1G31070.1,GO:0003977,GLCNAC1PUT1,1,11084666,11088589,+,3923,protein_coding,GlcNAc1pUT1 [Source:UniProtKB/TrEMBL;Acc:A0A178W850],0.36172008481721857,0.8132834972560298,-0.4427518278657934,0.7556964957461033,0.9301908922752188,-0.15007167929279092,0.2683939614200399,0.6760571588151314,0.5272292998963846,0,0,0,4
AT1G31070.2,GO:0003977,GLCNAC1PUT1,1,11084666,11088589,+,3923,protein_coding,GlcNAc1pUT1 [Source:UniProtKB/TrEMBL;Acc:A0A178W850],0.12454081627397799,0.5661294197668957,-0.31513590198681746,0.20310110618560914,0.5661306445957637,-0.26103775958368947,0.15575648802686426,0.5431496722641398,0.28989115972394486,0,0,0,4
AT2G35020.1,GO:0003977,GLCNAC1PUT2,2,14756511,14760709,+,4198,protein_coding,UDP-N-acetylglucosamine diphosphorylase 2 [Source:UniProtKB/Swiss-Prot;Acc:O64765],0.8244879972718083,0.968944803618052,0.0246595040810501,0.5598758033958326,0.8463468487597502,0.06476562776793453,0.38038984717719587,0.7615210049170341,-0.0976728921589073,0,0,0,9
AT3G56040.1,GO:0003977,UGP3,3,20792477,20797670,-,5193,protein_coding,"UTP--glucose-1-phosphate uridylyltransferase 3, chloroplastic [Source:UniProtKB/Swiss-Prot;Acc:F4IY62]",0.4375943345280185,0.8555493058186868,-0.1639691668476884,0.778894522179191,0.9377694960417512,-0.05912484226064195,0.8311489025456406,0.958616438824633,0.04464787536544677,0,0,0,4
AT5G46420.1,GO:0003977,,5,18829436,18833060,+,3624,protein_coding,16S rRNA processing protein RimM family [Source:UniProtKB/TrEMBL;Acc:Q9FHG3],0.15820331830091636,0.6199537850177311,-0.2666257843545992,0.12775165558334386,0.4537817131859738,-0.2879634182234012,0.5589096552854451,0.8638414860749786,0.10952574962301839,0,0,0,4
