ID,Path,Gene,Chromosome,Start,End,Strand,Length,BioType,Description,Flg22_vs_Mock_pvalue,Flg22_vs_Mock_padj,Flg22_vs_Mock_log2FoldChange,Flg22_SynCom33_vs_Mock_pvalue,Flg22_SynCom33_vs_Mock_padj,Flg22_SynCom33_vs_Mock_log2FoldChange,Flg22_SynCom35_vs_Mock_pvalue,Flg22_SynCom35_vs_Mock_padj,Flg22_SynCom35_vs_Mock_log2FoldChange,Flg22_vs_Mock,Flg22_SynCom33_vs_Mock,Flg22_SynCom35_vs_Mock,cl
AT1G31230.1,GO:0004412,AKHSDH1,1,11158618,11163274,-,4656,protein_coding,"Bifunctional aspartokinase/homoserine dehydrogenase 1, chloroplastic [Source:UniProtKB/Swiss-Prot;Acc:Q9SA18]",0.134051807367496,0.5817981369958057,0.2525204663677813,0.04232411879210666,0.25625810102918645,-0.34368326743447253,0.7381217724638487,0.9306832475355238,-0.05643098190636595,0,0,0,3
AT4G19710.2,GO:0004412,AKHSDH2,4,10724814,10729768,+,4954,protein_coding,"Bifunctional aspartokinase/homoserine dehydrogenase 2, chloroplastic [Source:UniProtKB/Swiss-Prot;Acc:O81852]",0.05480412285969178,0.39341832020062184,-0.4150757944393161,0.3297537594846426,0.6925866330029931,-0.2101969938705255,0.23765274728672195,0.6457476614212736,0.2534630347960199,0,0,0,4
AT5G21060.2,GO:0004412,,5,7148978,7152876,-,3898,protein_coding,Homoserine dehydrogenase [Source:UniProtKB/TrEMBL;Acc:F4K6Y8],0.5917483121824463,0.910141178910532,0.23135468403327955,0.7614884636689407,0.9320131811943192,0.13104509689377566,0.7527929043863217,0.9352149304812711,0.13588651269850413,0,0,0,6
AT5G21060.1,GO:0004412,,5,7148978,7152922,-,3944,protein_coding,Homoserine dehydrogenase [Source:UniProtKB/TrEMBL;Acc:F4K6Y8],0.5109026664163845,0.8840980162469478,-0.3040922983297907,0.23618994425241427,0.6051730784308696,-0.5490426627542514,0.8430028163388233,0.9621569169406498,0.09133700594852887,0,0,0,4
