ID,Path,Gene,Chromosome,Start,End,Strand,Length,BioType,Description,Flg22_vs_Mock_pvalue,Flg22_vs_Mock_padj,Flg22_vs_Mock_log2FoldChange,Flg22_SynCom33_vs_Mock_pvalue,Flg22_SynCom33_vs_Mock_padj,Flg22_SynCom33_vs_Mock_log2FoldChange,Flg22_SynCom35_vs_Mock_pvalue,Flg22_SynCom35_vs_Mock_padj,Flg22_SynCom35_vs_Mock_log2FoldChange,Flg22_vs_Mock,Flg22_SynCom33_vs_Mock,Flg22_SynCom35_vs_Mock,cl
AT2G03150.1,GO:0030374,emb1579,2,951888,959228,+,7340,protein_coding,Protein SHORT ROOT IN SALT MEDIUM 1 [Source:UniProtKB/Swiss-Prot;Acc:F4IS91],0.36368165245914774,0.8143805873397703,-0.11913540795443273,0.9594966917160156,0.991016639132821,-0.00665386569125871,0.42836013102061504,0.7913298035854992,0.10358071391574081,0,0,0,4
AT2G03150.2,GO:0030374,emb1579,2,951930,959236,+,7306,protein_coding,Protein SHORT ROOT IN SALT MEDIUM 1 [Source:UniProtKB/Swiss-Prot;Acc:F4IS91],0.16158877372405267,0.6246567955816229,0.7695817805349828,0.6326698164493869,0.8832275657349615,0.26361080858365926,0.36529587237124167,0.7514980013079321,-0.5023769955461527,0,0,0,7
