ID,Path,Gene,Chromosome,Start,End,Strand,Length,BioType,Description,Flg22_vs_Mock_pvalue,Flg22_vs_Mock_padj,Flg22_vs_Mock_log2FoldChange,Flg22_SynCom33_vs_Mock_pvalue,Flg22_SynCom33_vs_Mock_padj,Flg22_SynCom33_vs_Mock_log2FoldChange,Flg22_SynCom35_vs_Mock_pvalue,Flg22_SynCom35_vs_Mock_padj,Flg22_SynCom35_vs_Mock_log2FoldChange,Flg22_vs_Mock,Flg22_SynCom33_vs_Mock,Flg22_SynCom35_vs_Mock,cl
AT1G66530.1,GO:0006420,,1,24818911,24822410,-,3499,protein_coding,"Arginine--tRNA ligase, cytoplasmic [Source:UniProtKB/Swiss-Prot;Acc:Q9C713]",0.7846803795218859,0.9622832696452184,-0.048224280764748204,0.5328817387272713,0.8322155870833966,-0.1102106570694408,0.9936401382281859,0.9988282641624343,-0.0014039646360366868,0,0,0,4
AT4G26300.1,GO:0006420,emb1027,4,13307977,13313109,-,5132,protein_coding,"Arginyl-tRNA synthetase, class Ic [Source:TAIR;Acc:AT4G26300]",0.13713439107098097,0.5872605761029273,-0.24545342993550673,0.9595999363516362,0.9910664535283941,-0.008345899165591511,0.12184066586689633,0.4901982979752982,0.2541850898892371,0,0,0,1
