ID,Path,Gene,Chromosome,Start,End,Strand,Length,BioType,Description,Flg22_vs_Mock_pvalue,Flg22_vs_Mock_padj,Flg22_vs_Mock_log2FoldChange,Flg22_SynCom33_vs_Mock_pvalue,Flg22_SynCom33_vs_Mock_padj,Flg22_SynCom33_vs_Mock_log2FoldChange,Flg22_SynCom35_vs_Mock_pvalue,Flg22_SynCom35_vs_Mock_padj,Flg22_SynCom35_vs_Mock_log2FoldChange,Flg22_vs_Mock,Flg22_SynCom33_vs_Mock,Flg22_SynCom35_vs_Mock,cl
AT1G68990.1,GO:0034245,MGP3,1,25934997,25940996,-,5999,protein_coding,DNA-directed RNA polymerase [Source:UniProtKB/TrEMBL;Acc:F4I0I3],0.01313151338083242,0.18031284548736107,-0.5236547679432922,0.014053676526034613,0.13415520695880873,-0.5185700203372725,0.7992550477575622,0.9492433667189812,0.05329761345639561,0,0,0,4
AT2G24120.1,GO:0034245,RPOT3,2,10248851,10254641,-,5790,protein_coding,"DNA-directed RNA polymerase 3, chloroplastic [Source:UniProtKB/Swiss-Prot;Acc:O24600]",0.08614635530845778,0.4839173135977192,-0.31637729843297185,0.17797703604318582,0.5343829889082913,-0.24794330319173116,0.07824215497039885,0.3988029161605627,0.31950965098462897,0,0,0,4
AT5G15700.1,GO:0034245,,5,5114761,5121841,-,7080,protein_coding,DNA-directed RNA polymerase [Source:UniProtKB/TrEMBL;Acc:F4KB75],0.4573735201780062,0.8641770004360009,-0.19940783130985812,0.5941327504351827,0.8661073793141547,-0.14288298798164675,0.10038134903577503,0.4512400202180648,-0.44195106491990477,0,0,0,2
AT5G15700.2,GO:0034245,,5,5115300,5121840,-,6540,protein_coding,DNA-directed RNA polymerase [Source:UniProtKB/TrEMBL;Acc:F4KB75],0.04599293340648602,0.3601643996782443,-1.143125121987087,0.026279759628347867,0.19533321048145713,-1.2742233492436348,0.7236245919503237,0.9256393518353461,-0.20157018990368875,-0,-0,0,8
