ID,Path,Gene,Chromosome,Start,End,Strand,Length,BioType,Description,Flg22_vs_Mock_pvalue,Flg22_vs_Mock_padj,Flg22_vs_Mock_log2FoldChange,Flg22_SynCom33_vs_Mock_pvalue,Flg22_SynCom33_vs_Mock_padj,Flg22_SynCom33_vs_Mock_log2FoldChange,Flg22_SynCom35_vs_Mock_pvalue,Flg22_SynCom35_vs_Mock_padj,Flg22_SynCom35_vs_Mock_log2FoldChange,Flg22_vs_Mock,Flg22_SynCom33_vs_Mock,Flg22_SynCom35_vs_Mock,cl
AT2G31270.1,GO:0000281,CDT1A,2,13328862,13331831,+,2969,protein_coding,"CDT1-like protein a, chloroplastic [Source:UniProtKB/Swiss-Prot;Acc:Q9SJW9]",0.10076269907317673,0.51739707453215,-0.3561160162280667,0.5819822013274265,0.8590192708403181,-0.1187701379824491,0.12001892580379028,0.48802554753542565,0.3318680574523203,0,0,0,4
AT3G17360.2,GO:0000281,POK1,3,5935880,5946539,+,10659,protein_coding,Phragmoplast orienting kinesin 1 [Source:UniProtKB/TrEMBL;Acc:A0A1I9LN37],0.2977933012680297,0.7687462524287476,-1.1569795885611767,0.32077292011290537,0.6846888718902974,-1.1032300881007064,0.9580176787259082,0.990222354648618,-0.05842412794894471,-0,-0,0,8
AT3G17360.1,GO:0000281,POK1,3,5935880,5946539,+,10659,protein_coding,Phragmoplast orienting kinesin 1 [Source:UniProtKB/TrEMBL;Acc:A0A1I9LN37],0.861111644141259,0.9780716311962583,0.18105476381037408,0.37416692954464237,0.7298712285043956,-0.9214857754559195,0.46296366823291357,0.812161289948041,0.7590728691401659,0,0,0,4
AT3G19050.1,GO:0000281,KIN12D,3,6577724,6590253,+,12529,protein_coding,POK2 [Source:UniProtKB/TrEMBL;Acc:A0A178VJB1],0.019586808652988324,0.22680698519175527,-0.538159143979804,0.003231383404777832,0.051491433720947055,-0.6798951413260945,0.02892524652238111,0.23880699410962417,0.5002640883398758,0,0,0,4
AT3G54710.1,GO:0000281,CDT1B,3,20251812,20254323,+,2511,protein_coding,CDT1-like protein b [Source:UniProtKB/Swiss-Prot;Acc:Q9M1S9],0.25442013084936316,0.7329586476337072,-0.3951031192408326,0.3672128281005985,0.724401206795354,-0.31190641356655413,0.2018623181868589,0.6044049357098217,0.432964748229768,0,0,0,4
