ID,Path,Gene,Chromosome,Start,End,Strand,Length,BioType,Description,Flg22_vs_Mock_pvalue,Flg22_vs_Mock_padj,Flg22_vs_Mock_log2FoldChange,Flg22_SynCom33_vs_Mock_pvalue,Flg22_SynCom33_vs_Mock_padj,Flg22_SynCom33_vs_Mock_log2FoldChange,Flg22_SynCom35_vs_Mock_pvalue,Flg22_SynCom35_vs_Mock_padj,Flg22_SynCom35_vs_Mock_log2FoldChange,Flg22_vs_Mock,Flg22_SynCom33_vs_Mock,Flg22_SynCom35_vs_Mock,cl
AT1G80210.2,GO:0070537,BRCC36A,1,30163129,30165755,-,2626,protein_coding,At1g80210/F18B13_28 [Source:UniProtKB/TrEMBL;Acc:Q8RW94],0.9249100019998603,0.9890928265532498,0.029336406913414565,0.23644110131558915,0.6051730784308696,0.36316814419366455,0.7009283930819239,0.9183604880059321,0.1185912365498714,0,0,0,5
AT1G80210.1,GO:0070537,BRCC36A,1,30163129,30165755,-,2626,protein_coding,At1g80210/F18B13_28 [Source:UniProtKB/TrEMBL;Acc:Q8RW94],0.23604208777257263,0.7139056736516016,0.1674249152281383,0.04121384049882831,0.2525483751820058,0.28718752806178616,0.29005949828872085,0.6951719625665994,-0.15106680360653404,0,0,0,9
