ID,Path,Gene,Chromosome,Start,End,Strand,Length,BioType,Description,Flg22_vs_Mock_pvalue,Flg22_vs_Mock_padj,Flg22_vs_Mock_log2FoldChange,Flg22_SynCom33_vs_Mock_pvalue,Flg22_SynCom33_vs_Mock_padj,Flg22_SynCom33_vs_Mock_log2FoldChange,Flg22_SynCom35_vs_Mock_pvalue,Flg22_SynCom35_vs_Mock_padj,Flg22_SynCom35_vs_Mock_log2FoldChange,Flg22_vs_Mock,Flg22_SynCom33_vs_Mock,Flg22_SynCom35_vs_Mock,cl
AT1G73590.1,GO:0045177,PIN1,1,27659673,27663253,+,3580,protein_coding,Auxin efflux carrier component [Source:UniProtKB/TrEMBL;Acc:A0A178WFG7],0.9526157435495939,0.99359763643049,0.012467688303660561,0.8710154429466509,0.9654724203072682,-0.03409376399402083,0.027709188145071135,0.2323554020195613,0.45920788923321426,0,0,0,4
AT3G51300.1,GO:0045177,ARAC11,3,19042858,19044393,+,1535,protein_coding,Rac-like GTP-binding protein ARAC11 [Source:UniProtKB/Swiss-Prot;Acc:P92978],0.5839853075279061,0.9082234439600343,0.1547826060524176,0.7574583294072079,0.9308123618759256,-0.08826158835099226,0.4576188786235482,0.8094416074556751,-0.21262517282460835,0,0,0,7
AT4G24580.3,GO:0045177,REN1,4,12687879,12694428,-,6549,protein_coding,Rho GTPase-activating protein REN1 [Source:UniProtKB/Swiss-Prot;Acc:F4JQZ3],0.3332042928945847,0.7943287102946662,1.0307187583940252,0.6703812392448092,0.9001558572750178,0.4548430646171491,0.7693867475380339,0.9400387605053385,0.31341673285599936,0,0,0,7
AT4G24580.2,GO:0045177,REN1,4,12687879,12694656,-,6777,protein_coding,Rho GTPase-activating protein REN1 [Source:UniProtKB/Swiss-Prot;Acc:F4JQZ3],0.00803531707002811,0.13381525948190096,-0.6891649969259342,0.6104267340513141,0.8733070452124829,0.13162741863838318,0.3968321050973199,0.7708507698370063,-0.21927887857385672,0,0,0,10
AT4G24580.1,GO:0045177,REN1,4,12687879,12694656,-,6777,protein_coding,Rho GTPase-activating protein REN1 [Source:UniProtKB/Swiss-Prot;Acc:F4JQZ3],0.34385264448839153,0.8013692008290486,1.1122526843874811,0.23014557801947416,0.5990871916645206,1.4095760919731462,0.26928830284559657,0.6768924866638139,1.2976825705877344,0,0,0,6
AT5G35390.1,GO:0045177,PRK1,5,13596824,13599269,+,2445,protein_coding,Pollen receptor-like kinase 1 [Source:UniProtKB/Swiss-Prot;Acc:C0LGU0],0.35206251895320523,NA,-0.8049238014091383,0.5015011772902406,NA,0.5350545835856251,0.3132985617062488,NA,-0.8708794158820553,0,0,0,10
