ID,Path,Gene,Chromosome,Start,End,Strand,Length,BioType,Description,Flg22_vs_Mock_pvalue,Flg22_vs_Mock_padj,Flg22_vs_Mock_log2FoldChange,Flg22_SynCom33_vs_Mock_pvalue,Flg22_SynCom33_vs_Mock_padj,Flg22_SynCom33_vs_Mock_log2FoldChange,Flg22_SynCom35_vs_Mock_pvalue,Flg22_SynCom35_vs_Mock_padj,Flg22_SynCom35_vs_Mock_log2FoldChange,Flg22_vs_Mock,Flg22_SynCom33_vs_Mock,Flg22_SynCom35_vs_Mock,cl
AT5G05600.1,GO:0097237,,5,1672070,1674770,+,2700,protein_coding,Probable 2-oxoglutarate-dependent dioxygenase At5g05600 [Source:UniProtKB/Swiss-Prot;Acc:Q9FFF6],0.19442058893592462,0.668982780652327,-0.4164251837664211,0.5576408713215146,0.8453926180275748,-0.18810177789948218,0.5511722806849981,0.8594551867841634,-0.1911748500236635,0,0,0,8
AT5G05600.2,GO:0097237,,5,1672096,1674758,+,2662,protein_coding,Probable 2-oxoglutarate-dependent dioxygenase At5g05600 [Source:UniProtKB/Swiss-Prot;Acc:Q9FFF6],0.7056414072661967,0.9438708815286968,-0.11507565811550471,0.6411688558931095,0.8878057882307854,0.1410800080778345,0.6374192255481427,0.8962089724877107,-0.1433871282113559,0,0,0,10
