ID,Path,Gene,Chromosome,Start,End,Strand,Length,BioType,Description,Flg22_vs_Mock_pvalue,Flg22_vs_Mock_padj,Flg22_vs_Mock_log2FoldChange,Flg22_SynCom33_vs_Mock_pvalue,Flg22_SynCom33_vs_Mock_padj,Flg22_SynCom33_vs_Mock_log2FoldChange,Flg22_SynCom35_vs_Mock_pvalue,Flg22_SynCom35_vs_Mock_padj,Flg22_SynCom35_vs_Mock_log2FoldChange,Flg22_vs_Mock,Flg22_SynCom33_vs_Mock,Flg22_SynCom35_vs_Mock,cl
AT2G01330.1,GO:0030864,AIP1-1,2,158183,160870,-,2687,protein_coding,Actin-interacting protein 1-1 [Source:UniProtKB/Swiss-Prot;Acc:Q9ZU34],0.6866979850905435,0.9384196103438033,0.06983584963043381,0.6631344806484559,0.8969787819490234,0.07543773700034412,0.7892783093739094,0.9461309288166431,0.04613711851543299,0,0,0,6
AT3G18060.1,GO:0030864,AIP1-2,3,6183612,6187151,+,3539,protein_coding,Actin-interacting protein 1-2 [Source:UniProtKB/Swiss-Prot;Acc:Q9LV35],0.04574230234554002,0.3588059923438645,-0.20039436602474592,0.04245811332298699,0.25694709643145797,-0.20356014087430413,0.3615277384572636,0.7484526431865535,-0.09135291391092669,0,0,0,8
AT4G34490.1,GO:0030864,ATCAP1,4,16484470,16487533,-,3063,protein_coding,cyclase associated protein 1 [Source:TAIR;Acc:AT4G34490],0.14863850560580427,0.606130904138038,-0.21351501541793008,0.97099914655986,0.9934333636020988,-0.005367665243571463,0.12328906237041043,0.49280030423904186,0.2271541976011526,0,0,0,1
