ID,Path,Gene,Chromosome,Start,End,Strand,Length,BioType,Description,Flg22_vs_Mock_pvalue,Flg22_vs_Mock_padj,Flg22_vs_Mock_log2FoldChange,Flg22_SynCom33_vs_Mock_pvalue,Flg22_SynCom33_vs_Mock_padj,Flg22_SynCom33_vs_Mock_log2FoldChange,Flg22_SynCom35_vs_Mock_pvalue,Flg22_SynCom35_vs_Mock_padj,Flg22_SynCom35_vs_Mock_log2FoldChange,Flg22_vs_Mock,Flg22_SynCom33_vs_Mock,Flg22_SynCom35_vs_Mock,cl
AT1G78390.1,GO:0010436,NCED9,1,29490705,29492875,-,2170,protein_coding,"9-cis-epoxycarotenoid dioxygenase NCED9, chloroplastic [Source:UniProtKB/Swiss-Prot;Acc:Q9M9F5]",0.8509810821284757,0.9755383689612521,0.1309803561380163,0.2326175118439615,0.6019338391038253,-0.8793365916667746,0.426445295941108,NA,0.5452981294730135,0,0,0,4
AT3G14440.1,GO:0010436,NCED3,3,4831286,4834015,-,2729,protein_coding,"9-cis-epoxycarotenoid dioxygenase NCED3, chloroplastic [Source:UniProtKB/Swiss-Prot;Acc:Q9LRR7]",0.8787813662873585,0.9824498541769295,-0.05720273107909798,0.04848524929436549,0.2763741457869239,-0.7508417850596713,0.0010150533571435666,0.026601072527250823,-1.266332745739998,0,0,-1,2
AT3G63520.1,GO:0010436,CCD1,3,23452808,23456078,+,3270,protein_coding,"Carotenoid 9,10(9',10')-cleavage dioxygenase 1 [Source:UniProtKB/Swiss-Prot;Acc:O65572]",0.03435285036243348,0.30940761784634224,-0.3306140992636719,0.001169289358269421,0.025042621222920752,-0.507749036851044,0.10662800747708827,0.4623628573447783,-0.2519303784648079,0,0,0,8
AT4G18350.1,GO:0010436,NCED2,4,10142255,10144646,+,2391,protein_coding,"9-cis-epoxycarotenoid dioxygenase NCED2, chloroplastic [Source:UniProtKB/Swiss-Prot;Acc:O49505]",0.021659460622373516,0.23970887060185878,-0.6469810319178197,0.008975607944249746,0.10194252480087393,-0.7417624201351801,5.012384955999195e-7,6.44855386478228e-5,-1.5157083344168374,0,0,-1,2
AT4G19170.1,GO:0010436,CCD4,4,10481619,10483879,+,2260,protein_coding,"Probable carotenoid cleavage dioxygenase 4, chloroplastic [Source:UniProtKB/Swiss-Prot;Acc:O49675]",0.9090880638447086,0.9870229412225381,-0.08295660584113711,0.49783695940213585,NA,0.4787919841616938,0.3549069053818922,NA,0.6466940581511873,0,0,0,1
AT4G32810.1,GO:0010436,CCD8,4,15828228,15831492,+,3264,protein_coding,carotenoid cleavage dioxygenase 8 [Source:TAIR;Acc:AT4G32810],0.010083821190217128,0.15519665679075384,1.279976059329934,0.7438147555606898,0.9262907947023474,-0.16447647975907553,0.12699895574726885,0.4986210571793818,-0.7740311990817895,0,0,0,7
