ID,Path,Gene,Chromosome,Start,End,Strand,Length,BioType,Description,Flg22_vs_Mock_pvalue,Flg22_vs_Mock_padj,Flg22_vs_Mock_log2FoldChange,Flg22_SynCom33_vs_Mock_pvalue,Flg22_SynCom33_vs_Mock_padj,Flg22_SynCom33_vs_Mock_log2FoldChange,Flg22_SynCom35_vs_Mock_pvalue,Flg22_SynCom35_vs_Mock_padj,Flg22_SynCom35_vs_Mock_log2FoldChange,Flg22_vs_Mock,Flg22_SynCom33_vs_Mock,Flg22_SynCom35_vs_Mock,cl
AT1G11860.1,GO:0004047,,1,4001177,4003748,+,2571,protein_coding,Glycine cleavage T-protein family [Source:TAIR;Acc:AT1G11860],0.3931535367051556,0.8336715101230874,0.5620369242960515,0.4772599395947876,0.7993583611331514,0.4685912707836501,0.16993620994972122,0.5628201182503295,0.8981319689644742,0,0,0,6
AT1G11860.2,GO:0004047,,1,4001295,4003442,+,2147,protein_coding,Glycine cleavage T-protein family [Source:TAIR;Acc:AT1G11860],0.8182761153114748,0.9680612780538831,-0.039827384731015526,0.6763059046289519,0.9023454103749994,0.0723441617668266,0.08425508006796702,0.4133378295830242,0.29885397302038474,0,0,0,1
AT1G60990.2,GO:0004047,,1,22462026,22465424,-,3398,protein_coding,"Putative transferase At1g60990, chloroplastic [Source:UniProtKB/Swiss-Prot;Acc:Q681Y3]",0.42499566016753143,0.8486655110011069,0.47743985393885363,0.48763627268447834,0.8050770622010514,0.4157597806482733,0.7900639786560577,0.946297758513792,0.15984179937825982,0,0,0,9
AT1G60990.3,GO:0004047,,1,22462026,22465495,-,3469,protein_coding,"Putative transferase At1g60990, chloroplastic [Source:UniProtKB/Swiss-Prot;Acc:Q681Y3]",0.686407855643302,0.9384196103438033,0.18388172888425128,0.30946323115503377,0.6760109361213732,-0.4685450842140637,0.9344637455459472,0.9851661236325965,-0.03753396461923337,0,0,0,3
AT1G60990.1,GO:0004047,,1,22462640,22465495,-,2855,protein_coding,"Putative transferase At1g60990, chloroplastic [Source:UniProtKB/Swiss-Prot;Acc:Q681Y3]",0.5938323521841891,0.9107445256806461,0.3348157956143361,0.29349611960288036,0.6611321886182427,0.656409776546294,0.8363918138929451,0.9597402584487491,0.1299427201617993,0,0,0,5
AT4G12130.1,GO:0004047,,4,7263576,7265879,+,2303,protein_coding,"Putative transferase At4g12130, mitochondrial [Source:UniProtKB/Swiss-Prot;Acc:Q8L733]",0.47224904582104793,0.869803871299309,0.14203763701180802,0.03911451536111685,0.24464906925572494,-0.4134805432641042,0.16942783001057704,0.5620649109755188,-0.27364266019861416,0,0,0,3
