ID,Path,Gene,Chromosome,Start,End,Strand,Length,BioType,Description,Flg22_vs_Mock_pvalue,Flg22_vs_Mock_padj,Flg22_vs_Mock_log2FoldChange,Flg22_SynCom33_vs_Mock_pvalue,Flg22_SynCom33_vs_Mock_padj,Flg22_SynCom33_vs_Mock_log2FoldChange,Flg22_SynCom35_vs_Mock_pvalue,Flg22_SynCom35_vs_Mock_padj,Flg22_SynCom35_vs_Mock_log2FoldChange,Flg22_vs_Mock,Flg22_SynCom33_vs_Mock,Flg22_SynCom35_vs_Mock,cl
AT3G19940.1,GO:0009679,STP10,3,6938211,6939975,+,1764,protein_coding,Sugar transport protein 10 [Source:UniProtKB/Swiss-Prot;Acc:Q9LT15],0.9406778638253975,NA,0.1006518967957938,0.5372191681600029,NA,-0.9112582720519794,0.6653055457502935,NA,-0.6144187740456519,0,0,0,2
AT5G26340.1,GO:0009679,STP13,5,9243398,9247540,-,4142,protein_coding,STP13 [Source:UniProtKB/TrEMBL;Acc:A0A178UHA7],0.1474812879302069,0.6049345960188938,0.43860813704011986,0.35102985646137,0.7113778237691802,-0.2827236687702781,0.0010600013184957032,0.02724919473420002,-0.9941381557493295,0,0,0,7
