ID,Path,Gene,Chromosome,Start,End,Strand,Length,BioType,Description,Flg22_vs_Mock_pvalue,Flg22_vs_Mock_padj,Flg22_vs_Mock_log2FoldChange,Flg22_SynCom33_vs_Mock_pvalue,Flg22_SynCom33_vs_Mock_padj,Flg22_SynCom33_vs_Mock_log2FoldChange,Flg22_SynCom35_vs_Mock_pvalue,Flg22_SynCom35_vs_Mock_padj,Flg22_SynCom35_vs_Mock_log2FoldChange,Flg22_vs_Mock,Flg22_SynCom33_vs_Mock,Flg22_SynCom35_vs_Mock,cl
AT1G79280.1,GO:0033234,NUA,1,29818970,29832978,-,14008,protein_coding,nuclear pore anchor [Source:TAIR;Acc:AT1G79280],0.7913090437021237,0.9637823384300288,-0.047848395892835294,0.8139538862339285,0.9493126977196609,-0.042553998333744285,0.9352756482680473,0.9851661236325965,0.01467973458456936,0,0,0,4
AT1G79280.3,GO:0033234,NUA,1,29819142,29833016,-,13874,protein_coding,nuclear pore anchor [Source:TAIR;Acc:AT1G79280],0.9444684896664468,0.9933269717125698,0.15019297578951063,0.13963895145226382,0.4755768682394871,-3.191303125373658,0.5040751640396726,0.8346782501525529,-1.4411400717091825,0,-0,-0,2
