ID,Path,Gene,Chromosome,Start,End,Strand,Length,BioType,Description,Flg22_vs_Mock_pvalue,Flg22_vs_Mock_padj,Flg22_vs_Mock_log2FoldChange,Flg22_SynCom33_vs_Mock_pvalue,Flg22_SynCom33_vs_Mock_padj,Flg22_SynCom33_vs_Mock_log2FoldChange,Flg22_SynCom35_vs_Mock_pvalue,Flg22_SynCom35_vs_Mock_padj,Flg22_SynCom35_vs_Mock_log2FoldChange,Flg22_vs_Mock,Flg22_SynCom33_vs_Mock,Flg22_SynCom35_vs_Mock,cl
AT1G05680.1,GO:0052638,UGT74E2,1,1703002,1704838,-,1836,protein_coding,Glycosyltransferase (Fragment) [Source:UniProtKB/TrEMBL;Acc:A0A0K1SBE8],0.5719607764359904,0.9049177006988414,0.20895086312334846,0.0013651248367733781,0.028098993768868263,-1.1901798509826802,6.319224821078698e-11,3.102610423377782e-8,-2.4555459085423483,0,-1,-1,2
AT2G31750.1,GO:0052638,UGT74D1,2,13497118,13500023,+,2905,protein_coding,UDP-glucosyl transferase 74D1 [Source:TAIR;Acc:AT2G31750],0.7524656781410031,0.9532071323447737,-0.06225165291584521,0.1895267523847586,0.5488814178123629,0.258519831754929,0.2319280332090117,0.6397885036691828,-0.23609242697512076,0,0,0,10
AT2G31750.2,GO:0052638,UGT74D1,2,13497233,13500228,+,2995,protein_coding,UDP-glucosyl transferase 74D1 [Source:TAIR;Acc:AT2G31750],0.5651376503896806,0.903025693043268,-0.7103668172917319,0.43598969643547186,0.7738088795620645,-0.9622032822858386,0.9420488786650578,0.986568336165163,0.08972839430710057,0,0,0,4
