ID,Path,Gene,Chromosome,Start,End,Strand,Length,BioType,Description,Flg22_vs_Mock_pvalue,Flg22_vs_Mock_padj,Flg22_vs_Mock_log2FoldChange,Flg22_SynCom33_vs_Mock_pvalue,Flg22_SynCom33_vs_Mock_padj,Flg22_SynCom33_vs_Mock_log2FoldChange,Flg22_SynCom35_vs_Mock_pvalue,Flg22_SynCom35_vs_Mock_padj,Flg22_SynCom35_vs_Mock_log2FoldChange,Flg22_vs_Mock,Flg22_SynCom33_vs_Mock,Flg22_SynCom35_vs_Mock,cl
AT1G50170.1,GO:0019354,SIRB,1,18581998,18583832,+,1834,protein_coding,"Sirohydrochlorin ferrochelatase, chloroplastic [Source:UniProtKB/Swiss-Prot;Acc:Q84JH7]",0.6581020295837671,0.9307058650108505,0.0747470747274658,0.05982102587168571,0.3075954126783962,0.3144277608260013,0.4103220057643658,0.778511578444725,0.1380867758495945,0,0,0,5
AT1G50170.2,GO:0019354,SIRB,1,18582008,18583806,+,1798,protein_coding,"Sirohydrochlorin ferrochelatase, chloroplastic [Source:UniProtKB/Swiss-Prot;Acc:Q84JH7]",0.3919447505932592,0.8336650326963123,0.5499992738495517,0.22841832028301717,0.5972513652220668,0.7692760873770212,0.14375430105386608,NA,0.928130591522471,0,0,0,6
AT5G40850.1,GO:0019354,UPM1,5,16365900,16369316,+,3416,protein_coding,AT5g40850/MHK7_8 [Source:UniProtKB/TrEMBL;Acc:Q42606],0.49290901146981503,0.8777627133784738,0.3758608866305752,0.010403182847721675,0.11150652364930386,-1.422490306269895,0.05333727304072477,0.33158655223158706,-1.0677187926920184,0,-0,-0,2
AT5G40850.2,GO:0019354,UPM1,5,16366353,16368923,+,2570,protein_coding,AT5g40850/MHK7_8 [Source:UniProtKB/TrEMBL;Acc:Q42606],0.9012038878026699,0.9865028762843637,-0.03313279983732212,1.2020020502175319e-8,2.6704313317312145e-6,-1.5266525901703565,5.379154057395123e-4,0.01669828236294347,-0.9251430793110176,0,-1,0,2
AT5G40850.3,GO:0019354,UPM1,5,16366353,16368952,+,2599,protein_coding,AT5g40850/MHK7_8 [Source:UniProtKB/TrEMBL;Acc:Q42606],0.866935585746802,0.9791414323632954,0.04082913358080771,1.642027004138145e-8,3.4756669232473713e-6,-1.3821257957838708,1.192346901404771e-4,0.005453513641444103,-0.9398046244710134,0,-1,0,2
