ID,Path,Gene,Chromosome,Start,End,Strand,Length,BioType,Description,Flg22_vs_Mock_pvalue,Flg22_vs_Mock_padj,Flg22_vs_Mock_log2FoldChange,Flg22_SynCom33_vs_Mock_pvalue,Flg22_SynCom33_vs_Mock_padj,Flg22_SynCom33_vs_Mock_log2FoldChange,Flg22_SynCom35_vs_Mock_pvalue,Flg22_SynCom35_vs_Mock_padj,Flg22_SynCom35_vs_Mock_log2FoldChange,Flg22_vs_Mock,Flg22_SynCom33_vs_Mock,Flg22_SynCom35_vs_Mock,cl
AT1G48320.1,GO:0061522,DHNAT1,1,17854813,17855715,-,902,protein_coding,DHNAT1 [Source:UniProtKB/TrEMBL;Acc:A0A178WIC5],0.024387248100706558,0.25603208425790897,0.5093724866528193,0.09145146691687918,0.3866014048843444,0.3828300677511893,0.4736701310753431,0.8195293788860557,-0.16407937890617763,0,0,0,9
AT5G48950.1,GO:0061522,DHNAT2,5,19845999,19847435,+,1436,protein_coding,"1,4-dihydroxy-2-naphthoyl-CoA thioesterase 2 [Source:UniProtKB/Swiss-Prot;Acc:Q9FI76]",0.8773517746476179,0.9821556512710204,0.09335258317331711,0.743079018535038,0.9261185115795305,0.19742924468207265,0.914124170024883,NA,-0.06547677885378646,0,0,0,9
AT5G48950.2,GO:0061522,DHNAT2,5,19845999,19847435,+,1436,protein_coding,"1,4-dihydroxy-2-naphthoyl-CoA thioesterase 2 [Source:UniProtKB/Swiss-Prot;Acc:Q9FI76]",0.3199873500579209,0.7841736479960415,0.8554953960506214,0.5733536255836369,0.8544679101307976,0.48785194024426454,0.9622151441277311,NA,-0.04148340224948127,0,0,0,7
