ID,Path,Gene,Chromosome,Start,End,Strand,Length,BioType,Description,Flg22_vs_Mock_pvalue,Flg22_vs_Mock_padj,Flg22_vs_Mock_log2FoldChange,Flg22_SynCom33_vs_Mock_pvalue,Flg22_SynCom33_vs_Mock_padj,Flg22_SynCom33_vs_Mock_log2FoldChange,Flg22_SynCom35_vs_Mock_pvalue,Flg22_SynCom35_vs_Mock_padj,Flg22_SynCom35_vs_Mock_log2FoldChange,Flg22_vs_Mock,Flg22_SynCom33_vs_Mock,Flg22_SynCom35_vs_Mock,cl
AT4G11820.2,GO:0006084,HMGS,4,7108884,7112103,-,3219,protein_coding,Hydroxymethylglutaryl-CoA synthase [Source:UniProtKB/Swiss-Prot;Acc:P54873],0.37506650131054053,0.8221680037321454,0.4422092470346388,0.45457492444778197,0.7853417663929272,0.372962493736083,0.42191068912535457,0.7862870438285844,0.40030579877718675,0,0,0,6
AT4G11820.3,GO:0006084,HMGS,4,7108915,7112480,-,3565,protein_coding,Hydroxymethylglutaryl-CoA synthase [Source:UniProtKB/Swiss-Prot;Acc:P54873],0.9193310507047965,0.9884770655970441,-0.013877586606687881,0.1359171408362284,0.46878683345643984,0.20401350512610572,0.0740804972890976,0.387943346874809,0.24415535293907156,0,0,0,1
