ID,Path,Gene,Chromosome,Start,End,Strand,Length,BioType,Description,Flg22_vs_Mock_pvalue,Flg22_vs_Mock_padj,Flg22_vs_Mock_log2FoldChange,Flg22_SynCom33_vs_Mock_pvalue,Flg22_SynCom33_vs_Mock_padj,Flg22_SynCom33_vs_Mock_log2FoldChange,Flg22_SynCom35_vs_Mock_pvalue,Flg22_SynCom35_vs_Mock_padj,Flg22_SynCom35_vs_Mock_log2FoldChange,Flg22_vs_Mock,Flg22_SynCom33_vs_Mock,Flg22_SynCom35_vs_Mock,cl
AT1G50480.1,GO:0009257,THFS,1,18701882,18704938,+,3056,protein_coding,Formate--tetrahydrofolate ligase [Source:UniProtKB/Swiss-Prot;Acc:Q9SPK5],0.6247998422242007,0.9224033878317416,0.09885270551972197,0.9369781741990248,0.9854399927607629,0.015985105500864114,0.2762279424551346,0.6828495519508455,0.22000192230841678,0,0,0,4
AT2G16370.2,GO:0009257,THY-1,2,7081763,7084865,-,3102,protein_coding,Bifunctional dihydrofolate reductase-thymidylate synthase 1 [Source:UniProtKB/Swiss-Prot;Acc:Q05762],0.2128124039944477,0.6897012898632969,0.41481396027239237,0.3977585385183441,0.7475213249755401,0.2829479606098076,0.19706342679419306,0.5984928749059865,0.42821503818436085,0,0,0,6
AT2G16370.3,GO:0009257,THY-1,2,7081782,7084495,-,2713,protein_coding,Bifunctional dihydrofolate reductase-thymidylate synthase 1 [Source:UniProtKB/Swiss-Prot;Acc:Q05762],0.6173174275173291,0.9192527070129309,0.08107237111413258,0.45914231209822404,0.7878497359242634,0.12003699925345901,0.5168042953384846,0.8415077994756861,0.10495310482380416,0,0,0,6
AT4G34570.2,GO:0009257,THY-2,4,16510933,16514372,-,3439,protein_coding,Bifunctional dihydrofolate reductase-thymidylate synthase 2 [Source:UniProtKB/Swiss-Prot;Acc:Q05763],0.9756454251471086,0.9951456118845705,-0.04298923439884392,0.8475504945318886,0.9588862889603867,-0.27109486799968496,0.9911244800861129,NA,-0.015655810509041614,0,0,0,8
AT4G34570.5,GO:0009257,THY-2,4,16510991,16514343,-,3352,protein_coding,Bifunctional dihydrofolate reductase-thymidylate synthase 2 [Source:UniProtKB/Swiss-Prot;Acc:Q05763],0.20863901329732454,0.6839306496748224,-1.0217239171807933,0.2087630044177886,0.5730590304052888,-1.021500094152496,0.9586053732761981,0.9903694636993614,-0.042028538650278446,-0,-0,0,8
