ID,Path,Gene,Chromosome,Start,End,Strand,Length,BioType,Description,Flg22_vs_Mock_pvalue,Flg22_vs_Mock_padj,Flg22_vs_Mock_log2FoldChange,Flg22_SynCom33_vs_Mock_pvalue,Flg22_SynCom33_vs_Mock_padj,Flg22_SynCom33_vs_Mock_log2FoldChange,Flg22_SynCom35_vs_Mock_pvalue,Flg22_SynCom35_vs_Mock_padj,Flg22_SynCom35_vs_Mock_log2FoldChange,Flg22_vs_Mock,Flg22_SynCom33_vs_Mock,Flg22_SynCom35_vs_Mock,cl
AT4G30600.2,GO:0005785,,4,14937840,14940931,-,3091,protein_coding,AT4g30600/F17I23_60 [Source:UniProtKB/TrEMBL;Acc:Q9M0A0],0.1961900675401434,0.6706022537318397,0.09686272431877961,0.016079212693036374,0.14504744819268584,0.18025049871757257,0.7754228724949198,0.9419312164625984,-0.021390527102606475,0,0,0,5
AT4G30600.1,GO:0005785,,4,14937840,14941208,-,3368,protein_coding,AT4g30600/F17I23_60 [Source:UniProtKB/TrEMBL;Acc:Q9M0A0],0.37031295304691986,0.8187982801855648,0.711636804800798,0.5321314961455328,0.8320590320721389,0.4964137764421341,0.10114465549787384,0.4530789777816434,-1.3086145339669994,0,0,-0,9
