ID,Path,Gene,Chromosome,Start,End,Strand,Length,BioType,Description,Flg22_vs_Mock_pvalue,Flg22_vs_Mock_padj,Flg22_vs_Mock_log2FoldChange,Flg22_SynCom33_vs_Mock_pvalue,Flg22_SynCom33_vs_Mock_padj,Flg22_SynCom33_vs_Mock_log2FoldChange,Flg22_SynCom35_vs_Mock_pvalue,Flg22_SynCom35_vs_Mock_padj,Flg22_SynCom35_vs_Mock_log2FoldChange,Flg22_vs_Mock,Flg22_SynCom33_vs_Mock,Flg22_SynCom35_vs_Mock,cl
AT2G35350.1,GO:0018345,PLL1,2,14881039,14884283,-,3244,protein_coding,PLL1 [Source:UniProtKB/TrEMBL;Acc:A0A178VV40],0.7313687663415731,0.9502176053942513,-0.07434778851561308,1.080233361341571e-5,6.947089286981845e-4,-0.9664603513929099,0.07060880013405423,0.3792044595524332,-0.39270596473360564,0,0,0,3
AT2G46920.2,GO:0018345,POL,2,19277884,19281811,-,3927,protein_coding,Protein phosphatase 2C 32 [Source:UniProtKB/Swiss-Prot;Acc:Q8RWN7],0.2856601653758444,0.7600081209500934,0.3874613878875106,0.6713361108434148,0.9003350695910377,0.15426888944912887,0.9165932656649284,0.981013085724947,-0.03810900376185707,0,0,0,7
AT2G46920.1,GO:0018345,POL,2,19277884,19281811,-,3927,protein_coding,Protein phosphatase 2C 32 [Source:UniProtKB/Swiss-Prot;Acc:Q8RWN7],0.402562250587023,0.8393016186172841,0.9315937312878652,0.9733996083720621,0.9939793016352115,0.03715739429070368,0.8734424266269805,0.970186892275354,-0.17754340006442593,0,0,0,7
AT2G46920.4,GO:0018345,POL,2,19277987,19281772,-,3785,protein_coding,Protein phosphatase 2C 32 [Source:UniProtKB/Swiss-Prot;Acc:Q8RWN7],0.2808789213325947,0.7559359607793554,0.38337918014240024,0.2981581184772327,0.666036774215138,-0.37098986211739426,0.2769864170329588,0.6832788980656063,-0.38751373250685117,0,0,0,7
AT2G46920.3,GO:0018345,POL,2,19277987,19281785,-,3798,protein_coding,Protein phosphatase 2C 32 [Source:UniProtKB/Swiss-Prot;Acc:Q8RWN7],0.4355690949609309,0.8546393502284303,-1.8901380624442092,0.9942050332585328,0.9982154218292327,0.017587826649558522,0.8398220663815997,0.9611018208434383,-0.48951640241048094,-0,0,0,10
AT3G22942.1,GO:0018345,GG2,3,8134077,8136204,+,2127,protein_coding,AtGG2 [Source:UniProtKB/TrEMBL;Acc:A0A178V974],0.5091871440153262,0.8830933744668009,-0.16420899073679637,0.20726727381724117,0.5715210641865912,-0.3142899898705172,0.012781406169909911,0.1477964190223893,-0.6222410241837486,0,0,0,2
