ID,Path,Gene,Chromosome,Start,End,Strand,Length,BioType,Description,Flg22_vs_Mock_pvalue,Flg22_vs_Mock_padj,Flg22_vs_Mock_log2FoldChange,Flg22_SynCom33_vs_Mock_pvalue,Flg22_SynCom33_vs_Mock_padj,Flg22_SynCom33_vs_Mock_log2FoldChange,Flg22_SynCom35_vs_Mock_pvalue,Flg22_SynCom35_vs_Mock_padj,Flg22_SynCom35_vs_Mock_log2FoldChange,Flg22_vs_Mock,Flg22_SynCom33_vs_Mock,Flg22_SynCom35_vs_Mock,cl
AT1G72490.3,GO:0080181,,1,27288900,27290532,-,1632,protein_coding,unknown protein; BEST Arabidopsis thaliana protein match is: unknown protein (TAIR:AT1G17400.1); Has 75 Blast hits to 75 proteins in 21 species: Archae - 0; Bacteria - 0; Metazoa - 3; Fungi - 4; Plants - 58; Viruses - 0; Other Eukaryotes - 10 (sourc /.../I BLink). [Source:TAIR;Acc:AT1G72490],0.6997156660501724,0.9415706918587327,-0.33957260782294385,0.25337629979605286,0.6237990375599864,-1.0093883214301622,0.2356993809152717,0.6435340235137428,-1.0475722861353478,0,-0,-0,2
AT1G72490.1,GO:0080181,,1,27288900,27291107,-,2207,protein_coding,unknown protein; BEST Arabidopsis thaliana protein match is: unknown protein (TAIR:AT1G17400.1); Has 75 Blast hits to 75 proteins in 21 species: Archae - 0; Bacteria - 0; Metazoa - 3; Fungi - 4; Plants - 58; Viruses - 0; Other Eukaryotes - 10 (sourc /.../I BLink). [Source:TAIR;Acc:AT1G72490],0.9487309405504788,0.9933269717125698,-0.04384101055335361,0.06726439007555136,0.32858465091967504,-1.2645772792123273,0.8767489216485272,0.9710735995213032,-0.10573228812218434,0,-0,0,3
AT3G24300.1,GO:0080181,AMT1-3,3,8805519,8807460,-,1941,protein_coding,Ammonium transporter 1 member 3 [Source:UniProtKB/Swiss-Prot;Acc:Q9SQH9],0.010516442889777306,0.15939312843821535,-0.8530244433145706,0.037486082821820796,0.23924522279586577,-0.6935818678739171,0.0478206050008791,0.312967387135786,-0.6596914375671623,0,0,0,8
AT4G13510.1,GO:0080181,AMT1-1,4,7858183,7860288,+,2105,protein_coding,Ammonium transporter [Source:UniProtKB/TrEMBL;Acc:A0A178V540],0.3228084501627666,0.7868693076532991,-0.3720779180563204,0.8695884709584507,0.9652913419734153,-0.061781105386710645,0.3250230860554878,0.7224136552404772,-0.370370080851187,0,0,0,10
