ID,Path,Gene,Chromosome,Start,End,Strand,Length,BioType,Description,Flg22_vs_Mock_pvalue,Flg22_vs_Mock_padj,Flg22_vs_Mock_log2FoldChange,Flg22_SynCom33_vs_Mock_pvalue,Flg22_SynCom33_vs_Mock_padj,Flg22_SynCom33_vs_Mock_log2FoldChange,Flg22_SynCom35_vs_Mock_pvalue,Flg22_SynCom35_vs_Mock_padj,Flg22_SynCom35_vs_Mock_log2FoldChange,Flg22_vs_Mock,Flg22_SynCom33_vs_Mock,Flg22_SynCom35_vs_Mock,cl
AT1G18370.1,GO:0009558,KIN7A,1,6319450,6324378,-,4928,protein_coding,Kinesin-like protein KIN-7A [Source:UniProtKB/Swiss-Prot;Acc:Q8S905],0.41526702710938024,0.8456074432281361,-0.15468272346817835,0.967632548838977,0.993030456049332,-0.007689733017302921,0.03580590673260263,0.26678341225713087,0.3955276892275401,0,0,0,4
AT1G50240.2,GO:0009558,TIO,1,18606511,18614500,+,7989,protein_coding,Serine/threonine-protein kinase TIO [Source:UniProtKB/Swiss-Prot;Acc:Q2QAV0],0.8577507477728001,0.9773208670624759,0.3959165555633298,0.634571261119582,0.8844123103181565,1.0495074548106142,0.8258185776728695,0.9569867649805217,0.4860501872761638,0,0,0,5
AT1G50240.3,GO:0009558,TIO,1,18606519,18614477,+,7958,protein_coding,Serine/threonine-protein kinase TIO [Source:UniProtKB/Swiss-Prot;Acc:Q2QAV0],0.34856489219416925,0.8050917943168526,-0.6106593400610439,0.05388263257573508,0.2920402356799194,-1.2589529886252437,0.5953794248111566,0.8792510086794424,0.3452075075593392,0,-0,0,4
AT2G18390.1,GO:0009558,ARL2,2,7988165,7989525,+,1360,protein_coding,TTN5 [Source:UniProtKB/TrEMBL;Acc:A0A178VQD7],0.5360829194159166,0.8922801703152878,0.10470900977276297,0.8147483218046492,0.9495889018864694,-0.0398370915726494,0.03035078691415299,0.24428880280384496,0.3632798991289889,0,0,0,4
AT3G43210.1,GO:0009558,KIN7B,3,15190786,15196168,+,5382,protein_coding,Kinesin-like protein KIN-7B [Source:UniProtKB/Swiss-Prot;Acc:Q8LNZ2],0.9724399183772575,0.9946629527453268,-0.010153872696400697,0.4253688458093079,0.7657892655401698,-0.2350055054346674,0.31831705718014436,0.7167123782536184,0.2921103047916825,0,0,0,4
AT5G48030.1,GO:0009558,GFA2,5,19465788,19469939,-,4151,protein_coding,GFA2 [Source:UniProtKB/TrEMBL;Acc:A0A178UJR3],0.09883387111015556,0.5139104443412971,-0.24212044246050204,0.014108794506445454,0.13444615878137778,-0.36126025076446655,0.5071202651575416,0.8368247023557887,-0.09680600428363635,0,0,0,8
