ID,Path,Gene,Chromosome,Start,End,Strand,Length,BioType,Description,Flg22_vs_Mock_pvalue,Flg22_vs_Mock_padj,Flg22_vs_Mock_log2FoldChange,Flg22_SynCom33_vs_Mock_pvalue,Flg22_SynCom33_vs_Mock_padj,Flg22_SynCom33_vs_Mock_log2FoldChange,Flg22_SynCom35_vs_Mock_pvalue,Flg22_SynCom35_vs_Mock_padj,Flg22_SynCom35_vs_Mock_log2FoldChange,Flg22_vs_Mock,Flg22_SynCom33_vs_Mock,Flg22_SynCom35_vs_Mock,cl
AT3G13640.1,GO:0000054,ABCE1,3,4458389,4461844,-,3455,protein_coding,ABC transporter E family member 1 [Source:UniProtKB/Swiss-Prot;Acc:Q9LID6],0.0014676712131465402,0.04396891802293875,1.32475946758682,0.9024138502194421,0.9747142848601351,-0.055036818269361146,0.17188166330795798,NA,-0.6406995117096845,1,0,0,7
AT3G55620.1,GO:0000054,EIF6-2,3,20634057,20636555,+,2498,protein_coding,Eukaryotic translation initiation factor 6-2 [Source:UniProtKB/Swiss-Prot;Acc:Q9M060],0.4671535891579699,0.8678278625073433,-0.0943572402162284,0.20394887651994065,0.5672710932818297,-0.16506650781498589,0.5085369390668693,0.8374350684888614,0.08548446184551496,0,0,0,4
AT4G19210.1,GO:0000054,ABCE2,4,10501123,10505217,+,4094,protein_coding,ABC transporter E family member 2 [Source:UniProtKB/Swiss-Prot;Acc:Q8LPJ4],0.020926744829672213,0.23475332375808908,-0.26761604579776405,0.013060940501449255,0.12819979767554043,-0.2877158310772668,0.8254743332090436,0.9569867649805217,0.025485709581631967,0,0,0,4
