ID,Path,Gene,Chromosome,Start,End,Strand,Length,BioType,Description,Flg22_vs_Mock_pvalue,Flg22_vs_Mock_padj,Flg22_vs_Mock_log2FoldChange,Flg22_SynCom33_vs_Mock_pvalue,Flg22_SynCom33_vs_Mock_padj,Flg22_SynCom33_vs_Mock_log2FoldChange,Flg22_SynCom35_vs_Mock_pvalue,Flg22_SynCom35_vs_Mock_padj,Flg22_SynCom35_vs_Mock_log2FoldChange,Flg22_vs_Mock,Flg22_SynCom33_vs_Mock,Flg22_SynCom35_vs_Mock,cl
AT1G09830.1,GO:0009113,PUR2,1,3192568,3195044,-,2476,protein_coding,"Phosphoribosylamine--glycine ligase, chloroplastic [Source:UniProtKB/Swiss-Prot;Acc:P52420]",0.3562922465563547,0.8106654307765455,-0.15033829893896294,0.10753001509376257,0.4186879875073183,-0.2632396047359178,0.97297198720831235,0.9938334848324025,0.005488285502380258,0,0,0,4
AT1G50480.1,GO:0009113,THFS,1,18701882,18704938,+,3056,protein_coding,Formate--tetrahydrofolate ligase [Source:UniProtKB/Swiss-Prot;Acc:Q9SPK5],0.6247998422242007,0.9224033878317416,0.09885270551972197,0.9369781741990248,0.9854399927607629,0.015985105500864114,0.2762279424551346,0.6828495519508455,0.22000192230841678,0,0,0,4
AT2G16570.1,GO:0009113,ASE1,2,7180142,7182287,-,2145,protein_coding,"Amidophosphoribosyltransferase 1, chloroplastic [Source:UniProtKB/Swiss-Prot;Acc:Q9SI61]",0.05198609425408499,0.3830017034574341,-0.43563143244056357,0.004163109143646979,0.061433179754555776,-0.6451578999849785,0.44854836878830584,0.803944060999754,-0.16894157855748904,0,0,0,8
AT4G34740.1,GO:0009113,ASE2,4,16574544,16576753,-,2209,protein_coding,Amidophosphoribosyltransferase [Source:UniProtKB/TrEMBL;Acc:A0A178UYQ3],0.07307771751733946,0.4478188460682992,-0.6313569191381859,0.22767056300938393,0.5965146271752689,-0.42424479302496815,0.7643019824405062,0.9385198090211887,-0.10514485114165356,0,0,0,8
