ID,Path,Gene,Chromosome,Start,End,Strand,Length,BioType,Description,Flg22_vs_Mock_pvalue,Flg22_vs_Mock_padj,Flg22_vs_Mock_log2FoldChange,Flg22_SynCom33_vs_Mock_pvalue,Flg22_SynCom33_vs_Mock_padj,Flg22_SynCom33_vs_Mock_log2FoldChange,Flg22_SynCom35_vs_Mock_pvalue,Flg22_SynCom35_vs_Mock_padj,Flg22_SynCom35_vs_Mock_log2FoldChange,Flg22_vs_Mock,Flg22_SynCom33_vs_Mock,Flg22_SynCom35_vs_Mock,cl
AT2G32700.4,GO:0010393,LUH,2,13866721,13872161,+,5440,protein_coding,LEUNIG_homolog [Source:TAIR;Acc:AT2G32700],0.2807774588080564,0.7559359607793554,1.8668699383667422,0.9248077918370587,0.9813567624790072,-0.1635501637775173,0.6010733285142399,0.8812244822439895,-0.9068661400695114,0,0,0,7
AT2G32700.6,GO:0010393,LUH,2,13866760,13872246,+,5486,protein_coding,LEUNIG_homolog [Source:TAIR;Acc:AT2G32700],0.9273569549649543,0.9900126617839335,-0.013520250932026379,0.9560975515215481,0.9902070573278723,0.008162945296565425,0.29472577011568507,0.6986414994032074,-0.15550073895050048,0,0,0,10
AT2G32700.2,GO:0010393,LUH,2,13866811,13872157,+,5346,protein_coding,LEUNIG_homolog [Source:TAIR;Acc:AT2G32700],0.2842418479393654,0.7585650154944327,1.110651909091266,0.4285457760845469,0.7680623743386086,0.8214555944312096,0.990607143765297,0.9986388532633548,0.01223253089024507,0,0,0,9
AT2G32700.5,GO:0010393,LUH,2,13866869,13872157,+,5288,protein_coding,LEUNIG_homolog [Source:TAIR;Acc:AT2G32700],0.791103623146468,0.963624825250177,-0.051236068492410566,0.1613668008642727,0.5084554157210379,0.2705536420311254,0.6187831911804139,0.8888635068914734,0.09615560259747535,0,0,0,5
AT4G32551.1,GO:0010393,LUG,4,15707425,15713647,+,6222,protein_coding,Transcriptional corepressor LEUNIG [Source:UniProtKB/TrEMBL;Acc:F4JUD2],0.294474545024864,0.7664076247766681,0.08741032413305963,0.2681576897449191,0.6390691238327308,0.09234176813188222,0.30652573353123946,0.7077813522520477,0.08507642967155832,0,0,0,6
