ID,Path,Gene,Chromosome,Start,End,Strand,Length,BioType,Description,Flg22_vs_Mock_pvalue,Flg22_vs_Mock_padj,Flg22_vs_Mock_log2FoldChange,Flg22_SynCom33_vs_Mock_pvalue,Flg22_SynCom33_vs_Mock_padj,Flg22_SynCom33_vs_Mock_log2FoldChange,Flg22_SynCom35_vs_Mock_pvalue,Flg22_SynCom35_vs_Mock_padj,Flg22_SynCom35_vs_Mock_log2FoldChange,Flg22_vs_Mock,Flg22_SynCom33_vs_Mock,Flg22_SynCom35_vs_Mock,cl
AT1G16420.1,GO:0010421,AMC8,1,5612150,5614020,-,1870,protein_coding,Metacaspase-8 [Source:UniProtKB/Swiss-Prot;Acc:Q9SA41],0.4730435749251818,0.870058631530352,-0.34170475585473414,0.03518345805330851,0.23052875440973572,0.98462681178837,0.9362363089002846,0.9851868880707652,0.03778202843694569,0,0,0,5
AT3G13610.1,GO:0010421,F6'H1,3,4449259,4450811,+,1552,protein_coding,Feruloyl CoA ortho-hydroxylase 1 [Source:UniProtKB/Swiss-Prot;Acc:Q9LHN8],0.24623336384916417,0.7257963542859032,0.3586103757044422,0.014551474201290143,0.13720544702879048,0.7555779221659351,0.1905142149806279,0.5897719308788809,-0.40495062140169324,0,0,0,9
