ID,Path,Gene,Chromosome,Start,End,Strand,Length,BioType,Description,Flg22_vs_Mock_pvalue,Flg22_vs_Mock_padj,Flg22_vs_Mock_log2FoldChange,Flg22_SynCom33_vs_Mock_pvalue,Flg22_SynCom33_vs_Mock_padj,Flg22_SynCom33_vs_Mock_log2FoldChange,Flg22_SynCom35_vs_Mock_pvalue,Flg22_SynCom35_vs_Mock_padj,Flg22_SynCom35_vs_Mock_log2FoldChange,Flg22_vs_Mock,Flg22_SynCom33_vs_Mock,Flg22_SynCom35_vs_Mock,cl
AT1G01510.1,GO:0007097,AN,1,187145,190472,+,3327,protein_coding,C-terminal binding protein AN [Source:UniProtKB/Swiss-Prot;Acc:O23702],0.5921471869910877,0.910141178910532,0.04098784951753882,0.6258834244409188,0.8796924718090965,-0.037452561991363695,3.091864501798275e-4,0.01118557536605457,0.27252989471071226,0,0,0,4
AT4G33200.1,GO:0007097,XI-I,4,16002466,16014981,-,12515,protein_coding,"myosin, putative [Source:TAIR;Acc:AT4G33200]",0.8944134716452128,0.9850342389027601,0.019905833112786344,0.9722577655460616,0.9937931168684767,0.005218252159223023,0.05683583744725073,0.34136332740579933,0.28412409215890394,0,0,0,4
AT4G33200.4,GO:0007097,XI-I,4,16002498,16014969,-,12471,protein_coding,"myosin, putative [Source:TAIR;Acc:AT4G33200]",0.2868273287707735,0.7606615451114601,-0.3779829623582008,0.5014927794886819,0.8138907211451131,-0.2383049969110166,0.29456944269747615,0.6985304193736476,-0.37173403600618454,0,0,0,8
