ID,Path,Gene,Chromosome,Start,End,Strand,Length,BioType,Description,Flg22_vs_Mock_pvalue,Flg22_vs_Mock_padj,Flg22_vs_Mock_log2FoldChange,Flg22_SynCom33_vs_Mock_pvalue,Flg22_SynCom33_vs_Mock_padj,Flg22_SynCom33_vs_Mock_log2FoldChange,Flg22_SynCom35_vs_Mock_pvalue,Flg22_SynCom35_vs_Mock_padj,Flg22_SynCom35_vs_Mock_log2FoldChange,Flg22_vs_Mock,Flg22_SynCom33_vs_Mock,Flg22_SynCom35_vs_Mock,cl
AT2G41490.1,GO:0003975,GPT,2,17301572,17304211,+,2639,protein_coding,GPT [Source:UniProtKB/TrEMBL;Acc:A0A178VV44],0.24672599355754787,0.7260239293101869,0.14751860502884848,0.8125911912990205,0.948731513008521,-0.030414180288777588,0.14785434914937629,0.5321783261274229,-0.18615269433611475,0,0,0,7
AT3G57220.1,GO:0003975,,3,21174395,21177194,+,2799,protein_coding,At3g57220 [Source:UniProtKB/TrEMBL;Acc:Q9M2M5],0.4147268175818277,0.8452512666235762,0.13180321041918996,0.7401424691500847,0.925332985568439,0.053802000503547005,0.046961505313596906,0.31004387893373064,0.3177672276100555,0,0,0,4
