ID,Path,Gene,Chromosome,Start,End,Strand,Length,BioType,Description,Flg22_vs_Mock_pvalue,Flg22_vs_Mock_padj,Flg22_vs_Mock_log2FoldChange,Flg22_SynCom33_vs_Mock_pvalue,Flg22_SynCom33_vs_Mock_padj,Flg22_SynCom33_vs_Mock_log2FoldChange,Flg22_SynCom35_vs_Mock_pvalue,Flg22_SynCom35_vs_Mock_padj,Flg22_SynCom35_vs_Mock_log2FoldChange,Flg22_vs_Mock,Flg22_SynCom33_vs_Mock,Flg22_SynCom35_vs_Mock,cl
AT1G50090.1,GO:0009081,BCAT7,1,18554564,18556826,-,2262,protein_coding,Putative branched-chain-amino-acid aminotransferase 7 [Source:UniProtKB/Swiss-Prot;Acc:Q9LPM8],0.09661975176117255,0.5097350076853971,1.1081689532136525,2.7197082189472536e-4,0.008766330496611519,2.3836559368195527,0.8385152506098206,0.9605275640020504,0.13948751049472738,0,1,0,5
AT3G19710.1,GO:0009081,BCAT4,3,6846969,6849582,-,2613,protein_coding,Methionine aminotransferase BCAT4 [Source:UniProtKB/Swiss-Prot;Acc:Q9LE06],0.11965861582944913,0.557978904015178,0.5623956049949559,0.3819162501446201,0.7366486787965615,-0.3163336558524787,0.3651657272296888,0.7514980013079321,0.32730961983437257,0,0,0,3
