ID,Path,Gene,Chromosome,Start,End,Strand,Length,BioType,Description,Flg22_vs_Mock_pvalue,Flg22_vs_Mock_padj,Flg22_vs_Mock_log2FoldChange,Flg22_SynCom33_vs_Mock_pvalue,Flg22_SynCom33_vs_Mock_padj,Flg22_SynCom33_vs_Mock_log2FoldChange,Flg22_SynCom35_vs_Mock_pvalue,Flg22_SynCom35_vs_Mock_padj,Flg22_SynCom35_vs_Mock_log2FoldChange,Flg22_vs_Mock,Flg22_SynCom33_vs_Mock,Flg22_SynCom35_vs_Mock,cl
AT1G30220.1,GO:0015798,INT2,1,10632720,10635581,-,2861,protein_coding,Probable inositol transporter 2 [Source:UniProtKB/Swiss-Prot;Acc:Q9C757],0.40447916441660153,0.8401937200697372,0.8515991467228325,0.4412291224382093,NA,-0.8393257978977626,0.8150081834677583,NA,-0.24641924555902778,0,0,0,7
AT2G43330.1,GO:0015798,INT1,2,18000822,18004195,+,3373,protein_coding,Inositol transporter 1 [Source:UniProtKB/Swiss-Prot;Acc:Q8VZR6],0.65567985026152,0.929607141047499,0.07192656270796177,0.017381344496690956,0.1520485853433278,0.38049525874783297,1.6091134040632692e-4,0.00688456569696484,0.5993780397635171,0,0,0,1
