ID,Path,Gene,Chromosome,Start,End,Strand,Length,BioType,Description,Flg22_vs_Mock_pvalue,Flg22_vs_Mock_padj,Flg22_vs_Mock_log2FoldChange,Flg22_SynCom33_vs_Mock_pvalue,Flg22_SynCom33_vs_Mock_padj,Flg22_SynCom33_vs_Mock_log2FoldChange,Flg22_SynCom35_vs_Mock_pvalue,Flg22_SynCom35_vs_Mock_padj,Flg22_SynCom35_vs_Mock_log2FoldChange,Flg22_vs_Mock,Flg22_SynCom33_vs_Mock,Flg22_SynCom35_vs_Mock,cl
AT1G62560.1,GO:0080105,FMOGS-OX3,1,23159734,23162881,+,3147,protein_coding,Flavin-containing monooxygenase FMO GS-OX3 [Source:UniProtKB/Swiss-Prot;Acc:Q9SXE1],0.0029023629922341854,0.06924879878660287,1.3718218602345198,0.7673194705216564,0.9343647351319592,0.13870577917715757,0.6355737733588325,0.8954694872764858,0.22141275680148492,0,0,0,7
AT1G65860.1,GO:0080105,FMOGS-OX1,1,24498954,24502776,-,3822,protein_coding,Flavin-containing monooxygenase FMO GS-OX1 [Source:UniProtKB/Swiss-Prot;Acc:Q9SS04],0.14173407605674188,0.595934134558,0.9676873420968624,0.9170592367436537,0.9796804330442195,0.07035482562118597,0.07444271484087223,NA,1.1686316343274468,0,0,0,6
