ID,Path,Gene,Chromosome,Start,End,Strand,Length,BioType,Description,Flg22_vs_Mock_pvalue,Flg22_vs_Mock_padj,Flg22_vs_Mock_log2FoldChange,Flg22_SynCom33_vs_Mock_pvalue,Flg22_SynCom33_vs_Mock_padj,Flg22_SynCom33_vs_Mock_log2FoldChange,Flg22_SynCom35_vs_Mock_pvalue,Flg22_SynCom35_vs_Mock_padj,Flg22_SynCom35_vs_Mock_log2FoldChange,Flg22_vs_Mock,Flg22_SynCom33_vs_Mock,Flg22_SynCom35_vs_Mock,cl
AT4G05440.1,GO:0043073,EDA35,4,2757163,2758585,+,1422,protein_coding,Cell division cycle protein 123 homolog [Source:UniProtKB/TrEMBL;Acc:Q9M0V1],0.10791279816051734,0.5324642494518891,-0.40935448920033324,0.08398454236557096,0.3707179750199144,-0.44040861535623416,0.6040952890207368,0.8820562909131257,-0.13113235158271913,0,0,0,8
AT4G05440.2,GO:0043073,EDA35,4,2757197,2758540,+,1343,protein_coding,Cell division cycle protein 123 homolog [Source:UniProtKB/TrEMBL;Acc:Q9M0V1],0.8176757701757915,0.9679619642631263,-0.394927394395925,0.9339335664771357,0.9842845233125479,-0.1417851102514147,0.7907459281867949,NA,0.452346838692068,0,0,0,4
