ID,Path,Gene,Chromosome,Start,End,Strand,Length,BioType,Description,Flg22_vs_Mock_pvalue,Flg22_vs_Mock_padj,Flg22_vs_Mock_log2FoldChange,Flg22_SynCom33_vs_Mock_pvalue,Flg22_SynCom33_vs_Mock_padj,Flg22_SynCom33_vs_Mock_log2FoldChange,Flg22_SynCom35_vs_Mock_pvalue,Flg22_SynCom35_vs_Mock_padj,Flg22_SynCom35_vs_Mock_log2FoldChange,Flg22_vs_Mock,Flg22_SynCom33_vs_Mock,Flg22_SynCom35_vs_Mock,cl
AT4G33470.1,GO:0051721,HDA14,4,16102595,16105550,-,2955,protein_coding,Histone deacetylase [Source:UniProtKB/TrEMBL;Acc:A0A178V1U6],0.8052432888470196,0.9662426756893417,-0.10923693172184717,0.805446206129277,0.9462215470815624,-0.10919103216879264,0.39962729127288044,NA,0.36180498557756613,0,0,0,4
AT5G53000.1,GO:0051721,TAP46,5,21485317,21488042,-,2725,protein_coding,PP2A regulatory subunit TAP46 [Source:UniProtKB/Swiss-Prot;Acc:Q8LDQ4],0.6827552897580597,0.9375438556150877,0.035019210403710206,0.43744903485562736,0.7745520459418148,0.06648936005729986,0.5186545089284171,0.842845268405734,-0.055321424192947256,0,0,0,5
