ID,Path,Gene,Chromosome,Start,End,Strand,Length,BioType,Description,Flg22_vs_Mock_pvalue,Flg22_vs_Mock_padj,Flg22_vs_Mock_log2FoldChange,Flg22_SynCom33_vs_Mock_pvalue,Flg22_SynCom33_vs_Mock_padj,Flg22_SynCom33_vs_Mock_log2FoldChange,Flg22_SynCom35_vs_Mock_pvalue,Flg22_SynCom35_vs_Mock_padj,Flg22_SynCom35_vs_Mock_log2FoldChange,Flg22_vs_Mock,Flg22_SynCom33_vs_Mock,Flg22_SynCom35_vs_Mock,cl
AT5G22350.1,GO:0033365,ELM1,5,7397386,7401290,-,3904,protein_coding,Mitochondrial fission protein ELM1 [Source:UniProtKB/Swiss-Prot;Acc:Q93YN4],0.29442062893714666,0.7664076247766681,0.1184174010647643,0.37560173107598616,0.7312719273957151,-0.10059133486767334,6.730730776429524e-4,0.019651446725648242,-0.38802011209702736,0,0,0,2
AT5G52210.1,GO:0033365,ATARLB1,5,21204991,21207097,+,2106,protein_coding,At5g52210 [Source:UniProtKB/TrEMBL;Acc:Q38921],0.044924954632976556,0.3558178290187302,0.28897041553990865,0.0010603007824078496,0.023286769307751483,0.46867360129536634,0.8457677954931324,0.9626020259236342,-0.0283258759556818,0,0,0,9
AT5G52210.2,GO:0033365,ATARLB1,5,21205038,21207098,+,2060,protein_coding,At5g52210 [Source:UniProtKB/TrEMBL;Acc:Q38921],0.9269148089911106,0.989829441166455,0.053004218517267124,0.46321588165411903,0.7905287377712255,0.4204303107787478,0.6844487916020512,0.91252252858753935,-0.23619854393073805,0,0,0,9
