ID,Path,Gene,Chromosome,Start,End,Strand,Length,BioType,Description,Flg22_vs_Mock_pvalue,Flg22_vs_Mock_padj,Flg22_vs_Mock_log2FoldChange,Flg22_SynCom33_vs_Mock_pvalue,Flg22_SynCom33_vs_Mock_padj,Flg22_SynCom33_vs_Mock_log2FoldChange,Flg22_SynCom35_vs_Mock_pvalue,Flg22_SynCom35_vs_Mock_padj,Flg22_SynCom35_vs_Mock_log2FoldChange,Flg22_vs_Mock,Flg22_SynCom33_vs_Mock,Flg22_SynCom35_vs_Mock,cl
AT3G21560.1,GO:0050284,UGT84A2,3,7595680,7597607,+,1927,protein_coding,UGT84A2 [Source:UniProtKB/TrEMBL;Acc:A0A384L2P1],0.48737102522374737,0.8755050206850759,-0.45425907692046,1.9469724279008804e-5,0.001111221078701305,-2.805422240260274,0.10783755288587187,0.4649138629408231,-1.0522315699261762,0,-1,-0,3
AT4G15480.1,GO:0050284,UGT84A1,4,8848801,8850516,-,1715,protein_coding,UDP-glycosyltransferase 84A1 [Source:UniProtKB/Swiss-Prot;Acc:Q5XF20],0.8638584254090461,0.9786167815211089,-0.14637288812995305,9.548615744204094e-6,6.26063142526084e-4,-3.841432875332007,0.03149302622224079,0.25032861714527543,-1.8412625794468085,0,-1,-0,2
AT4G15490.1,GO:0050284,UGT84A3,4,8852656,8854706,-,2050,protein_coding,UDP-glycosyltransferase 84A3 [Source:UniProtKB/Swiss-Prot;Acc:O23401],0.9827861964322959,0.9965576877138556,0.012165622660577075,4.513955836938469e-6,3.315414229742621e-4,-2.672793826545153,5.981507411757525e-7,7.379646426259618e-5,-2.92199772938655,0,-1,-1,2
AT4G15500.1,GO:0050284,UGT84A4,4,8856962,8858678,-,1716,protein_coding,UDP-glycosyltransferase 84A4 [Source:UniProtKB/Swiss-Prot;Acc:O23402],0.7813615138706558,0.9614113187433333,-0.07560559901802101,0.01510432170774246,0.14039916187674026,-0.6639509370509594,0.20126827014559537,0.6040709750599934,-0.3484247384409581,0,0,0,3
