ID,Path,Gene,Chromosome,Start,End,Strand,Length,BioType,Description,Flg22_vs_Mock_pvalue,Flg22_vs_Mock_padj,Flg22_vs_Mock_log2FoldChange,Flg22_SynCom33_vs_Mock_pvalue,Flg22_SynCom33_vs_Mock_padj,Flg22_SynCom33_vs_Mock_log2FoldChange,Flg22_SynCom35_vs_Mock_pvalue,Flg22_SynCom35_vs_Mock_padj,Flg22_SynCom35_vs_Mock_log2FoldChange,Flg22_vs_Mock,Flg22_SynCom33_vs_Mock,Flg22_SynCom35_vs_Mock,cl
AT5G11300.1,GO:0000088,CYCA2-2,5,3601513,3605350,-,3837,protein_coding,Cyclin-A2-2 [Source:UniProtKB/Swiss-Prot;Acc:Q147G5],0.6519603211614456,0.9287525075549639,-0.1279198875287362,0.039371429240439966,0.24551385993993827,-0.5983120483750954,0.2845625847008862,0.6909893831817527,0.2979506264539658,0,0,0,4
AT5G11300.2,GO:0000088,CYCA2-2,5,3601514,3605339,-,3825,protein_coding,Cyclin-A2-2 [Source:UniProtKB/Swiss-Prot;Acc:Q147G5],0.7906950057964408,0.9635407248692671,0.43253943609936896,0.8769863705941878,NA,0.252810947861615,0.9622342796190962,NA,0.07741699151966618,0,0,0,7
AT5G25380.3,GO:0000088,CYCA2-1,5,8815230,8817815,+,2585,protein_coding,Cyclin-A2-1 [Source:UniProtKB/Swiss-Prot;Acc:Q39071],0.7892133726787387,0.9630851172825717,-0.3409544330521828,0.575837188519517,NA,-0.7202069306691866,0.6096083554003573,NA,0.6409536423938406,0,0,0,4
