ID,Path,Gene,Chromosome,Start,End,Strand,Length,BioType,Description,Flg22_vs_Mock_pvalue,Flg22_vs_Mock_padj,Flg22_vs_Mock_log2FoldChange,Flg22_SynCom33_vs_Mock_pvalue,Flg22_SynCom33_vs_Mock_padj,Flg22_SynCom33_vs_Mock_log2FoldChange,Flg22_SynCom35_vs_Mock_pvalue,Flg22_SynCom35_vs_Mock_padj,Flg22_SynCom35_vs_Mock_log2FoldChange,Flg22_vs_Mock,Flg22_SynCom33_vs_Mock,Flg22_SynCom35_vs_Mock,cl
AT1G06570.2,GO:0003868,HPD,1,2011885,2013545,-,1660,protein_coding,4-hydroxyphenylpyruvate dioxygenase [Source:UniProtKB/Swiss-Prot;Acc:P93836],0.4622228701953162,0.8657571523940272,0.17626807448223974,0.39168697127179447,0.7445136844763619,0.20527274271334145,0.414373483779554,0.7813780823338349,-0.19733075888726523,0,0,0,9
AT1G06570.1,GO:0003868,HPD,1,2012015,2013459,-,1444,protein_coding,4-hydroxyphenylpyruvate dioxygenase [Source:UniProtKB/Swiss-Prot;Acc:P93836],0.5326853972926833,0.8912765061852691,0.1722584312918919,0.6374690455860852,0.8857416076624357,-0.13054709333116227,0.0750481652653526,0.3900011622596447,-0.49493807175973537,0,0,0,2
