ID,Path,Gene,Chromosome,Start,End,Strand,Length,BioType,Description,Flg22_vs_Mock_pvalue,Flg22_vs_Mock_padj,Flg22_vs_Mock_log2FoldChange,Flg22_SynCom33_vs_Mock_pvalue,Flg22_SynCom33_vs_Mock_padj,Flg22_SynCom33_vs_Mock_log2FoldChange,Flg22_SynCom35_vs_Mock_pvalue,Flg22_SynCom35_vs_Mock_padj,Flg22_SynCom35_vs_Mock_log2FoldChange,Flg22_vs_Mock,Flg22_SynCom33_vs_Mock,Flg22_SynCom35_vs_Mock,cl
AT2G25810.1,GO:0042807,TIP4-1,2,11012499,11014171,+,1672,protein_coding,Aquaporin TIP4-1 [Source:UniProtKB/Swiss-Prot;Acc:O82316],0.9078342176666653,0.9869002016097549,0.0193941336585007,0.27559053122731875,0.6456706170866989,0.18250330679953974,0.11983924425918988,0.48775038714051594,-0.26087811609586153,0,0,0,9
AT2G36830.1,GO:0042807,TIP1-1,2,15445294,15446621,+,1327,protein_coding,Aquaporin TIP1-1 [Source:UniProtKB/Swiss-Prot;Acc:P25818],0.306621566853302,0.7737398416614555,-0.25570414717874157,0.1577740298355047,0.5033287391688034,0.35322980694065054,0.06283168399222422,0.3567012648289147,0.46517255316041106,0,0,0,1
AT3G16240.1,GO:0042807,TIP2-1,3,5505360,5507050,+,1690,protein_coding,Aquaporin TIP2-1 [Source:UniProtKB/Swiss-Prot;Acc:Q41951],0.2939784184507477,0.7659813944947316,-0.18536606090465205,0.012845994821307494,0.1270697048525822,0.43857398718926305,5.528833550463863e-5,0.0031005286143836737,0.7101462275040007,0,0,0,1
AT4G17340.1,GO:0042807,TIP2-2,4,9698940,9700472,+,1532,protein_coding,TIP2 [Source:UniProtKB/TrEMBL;Acc:A0A178UVY8],0.7925681434623078,0.9638908997899712,-0.05662828982805837,0.06220908117342555,0.3144020530370419,-0.40171089053245257,1.8355301768475458e-4,0.007613652585275562,-0.8061412707791685,0,0,0,2
AT5G47450.1,GO:0042807,TIP2-3,5,19248249,19249622,-,1373,protein_coding,Aquaporin TIP2-3 [Source:UniProtKB/Swiss-Prot;Acc:Q9FGL2],0.004429046186167268,0.09189778720054173,-0.9613931592144823,6.732066192057243e-6,4.6762636530977463e-4,-1.5260108232926215,0.005136352666824345,0.08321748280912288,-0.9449311345465081,0,-1,0,8
