ID,Path,Gene,Chromosome,Start,End,Strand,Length,BioType,Description,Flg22_vs_Mock_pvalue,Flg22_vs_Mock_padj,Flg22_vs_Mock_log2FoldChange,Flg22_SynCom33_vs_Mock_pvalue,Flg22_SynCom33_vs_Mock_padj,Flg22_SynCom33_vs_Mock_log2FoldChange,Flg22_SynCom35_vs_Mock_pvalue,Flg22_SynCom35_vs_Mock_padj,Flg22_SynCom35_vs_Mock_log2FoldChange,Flg22_vs_Mock,Flg22_SynCom33_vs_Mock,Flg22_SynCom35_vs_Mock,cl
AT1G68460.1,GO:0052623,IPT1,1,25668610,25670345,-,1735,protein_coding,"Adenylate isopentenyltransferase 1, chloroplastic [Source:UniProtKB/Swiss-Prot;Acc:Q94ID3]",0.7744303327582707,0.9593789929619458,-0.21947607829571467,0.03644520743070963,NA,1.4163390204100654,0.512700645178614,NA,0.46667521632444464,0,0,0,5
AT3G23630.1,GO:0052623,IPT7,3,8488695,8490266,+,1571,protein_coding,"Adenylate isopentenyltransferase 7, mitochondrial [Source:UniProtKB/Swiss-Prot;Acc:Q94ID1]",0.6235355731746869,0.9219729170289356,0.1377089752351118,0.5106310464984019,0.819286633893269,0.18420756357898213,0.005843593374274587,0.09030725760745746,-0.8220143673563997,0,0,0,9
AT3G63110.1,GO:0052623,IPT3,3,23317971,23319636,-,1665,protein_coding,IPT3 [Source:UniProtKB/TrEMBL;Acc:A0A178V8J2],0.8713825499214011,0.9803999053993917,-0.05288512117232761,0.0070677005715738365,0.0867552177009351,-0.8910569543077509,0.45651159041465744,0.8087449073781906,-0.24353849135874442,0,0,0,3
AT5G19040.3,GO:0052623,IPT5,5,6361837,6363413,-,1576,protein_coding,"Adenylate isopentenyltransferase 5, chloroplastic [Source:UniProtKB/Swiss-Prot;Acc:Q94ID2]",0.5771211148152078,0.9062875630636722,-0.2095971395248159,0.804697186543959,0.9459780862095606,0.09255475360650403,0.9893732561827566,0.9980462850716483,-0.004985900476613798,0,0,0,1
