ID,Path,Gene,Chromosome,Start,End,Strand,Length,BioType,Description,Flg22_vs_Mock_pvalue,Flg22_vs_Mock_padj,Flg22_vs_Mock_log2FoldChange,Flg22_SynCom33_vs_Mock_pvalue,Flg22_SynCom33_vs_Mock_padj,Flg22_SynCom33_vs_Mock_log2FoldChange,Flg22_SynCom35_vs_Mock_pvalue,Flg22_SynCom35_vs_Mock_padj,Flg22_SynCom35_vs_Mock_log2FoldChange,Flg22_vs_Mock,Flg22_SynCom33_vs_Mock,Flg22_SynCom35_vs_Mock,cl
AT2G29630.3,GO:0016045,THIC,2,12666935,12670236,+,3301,protein_coding,"Phosphomethylpyrimidine synthase, chloroplastic [Source:UniProtKB/Swiss-Prot;Acc:O82392]",0.46701636939403773,0.8677675305536577,0.5566560978400057,0.8389422138095827,0.9556930499037716,-0.15679491312179544,0.3479933731454434,0.7397088329327688,0.7169078765849675,0,0,0,6
AT2G29630.4,GO:0016045,THIC,2,12667901,12671055,+,3154,protein_coding,"Phosphomethylpyrimidine synthase, chloroplastic [Source:UniProtKB/Swiss-Prot;Acc:O82392]",0.6751805725123894,0.935734064525037,0.4914424307079475,0.6337491079886672,0.8840878125669499,0.5584104404814271,0.1192469548274763,NA,1.8078609544150834,0,0,0,4
AT4G26090.1,GO:0016045,RPS2,4,13224338,13227872,+,3534,protein_coding,Disease resistance protein RPS2 [Source:UniProtKB/Swiss-Prot;Acc:Q42484],0.044487362359447453,0.3541344615140198,-0.3041852645293252,0.40231529440065367,0.7501318990267433,-0.12621773071407194,0.1057377945592689,0.4605895887873654,-0.24396716921325398,0,0,0,8
AT5G20480.2,GO:0016045,EFR,5,6921509,6925901,+,4392,protein_coding,LRR receptor-like serine/threonine-protein kinase EFR [Source:UniProtKB/Swiss-Prot;Acc:C0LGT6],0.6188459787824911,0.9199082974629913,0.49351866159231045,0.3177977757390431,0.6828968670996769,0.9880283630398801,0.99901508522874,0.9997924401392605,-0.0012289108268000414,0,0,0,9
AT5G46330.2,GO:0016045,FLS2,5,18791575,18795908,+,4333,protein_coding,Leucine-rich repeat receptor-like protein kinase (Fragment) [Source:UniProtKB/TrEMBL;Acc:C0LGU8],0.004863413901267608,0.09765525934652829,-0.5734537372176252,0.01441302749790159,0.13628244994674307,-0.4980832893583814,0.17698968619630198,0.5731365238344843,0.2737535691680506,0,0,0,4
