ID,Path,Gene,Chromosome,Start,End,Strand,Length,BioType,Description,Flg22_vs_Mock_pvalue,Flg22_vs_Mock_padj,Flg22_vs_Mock_log2FoldChange,Flg22_SynCom33_vs_Mock_pvalue,Flg22_SynCom33_vs_Mock_padj,Flg22_SynCom33_vs_Mock_log2FoldChange,Flg22_SynCom35_vs_Mock_pvalue,Flg22_SynCom35_vs_Mock_padj,Flg22_SynCom35_vs_Mock_log2FoldChange,Flg22_vs_Mock,Flg22_SynCom33_vs_Mock,Flg22_SynCom35_vs_Mock,cl
AT4G35450.1,GO:0051861,AKR2,4,16839526,16842158,+,2632,protein_coding,Ankyrin repeat-containing protein 2 [Source:UniProtKB/TrEMBL;Acc:F4JN13],0.5716685521686939,0.904829312885771,0.6001410560362057,0.9437758545275214,0.9873613349407674,-0.07523768116989557,0.4508886230023555,NA,-0.8107339338192019,0,0,0,7
AT4G35450.4,GO:0051861,AKR2,4,16839928,16842077,+,2149,protein_coding,Ankyrin repeat-containing protein 2 [Source:UniProtKB/TrEMBL;Acc:F4JN13],0.006606342682251028,0.1184628116902364,-0.26895542215241963,0.17825537428040472,0.5347519541119317,-0.1329312814358359,0.2864547545155932,0.6926159280538835,-0.10500693664668537,0,0,0,8
