ID,Path,Gene,Chromosome,Start,End,Strand,Length,BioType,Description,Flg22_vs_Mock_pvalue,Flg22_vs_Mock_padj,Flg22_vs_Mock_log2FoldChange,Flg22_SynCom33_vs_Mock_pvalue,Flg22_SynCom33_vs_Mock_padj,Flg22_SynCom33_vs_Mock_log2FoldChange,Flg22_SynCom35_vs_Mock_pvalue,Flg22_SynCom35_vs_Mock_padj,Flg22_SynCom35_vs_Mock_log2FoldChange,Flg22_vs_Mock,Flg22_SynCom33_vs_Mock,Flg22_SynCom35_vs_Mock,cl
AT2G35320.1,GO:0035335,ATEYA,2,14866832,14868881,-,2049,protein_coding,Eyes absent homolog [Source:UniProtKB/Swiss-Prot;Acc:O82162],0.9302204730548779,0.990882914792884,0.013485791728511812,0.8170755756134167,0.9498172792199605,-0.035717714829421696,0.8663753654417085,0.9684629003715558,-0.025867665275273635,0,0,0,4
AT3G09970.1,GO:0035335,,3,3063736,3065577,+,1841,protein_coding,Calcineurin-like metallo-phosphoesterase superfamily protein [Source:UniProtKB/TrEMBL;Acc:Q9SR62],0.8904189446315218,0.9843236938279982,0.024357595368351817,0.6486029040578201,0.891144551020671,0.08045680590565289,0.17318136057955644,0.567758393564953,-0.24225453265838442,0,0,0,9
AT3G09970.2,GO:0035335,,3,3063774,3065577,+,1803,protein_coding,Calcineurin-like metallo-phosphoesterase superfamily protein [Source:UniProtKB/TrEMBL;Acc:Q9SR62],0.47656765983541616,0.8715242357935524,-0.3841871301927273,0.6612182648082533,0.8966884973934139,-0.23548949249046863,0.197083218915631,0.5984928749059865,-0.702119467903651,0,0,0,10
AT3G19420.1,GO:0035335,PTEN2A,3,6731329,6735623,+,4294,protein_coding,PTEN2A [Source:UniProtKB/TrEMBL;Acc:A0A178V9M6],0.8107828809567341,0.9664689020754437,0.015016345336081557,0.002051667585619272,0.03775706940729247,0.1922344285590246,0.03304229241754578,0.25651225265612015,0.13279269306290165,0,0,0,1
