ID,Path,Gene,Chromosome,Start,End,Strand,Length,BioType,Description,Flg22_vs_Mock_pvalue,Flg22_vs_Mock_padj,Flg22_vs_Mock_log2FoldChange,Flg22_SynCom33_vs_Mock_pvalue,Flg22_SynCom33_vs_Mock_padj,Flg22_SynCom33_vs_Mock_log2FoldChange,Flg22_SynCom35_vs_Mock_pvalue,Flg22_SynCom35_vs_Mock_padj,Flg22_SynCom35_vs_Mock_log2FoldChange,Flg22_vs_Mock,Flg22_SynCom33_vs_Mock,Flg22_SynCom35_vs_Mock,cl
AT3G55070.1,GO:0045721,MAEA,3,20408274,20411364,+,3090,protein_coding,Protein MAEA homolog [Source:UniProtKB/Swiss-Prot;Acc:Q9M2V9],0.1937497395896854,0.6681409358695782,0.14694974041873865,0.07012055212315643,0.33606359104558586,0.20445381704264223,0.006098236838138479,0.0929141113691802,-0.31496647459996974,0,0,0,9
AT3G55070.2,GO:0045721,MAEA,3,20408282,20411364,+,3082,protein_coding,Protein MAEA homolog [Source:UniProtKB/Swiss-Prot;Acc:Q9M2V9],0.018193991855605208,0.2169569629064953,-0.9800174347879103,0.697255493666815,0.9110174594529885,-0.15552641737572348,0.46084848160626884,0.8113178687455662,0.2901134563316888,0,0,0,1
