ID,Path,Gene,Chromosome,Start,End,Strand,Length,BioType,Description,Flg22_vs_Mock_pvalue,Flg22_vs_Mock_padj,Flg22_vs_Mock_log2FoldChange,Flg22_SynCom33_vs_Mock_pvalue,Flg22_SynCom33_vs_Mock_padj,Flg22_SynCom33_vs_Mock_log2FoldChange,Flg22_SynCom35_vs_Mock_pvalue,Flg22_SynCom35_vs_Mock_padj,Flg22_SynCom35_vs_Mock_log2FoldChange,Flg22_vs_Mock,Flg22_SynCom33_vs_Mock,Flg22_SynCom35_vs_Mock,cl
AT2G37840.1,GO:0010506,ATG1C,2,15851726,15856309,+,4583,protein_coding,Serine/threonine-protein kinase ATG1c [Source:UniProtKB/Swiss-Prot;Acc:F4IRW0],0.442763851059068,0.8579144530720999,0.14031526142623083,0.0023131960777096412,0.04106506961130475,0.5524385772868362,0.005274365704692393,0.084537435125576,0.5054643379656404,0,0,0,1
AT2G37840.2,GO:0010506,ATG1C,2,15851726,15856309,+,4583,protein_coding,Serine/threonine-protein kinase ATG1c [Source:UniProtKB/Swiss-Prot;Acc:F4IRW0],0.06663034715600562,0.43051778259600504,-0.5294573702746964,0.23498251772443116,0.603856825927398,0.3391321978838433,0.8110029483419047,0.9530200382011254,-0.06851276601924322,0,0,0,5
AT2G37840.3,GO:0010506,ATG1C,2,15853749,15856334,+,2585,protein_coding,Serine/threonine-protein kinase ATG1c [Source:UniProtKB/Swiss-Prot;Acc:F4IRW0],0.4914279657701946,0.8769073609937197,0.16068873576257747,0.0025159241219397995,0.04359309804501375,0.6977960322717437,0.9817012734559054,0.9960269684187426,0.005367156749567034,0,0,0,5
AT3G61960.1,GO:0010506,ATG1A,3,22941765,22945329,-,3564,protein_coding,Serine/threonine-protein kinase ATG1a [Source:UniProtKB/Swiss-Prot;Acc:Q94C95],0.026446362329411655,0.2675214656676097,0.297909599441268,0.03643877347376737,0.23558131518081157,0.28087591499216585,0.029436060101673964,0.2401567088128655,-0.2943362587617823,0,0,0,9
