ID,Path,Gene,Chromosome,Start,End,Strand,Length,BioType,Description,Flg22_vs_Mock_pvalue,Flg22_vs_Mock_padj,Flg22_vs_Mock_log2FoldChange,Flg22_SynCom33_vs_Mock_pvalue,Flg22_SynCom33_vs_Mock_padj,Flg22_SynCom33_vs_Mock_log2FoldChange,Flg22_SynCom35_vs_Mock_pvalue,Flg22_SynCom35_vs_Mock_padj,Flg22_SynCom35_vs_Mock_log2FoldChange,Flg22_vs_Mock,Flg22_SynCom33_vs_Mock,Flg22_SynCom35_vs_Mock,cl
AT2G40950.1,GO:0006990,BZIP17,2,17087565,17090556,-,2991,protein_coding,bZIP transcription factor 17 [Source:UniProtKB/Swiss-Prot;Acc:O22208],0.19131197997226063,0.6666052831201632,0.13701786988216422,0.9506022542506405,0.9892187448899618,0.006519000168481878,0.28161524229431745,0.68847873602452625,-0.11339031837863206,0,0,0,7
AT3G10800.1,GO:0006990,BZIP28,3,3379168,3381621,+,2453,protein_coding,BZIP28 [Source:UniProtKB/TrEMBL;Acc:A0A178VDM1],0.7625896152391471,0.9569437197591503,0.025231381513823137,0.7952534955315155,0.9429209211509868,-0.021711116336295345,0.12611557292448114,0.49763628889899414,-0.12804003706014824,0,0,0,2
AT3G56660.1,GO:0006990,BZIP49,3,20986109,20988320,-,2211,protein_coding,bZIP transcription factor 49 [Source:UniProtKB/Swiss-Prot;Acc:Q9LXX4],0.8039021191353038,0.9662426756893417,0.1776856847691631,0.43688135025153857,NA,-0.5890463223043806,0.727905306584539,NA,-0.2547122606056012,0,0,0,3
