ID,Path,Gene,Chromosome,Start,End,Strand,Length,BioType,Description,Flg22_vs_Mock_pvalue,Flg22_vs_Mock_padj,Flg22_vs_Mock_log2FoldChange,Flg22_SynCom33_vs_Mock_pvalue,Flg22_SynCom33_vs_Mock_padj,Flg22_SynCom33_vs_Mock_log2FoldChange,Flg22_SynCom35_vs_Mock_pvalue,Flg22_SynCom35_vs_Mock_padj,Flg22_SynCom35_vs_Mock_log2FoldChange,Flg22_vs_Mock,Flg22_SynCom33_vs_Mock,Flg22_SynCom35_vs_Mock,cl
AT1G29760.1,GO:0080155,SEI2,1,10422292,10424513,+,2221,protein_coding,Seipin-2 [Source:UniProtKB/Swiss-Prot;Acc:F4I340],0.7851633428674827,0.9624253821191183,0.04413928618316935,0.372553252558578,0.7287433098003184,0.14419222317264918,0.9025674616248043,0.977974507578685,0.01980597398082343,0,0,0,5
AT2G34380.1,GO:0080155,SEI3,2,14512707,14514516,+,1809,protein_coding,Seipin-3 [Source:UniProtKB/Swiss-Prot;Acc:Q8L615],0.1774621986666354,0.6489417293539327,-0.2101386591887078,0.5554769248010032,0.844365050668842,-0.09127876115193395,0.43530435796764927,0.7969372379564497,-0.12036453309141174,0,0,0,8
AT4G35165.1,GO:0080155,,4,16735123,16735883,+,760,protein_coding,Egg cell-secreted-like protein (DUF1278) [Source:UniProtKB/TrEMBL;Acc:Q5BPK0],0.8603956203066596,NA,-0.22108494384340652,0.8613207169259467,NA,0.2132615150352631,0.7899877015029124,NA,-0.335636682641264,0,0,0,10
