ID,Path,Gene,Chromosome,Start,End,Strand,Length,BioType,Description,Flg22_vs_Mock_pvalue,Flg22_vs_Mock_padj,Flg22_vs_Mock_log2FoldChange,Flg22_SynCom33_vs_Mock_pvalue,Flg22_SynCom33_vs_Mock_padj,Flg22_SynCom33_vs_Mock_log2FoldChange,Flg22_SynCom35_vs_Mock_pvalue,Flg22_SynCom35_vs_Mock_padj,Flg22_SynCom35_vs_Mock_log2FoldChange,Flg22_vs_Mock,Flg22_SynCom33_vs_Mock,Flg22_SynCom35_vs_Mock,cl
AT1G68310.2,GO:0106035,AE7,1,25599465,25601467,+,2002,protein_coding,Protein of unknown function (DUF59) [Source:TAIR;Acc:AT1G68310],0.17981327794311097,0.6530145695370422,0.396567476860027,0.9043664521023348,0.9755298328885262,-0.0358285368635104,0.9923470285342574,0.9987511922657519,0.0028524587099040717,0,0,0,7
AT1G68310.1,GO:0106035,AE7,1,25599491,25601463,+,1972,protein_coding,Protein of unknown function (DUF59) [Source:TAIR;Acc:AT1G68310],0.1519464948344045,0.6094748338629701,-0.47877764557824937,0.9976353824650149,0.9990476214954751,-9.792946064580137e-4,0.6998923261971766,0.9181204389096781,-0.12747155724403253,0,0,0,1
AT3G50845.1,GO:0106035,AEL1,3,18899930,18901209,-,1279,protein_coding,Protein AE7-like 1 [Source:UniProtKB/Swiss-Prot;Acc:A8MR89],0.37934269933595505,0.8253665023380019,0.2875156211798227,0.33798484211692725,0.6998743758428962,0.31310705925412474,0.5239972348694197,0.8454774394472845,0.20837656872439805,0,0,0,6
AT5G03905.1,GO:0106035,,5,1052580,1054274,+,1694,protein_coding,"Iron-sulfur assembly protein IscA-like 2, mitochondrial [Source:UniProtKB/Swiss-Prot;Acc:Q8LCY2]",0.9607939599336327,0.9942636582680323,-0.010764765757995289,0.8454409704278594,0.9581022792901529,-0.04271225734949998,0.0667010766391027,0.36804474661154674,-0.40330980740549904,0,0,0,2
