ID,Path,Gene,Chromosome,Start,End,Strand,Length,BioType,Description,Flg22_vs_Mock_pvalue,Flg22_vs_Mock_padj,Flg22_vs_Mock_log2FoldChange,Flg22_SynCom33_vs_Mock_pvalue,Flg22_SynCom33_vs_Mock_padj,Flg22_SynCom33_vs_Mock_log2FoldChange,Flg22_SynCom35_vs_Mock_pvalue,Flg22_SynCom35_vs_Mock_padj,Flg22_SynCom35_vs_Mock_log2FoldChange,Flg22_vs_Mock,Flg22_SynCom33_vs_Mock,Flg22_SynCom35_vs_Mock,cl
AT1G72560.1,GO:0071528,PSD,1,27324367,27329893,-,5526,protein_coding,Exportin-T [Source:UniProtKB/Swiss-Prot;Acc:Q7PC79],0.5327104090019555,0.8912765061852691,0.13971733431677588,0.7582203004565331,0.9308123618759256,-0.06921150741758833,0.22747313463497676,0.6355299817731125,-0.2719846953429239,0,0,0,2
AT1G72560.3,GO:0071528,PSD,1,27324367,27330031,-,5664,protein_coding,Exportin-T [Source:UniProtKB/Swiss-Prot;Acc:Q7PC79],0.5358307909427862,0.8922801703152878,-0.38283361552346584,0.4514516761527809,0.7839237748426494,-0.46613171797788383,0.9271080939825865,0.9832745543538595,-0.05633875398986433,0,0,0,4
AT1G72560.2,GO:0071528,PSD,1,27324760,27329467,-,4707,protein_coding,Exportin-T [Source:UniProtKB/Swiss-Prot;Acc:Q7PC79],0.4339384421976044,0.8538847702421565,-0.38942499867940983,0.7932102766616062,0.9422931299696791,-0.1300859755483431,0.4474227670605613,0.8034170437056904,0.3750133936032555,0,0,0,4
