ID,Path,Gene,Chromosome,Start,End,Strand,Length,BioType,Description,Flg22_vs_Mock_pvalue,Flg22_vs_Mock_padj,Flg22_vs_Mock_log2FoldChange,Flg22_SynCom33_vs_Mock_pvalue,Flg22_SynCom33_vs_Mock_padj,Flg22_SynCom33_vs_Mock_log2FoldChange,Flg22_SynCom35_vs_Mock_pvalue,Flg22_SynCom35_vs_Mock_padj,Flg22_SynCom35_vs_Mock_log2FoldChange,Flg22_vs_Mock,Flg22_SynCom33_vs_Mock,Flg22_SynCom35_vs_Mock,cl
AT1G80950.2,GO:0071618,LPEAT1,1,30412149,30415161,-,3012,protein_coding,Lysophospholipid acyltransferase LPEAT1 [Source:UniProtKB/Swiss-Prot;Acc:Q8L7R3],0.5229643295117493,0.8892199740176685,0.11687682405252042,0.4982492730441167,0.8115698557491252,0.12392733008099813,0.04067935602668966,0.2857412984788612,0.3714816787077622,0,0,0,6
AT1G80950.1,GO:0071618,LPEAT1,1,30412405,30415264,-,2859,protein_coding,Lysophospholipid acyltransferase LPEAT1 [Source:UniProtKB/Swiss-Prot;Acc:Q8L7R3],0.9401237880412281,0.9923948784613205,-0.010478451939036916,0.44219689696334236,0.7783980205698172,0.10696460131246736,0.006726510319534771,0.09905536916134064,-0.38070641670805916,0,0,0,9
AT2G45670.2,GO:0071618,LPEAT2,2,18814660,18818545,-,3885,protein_coding,Lysophospholipid acyltransferase LPEAT2 [Source:UniProtKB/Swiss-Prot;Acc:Q8S8S2],0.08565901643120802,0.4827755954234543,-0.6006785076590501,0.46704442443512983,0.7928194125830488,0.2528411591851399,0.9083568853158877,0.9790443952748366,0.04004193201821819,0,0,0,1
AT2G45670.1,GO:0071618,LPEAT2,2,18814660,18818545,-,3885,protein_coding,Lysophospholipid acyltransferase LPEAT2 [Source:UniProtKB/Swiss-Prot;Acc:Q8S8S2],0.11816940284466805,0.5543532311307984,-0.19093861888591768,0.6901079245145236,0.9078824110897152,0.04857267008024874,0.6505949283335892,0.9010945760419972,0.055115125285250484,0,0,0,1
