ID,Path,Gene,Chromosome,Start,End,Strand,Length,BioType,Description,Flg22_vs_Mock_pvalue,Flg22_vs_Mock_padj,Flg22_vs_Mock_log2FoldChange,Flg22_SynCom33_vs_Mock_pvalue,Flg22_SynCom33_vs_Mock_padj,Flg22_SynCom33_vs_Mock_log2FoldChange,Flg22_SynCom35_vs_Mock_pvalue,Flg22_SynCom35_vs_Mock_padj,Flg22_SynCom35_vs_Mock_log2FoldChange,Flg22_vs_Mock,Flg22_SynCom33_vs_Mock,Flg22_SynCom35_vs_Mock,cl
AT1G04810.1,GO:0034515,RPN2B,1,1350080,1355466,+,5386,protein_coding,26S proteasome non-ATPase regulatory subunit 1 homolog [Source:UniProtKB/TrEMBL;Acc:A0A178WEG0],0.6760083296322179,0.9358568248523207,-0.040225553356914426,0.03165577303659179,0.2166421819678362,-0.20728125132062009,0.001342157471248578,0.032550024640421664,-0.309403920960571,0,0,0,2
AT2G20580.1,GO:0034515,RPN1A,2,8858962,8864865,+,5903,protein_coding,26S proteasome non-ATPase regulatory subunit 2 homolog [Source:UniProtKB/TrEMBL;Acc:A0A178VZC8],0.81567748575779,0.9670041046358063,0.017720916088836133,0.014427395724281951,0.13634021767141064,-0.18647963808389548,3.4939460491555156e-4,0.012274145497655325,-0.2725398317115128,0,0,0,2
AT2G32730.1,GO:0034515,RPN2A,2,13879959,13885736,+,5777,protein_coding,26S proteasome non-ATPase regulatory subunit 1 homolog A [Source:UniProtKB/Swiss-Prot;Acc:O48844],0.9196025065286131,0.9884770655970441,-0.007447658010447183,0.07054428163253904,0.33719263492992785,-0.13367427521648761,0.7485009166155863,0.9341148880956524,0.023626666564769173,0,0,0,4
AT4G28470.1,GO:0034515,RPN1B,4,14066731,14072582,-,5851,protein_coding,26S proteasome non-ATPase regulatory subunit 2 homolog B [Source:UniProtKB/Swiss-Prot;Acc:Q6XJG8],0.4843836941035709,0.8749078962816047,-0.07073502134363309,0.6081825727388155,0.8721414659321902,-0.05185257769434947,0.6738765328927132,0.9088794263269119,0.04243974168962249,0,0,0,4
