ID,Path,Gene,Chromosome,Start,End,Strand,Length,BioType,Description,Flg22_vs_Mock_pvalue,Flg22_vs_Mock_padj,Flg22_vs_Mock_log2FoldChange,Flg22_SynCom33_vs_Mock_pvalue,Flg22_SynCom33_vs_Mock_padj,Flg22_SynCom33_vs_Mock_log2FoldChange,Flg22_SynCom35_vs_Mock_pvalue,Flg22_SynCom35_vs_Mock_padj,Flg22_SynCom35_vs_Mock_log2FoldChange,Flg22_vs_Mock,Flg22_SynCom33_vs_Mock,Flg22_SynCom35_vs_Mock,cl
AT1G78240.2,GO:0010289,QUA2,1,29432829,29436659,-,3830,protein_coding,Probable pectin methyltransferase QUA2 [Source:UniProtKB/Swiss-Prot;Acc:Q9C9Q8],1.5761413948857438e-16,2.323647190112872e-13,0.49885955458198156,1.168256832465064e-14,9.236788285389956e-12,0.467411044150524,0.9964130594038096,0.999237406550098,-2.761987867340422e-4,0,0,0,9
AT3G25140.1,GO:0010289,GAUT8,3,9154508,9157012,+,2504,protein_coding,Hexosyltransferase (Fragment) [Source:UniProtKB/TrEMBL;Acc:W8PVC6],0.7530265851588807,0.9534450085191498,-0.03913036738812963,0.223201622891104,0.5917118481323353,-0.1516663894238806,0.17473081569002546,0.5703270362878584,0.1683597840987315,0,0,0,4
AT3G61130.1,GO:0010289,GAUT1,3,22621912,22625808,+,3896,protein_coding,Hexosyltransferase (Fragment) [Source:UniProtKB/TrEMBL;Acc:W8PUP8],0.8498139115174759,0.9750998474322471,0.01767659532164325,0.9607896614395898,0.9911214626712666,0.0045911201123793,0.04213278960662714,0.2916922740593484,0.18903968262688026,0,0,0,4
