ID,Path,Gene,Chromosome,Start,End,Strand,Length,BioType,Description,Flg22_vs_Mock_pvalue,Flg22_vs_Mock_padj,Flg22_vs_Mock_log2FoldChange,Flg22_SynCom33_vs_Mock_pvalue,Flg22_SynCom33_vs_Mock_padj,Flg22_SynCom33_vs_Mock_log2FoldChange,Flg22_SynCom35_vs_Mock_pvalue,Flg22_SynCom35_vs_Mock_padj,Flg22_SynCom35_vs_Mock_log2FoldChange,Flg22_vs_Mock,Flg22_SynCom33_vs_Mock,Flg22_SynCom35_vs_Mock,cl
AT1G13870.1,GO:0080178,KTI12,1,4747186,4748666,-,1480,protein_coding,Protein KTI12 homolog [Source:UniProtKB/Swiss-Prot;Acc:Q9LMH0],0.5612916384118014,0.9018477133671811,0.07209099569016936,0.23168791030989416,0.6007626775772935,0.14775904459014827,0.9456538488937367,0.9872688024369987,0.008448470811746675,0,0,0,5
AT5G13680.1,GO:0080178,ELP1,5,4410314,4415622,-,5308,protein_coding,Elongator complex protein 1 [Source:UniProtKB/Swiss-Prot;Acc:Q9FNA4],0.5052230880225221,0.8822321017809445,-0.09400716712170883,0.02949666202378181,0.20872052343335157,-0.30820356424291145,0.7258509473206427,0.9257062176972022,-0.049388860918932104,0,0,0,3
