ID,Path,Gene,Chromosome,Start,End,Strand,Length,BioType,Description,Flg22_vs_Mock_pvalue,Flg22_vs_Mock_padj,Flg22_vs_Mock_log2FoldChange,Flg22_SynCom33_vs_Mock_pvalue,Flg22_SynCom33_vs_Mock_padj,Flg22_SynCom33_vs_Mock_log2FoldChange,Flg22_SynCom35_vs_Mock_pvalue,Flg22_SynCom35_vs_Mock_padj,Flg22_SynCom35_vs_Mock_log2FoldChange,Flg22_vs_Mock,Flg22_SynCom33_vs_Mock,Flg22_SynCom35_vs_Mock,cl
AT3G02580.1,GO:0000248,STE1,3,546739,548846,+,2107,protein_coding,Delta(7)-sterol-C5(6)-desaturase 1 [Source:UniProtKB/Swiss-Prot;Acc:Q39208],0.6761246394503317,0.9358568248523207,0.05172670475285123,0.2087202801199544,0.5730590304052888,0.15534673016872852,0.47249830241176904,0.8182669276866067,0.08873800985960559,0,0,0,1
AT3G02590.1,GO:0000248,HDF7,3,549175,550672,+,1497,protein_coding,Putative Delta(7)-sterol-C5(6)-desaturase 2 [Source:UniProtKB/Swiss-Prot;Acc:Q9M883],0.389827284180737,0.832497887458645,-0.6416809164166531,0.015223706968200848,NA,-1.9501050108460352,0.08054188973202005,NA,-1.340781926855038,0,-0,-0,2
