ID,Path,Gene,Chromosome,Start,End,Strand,Length,BioType,Description,Flg22_vs_Mock_pvalue,Flg22_vs_Mock_padj,Flg22_vs_Mock_log2FoldChange,Flg22_SynCom33_vs_Mock_pvalue,Flg22_SynCom33_vs_Mock_padj,Flg22_SynCom33_vs_Mock_log2FoldChange,Flg22_SynCom35_vs_Mock_pvalue,Flg22_SynCom35_vs_Mock_padj,Flg22_SynCom35_vs_Mock_log2FoldChange,Flg22_vs_Mock,Flg22_SynCom33_vs_Mock,Flg22_SynCom35_vs_Mock,cl
AT1G55880.1,GO:0080146,,1,20898793,20901247,-,2454,protein_coding,At1g55880 [Source:UniProtKB/TrEMBL;Acc:Q6NKY5],6.389395474016706e-5,0.004589060426222614,-0.4813732457052016,0.01732552137669653,0.15175779265179412,-0.2826407010980772,0.7681125627139795,0.9395602402199302,0.034154315879278724,0,0,0,4
AT3G62130.1,GO:0080146,LCD,3,23004788,23007006,+,2218,protein_coding,LCD [Source:UniProtKB/TrEMBL;Acc:A0A178VKW4],0.08578809257406875,0.4833077019750553,0.2013913053829306,0.004442670286672441,0.06393354531388039,-0.3381590498126916,0.4713616384274702,0.817829099761148,-0.08482658902213969,0,0,0,3
AT3G62130.2,GO:0080146,LCD,3,23004844,23007006,+,2162,protein_coding,LCD [Source:UniProtKB/TrEMBL;Acc:A0A178VKW4],0.4275872050515808,0.8495097171188976,-1.626604884848235,0.7787692079646296,NA,-0.5667102813501299,0.9753302724732563,NA,0.06200405414930171,-0,0,0,8
