ID,Path,Gene,Chromosome,Start,End,Strand,Length,BioType,Description,Flg22_vs_Mock_pvalue,Flg22_vs_Mock_padj,Flg22_vs_Mock_log2FoldChange,Flg22_SynCom33_vs_Mock_pvalue,Flg22_SynCom33_vs_Mock_padj,Flg22_SynCom33_vs_Mock_log2FoldChange,Flg22_SynCom35_vs_Mock_pvalue,Flg22_SynCom35_vs_Mock_padj,Flg22_SynCom35_vs_Mock_log2FoldChange,Flg22_vs_Mock,Flg22_SynCom33_vs_Mock,Flg22_SynCom35_vs_Mock,cl
AT1G17720.2,GO:0043666,PP2AB2,1,6093185,6098443,-,5258,protein_coding,Serine/threonine-protein phosphatase 2A 55 kDa regulatory subunit B [Source:UniProtKB/TrEMBL;Acc:Q0WW19],0.5694292371229975,0.9042207986421826,-0.05967220856540777,0.03884310076888124,0.24362581308190984,-0.2172492886376258,0.01144163291393843,0.137195621820206,-0.26577416296878914,0,0,0,2
AT1G17720.1,GO:0043666,PP2AB2,1,6093208,6098439,-,5231,protein_coding,Serine/threonine-protein phosphatase 2A 55 kDa regulatory subunit B [Source:UniProtKB/TrEMBL;Acc:Q0WW19],0.9254059782821856,0.9892209913624752,-0.013611821203819194,0.09844422811309986,0.4010878660406715,0.23961074049424466,0.441699664938984,0.8004817019007134,0.11159924702479866,0,0,0,5
AT1G25490.1,GO:0043666,PP2AA1,1,8951162,8955160,+,3998,protein_coding,Serine/threonine-protein phosphatase 2A 65 kDa regulatory subunit A alpha isoform [Source:UniProtKB/Swiss-Prot;Acc:Q38845],0.9543391910998548,0.99359763643049,0.005431222257465909,0.7457567075809045,0.9270488699740983,-0.030775028653637265,0.28509690821372674,0.6912581295007889,0.10117473819703929,0,0,0,4
AT5G52200.3,GO:0043666,I-2,5,21202549,21204756,-,2207,protein_coding,Protein phosphatase inhibitor 2 [Source:UniProtKB/Swiss-Prot;Acc:Q9LTK0],0.7747445945479715,0.9594526125428074,-0.12152583085390091,0.8649157196961113,0.9642377297254949,-0.07210152515266548,5.297947397870318e-5,NA,-2.002111070040119,0,0,-0,2
AT5G52200.1,GO:0043666,I-2,5,21202604,21204816,-,2212,protein_coding,Protein phosphatase inhibitor 2 [Source:UniProtKB/Swiss-Prot;Acc:Q9LTK0],0.5746384431929972,0.9057054598401443,0.08436780584370711,0.14961936088652958,0.4901971553140388,0.21634446797734386,0.24209403684909178,0.6504868187850631,-0.17619616895128407,0,0,0,9
