ID,Path,Gene,Chromosome,Start,End,Strand,Length,BioType,Description,Flg22_vs_Mock_pvalue,Flg22_vs_Mock_padj,Flg22_vs_Mock_log2FoldChange,Flg22_SynCom33_vs_Mock_pvalue,Flg22_SynCom33_vs_Mock_padj,Flg22_SynCom33_vs_Mock_log2FoldChange,Flg22_SynCom35_vs_Mock_pvalue,Flg22_SynCom35_vs_Mock_padj,Flg22_SynCom35_vs_Mock_log2FoldChange,Flg22_vs_Mock,Flg22_SynCom33_vs_Mock,Flg22_SynCom35_vs_Mock,cl
AT1G43850.2,GO:0060090,SEU,1,16616988,16622049,+,5061,protein_coding,Transcriptional corepressor SEUSS [Source:UniProtKB/Swiss-Prot;Acc:Q8W234],0.19703186911751286,0.670763874041252,-0.21426574089956063,0.5702527362747734,0.8529170267842161,-0.0941615976855263,0.44506372214310075,0.8021340960804444,-0.12658838746751613,0,0,0,8
AT1G43850.1,GO:0060090,SEU,1,16616988,16622049,+,5061,protein_coding,Transcriptional corepressor SEUSS [Source:UniProtKB/Swiss-Prot;Acc:Q8W234],0.2341850662357468,0.7109050629392714,0.3333812453743736,0.2831493179306878,0.6532070113499793,0.3009425076061698,0.16538894882793556,0.5561957892689038,0.38809226699922356,0,0,0,6
