ID,Path,Gene,Chromosome,Start,End,Strand,Length,BioType,Description,Flg22_vs_Mock_pvalue,Flg22_vs_Mock_padj,Flg22_vs_Mock_log2FoldChange,Flg22_SynCom33_vs_Mock_pvalue,Flg22_SynCom33_vs_Mock_padj,Flg22_SynCom33_vs_Mock_log2FoldChange,Flg22_SynCom35_vs_Mock_pvalue,Flg22_SynCom35_vs_Mock_padj,Flg22_SynCom35_vs_Mock_log2FoldChange,Flg22_vs_Mock,Flg22_SynCom33_vs_Mock,Flg22_SynCom35_vs_Mock,cl
AT1G12040.1,GO:0010054,LRX1,1,4069992,4072681,+,2689,protein_coding,Leucine-rich repeat extensin-like protein 1 [Source:UniProtKB/Swiss-Prot;Acc:O65375],0.8060787187386407,0.9662426756893417,0.08917386059873704,4.4772394611757444e-4,0.012722743255319911,1.2746508622674277,0.7541406229703778,0.9352149304812711,0.11375986975029295,0,1,0,5
AT3G62680.1,GO:0010054,PRP3,3,23182722,23184042,+,1320,protein_coding,Proline-rich protein 3 [Source:UniProtKB/Swiss-Prot;Acc:Q9LZJ7],0.7233707283422011,0.9474623996432734,-0.1328651260646588,0.003165110493353583,0.05076640828301373,1.107558040425031,0.8863490604165192,0.9741032737064127,0.05364649502577588,0,0,0,5
AT5G37850.4,GO:0010054,SOS4,5,15065300,15069094,+,3794,protein_coding,pfkB-like carbohydrate kinase family protein [Source:TAIR;Acc:AT5G37850],0.6732944170497416,0.9353444647666466,0.24681563208766344,0.6439905577879033,0.8892953014953491,0.27048605373282447,0.7881814726946705,0.9459968346073203,-0.15788231697566812,0,0,0,9
AT5G37850.1,GO:0010054,SOS4,5,15065300,15069094,+,3794,protein_coding,pfkB-like carbohydrate kinase family protein [Source:TAIR;Acc:AT5G37850],0.6880629812419193,0.9384645833061259,-0.07544278540477327,0.7699443818667685,0.9353515232328099,0.05484792262496453,0.060630887669477315,0.3508871867323696,-0.3538203028398997,0,0,0,10
