ID,Path,Gene,Chromosome,Start,End,Strand,Length,BioType,Description,Flg22_vs_Mock_pvalue,Flg22_vs_Mock_padj,Flg22_vs_Mock_log2FoldChange,Flg22_SynCom33_vs_Mock_pvalue,Flg22_SynCom33_vs_Mock_padj,Flg22_SynCom33_vs_Mock_log2FoldChange,Flg22_SynCom35_vs_Mock_pvalue,Flg22_SynCom35_vs_Mock_padj,Flg22_SynCom35_vs_Mock_log2FoldChange,Flg22_vs_Mock,Flg22_SynCom33_vs_Mock,Flg22_SynCom35_vs_Mock,cl
AT2G33860.2,GO:0010158,ARF3,2,14325206,14328256,-,3050,protein_coding,Auxin response factor 3 [Source:UniProtKB/Swiss-Prot;Acc:O23661],0.8764069219369539,0.9818581429555636,-0.28441821689235447,0.8734697428876717,0.9663997048321353,-0.2912475496722594,0.560914446096145,0.8648260805447208,1.0609912253888774,0,0,0,4
AT2G33860.1,GO:0010158,ARF3,2,14325206,14328978,-,3772,protein_coding,Auxin response factor 3 [Source:UniProtKB/Swiss-Prot;Acc:O23661],0.7431634311714757,0.9529854144178901,-0.10249885763113499,0.403538876988862,0.7508258645635789,-0.2620351813131896,0.5624350438297774,0.86536531000754,0.1802882066846767,0,0,0,4
AT5G16560.1,GO:0010158,KAN1,5,5406863,5411766,-,4903,protein_coding,Transcription repressor KAN1 [Source:UniProtKB/Swiss-Prot;Acc:Q93WJ9],0.0019862459952814963,0.05422683876591618,-0.6770396866032529,0.0047682939943044155,0.06669161246352305,-0.6166281500525008,0.8863087946656693,0.9741032737064127,0.030481507676014645,0,0,0,4
AT5G60450.1,GO:0010158,ARF4,5,24308255,24312784,-,4529,protein_coding,Auxin response factor 4 [Source:UniProtKB/Swiss-Prot;Acc:Q9ZTX9],0.4365627070956938,0.8549645520840019,-0.1734934236178241,0.05940296252363005,0.30644222578396146,-0.422361788632224,0.8246419221416247,0.9567071111001209,-0.049257196827139756,0,0,0,8
