ID,Path,Gene,Chromosome,Start,End,Strand,Length,BioType,Description,Flg22_vs_Mock_pvalue,Flg22_vs_Mock_padj,Flg22_vs_Mock_log2FoldChange,Flg22_SynCom33_vs_Mock_pvalue,Flg22_SynCom33_vs_Mock_padj,Flg22_SynCom33_vs_Mock_log2FoldChange,Flg22_SynCom35_vs_Mock_pvalue,Flg22_SynCom35_vs_Mock_padj,Flg22_SynCom35_vs_Mock_log2FoldChange,Flg22_vs_Mock,Flg22_SynCom33_vs_Mock,Flg22_SynCom35_vs_Mock,cl
AT1G77300.1,GO:0031062,EFS,1,29039922,29049454,-,9532,protein_coding,histone methyltransferases(H3-K4 specific);histone methyltransferases(H3-K36 specific) [Source:TAIR;Acc:AT1G77300],0.32355178924413325,0.7869707451867592,-0.11544583751682436,0.2075995384617997,0.5716407884708202,-0.14743543642174628,0.0848561171681796,0.41510135559822386,-0.20153264220164074,0,0,0,8
AT3G24440.1,GO:0031062,VIL1,3,8875784,8878481,-,2697,protein_coding,VIN3-like protein 1 [Source:UniProtKB/Swiss-Prot;Acc:Q9LHF5],0.12566438530447763,0.5678165222653969,-0.4790767542378264,0.900530462957246,0.9741674006123415,-0.03892253716147366,0.9399566584230953,0.9857989941751747,-0.023434375094679657,0,0,0,1
AT3G24440.2,GO:0031062,VIL1,3,8875855,8878414,-,2559,protein_coding,VIN3-like protein 1 [Source:UniProtKB/Swiss-Prot;Acc:Q9LHF5],0.9929567095628751,0.9982596702690572,0.0019398935661919232,0.7651038156304174,0.9332752868580125,-0.065726350609904,0.3709721665468751,0.7548078808173817,-0.19691589359678907,0,0,0,2
