ID,Path,Gene,Chromosome,Start,End,Strand,Length,BioType,Description,Flg22_vs_Mock_pvalue,Flg22_vs_Mock_padj,Flg22_vs_Mock_log2FoldChange,Flg22_SynCom33_vs_Mock_pvalue,Flg22_SynCom33_vs_Mock_padj,Flg22_SynCom33_vs_Mock_log2FoldChange,Flg22_SynCom35_vs_Mock_pvalue,Flg22_SynCom35_vs_Mock_padj,Flg22_SynCom35_vs_Mock_log2FoldChange,Flg22_vs_Mock,Flg22_SynCom33_vs_Mock,Flg22_SynCom35_vs_Mock,cl
AT1G08260.1,GO:0008622,POL2A,1,2588854,2606892,+,18038,protein_coding,DNA polymerase epsilon catalytic subunit A [Source:UniProtKB/Swiss-Prot;Acc:F4HW04],0.0869042981211527,0.4854786420524116,-0.3230615970049574,0.00427416269312483,0.06235699061274639,-0.5407052116984402,0.2523104048219034,0.6604221106833336,0.21478247688073956,0,0,0,4
AT2G27470.1,GO:0008622,NF-YB11,2,11744981,11746455,-,1474,protein_coding,"Nuclear factor Y, subunit B11 [Source:UniProtKB/TrEMBL;Acc:Q9ZQH2]",0.20624709761554186,0.681297009769479,-0.21632947100713573,0.22118733105642735,0.5885338843372148,-0.2094124820624839,0.046016303222957584,0.3064102471458382,0.33531085830633445,0,0,0,4
AT5G22110.1,GO:0008622,DPB2,5,7330825,7334282,-,3457,protein_coding,DNA polymerase epsilon subunit B [Source:UniProtKB/Swiss-Prot;Acc:Q500V9],0.662967733759334,0.9323171279156285,-0.124585002978355,0.09010906833387179,0.3837629871595598,-0.49022301351874104,0.5597376768321933,0.8643240711956937,0.1652167685667275,0,0,0,4
AT5G22110.2,GO:0008622,DPB2,5,7331235,7334282,-,3047,protein_coding,DNA polymerase epsilon subunit B [Source:UniProtKB/Swiss-Prot;Acc:Q500V9],0.7572913749221694,0.9544580258336968,0.45857351179705996,0.1838420403156521,0.5426405201508626,1.957035731629738,0.448807442354598,NA,1.1185594962516408,0,0,0,5
AT5G43250.1,GO:0008622,NF-YC13,5,17355845,17356706,-,861,protein_coding,"Nuclear factor Y, subunit C13 [Source:UniProtKB/TrEMBL;Acc:Q9FHS0]",0.9093390113194831,0.9871524646773647,0.04591751416150393,0.7947328439972139,0.9426822712056261,-0.10585329874353837,0.586027603746784,0.8756021219492602,0.21691563757798576,0,0,0,4
