ID,Path,Gene,Chromosome,Start,End,Strand,Length,BioType,Description,Flg22_vs_Mock_pvalue,Flg22_vs_Mock_padj,Flg22_vs_Mock_log2FoldChange,Flg22_SynCom33_vs_Mock_pvalue,Flg22_SynCom33_vs_Mock_padj,Flg22_SynCom33_vs_Mock_log2FoldChange,Flg22_SynCom35_vs_Mock_pvalue,Flg22_SynCom35_vs_Mock_padj,Flg22_SynCom35_vs_Mock_log2FoldChange,Flg22_vs_Mock,Flg22_SynCom33_vs_Mock,Flg22_SynCom35_vs_Mock,cl
AT1G72590.1,GO:0003865,PPRD1,1,27335531,27337123,+,1592,protein_coding,Polyprenol reductase 1 [Source:UniProtKB/Swiss-Prot;Acc:Q9CAH5],0.046849686860142556,0.36325749618260045,-1.5422929158457153,0.35934389287499463,NA,-0.6631823888739353,0.9956903644662741,NA,-0.0037613375957117894,-0,0,0,8
AT2G16530.1,GO:0003865,,2,7162931,7165410,-,2479,protein_coding,3-oxo-5-alpha-steroid 4-dehydrogenase family protein [Source:TAIR;Acc:AT2G16530],0.19633466775570008,0.6706022537318397,-0.2526610704487206,0.39744193034591224,0.7472137737921848,-0.16510456612621652,0.15345543746741752,0.5394597763656654,0.27499181659015226,0,0,0,4
AT2G16530.3,GO:0003865,,2,7162931,7165410,-,2479,protein_coding,3-oxo-5-alpha-steroid 4-dehydrogenase family protein [Source:TAIR;Acc:AT2G16530],0.5709733639842856,0.904829312885771,-0.3835230320828291,0.33628772020928116,0.6985616640650565,0.6288824004464134,0.21044716393600982,NA,0.8140409388800566,0,0,0,1
AT2G38050.1,GO:0003865,DET2,2,15921136,15922321,-,1185,protein_coding,Steroid 5-alpha-reductase DET2 [Source:UniProtKB/Swiss-Prot;Acc:Q38944],0.47940061546744084,0.8724331236914297,-0.11829336746480154,0.9590518118593441,0.990947979158304,0.008555595972782978,0.028624287256733577,0.23738128328938174,0.360400096246972,0,0,0,4
AT3G55360.1,GO:0003865,ECR,3,20520930,20523098,-,2168,protein_coding,TSC13 [Source:UniProtKB/TrEMBL;Acc:A0A178VGP2],0.5901431034746644,0.9101193894967143,0.11902795982373031,0.515625760178877,0.8221919793889414,-0.14381902518446235,0.8826569815305537,0.973143378473125,0.03261863392382614,0,0,0,3
AT5G16010.1,GO:0003865,,5,5227747,5229117,+,1370,protein_coding,3-oxo-5-alpha-steroid 4-dehydrogenase family protein [Source:UniProtKB/TrEMBL;Acc:Q9LFS3],0.21781231459236705,0.6940776435803803,0.30815735636591207,0.4562524120850477,0.7863677208226103,-0.18672559416492412,0.002962650816049598,0.057111741452340735,-0.7469830571097674,0,0,0,2
