ID,Path,Gene,Chromosome,Start,End,Strand,Length,BioType,Description,Flg22_vs_Mock_pvalue,Flg22_vs_Mock_padj,Flg22_vs_Mock_log2FoldChange,Flg22_SynCom33_vs_Mock_pvalue,Flg22_SynCom33_vs_Mock_padj,Flg22_SynCom33_vs_Mock_log2FoldChange,Flg22_SynCom35_vs_Mock_pvalue,Flg22_SynCom35_vs_Mock_padj,Flg22_SynCom35_vs_Mock_log2FoldChange,Flg22_vs_Mock,Flg22_SynCom33_vs_Mock,Flg22_SynCom35_vs_Mock,cl
AT1G13030.1,GO:0030619,COIL,1,4444043,4447412,-,3369,protein_coding,Coilin [Source:UniProtKB/Swiss-Prot;Acc:Q8RWK8],0.16819930020597965,0.6353061755757411,-0.34897514294779985,0.21017366018573283,0.5747012850282647,-0.3172023574576651,0.5136267475306904,0.839769813414923,0.16373931265586766,0,0,0,4
AT1G80070.1,GO:0030619,PRP8A,1,30117847,30127811,+,9964,protein_coding,SUS2 [Source:UniProtKB/TrEMBL;Acc:A0A178W7J7],0.5028201451154106,0.8813378128483005,-0.09459861263035844,0.03037137399618113,0.21162345146846584,-0.30585151441542363,0.5901029011668919,0.8770011161049346,0.07601208448029421,0,0,0,4
AT2G47580.1,GO:0030619,U1A,2,19517187,19518913,+,1726,protein_coding,U1A [Source:UniProtKB/TrEMBL;Acc:A0A178VZ67],0.7703828834053109,0.9583532469749876,-0.03605508184694964,0.2653194425990912,0.6359760078716965,-0.1380732448234847,0.7629891747477753,0.9382056512180923,0.037093191459076455,0,0,0,4
AT3G50670.1,GO:0030619,RNU1,3,18826160,18829684,-,3524,protein_coding,U1SNRNP [Source:UniProtKB/TrEMBL;Acc:A0A178VDW4],0.3885881987082584,0.831959427630637,0.10044324535707123,0.08638655287178099,0.37647218263537274,0.1993496061307817,0.2738666808351876,0.6812122216225128,0.12715413264248168,0,0,0,6
AT3G50670.2,GO:0030619,RNU1,3,18826329,18829576,-,3247,protein_coding,U1SNRNP [Source:UniProtKB/TrEMBL;Acc:A0A178VDW4],0.28882555078356636,0.7620848250752146,-0.16660525710712717,0.8019131100209296,0.9455497003087918,-0.03934154581462218,0.7118848483583924,0.9227156770543723,0.05778277494343994,0,0,0,4
AT4G38780.1,GO:0030619,,4,18101296,18111082,-,9786,protein_coding,Pre-mRNA-processing-splicing factor [Source:TAIR;Acc:AT4G38780],0.726653812964317,0.9488171295031078,0.13873613605708385,0.4712653777589025,0.7952348839130793,-0.2874460854490482,0.1841781771477887,0.5814906280605644,-0.5310852442680116,0,0,0,2
