ID,Path,Gene,Chromosome,Start,End,Strand,Length,BioType,Description,Flg22_vs_Mock_pvalue,Flg22_vs_Mock_padj,Flg22_vs_Mock_log2FoldChange,Flg22_SynCom33_vs_Mock_pvalue,Flg22_SynCom33_vs_Mock_padj,Flg22_SynCom33_vs_Mock_log2FoldChange,Flg22_SynCom35_vs_Mock_pvalue,Flg22_SynCom35_vs_Mock_padj,Flg22_SynCom35_vs_Mock_log2FoldChange,Flg22_vs_Mock,Flg22_SynCom33_vs_Mock,Flg22_SynCom35_vs_Mock,cl
AT1G73330.1,GO:0030414,ATDR4,1,27568714,27569823,-,1109,protein_coding,Dr4 protein [Source:UniProtKB/TrEMBL;Acc:Q39091],0.5581244600010362,0.9008973223824984,0.15389529593662937,0.7622467923236548,0.9322013680562526,0.07950334949470245,0.002632345426827335,0.05252500890103052,0.7902395603515369,0,0,0,4
AT2G02100.1,GO:0030414,PDF2.2,2,528179,529186,+,1007,protein_coding,PDF2.2 [Source:UniProtKB/TrEMBL;Acc:A0A178VVN9],0.39797648705370464,0.8371044063123317,-0.16077590427413177,0.003673308582541471,0.056361804404041,-0.5540924221218513,0.26539029827930394,0.673339769098994,0.21136020399967534,0,0,0,4
AT2G02120.1,GO:0030414,PDF2.1,2,538250,539123,+,873,protein_coding,Defensin-like protein 4 [Source:UniProtKB/Swiss-Prot;Acc:Q41914],0.29552297973308905,0.7673641185133966,-0.463437745410029,4.71482452321212e-6,3.4441280661138104e-4,-2.039082027307026,0.5013757617492031,0.8336186326525092,-0.2977266298072375,0,-1,0,8
AT2G02130.1,GO:0030414,PDF2.3,2,539898,540707,+,809,protein_coding,Defensin-like protein 1 [Source:UniProtKB/Swiss-Prot;Acc:Q9ZUL7],0.09572707665383856,0.5083105920190517,-0.504786217606682,0.1859978496992182,0.5447210148833624,-0.40063998914485077,0.31625317232495676,0.7156023178422357,0.30317507138226507,0,0,0,4
AT2G43120.2,GO:0030414,,2,17927181,17929085,+,1904,protein_coding,RmlC-like cupins superfamily protein [Source:TAIR;Acc:AT2G43120],0.026671749731880873,0.26825938303041835,0.9792645047271936,6.714982691710692e-4,0.01690188808226281,1.502047633284042,0.7225938487748345,0.9256393518353461,-0.1571046665239082,0,1,0,9
