ID,Path,Gene,Chromosome,Start,End,Strand,Length,BioType,Description,Flg22_vs_Mock_pvalue,Flg22_vs_Mock_padj,Flg22_vs_Mock_log2FoldChange,Flg22_SynCom33_vs_Mock_pvalue,Flg22_SynCom33_vs_Mock_padj,Flg22_SynCom33_vs_Mock_log2FoldChange,Flg22_SynCom35_vs_Mock_pvalue,Flg22_SynCom35_vs_Mock_padj,Flg22_SynCom35_vs_Mock_log2FoldChange,Flg22_vs_Mock,Flg22_SynCom33_vs_Mock,Flg22_SynCom35_vs_Mock,cl
AT2G22905.1,GO:0004042,,2,9748771,9749542,+,771,protein_coding,At2g22905 [Source:UniProtKB/TrEMBL;Acc:Q3EBW2],0.7603673255400643,0.9558679272822341,0.26322623527742867,0.625483466199127,NA,0.41896675316391097,0.7480502871419643,NA,0.27624434839443335,0,0,0,5
AT2G22910.1,GO:0004042,NAGS1,2,9749857,9753103,+,3246,protein_coding,"Probable amino-acid acetyltransferase NAGS1, chloroplastic [Source:UniProtKB/Swiss-Prot;Acc:Q84JF4]",0.544083807694557,0.8953991084190271,0.05961532787820066,0.018995479194504627,0.16019022176211536,-0.2350750763323071,0.0039407670462183455,0.06991201692023939,-0.28814632212713787,0,0,0,2
AT2G37500.1,GO:0004042,,2,15739783,15742838,-,3055,protein_coding,"Arginine biosynthesis bifunctional protein ArgJ, chloroplastic [Source:UniProtKB/TrEMBL;Acc:A0A178VUS6]",0.18022136787627976,0.6533818202091135,-0.21965114670440705,0.045300691195368746,0.26565732563566813,-0.32899679438054785,0.36962105443021404,0.7544368899875328,0.14585874720276476,0,0,0,4
AT4G37670.1,GO:0004042,NAGS2,4,17696059,17698991,-,2932,protein_coding,NAGS2 [Source:UniProtKB/TrEMBL;Acc:A0A178V1D0],0.7684422911460211,0.9573827788680869,-0.47857819566552623,0.47307452005896006,NA,-1.1774561206106449,0.9140345934873285,NA,0.17442046947137615,0,-0,0,4
AT4G37670.2,GO:0004042,NAGS2,4,17696059,17698991,-,2932,protein_coding,NAGS2 [Source:UniProtKB/TrEMBL;Acc:A0A178V1D0],0.3680298763736229,0.8164791665105732,-0.3860904790074717,0.10356851558657683,0.41063847138618853,-0.7093978144175264,0.9304737978831503,0.9845335193505225,0.03673012045254761,0,0,0,4
