ID,Path,Gene,Chromosome,Start,End,Strand,Length,BioType,Description,Flg22_vs_Mock_pvalue,Flg22_vs_Mock_padj,Flg22_vs_Mock_log2FoldChange,Flg22_SynCom33_vs_Mock_pvalue,Flg22_SynCom33_vs_Mock_padj,Flg22_SynCom33_vs_Mock_log2FoldChange,Flg22_SynCom35_vs_Mock_pvalue,Flg22_SynCom35_vs_Mock_padj,Flg22_SynCom35_vs_Mock_log2FoldChange,Flg22_vs_Mock,Flg22_SynCom33_vs_Mock,Flg22_SynCom35_vs_Mock,cl
AT1G51720.1,GO:0004354,,1,19180744,19186532,+,5788,protein_coding,Amino acid dehydrogenase family protein [Source:UniProtKB/TrEMBL;Acc:F4I9M9],0.5040597028817346,0.8818164875032675,0.4641090803347428,0.7829849866419836,0.9393306100134398,0.1915424076809944,0.6291722602996291,0.8935434615282455,-0.3365592256943257,0,0,0,7
AT1G51720.2,GO:0004354,,1,19180772,19186532,+,5760,protein_coding,Amino acid dehydrogenase family protein [Source:UniProtKB/TrEMBL;Acc:F4I9M9],0.4984222943801297,0.8791214244202981,0.8388861894065006,0.7507332741083925,0.9286561148155611,0.39516406444773494,0.5813477959503626,NA,-0.6955666892908122,0,0,0,7
AT1G51720.3,GO:0004354,,1,19181031,19186532,+,5501,protein_coding,Amino acid dehydrogenase family protein [Source:UniProtKB/TrEMBL;Acc:F4I9M9],0.8457544133626781,0.9739788698937438,0.04081499825882298,0.7505096784809016,0.928539134200383,0.0667018818350238,0.8656035846394756,0.9683460473213521,-0.03550799005503858,0,0,0,6
