ID,Path,Gene,Chromosome,Start,End,Strand,Length,BioType,Description,Flg22_vs_Mock_pvalue,Flg22_vs_Mock_padj,Flg22_vs_Mock_log2FoldChange,Flg22_SynCom33_vs_Mock_pvalue,Flg22_SynCom33_vs_Mock_padj,Flg22_SynCom33_vs_Mock_log2FoldChange,Flg22_SynCom35_vs_Mock_pvalue,Flg22_SynCom35_vs_Mock_padj,Flg22_SynCom35_vs_Mock_log2FoldChange,Flg22_vs_Mock,Flg22_SynCom33_vs_Mock,Flg22_SynCom35_vs_Mock,cl
AT4G20940.1,GO:0071485,,4,11202728,11206280,+,3552,protein_coding,Probable LRR receptor-like serine/threonine-protein kinase At4g20940 [Source:UniProtKB/Swiss-Prot;Acc:C0LGQ9],0.21984376368257963,0.6966112742661468,-0.43246974044535696,0.11189268971975902,0.4270049104128442,-0.5612814750721292,0.23511708409271842,0.6429241656174836,0.41523836648960216,0,0,0,4
AT4G33950.1,GO:0071485,SRK2E,4,16271745,16274825,+,3080,protein_coding,Serine/threonine-protein kinase SRK2E [Source:UniProtKB/Swiss-Prot;Acc:Q940H6],0.019148706926714488,0.22424877426358664,0.4963861051108154,0.09733474516619177,0.39916897323532685,-0.3579761204250496,0.0037748418827289808,0.06791885947623581,-0.6287965852808508,0,0,0,7
