ID,Path,Gene,Chromosome,Start,End,Strand,Length,BioType,Description,Flg22_vs_Mock_pvalue,Flg22_vs_Mock_padj,Flg22_vs_Mock_log2FoldChange,Flg22_SynCom33_vs_Mock_pvalue,Flg22_SynCom33_vs_Mock_padj,Flg22_SynCom33_vs_Mock_log2FoldChange,Flg22_SynCom35_vs_Mock_pvalue,Flg22_SynCom35_vs_Mock_padj,Flg22_SynCom35_vs_Mock_log2FoldChange,Flg22_vs_Mock,Flg22_SynCom33_vs_Mock,Flg22_SynCom35_vs_Mock,cl
AT1G17260.1,GO:0010023,AHA10,1,5904058,5908898,+,4840,protein_coding,Plasma membrane ATPase [Source:UniProtKB/TrEMBL;Acc:A0A178W776],0.5735317890058367,0.9050310490075865,0.18466365953999303,0.13760404290291262,0.4716607535595901,0.4784627576261453,0.1035127192031273,0.4575290192252072,0.5207278553281157,0,0,0,1
AT1G71030.1,GO:0010023,ATMYBL2,1,26795052,26796529,-,1477,protein_coding,At1g71030/F23N20_2 [Source:UniProtKB/TrEMBL;Acc:Q9C9A5],0.08790741237365639,0.48855378799298543,-1.550249881206104,0.4039481242833815,0.751163878493034,0.7393722941854057,0.4903554902310412,0.8279906250029888,0.6111635898359062,-0,0,0,1
AT5G48100.1,GO:0010023,TT10,5,19489327,19492744,-,3417,protein_coding,Laccase-15 [Source:UniProtKB/Swiss-Prot;Acc:Q84J37],0.5380144536681764,0.8925127728149217,0.46607923912429516,0.48876684731143605,0.8057765121073055,0.5231183301850959,0.047853701994894346,NA,1.4580443360989002,0,0,0,6
