ID,Path,Gene,Chromosome,Start,End,Strand,Length,BioType,Description,Flg22_vs_Mock_pvalue,Flg22_vs_Mock_padj,Flg22_vs_Mock_log2FoldChange,Flg22_SynCom33_vs_Mock_pvalue,Flg22_SynCom33_vs_Mock_padj,Flg22_SynCom33_vs_Mock_log2FoldChange,Flg22_SynCom35_vs_Mock_pvalue,Flg22_SynCom35_vs_Mock_padj,Flg22_SynCom35_vs_Mock_log2FoldChange,Flg22_vs_Mock,Flg22_SynCom33_vs_Mock,Flg22_SynCom35_vs_Mock,cl
AT1G30760.2,GO:0050268,,1,10918267,10920677,+,2410,protein_coding,FAD-binding Berberine family protein [Source:TAIR;Acc:AT1G30760],0.128858298675979,0.5724439093406986,0.37094571215149497,0.7284566957571326,0.9226826871348006,0.08495990099207558,9.426506807439319e-6,7.315577444302424e-4,-1.0960887339842884,0,0,-1,2
AT2G34790.1,GO:0050268,MEE23,2,14673840,14677398,-,3558,protein_coding,Berberine bridge enzyme-like 15 [Source:UniProtKB/Swiss-Prot;Acc:O64743],9.252182910907222e-8,2.2535903958036714e-5,0.9478422897103339,0.749914826138096,0.9282270287852734,0.05706869887922623,0.24827854954569867,0.6573433389541965,-0.20720587138807273,0,0,0,7
