ID,Path,Gene,Chromosome,Start,End,Strand,Length,BioType,Description,Flg22_vs_Mock_pvalue,Flg22_vs_Mock_padj,Flg22_vs_Mock_log2FoldChange,Flg22_SynCom33_vs_Mock_pvalue,Flg22_SynCom33_vs_Mock_padj,Flg22_SynCom33_vs_Mock_log2FoldChange,Flg22_SynCom35_vs_Mock_pvalue,Flg22_SynCom35_vs_Mock_padj,Flg22_SynCom35_vs_Mock_log2FoldChange,Flg22_vs_Mock,Flg22_SynCom33_vs_Mock,Flg22_SynCom35_vs_Mock,cl
AT1G09795.1,GO:0003879,HISN1B,1,3173534,3176910,+,3376,protein_coding,"ATP phosphoribosyltransferase 2, chloroplastic [Source:UniProtKB/Swiss-Prot;Acc:Q8GSJ1]",0.40614802032275005,0.8404707592538824,-0.16825390108357638,0.013922202144032904,0.13347241014118846,-0.5052643006340396,0.9007361717283573,0.9773437111267989,0.02503206604241061,0,0,0,4
AT1G58080.1,GO:0003879,HISN1A,1,21504314,21507679,-,3365,protein_coding,HISN1A [Source:UniProtKB/TrEMBL;Acc:A0A178WM39],0.06641607059748765,0.43015455365650224,0.17700784748482748,0.45373788562086975,0.7852413863465096,0.07236710054531756,0.24985941481848378,0.6586804516439932,0.11094294654486543,0,0,0,6
