ID,Path,Gene,Chromosome,Start,End,Strand,Length,BioType,Description,Flg22_vs_Mock_pvalue,Flg22_vs_Mock_padj,Flg22_vs_Mock_log2FoldChange,Flg22_SynCom33_vs_Mock_pvalue,Flg22_SynCom33_vs_Mock_padj,Flg22_SynCom33_vs_Mock_log2FoldChange,Flg22_SynCom35_vs_Mock_pvalue,Flg22_SynCom35_vs_Mock_padj,Flg22_SynCom35_vs_Mock_log2FoldChange,Flg22_vs_Mock,Flg22_SynCom33_vs_Mock,Flg22_SynCom35_vs_Mock,cl
AT2G05100.1,GO:0009765,LHCB2.1,2,1822990,1824480,-,1490,protein_coding,photosystem II light harvesting complex gene 2.1 [Source:TAIR;Acc:AT2G05100],0.3364812994008522,0.7966215814423889,1.6175913681551608,0.15986622812084011,0.5069626495757588,2.3616320077679593,0.9088084919629293,0.9790860801232437,0.19398224136508316,0,0,0,9
AT2G21970.1,GO:0009765,SEP2,2,9356983,9357967,-,984,protein_coding,SEP2 [Source:UniProtKB/TrEMBL;Acc:A0A178VQ84],0.3995075960975396,0.8379612787762769,-0.1593122589326271,1.1726791730148976e-4,0.004674187769105855,-0.7370228440223991,0.15991614852664085,0.5487466411715769,-0.26587000191631666,0,0,0,3
AT2G40100.1,GO:0009765,LHCB4.3,2,16745628,16747424,+,1796,protein_coding,"Chlorophyll a-b binding protein, chloroplastic [Source:UniProtKB/TrEMBL;Acc:A0A178VTY4]",0.3361396751797727,0.7963132984997136,0.48950888080235844,0.17545331100973185,0.5304842994672828,-0.7380694315885354,0.0064730645708637475,NA,-1.592987780853924,0,0,-0,2
AT3G54890.1,GO:0009765,LHCA1,3,20339504,20341176,-,1672,protein_coding,"Chlorophyll a-b binding protein, chloroplastic [Source:UniProtKB/TrEMBL;Acc:A0A178VBT7]",0.2837030660341679,0.7582830708667058,0.6720502776795607,0.02003751804857026,0.16512831397353334,1.453303180836887,0.12635101007961602,0.4981309325174633,0.9566678639533085,0,0,0,5
AT5G47110.1,GO:0009765,LIL3.2,5,19133986,19135414,-,1428,protein_coding,"Light-harvesting complex-like protein 3 isotype 2, chloroplastic [Source:UniProtKB/Swiss-Prot;Acc:Q6NKS4]",0.0015641310663160471,0.046070321028999786,-0.9076648917710848,0.07974369684024034,0.36046242785595106,-0.4979575193155826,0.22065148438192095,0.6246589698930999,0.3428723228480273,0,0,0,4
AT5G57030.1,GO:0009765,LUT2,5,23077120,23080096,+,2976,protein_coding,"Lycopene epsilon cyclase, chloroplastic [Source:UniProtKB/Swiss-Prot;Acc:Q38932]",0.028974771543726935,0.28151658886969655,-0.8210059098016464,9.71506889230686e-4,0.021709100745053448,-1.281335532112828,0.5366701002215764,0.8523663067336299,-0.22452531513709165,0,-1,0,8
