ID,Path,Gene,Chromosome,Start,End,Strand,Length,BioType,Description,Flg22_vs_Mock_pvalue,Flg22_vs_Mock_padj,Flg22_vs_Mock_log2FoldChange,Flg22_SynCom33_vs_Mock_pvalue,Flg22_SynCom33_vs_Mock_padj,Flg22_SynCom33_vs_Mock_log2FoldChange,Flg22_SynCom35_vs_Mock_pvalue,Flg22_SynCom35_vs_Mock_padj,Flg22_SynCom35_vs_Mock_log2FoldChange,Flg22_vs_Mock,Flg22_SynCom33_vs_Mock,Flg22_SynCom35_vs_Mock,cl
AT1G55460.1,GO:0035874,KIN17,1,20707307,20709027,+,1720,protein_coding,KIN17-like protein [Source:UniProtKB/Swiss-Prot;Acc:Q9ZVU5],0.5017280223277637,0.8805232467716849,0.07116874090988567,0.9236141942389315,0.9812757955626062,0.01018217352436342,0.6409184425619203,0.8981417415973691,-0.04948005120516779,0,0,0,3
AT5G18830.1,GO:0035874,SPL7,5,6275895,6280681,+,4786,protein_coding,Squamosa promoter binding protein-like 7 [Source:UniProtKB/TrEMBL;Acc:F4JZI4],0.8992013279639122,0.9860062007280149,0.016184665148688066,0.9852071955703512,0.9963989557859209,0.002369693246508625,0.5995113031329385,0.8804078946347427,-0.06709670398830352,0,0,0,3
AT5G18830.2,GO:0035874,SPL7,5,6276022,6280681,+,4659,protein_coding,Squamosa promoter binding protein-like 7 [Source:UniProtKB/TrEMBL;Acc:F4JZI4],0.2929235005405878,0.7650424404328582,1.7843386159838186,0.8833890221529768,0.9688921868938978,-0.2503156614259895,0.541997612856705,0.8557194937285537,1.035724197295517,0,0,0,7
