ID,Path,Gene,Chromosome,Start,End,Strand,Length,BioType,Description,Flg22_vs_Mock_pvalue,Flg22_vs_Mock_padj,Flg22_vs_Mock_log2FoldChange,Flg22_SynCom33_vs_Mock_pvalue,Flg22_SynCom33_vs_Mock_padj,Flg22_SynCom33_vs_Mock_log2FoldChange,Flg22_SynCom35_vs_Mock_pvalue,Flg22_SynCom35_vs_Mock_padj,Flg22_SynCom35_vs_Mock_log2FoldChange,Flg22_vs_Mock,Flg22_SynCom33_vs_Mock,Flg22_SynCom35_vs_Mock,cl
AT2G24270.3,GO:0008886,ALDH11A3,2,10327035,10329941,-,2906,protein_coding,aldehyde dehydrogenase 11A3 [Source:TAIR;Acc:AT2G24270],0.053020794735698686,0.38736163245799843,2.299081686337961,0.03675337629663142,0.23693147760336827,2.480198872429776,0.09897589170906633,0.44817091826755107,1.9627215113869563,0,0,0,6
AT3G04120.1,GO:0008886,GAPC1,3,1080942,1083690,+,2748,protein_coding,"Glyceraldehyde-3-phosphate dehydrogenase GAPC1, cytosolic [Source:UniProtKB/Swiss-Prot;Acc:P25858]",0.9454042938750562,0.9933269717125698,0.011157007341379987,0.29734018549330526,0.665221761872915,-0.16980166112082792,0.0014686739023838592,0.034572756109149595,-0.5182965104514037,0,0,0,2
