ID,Path,Gene,Chromosome,Start,End,Strand,Length,BioType,Description,Flg22_vs_Mock_pvalue,Flg22_vs_Mock_padj,Flg22_vs_Mock_log2FoldChange,Flg22_SynCom33_vs_Mock_pvalue,Flg22_SynCom33_vs_Mock_padj,Flg22_SynCom33_vs_Mock_log2FoldChange,Flg22_SynCom35_vs_Mock_pvalue,Flg22_SynCom35_vs_Mock_padj,Flg22_SynCom35_vs_Mock_log2FoldChange,Flg22_vs_Mock,Flg22_SynCom33_vs_Mock,Flg22_SynCom35_vs_Mock,cl
AT2G16640.1,GO:0016817,TOC132,2,7211059,7215617,-,4558,protein_coding,"Translocase of chloroplast 132, chloroplastic [Source:UniProtKB/Swiss-Prot;Acc:Q9SLF3]",0.4010444591537247,0.8385202915096651,-0.09819765297281073,0.32722138054258876,0.6908308943286566,-0.1145975514239896,0.26000790276083213,0.6684409194934922,0.13134260663778125,0,0,0,4
AT2G16640.3,GO:0016817,TOC132,2,7211112,7215553,-,4441,protein_coding,"Translocase of chloroplast 132, chloroplastic [Source:UniProtKB/Swiss-Prot;Acc:Q9SLF3]",0.6116428466496358,0.9169732272266616,0.8712312806485237,0.6338218534616221,0.8840878125669499,-0.8230264663548431,0.3279299887552212,0.7242029607739568,1.6763354370333163,0,0,0,4
AT3G16620.1,GO:0016817,TOC120,3,5658317,5662066,-,3749,protein_coding,"Translocase of chloroplast 120, chloroplastic [Source:UniProtKB/Swiss-Prot;Acc:Q9LUS2]",0.07888248450838238,0.464880554084641,-0.26394159114165294,0.04994824926504419,0.28106868964286663,-0.2947042124464594,0.542511528060759,0.855908081978211,0.0908156542805647,0,0,0,4
