ID,Path,Gene,Chromosome,Start,End,Strand,Length,BioType,Description,Flg22_vs_Mock_pvalue,Flg22_vs_Mock_padj,Flg22_vs_Mock_log2FoldChange,Flg22_SynCom33_vs_Mock_pvalue,Flg22_SynCom33_vs_Mock_padj,Flg22_SynCom33_vs_Mock_log2FoldChange,Flg22_SynCom35_vs_Mock_pvalue,Flg22_SynCom35_vs_Mock_padj,Flg22_SynCom35_vs_Mock_log2FoldChange,Flg22_vs_Mock,Flg22_SynCom33_vs_Mock,Flg22_SynCom35_vs_Mock,cl
AT1G50030.1,GO:0031931,TOR,1,18522248,18539995,-,17747,protein_coding,Serine/threonine-protein kinase TOR [Source:UniProtKB/TrEMBL;Acc:A0A178WN52],0.6305398565642562,0.9243611989086742,-0.048562174654481365,0.8352387087422063,0.9541832887853466,-0.02099597199719667,0.13149104895925517,0.5059839500738581,-0.15233193813179868,0,0,0,10
AT3G08850.1,GO:0031931,RAPTOR1,3,2686457,2695400,-,8943,protein_coding,RAPTOR1B [Source:UniProtKB/TrEMBL;Acc:A0A178V9S6],0.3218708662438444,0.7860440134573955,-0.10252627489458858,0.5641003113678156,0.8486286065358788,-0.059671255559132504,0.6881551417168579,0.9141588384837848,0.041439250250491895,0,0,0,4
AT3G18140.1,GO:0031931,LST8-1,3,6212585,6214804,-,2219,protein_coding,LST8-1 [Source:UniProtKB/TrEMBL;Acc:A0A178VME6],0.8793671647511593,0.9824498541769295,0.017502895609431832,0.8268534870233173,0.9520342045549075,0.025228055093260735,0.3121804176442301,0.711803627841136,-0.1167376171303981,0,0,0,2
AT3G18140.2,GO:0031931,LST8-1,3,6212639,6214785,-,2146,protein_coding,LST8-1 [Source:UniProtKB/TrEMBL;Acc:A0A178VME6],0.2915996292447684,0.7644304769689092,-0.6803756156611795,0.3891048031571673,0.7422064371298497,0.5340818557128593,0.6074322064789409,NA,0.31949523382573874,0,0,0,1
AT5G01770.2,GO:0031931,RAPTOR2,5,293675,302015,-,8340,protein_coding,Regulatory-associated protein of TOR 2 [Source:UniProtKB/Swiss-Prot;Acc:Q9LZW9],0.9083060573299142,0.9869002016097549,0.08095864049794901,0.355281107106624,0.714602822389844,-0.6539317842169042,0.9859980514790601,0.9972015497508793,-0.012337277815959068,0,0,0,3
AT5G01770.5,GO:0031931,RAPTOR2,5,294304,301984,-,7680,protein_coding,Regulatory-associated protein of TOR 2 [Source:UniProtKB/Swiss-Prot;Acc:Q9LZW9],0.9198450455342344,0.9884770655970441,-0.04821253758255315,0.026337003318233767,0.19533321048145713,-1.079367020294103,0.46384894264500987,0.812647674202858,0.3496242976206997,0,-0,0,4
