ID,Path,Gene,Chromosome,Start,End,Strand,Length,BioType,Description,Flg22_vs_Mock_pvalue,Flg22_vs_Mock_padj,Flg22_vs_Mock_log2FoldChange,Flg22_SynCom33_vs_Mock_pvalue,Flg22_SynCom33_vs_Mock_padj,Flg22_SynCom33_vs_Mock_log2FoldChange,Flg22_SynCom35_vs_Mock_pvalue,Flg22_SynCom35_vs_Mock_padj,Flg22_SynCom35_vs_Mock_log2FoldChange,Flg22_vs_Mock,Flg22_SynCom33_vs_Mock,Flg22_SynCom35_vs_Mock,cl
AT5G65050.1,GO:0010221,AGL31,5,25982254,25986326,+,4072,protein_coding,Agamous-like MADS-box protein AGL31 [Source:UniProtKB/Swiss-Prot;Acc:Q9FPN7],0.22377889970389464,0.7007105061745139,0.5734629240690412,0.7411912793668618,0.9256326926350649,-0.15791273858571003,0.8937340668918016,0.975823525143356,-0.06360187995983543,0,0,0,7
AT5G65050.4,GO:0010221,AGL31,5,25982254,25986428,+,4174,protein_coding,Agamous-like MADS-box protein AGL31 [Source:UniProtKB/Swiss-Prot;Acc:Q9FPN7],0.4750763522602577,0.8705653345071391,-0.25110136688472834,0.8924220327032806,0.971612696250844,0.04672658935960993,0.32695123305064494,0.7237676915461855,-0.34490450259803224,0,0,0,10
AT5G65050.3,GO:0010221,AGL31,5,25982254,25986435,+,4181,protein_coding,Agamous-like MADS-box protein AGL31 [Source:UniProtKB/Swiss-Prot;Acc:Q9FPN7],0.4243850307668875,0.8486655110011069,0.09553873184221272,5.634762411737488e-4,0.014879536655434887,0.4106127148441631,0.28924253455117416,0.6947268819386689,-0.12705822292779342,0,0,0,5
AT5G65050.5,GO:0010221,AGL31,5,25982254,25986435,+,4181,protein_coding,Agamous-like MADS-box protein AGL31 [Source:UniProtKB/Swiss-Prot;Acc:Q9FPN7],0.6168864357490644,0.9190515323520648,0.1340061581464875,0.4779568261610629,0.7998776941332063,0.18983787705017854,0.592065290834288,0.8778987221504654,-0.14440618825910703,0,0,0,9
AT5G65050.2,GO:0010221,AGL31,5,25982289,25985925,+,3636,protein_coding,Agamous-like MADS-box protein AGL31 [Source:UniProtKB/Swiss-Prot;Acc:Q9FPN7],0.7053210266520982,0.9437636035899456,-0.2125721815154517,0.3468820465381739,0.7082346893220406,0.5174839053345169,0.23653307404411664,0.6446011285932928,0.6480357635779346,0,0,0,1
