ID,Path,Gene,Chromosome,Start,End,Strand,Length,BioType,Description,Flg22_vs_Mock_pvalue,Flg22_vs_Mock_padj,Flg22_vs_Mock_log2FoldChange,Flg22_SynCom33_vs_Mock_pvalue,Flg22_SynCom33_vs_Mock_padj,Flg22_SynCom33_vs_Mock_log2FoldChange,Flg22_SynCom35_vs_Mock_pvalue,Flg22_SynCom35_vs_Mock_padj,Flg22_SynCom35_vs_Mock_log2FoldChange,Flg22_vs_Mock,Flg22_SynCom33_vs_Mock,Flg22_SynCom35_vs_Mock,cl
AT3G20330.1,GO:0009220,PYRB,3,7089989,7092670,-,2681,protein_coding,"Aspartate carbamoyltransferase, chloroplastic [Source:UniProtKB/Swiss-Prot;Acc:P49077]",0.6953372208606772,0.9405504194841998,-0.07447734228135679,0.06278721538194991,0.31595767950160564,-0.355567654019514,0.38691425527938783,0.7658069233658176,0.1638465635408759,0,0,0,4
AT3G20330.2,GO:0009220,PYRB,3,7090094,7092670,-,2576,protein_coding,"Aspartate carbamoyltransferase, chloroplastic [Source:UniProtKB/Swiss-Prot;Acc:P49077]",0.8915529559993443,0.9846239886310361,0.2160358001323946,0.4329552579358676,NA,-1.2635619726836842,0.6807382471242509,NA,-0.6564755041603164,0,-0,0,3
AT3G54470.1,GO:0009220,PYRE-F,3,20168005,20170320,-,2315,protein_coding,Uridine 5'-monophosphate synthase [Source:UniProtKB/Swiss-Prot;Acc:Q42586],0.14039666711107912,0.5933912999246151,-0.30685705844785677,0.1255202460804396,0.4497780931930655,-0.3189023734924493,0.12958611726021932,0.5029170525966054,0.31461465345583906,0,0,0,4
AT5G23300.1,GO:0009220,PYRD,5,7847587,7850404,-,2817,protein_coding,"Dihydroorotate dehydrogenase (quinone), mitochondrial [Source:UniProtKB/Swiss-Prot;Acc:P32746]",0.03334697261700322,0.30406316730953037,-0.5856546504250902,0.008370508393353661,0.0975784937684879,-0.7267851857575186,0.9551578989257234,0.989652213162701,-0.015401692331617627,0,0,0,8
