ID,Path,Gene,Chromosome,Start,End,Strand,Length,BioType,Description,Flg22_vs_Mock_pvalue,Flg22_vs_Mock_padj,Flg22_vs_Mock_log2FoldChange,Flg22_SynCom33_vs_Mock_pvalue,Flg22_SynCom33_vs_Mock_padj,Flg22_SynCom33_vs_Mock_log2FoldChange,Flg22_SynCom35_vs_Mock_pvalue,Flg22_SynCom35_vs_Mock_padj,Flg22_SynCom35_vs_Mock_log2FoldChange,Flg22_vs_Mock,Flg22_SynCom33_vs_Mock,Flg22_SynCom35_vs_Mock,cl
AT2G16570.1,GO:0004044,ASE1,2,7180142,7182287,-,2145,protein_coding,"Amidophosphoribosyltransferase 1, chloroplastic [Source:UniProtKB/Swiss-Prot;Acc:Q9SI61]",0.05198609425408499,0.3830017034574341,-0.43563143244056357,0.004163109143646979,0.061433179754555776,-0.6451578999849785,0.44854836878830584,0.803944060999754,-0.16894157855748904,0,0,0,8
AT4G34740.1,GO:0004044,ASE2,4,16574544,16576753,-,2209,protein_coding,Amidophosphoribosyltransferase [Source:UniProtKB/TrEMBL;Acc:A0A178UYQ3],0.07307771751733946,0.4478188460682992,-0.6313569191381859,0.22767056300938393,0.5965146271752689,-0.42424479302496815,0.7643019824405062,0.9385198090211887,-0.10514485114165356,0,0,0,8
