ID,Path,Gene,Chromosome,Start,End,Strand,Length,BioType,Description,Flg22_vs_Mock_pvalue,Flg22_vs_Mock_padj,Flg22_vs_Mock_log2FoldChange,Flg22_SynCom33_vs_Mock_pvalue,Flg22_SynCom33_vs_Mock_padj,Flg22_SynCom33_vs_Mock_log2FoldChange,Flg22_SynCom35_vs_Mock_pvalue,Flg22_SynCom35_vs_Mock_padj,Flg22_SynCom35_vs_Mock_log2FoldChange,Flg22_vs_Mock,Flg22_SynCom33_vs_Mock,Flg22_SynCom35_vs_Mock,cl
AT2G36310.1,GO:0047622,URH1,2,15224497,15227276,-,2779,protein_coding,Uridine nucleosidase 1 [Source:UniProtKB/Swiss-Prot;Acc:Q9SJM7],0.8482363042607657,0.9748667926838857,0.037708796410892656,0.20711972651527522,0.5714072750598962,0.24840192844651804,0.7612130531572395,0.9375026658267344,0.05985819066080118,0,0,0,5
AT5G18860.1,GO:0047622,,5,6290358,6295815,+,5457,protein_coding,AT5g18860/F17K4_110 [Source:UniProtKB/TrEMBL;Acc:Q8RY23],2.7712589436220757e-7,5.750054390355405e-5,-1.3234707740088676,0.2868215507946469,0.6556448869216255,-0.27321328407822554,0.7810201160017622,0.9440203954366155,-0.07125604691093274,-1,0,0,1
AT5G18860.2,GO:0047622,,5,6290410,6295811,+,5401,protein_coding,AT5g18860/F17K4_110 [Source:UniProtKB/TrEMBL;Acc:Q8RY23],0.03777597171063378,0.3246788620020728,-0.7763467462065119,0.6764394443553327,0.902389657463102,-0.1558131205207701,0.7924078307392033,0.9467851538208981,0.09822330972990682,0,0,0,1
