ID,Path,Gene,Chromosome,Start,End,Strand,Length,BioType,Description,Flg22_vs_Mock_pvalue,Flg22_vs_Mock_padj,Flg22_vs_Mock_log2FoldChange,Flg22_SynCom33_vs_Mock_pvalue,Flg22_SynCom33_vs_Mock_padj,Flg22_SynCom33_vs_Mock_log2FoldChange,Flg22_SynCom35_vs_Mock_pvalue,Flg22_SynCom35_vs_Mock_padj,Flg22_SynCom35_vs_Mock_log2FoldChange,Flg22_vs_Mock,Flg22_SynCom33_vs_Mock,Flg22_SynCom35_vs_Mock,cl
AT1G79200.1,GO:0048479,SCI1,1,29794373,29796114,+,1741,protein_coding,SCI1 [Source:UniProtKB/TrEMBL;Acc:A0A178WDT9],0.5603800642000647,0.9013382703593461,0.08070583660148517,0.3798397163575831,0.7352812886242205,0.12156318425342601,0.9929303876163686,0.9987511922657519,0.001228076124393355,0,0,0,5
AT3G51060.1,GO:0048479,SRS1,3,18964129,18966405,+,2276,protein_coding,Protein SHI RELATED SEQUENCE 1 [Source:UniProtKB/Swiss-Prot;Acc:Q9SD40],0.9800203346866451,0.9959343457558849,-0.013580374693003563,0.8898880774098212,0.9713780149575055,0.07479820750956116,0.5323815148443647,NA,-0.34300948311846186,0,0,0,10
AT4G36260.1,GO:0048479,SRS2,4,17155556,17157645,-,2089,protein_coding,Protein SHI RELATED SEQUENCE 2 [Source:UniProtKB/Swiss-Prot;Acc:O65517],0.45032571657775555,0.8613956255147585,-0.2585116533578114,0.4446252701469467,0.7794715346348129,0.25633667036477414,0.2293897908373323,0.6379953280883862,0.39995708283696907,0,0,0,1
