ID,Path,Gene,Chromosome,Start,End,Strand,Length,BioType,Description,Flg22_vs_Mock_pvalue,Flg22_vs_Mock_padj,Flg22_vs_Mock_log2FoldChange,Flg22_SynCom33_vs_Mock_pvalue,Flg22_SynCom33_vs_Mock_padj,Flg22_SynCom33_vs_Mock_log2FoldChange,Flg22_SynCom35_vs_Mock_pvalue,Flg22_SynCom35_vs_Mock_padj,Flg22_SynCom35_vs_Mock_log2FoldChange,Flg22_vs_Mock,Flg22_SynCom33_vs_Mock,Flg22_SynCom35_vs_Mock,cl
AT3G04110.2,GO:0005272,GLR1.1,3,1077236,1080504,+,3268,protein_coding,Glutamate receptor 1.1 [Source:UniProtKB/Swiss-Prot;Acc:Q9M8W7],0.8669688981283943,0.9791414323632954,-0.13659780639264052,0.11758079333271315,0.435963376228391,1.263821400945857,0.4395163192603048,0.7991145411702247,0.6259988835137417,0,0,0,5
AT3G04110.1,GO:0005272,GLR1.1,3,1077236,1080504,+,3268,protein_coding,Glutamate receptor 1.1 [Source:UniProtKB/Swiss-Prot;Acc:Q9M8W7],0.16038481256111625,0.6227090649763442,-0.3298854712158417,0.043338787670742486,0.25947289313249433,-0.4753256674575035,0.01066587854207492,0.13146628194386623,-0.6008922987722876,0,0,0,2
AT3G04110.3,GO:0005272,GLR1.1,3,1077289,1080454,+,3165,protein_coding,Glutamate receptor 1.1 [Source:UniProtKB/Swiss-Prot;Acc:Q9M8W7],0.8101376449027442,0.9664234153275821,0.2178161950457621,0.701089058215312,0.912263875652246,-0.3496561459441201,0.02511752993380977,0.22021776062230156,-2.101880956293209,0,0,-0,2
