ID,Path,Gene,Chromosome,Start,End,Strand,Length,BioType,Description,Flg22_vs_Mock_pvalue,Flg22_vs_Mock_padj,Flg22_vs_Mock_log2FoldChange,Flg22_SynCom33_vs_Mock_pvalue,Flg22_SynCom33_vs_Mock_padj,Flg22_SynCom33_vs_Mock_log2FoldChange,Flg22_SynCom35_vs_Mock_pvalue,Flg22_SynCom35_vs_Mock_padj,Flg22_SynCom35_vs_Mock_log2FoldChange,Flg22_vs_Mock,Flg22_SynCom33_vs_Mock,Flg22_SynCom35_vs_Mock,cl
AT1G22270.1,GO:0070476,TRM112A,1,7865435,7866176,+,741,protein_coding,Multifunctional methyltransferase subunit TRM112 homolog A [Source:UniProtKB/Swiss-Prot;Acc:Q8LFJ5],0.41353239297136507,0.8445661834165121,-0.19687318165417889,0.10306255098064263,0.40950312637200176,-0.39503482123196887,0.4824095393457262,0.823106999828332,0.16724884625539174,0,0,0,4
AT1G78190.1,GO:0070476,TRM112B,1,29418620,29418994,-,374,protein_coding,Multifunctional methyltransferase subunit TRM112 homolog B [Source:UniProtKB/Swiss-Prot;Acc:Q9C9R3],0.9067285409899142,0.9869002016097549,0.05382275110087008,0.8640978646724354,0.9639453848714806,-0.07916415966098567,0.5319353043275827,0.8499987824259491,0.2834638528983031,0,0,0,4
AT5G57280.1,GO:0070476,RID2,5,23204377,23206663,+,2286,protein_coding,RID2 [Source:UniProtKB/TrEMBL;Acc:A0A178UNY0],0.17169415441104507,0.6406453921949892,-0.276835367268771,0.05984172328568038,0.3076429920378007,-0.38275064193948266,0.2149828553099148,0.6181848445359875,-0.2502808927739559,0,0,0,8
