ID,Path,Gene,Chromosome,Start,End,Strand,Length,BioType,Description,Flg22_vs_Mock_pvalue,Flg22_vs_Mock_padj,Flg22_vs_Mock_log2FoldChange,Flg22_SynCom33_vs_Mock_pvalue,Flg22_SynCom33_vs_Mock_padj,Flg22_SynCom33_vs_Mock_log2FoldChange,Flg22_SynCom35_vs_Mock_pvalue,Flg22_SynCom35_vs_Mock_padj,Flg22_SynCom35_vs_Mock_log2FoldChange,Flg22_vs_Mock,Flg22_SynCom33_vs_Mock,Flg22_SynCom35_vs_Mock,cl
AT1G17840.1,GO:0010222,ABCG11,1,6142402,6146521,+,4119,protein_coding,ABC transporter G family member 11 [Source:UniProtKB/Swiss-Prot;Acc:Q8RXN0],0.6024403556773721,0.9142238114278536,0.13817420702747077,0.9185308035328357,0.9801673242646731,-0.027222050886458973,0.5863011016258342,0.8756021219492602,-0.1449162821534072,0,0,0,7
AT1G31770.1,GO:0010222,ABCG14,1,11374760,11377885,-,3125,protein_coding,ABC transporter G family member 14 [Source:UniProtKB/Swiss-Prot;Acc:Q9C6W5],0.52825523660194,0.8896699137220958,0.1756036824637163,0.26763302162865305,0.6385471631686741,-0.30892983034712246,0.602633619333543,0.8819268072753663,-0.14501732652029642,0,0,0,3
AT1G43130.1,GO:0010222,LCV2,1,16228189,16231254,-,3065,protein_coding,LCV2 [Source:UniProtKB/TrEMBL;Acc:A0A178WDP4],0.13490528025795656,0.5829547990838607,0.1460494910658841,0.005838952732289106,0.07634373898316914,0.2675584463120205,0.3160856638609544,0.7155724946990535,0.09774504149566321,0,0,0,5
AT2G20120.1,GO:0010222,COV1,2,8687330,8689535,-,2205,protein_coding,Protein of unknown function (DUF502) [Source:TAIR;Acc:AT2G20120],0.5262322393041985,0.8896699137220958,-0.9055981625517027,0.8712216771864155,0.9655019633971729,-0.23089411038583782,0.6857175659423989,0.9129212690232396,-0.5770099842507759,0,0,0,10
AT2G20120.2,GO:0010222,COV1,2,8687354,8690214,-,2860,protein_coding,Protein of unknown function (DUF502) [Source:TAIR;Acc:AT2G20120],0.849771854534875,0.9750915332176635,-0.0390172181567322,0.2668078309956762,0.637823753919588,0.2272954033756683,0.028753813357458885,0.2378975874936288,0.44478026839985,0,0,0,1
AT2G20130.1,GO:0010222,LCV1,2,8690293,8692490,-,2197,protein_coding,Protein LIKE COV 1 [Source:UniProtKB/Swiss-Prot;Acc:Q8VY49],0.025470629146973178,0.26219975062945267,0.2666231869670156,0.015324178279895746,0.1417103538359273,0.2892305362004162,0.8499860097449569,0.963846315160453,-0.02274624992673134,0,0,0,9
