ID,Path,Gene,Chromosome,Start,End,Strand,Length,BioType,Description,Flg22_vs_Mock_pvalue,Flg22_vs_Mock_padj,Flg22_vs_Mock_log2FoldChange,Flg22_SynCom33_vs_Mock_pvalue,Flg22_SynCom33_vs_Mock_padj,Flg22_SynCom33_vs_Mock_log2FoldChange,Flg22_SynCom35_vs_Mock_pvalue,Flg22_SynCom35_vs_Mock_padj,Flg22_SynCom35_vs_Mock_log2FoldChange,Flg22_vs_Mock,Flg22_SynCom33_vs_Mock,Flg22_SynCom35_vs_Mock,cl
AT2G37760.6,GO:0070401,AKR4C8,2,15831656,15833921,+,2265,protein_coding,Aldo-keto reductase family 4 member C8 [Source:UniProtKB/Swiss-Prot;Acc:O80944],0.9248914197090378,0.9890928265532498,0.07833749472715096,0.22015507143463778,0.587510601364829,-1.050803932683751,0.9596888562755247,NA,-0.04203264873148076,0,-0,0,3
AT2G37760.2,GO:0070401,AKR4C8,2,15831656,15833921,+,2265,protein_coding,Aldo-keto reductase family 4 member C8 [Source:UniProtKB/Swiss-Prot;Acc:O80944],0.020330308344399275,0.2309295486759806,0.4119090026691529,3.536064990560744e-4,0.010618187731035473,-0.6589482674200414,2.1763077990037768e-6,2.19069510579217e-4,-0.8793261751956781,0,0,0,2
AT2G37760.5,GO:0070401,AKR4C8,2,15831862,15833920,+,2058,protein_coding,Aldo-keto reductase family 4 member C8 [Source:UniProtKB/Swiss-Prot;Acc:O80944],0.44534627217281453,0.859878740005311,1.5680035574452063,0.7369769966105901,0.9247186268365138,0.6922050871830384,0.9509437924924491,NA,0.12713402435927898,0,0,0,7
AT2G37760.7,GO:0070401,AKR4C8,2,15832252,15833920,+,1668,protein_coding,Aldo-keto reductase family 4 member C8 [Source:UniProtKB/Swiss-Prot;Acc:O80944],0.06656510882333476,0.43031848493376657,0.3535376551380932,1.1492179709149474e-4,0.004624742139840661,-0.7520411144126421,6.964886965534425e-7,8.336380627702847e-5,-0.9695788371958758,0,0,0,2
