ID,Path,Gene,Chromosome,Start,End,Strand,Length,BioType,Description,Flg22_vs_Mock_pvalue,Flg22_vs_Mock_padj,Flg22_vs_Mock_log2FoldChange,Flg22_SynCom33_vs_Mock_pvalue,Flg22_SynCom33_vs_Mock_padj,Flg22_SynCom33_vs_Mock_log2FoldChange,Flg22_SynCom35_vs_Mock_pvalue,Flg22_SynCom35_vs_Mock_padj,Flg22_SynCom35_vs_Mock_log2FoldChange,Flg22_vs_Mock,Flg22_SynCom33_vs_Mock,Flg22_SynCom35_vs_Mock,cl
AT5G13570.1,GO:0050072,DCP2,5,4367262,4370429,+,3167,protein_coding,decapping 2 [Source:TAIR;Acc:AT5G13570],0.2856939256237561,0.7600081209500934,0.1776617616090744,0.07716169270447425,0.3548958175449399,0.29348925880653504,0.6552717932297284,0.9025321349699894,-0.07458020698411413,0,0,0,9
AT5G13570.2,GO:0050072,DCP2,5,4367299,4370265,+,2966,protein_coding,decapping 2 [Source:TAIR;Acc:AT5G13570],0.6607332709995856,0.9317257175779999,-0.9563958176528442,0.269519095959461,0.6400364255814691,-2.415808682446939,0.9367204736268708,0.9851868880707652,0.17277703231681762,0,-0,0,4
