ID,Path,Gene,Chromosome,Start,End,Strand,Length,BioType,Description,Flg22_vs_Mock_pvalue,Flg22_vs_Mock_padj,Flg22_vs_Mock_log2FoldChange,Flg22_SynCom33_vs_Mock_pvalue,Flg22_SynCom33_vs_Mock_padj,Flg22_SynCom33_vs_Mock_log2FoldChange,Flg22_SynCom35_vs_Mock_pvalue,Flg22_SynCom35_vs_Mock_padj,Flg22_SynCom35_vs_Mock_log2FoldChange,Flg22_vs_Mock,Flg22_SynCom33_vs_Mock,Flg22_SynCom35_vs_Mock,cl
AT3G08580.2,GO:0015865,AAC1,3,2605435,2607895,-,2460,protein_coding,AAC1 [Source:UniProtKB/TrEMBL;Acc:A0A384KYV2],0.059283982502213756,0.40770966255401714,0.6603429356182199,0.4358473946079788,0.7738088795620645,0.2729615071032035,0.49594119312830065,0.8309788591558859,0.23849569256890532,0,0,0,7
AT3G08580.1,GO:0015865,AAC1,3,2605442,2607573,-,2131,protein_coding,AAC1 [Source:UniProtKB/TrEMBL;Acc:A0A384KYV2],0.39197693143955536,0.8336650326963123,-0.105727329668681,0.5993603782892873,0.8683893911321087,-0.06488019428349626,0.8801617822296688,0.972153578081443,-0.018619025615735828,0,0,0,4
AT4G28390.1,GO:0015865,AAC3,4,14041288,14043347,-,2059,protein_coding,"ADP,ATP carrier protein 3, mitochondrial [Source:UniProtKB/Swiss-Prot;Acc:O49447]",0.5476441703346296,0.8969773435341416,0.14743527942605436,0.016046760800219325,0.14504744819268584,-0.6023340469346912,0.020121686573336094,0.19379004626954355,-0.5792761585581988,0,0,0,2
AT5G13490.2,GO:0015865,AAC2,5,4335595,4337730,+,2135,protein_coding,"ADP,ATP carrier protein 2, mitochondrial [Source:UniProtKB/Swiss-Prot;Acc:P40941]",7.142159640725904e-11,3.7667391734306095e-8,0.7554398651353181,4.2953897617433954e-5,0.0021032544184915476,0.476147860702878,0.03797874362395733,0.2757901038651269,-0.24450411455614462,0,0,0,7
