ID,Path,Gene,Chromosome,Start,End,Strand,Length,BioType,Description,Flg22_vs_Mock_pvalue,Flg22_vs_Mock_padj,Flg22_vs_Mock_log2FoldChange,Flg22_SynCom33_vs_Mock_pvalue,Flg22_SynCom33_vs_Mock_padj,Flg22_SynCom33_vs_Mock_log2FoldChange,Flg22_SynCom35_vs_Mock_pvalue,Flg22_SynCom35_vs_Mock_padj,Flg22_SynCom35_vs_Mock_log2FoldChange,Flg22_vs_Mock,Flg22_SynCom33_vs_Mock,Flg22_SynCom35_vs_Mock,cl
AT1G14660.1,GO:0010348,NHX8,1,5031943,5036610,-,4667,protein_coding,Sodium/hydrogen exchanger 8 [Source:UniProtKB/Swiss-Prot;Acc:Q3YL57],0.8611753626141823,0.9780716311962583,-0.10815380921845529,0.9844911382619925,0.9963497333103898,0.012004882748027199,0.7324786449441223,0.9287608039860765,-0.21147860975139637,0,0,0,10
AT1G14660.2,GO:0010348,NHX8,1,5031950,5036477,-,4527,protein_coding,Sodium/hydrogen exchanger 8 [Source:UniProtKB/Swiss-Prot;Acc:Q3YL57],0.33668586832502784,0.7968658941827085,0.9165925418522278,0.5232325530461464,0.826741188383165,0.6104585079053969,0.36309604812429375,0.7493021723944295,0.8675343081195988,0,0,0,6
