ID,Path,Gene,Chromosome,Start,End,Strand,Length,BioType,Description,Flg22_vs_Mock_pvalue,Flg22_vs_Mock_padj,Flg22_vs_Mock_log2FoldChange,Flg22_SynCom33_vs_Mock_pvalue,Flg22_SynCom33_vs_Mock_padj,Flg22_SynCom33_vs_Mock_log2FoldChange,Flg22_SynCom35_vs_Mock_pvalue,Flg22_SynCom35_vs_Mock_padj,Flg22_SynCom35_vs_Mock_log2FoldChange,Flg22_vs_Mock,Flg22_SynCom33_vs_Mock,Flg22_SynCom35_vs_Mock,cl
AT1G02205.4,GO:0043447,CER1,1,418726,422573,+,3847,protein_coding,Fatty acid hydroxylase superfamily [Source:TAIR;Acc:AT1G02205],0.02519124237196711,0.26057307610087543,1.870879605124622,0.9052037873074718,0.9755444952606935,-0.10008600426094148,0.5690418062234959,0.8680627858677934,-0.4793731592896812,0,0,0,7
AT1G02205.1,GO:0043447,CER1,1,418767,422437,+,3670,protein_coding,Fatty acid hydroxylase superfamily [Source:TAIR;Acc:AT1G02205],0.2951985568661026,0.7672623048753714,1.2014107789642987,0.8902711080449108,0.9713780149575055,0.15908444669497632,0.8792739105981915,0.9718630773302991,-0.17543807930252664,0,0,0,7
AT2G32720.1,GO:0043447,CYTB5-B,2,13875812,13878710,-,2898,protein_coding,CYTB5-D [Source:UniProtKB/TrEMBL;Acc:A0A178VXM5],0.3329916214824181,0.7941290330526076,0.40743666869879963,0.56116356564132,0.8467696444968922,-0.24641614063925998,0.7228187192487996,0.9256393518353461,-0.1500371847224787,0,0,0,7
AT2G32720.2,GO:0043447,CYTB5-B,2,13876760,13878358,-,1598,protein_coding,CYTB5-D [Source:UniProtKB/TrEMBL;Acc:A0A178VXM5],0.006630310250840209,0.11863124816589608,0.2727055843286809,0.7876249947883724,0.9412238479943279,-0.02733770663188809,0.9091127373080568,0.9791571936319662,-0.011541739289965965,0,0,0,7
AT3G27670.1,GO:0043447,RST1,3,10245112,10253308,+,8196,protein_coding,Protein RST1 [Source:UniProtKB/Swiss-Prot;Acc:Q7XZF5],0.9914176948749528,0.9981690165484822,-0.0013816103272616003,0.18592463135091408,0.5446419716583855,-0.17061213575412368,0.392709686051817,0.7684190732780125,-0.10985556394169756,0,0,0,3
AT5G57800.1,GO:0043447,CER3,5,23420184,23424117,+,3933,protein_coding,Protein ECERIFERUM 3 [Source:UniProtKB/Swiss-Prot;Acc:Q8H1Z0],0.6838730962120737,0.9378699614636201,0.10078604440784722,0.8246194975151293,0.9517485030993669,0.054890976749949236,0.4073646040090448,0.7770676850023469,-0.20569443472190774,0,0,0,9
