ID,Path,Gene,Chromosome,Start,End,Strand,Length,BioType,Description,Flg22_vs_Mock_pvalue,Flg22_vs_Mock_padj,Flg22_vs_Mock_log2FoldChange,Flg22_SynCom33_vs_Mock_pvalue,Flg22_SynCom33_vs_Mock_padj,Flg22_SynCom33_vs_Mock_log2FoldChange,Flg22_SynCom35_vs_Mock_pvalue,Flg22_SynCom35_vs_Mock_padj,Flg22_SynCom35_vs_Mock_log2FoldChange,Flg22_vs_Mock,Flg22_SynCom33_vs_Mock,Flg22_SynCom35_vs_Mock,cl
AT1G26120.1,GO:0010296,ICMEL1,1,9028376,9032327,-,3951,protein_coding,ICME-LIKE1 [Source:UniProtKB/TrEMBL;Acc:A0A178WLU7],0.5327032538544626,0.8912765061852691,-0.07332717137560377,0.984656284833937,0.9963497333103898,-0.002253319089780977,0.500165484845877,0.8326746408153144,-0.07894152168388568,0,0,0,1
AT5G15860.1,GO:0010296,ICME,5,5178157,5181761,-,3604,protein_coding,Isoprenylcysteine alpha-carbonyl methylesterase ICME [Source:UniProtKB/Swiss-Prot;Acc:Q94AS5],1.1202150689045184e-4,0.006896339405513069,0.47515647659327065,0.2994293765125895,0.6675452396260931,0.1296630512973317,0.21291445092190314,0.6154925682418578,-0.15724340928899547,0,0,0,7
AT5G15860.2,GO:0010296,ICME,5,5178505,5181290,-,2785,protein_coding,Isoprenylcysteine alpha-carbonyl methylesterase ICME [Source:UniProtKB/Swiss-Prot;Acc:Q94AS5],0.9158551273993045,0.9881103985285892,-0.1047747487135402,0.10154919532859455,0.40737881940356346,-1.6477748047305243,0.33865973871586746,0.7317457506390012,-0.953988912387376,0,-0,0,2
