ID,Path,Gene,Chromosome,Start,End,Strand,Length,BioType,Description,Flg22_vs_Mock_pvalue,Flg22_vs_Mock_padj,Flg22_vs_Mock_log2FoldChange,Flg22_SynCom33_vs_Mock_pvalue,Flg22_SynCom33_vs_Mock_padj,Flg22_SynCom33_vs_Mock_log2FoldChange,Flg22_SynCom35_vs_Mock_pvalue,Flg22_SynCom35_vs_Mock_padj,Flg22_SynCom35_vs_Mock_log2FoldChange,Flg22_vs_Mock,Flg22_SynCom33_vs_Mock,Flg22_SynCom35_vs_Mock,cl
AT1G54220.1,GO:0031405,,1,20246026,20250345,-,4319,protein_coding,Acetyltransferase component of pyruvate dehydrogenase complex [Source:UniProtKB/TrEMBL;Acc:A0A178W5Y1],0.6946802486919896,0.9402705518917962,0.054553825506097525,0.3213135978452442,0.6848122753109276,-0.13844340120961174,0.2668903947121638,0.6744024701998387,-0.1547312196937309,0,0,0,3
AT3G06850.2,GO:0031405,BCE2,3,2157931,2160669,-,2738,protein_coding,"Lipoamide acyltransferase component of branched-chain alpha-keto acid dehydrogenase complex, mitochondrial [Source:UniProtKB/Swiss-Prot;Acc:Q9M7Z1]",0.5534222831582809,0.8987657452195389,-0.24525034671172302,0.09272102870254753,0.3893633125192048,0.6938555050236609,7.445671449892699e-5,0.00382752059276749,1.6324814911437862,0,0,1,1
AT3G13930.1,GO:0031405,,3,4595767,4600469,+,4702,protein_coding,"Dihydrolipoyllysine-residue acetyltransferase component 2 of pyruvate dehydrogenase complex, mitochondrial [Source:UniProtKB/Swiss-Prot;Acc:Q8RWN9]",0.5296368239147585,0.8901952841068448,-0.10239125478833964,0.30260731183476014,0.670496953906181,-0.1679413073858168,0.03821475135543555,0.276328014108258,-0.33768351062314234,0,0,0,2
