ID,Path,Gene,Chromosome,Start,End,Strand,Length,BioType,Description,Flg22_vs_Mock_pvalue,Flg22_vs_Mock_padj,Flg22_vs_Mock_log2FoldChange,Flg22_SynCom33_vs_Mock_pvalue,Flg22_SynCom33_vs_Mock_padj,Flg22_SynCom33_vs_Mock_log2FoldChange,Flg22_SynCom35_vs_Mock_pvalue,Flg22_SynCom35_vs_Mock_padj,Flg22_SynCom35_vs_Mock_log2FoldChange,Flg22_vs_Mock,Flg22_SynCom33_vs_Mock,Flg22_SynCom35_vs_Mock,cl
AT1G08260.1,GO:0008310,POL2A,1,2588854,2606892,+,18038,protein_coding,DNA polymerase epsilon catalytic subunit A [Source:UniProtKB/Swiss-Prot;Acc:F4HW04],0.0869042981211527,0.4854786420524116,-0.3230615970049574,0.00427416269312483,0.06235699061274639,-0.5407052116984402,0.2523104048219034,0.6604221106833336,0.21478247688073956,0,0,0,4
AT3G11770.1,GO:0008310,,3,3721296,3722741,-,1445,protein_coding,At3g11770 [Source:UniProtKB/TrEMBL;Acc:Q9SF21],0.588151315577679,0.9092272149012993,0.07627940748354504,0.24990521690281053,0.6207680688210454,0.16159491227224038,0.0028423344556425785,0.055414005132778894,0.4141660630457099,0,0,0,1
AT5G06450.1,GO:0008310,,5,1967638,1969287,-,1649,protein_coding,Uncharacterized protein At5g06450 [Source:UniProtKB/Swiss-Prot;Acc:Q9FNG3],0.8779911452548294,0.9823447001421431,-0.02925383103854918,0.28063911171622286,0.6506947936264924,0.20418917160475356,0.4261457874687867,0.7897761139752689,0.15045976280013026,0,0,0,1
