ID,Path,Gene,Chromosome,Start,End,Strand,Length,BioType,Description,Flg22_vs_Mock_pvalue,Flg22_vs_Mock_padj,Flg22_vs_Mock_log2FoldChange,Flg22_SynCom33_vs_Mock_pvalue,Flg22_SynCom33_vs_Mock_padj,Flg22_SynCom33_vs_Mock_log2FoldChange,Flg22_SynCom35_vs_Mock_pvalue,Flg22_SynCom35_vs_Mock_padj,Flg22_SynCom35_vs_Mock_log2FoldChange,Flg22_vs_Mock,Flg22_SynCom33_vs_Mock,Flg22_SynCom35_vs_Mock,cl
AT1G50110.2,GO:0010326,BCAT6,1,18558009,18560043,-,2034,protein_coding,Branched-chain-amino-acid aminotransferase 6 [Source:UniProtKB/Swiss-Prot;Acc:Q9LPM9],0.766590032406838,0.9571733012705728,0.10632059278572008,0.6747588710257041,0.9016686370190872,0.1502154678816239,0.233528665860128,0.6409780790537586,0.4241230848637626,0,0,0,4
AT1G80360.1,GO:0010326,ISS1,1,30208408,30211097,-,2689,protein_coding,Aromatic aminotransferase ISS1 [Source:UniProtKB/Swiss-Prot;Acc:Q9C969],0.07993924144442968,0.4675669434328502,1.034343983664426,0.5189567786297785,0.8241902224350794,0.38278306600463186,0.8921205838422972,0.9755861274846136,-0.08079608902532825,0,0,0,7
AT1G80360.3,GO:0010326,ISS1,1,30208408,30211097,-,2689,protein_coding,Aromatic aminotransferase ISS1 [Source:UniProtKB/Swiss-Prot;Acc:Q9C969],0.32103358675185023,0.7853934558500288,0.9603110233567751,0.39558214182949075,0.7462311599877905,0.8229447204143207,0.9353110798520106,0.9851661236325965,-0.07922896665072289,0,0,0,9
AT1G80360.4,GO:0010326,ISS1,1,30208437,30211075,-,2638,protein_coding,Aromatic aminotransferase ISS1 [Source:UniProtKB/Swiss-Prot;Acc:Q9C969],3.233079851904781e-4,0.01496889251763716,0.323122338458949,0.09262038417734068,0.38915616871761055,0.15137036057033282,0.010936334284116106,0.13335343649633313,-0.22975989346502437,0,0,0,7
AT3G19710.1,GO:0010326,BCAT4,3,6846969,6849582,-,2613,protein_coding,Methionine aminotransferase BCAT4 [Source:UniProtKB/Swiss-Prot;Acc:Q9LE06],0.11965861582944913,0.557978904015178,0.5623956049949559,0.3819162501446201,0.7366486787965615,-0.3163336558524787,0.3651657272296888,0.7514980013079321,0.32730961983437257,0,0,0,3
