ID,Path,Gene,Chromosome,Start,End,Strand,Length,BioType,Description,Flg22_vs_Mock_pvalue,Flg22_vs_Mock_padj,Flg22_vs_Mock_log2FoldChange,Flg22_SynCom33_vs_Mock_pvalue,Flg22_SynCom33_vs_Mock_padj,Flg22_SynCom33_vs_Mock_log2FoldChange,Flg22_SynCom35_vs_Mock_pvalue,Flg22_SynCom35_vs_Mock_padj,Flg22_SynCom35_vs_Mock_log2FoldChange,Flg22_vs_Mock,Flg22_SynCom33_vs_Mock,Flg22_SynCom35_vs_Mock,cl
AT1G28350.1,GO:0004831,,1,9943737,9949835,+,6098,protein_coding,"Tyrosine--tRNA ligase 2, cytoplasmic [Source:UniProtKB/Swiss-Prot;Acc:F4HWL4]",0.6434798773867798,0.9273392630027173,-0.7130104050016458,0.4961357289756284,0.8101269918194036,-1.049307197317221,0.6230049319647487,0.8905146844042495,0.7558120725218561,0,-0,0,4
AT1G28350.3,GO:0004831,,1,9944574,9949833,+,5259,protein_coding,"Tyrosine--tRNA ligase 2, cytoplasmic [Source:UniProtKB/Swiss-Prot;Acc:F4HWL4]",0.23533466473782966,0.7127983665626456,-0.16957560765023708,0.052557026197149595,0.2885698484950522,-0.2775355209883663,0.28491859202812886,0.6911940593942446,0.151975297183037,0,0,0,4
AT2G33840.1,GO:0004831,,2,14314710,14317578,+,2868,protein_coding,"Tyrosine--tRNA ligase 1, cytoplasmic [Source:UniProtKB/Swiss-Prot;Acc:Q8S9J2]",0.6314542396073257,0.9243990544870392,-0.055761699212484354,0.013585749031807152,0.13137126096152513,-0.28842192852295756,0.9548688977825066,0.98962805078411,-0.006562785753816955,0,0,0,3
AT3G02660.1,GO:0004831,EMB2768,3,570134,572386,-,2252,protein_coding,Tyrosine--tRNA ligase [Source:UniProtKB/TrEMBL;Acc:A0A178VAQ8],0.724540989413643,0.9478968371634477,-0.09716326146711135,0.2707939553063812,0.6409070022220122,-0.30541992059859024,0.7909685099706554,0.9465908869056108,0.07266404090953349,0,0,0,4
