ID,Path,Gene,Chromosome,Start,End,Strand,Length,BioType,Description,Flg22_vs_Mock_pvalue,Flg22_vs_Mock_padj,Flg22_vs_Mock_log2FoldChange,Flg22_SynCom33_vs_Mock_pvalue,Flg22_SynCom33_vs_Mock_padj,Flg22_SynCom33_vs_Mock_log2FoldChange,Flg22_SynCom35_vs_Mock_pvalue,Flg22_SynCom35_vs_Mock_padj,Flg22_SynCom35_vs_Mock_log2FoldChange,Flg22_vs_Mock,Flg22_SynCom33_vs_Mock,Flg22_SynCom35_vs_Mock,cl
AT3G01610.1,GO:0051973,CDC48C,3,231610,235214,+,3604,protein_coding,Cell division cycle 48C [Source:UniProtKB/TrEMBL;Acc:A0A1I9LNC6],0.4654917500540646,0.8670627351219846,-0.21925077847841318,0.5378676200950685,0.8350538471496177,-0.1850390319605964,0.59848851870839,0.880362164632029,-0.1580547955905574,0,0,0,8
AT3G01610.2,GO:0051973,CDC48C,3,231651,235279,+,3628,protein_coding,Cell division cycle 48C [Source:UniProtKB/TrEMBL;Acc:A0A1I9LNC6],0.8616619669795973,0.9781746486117558,-0.31464456717648615,0.7830494881342149,0.9393518827267601,-0.4972467439499964,0.7640654494929786,0.9383878150951668,0.541676184846967,0,0,0,4
AT3G09290.1,GO:0051973,TAC1,3,2856037,2856897,+,860,protein_coding,TAC1 [Source:UniProtKB/TrEMBL;Acc:A0A178VLX2],0.353457348741707,0.8091018127467877,0.294363274692888,0.0729736912614901,0.343587812617861,0.5645029513095424,0.2536764106967319,0.6621402938637275,-0.3702946357035839,0,0,0,9
AT3G48360.2,GO:0051973,BT2,3,17907767,17910738,-,2971,protein_coding,BTB/POZ and TAZ domain-containing protein 2 [Source:UniProtKB/Swiss-Prot;Acc:Q94BN0],0.020011266112657286,0.22888345246290046,-1.1557900455468892,0.9315059508186019,0.983479784841136,0.04257114723516851,0.051871295047396425,0.32702296023329747,0.9617561626186139,-0,0,0,1
AT3G48360.1,GO:0051973,BT2,3,17907767,17910738,-,2971,protein_coding,BTB/POZ and TAZ domain-containing protein 2 [Source:UniProtKB/Swiss-Prot;Acc:Q94BN0],0.29616375277075907,0.7675607565111816,-0.8339003550365505,0.2189964750859796,0.5864777090318095,-0.9815504285483364,0.025872898653545535,0.22326047195372972,1.7736243991535938,0,0,0,4
AT3G48360.3,GO:0051973,BT2,3,17908161,17910736,-,2575,protein_coding,BTB/POZ and TAZ domain-containing protein 2 [Source:UniProtKB/Swiss-Prot;Acc:Q94BN0],0.009334045026147068,0.14771521764260198,-1.2408017268681206,0.9281838707443942,0.9822172094001699,-0.042969611249221426,0.022092053346208063,0.20481334081043298,1.090605770467541,-0,0,0,1
