ID,Path,Gene,Chromosome,Start,End,Strand,Length,BioType,Description,Flg22_vs_Mock_pvalue,Flg22_vs_Mock_padj,Flg22_vs_Mock_log2FoldChange,Flg22_SynCom33_vs_Mock_pvalue,Flg22_SynCom33_vs_Mock_padj,Flg22_SynCom33_vs_Mock_log2FoldChange,Flg22_SynCom35_vs_Mock_pvalue,Flg22_SynCom35_vs_Mock_padj,Flg22_SynCom35_vs_Mock_log2FoldChange,Flg22_vs_Mock,Flg22_SynCom33_vs_Mock,Flg22_SynCom35_vs_Mock,cl
AT3G54840.2,GO:0010009,RABF1,3,20318412,20321001,+,2589,protein_coding,Ras-related protein RABF1 [Source:UniProtKB/Swiss-Prot;Acc:Q9CB01],0.005447481354753629,0.10530669442926424,0.8960043168143871,0.03560338159949808,0.2324726995768053,0.6811647662197631,0.7127064329858139,0.9230912813229423,0.12106225363000161,0,0,0,9
AT3G54840.1,GO:0010009,RABF1,3,20318412,20321106,+,2694,protein_coding,Ras-related protein RABF1 [Source:UniProtKB/Swiss-Prot;Acc:Q9CB01],2.0425491605685387e-4,0.010694176548913147,0.656736822708512,0.0010999755478155132,0.02396235224990002,0.5777499589901397,0.06917565764180217,0.3747188787475036,0.32238296758991863,0,0,0,9
AT3G54840.3,GO:0010009,RABF1,3,20318956,20321106,+,2150,protein_coding,Ras-related protein RABF1 [Source:UniProtKB/Swiss-Prot;Acc:Q9CB01],0.07296253023294379,0.4478188460682992,-1.8174597118393971,0.41216618620549855,0.7572136179525351,-0.8298517194368851,0.35666699050139417,0.744461002065638,-0.9327250752008945,-0,0,0,8
