ID,Path,Gene,Chromosome,Start,End,Strand,Length,BioType,Description,Flg22_vs_Mock_pvalue,Flg22_vs_Mock_padj,Flg22_vs_Mock_log2FoldChange,Flg22_SynCom33_vs_Mock_pvalue,Flg22_SynCom33_vs_Mock_padj,Flg22_SynCom33_vs_Mock_log2FoldChange,Flg22_SynCom35_vs_Mock_pvalue,Flg22_SynCom35_vs_Mock_padj,Flg22_SynCom35_vs_Mock_log2FoldChange,Flg22_vs_Mock,Flg22_SynCom33_vs_Mock,Flg22_SynCom35_vs_Mock,cl
AT5G20990.3,GO:0061599,CNX1,5,7128475,7133171,-,4696,protein_coding,Molybdopterin biosynthesis protein CNX1 [Source:UniProtKB/Swiss-Prot;Acc:Q39054],0.18811525971460502,0.6633574578036482,-0.20521599824956904,0.6043964104737449,0.8703800453396482,-0.08072358128476526,0.024901206948789133,0.21932952867059705,-0.3498676577180009,0,0,0,10
AT5G20990.2,GO:0061599,CNX1,5,7128475,7133502,-,5027,protein_coding,Molybdopterin biosynthesis protein CNX1 [Source:UniProtKB/Swiss-Prot;Acc:Q39054],0.3440198516477406,0.8015588142160092,-0.2612002902666495,0.4075663452723337,0.7539360372702226,0.2271962225790479,0.07444913767628734,0.38894622241392424,-0.4936200688737341,0,0,0,10
AT5G20990.1,GO:0061599,CNX1,5,7128475,7133512,-,5037,protein_coding,Molybdopterin biosynthesis protein CNX1 [Source:UniProtKB/Swiss-Prot;Acc:Q39054],0.8911103887097506,0.9844506289105243,0.14815821419678796,0.4393124435806598,0.7764363647820708,-0.8381168129391167,0.8666068561900586,0.968631655185859,0.18176559364993033,0,0,0,3
