ID,Path,Gene,Chromosome,Start,End,Strand,Length,BioType,Description,Flg22_vs_Mock_pvalue,Flg22_vs_Mock_padj,Flg22_vs_Mock_log2FoldChange,Flg22_SynCom33_vs_Mock_pvalue,Flg22_SynCom33_vs_Mock_padj,Flg22_SynCom33_vs_Mock_log2FoldChange,Flg22_SynCom35_vs_Mock_pvalue,Flg22_SynCom35_vs_Mock_padj,Flg22_SynCom35_vs_Mock_log2FoldChange,Flg22_vs_Mock,Flg22_SynCom33_vs_Mock,Flg22_SynCom35_vs_Mock,cl
AT3G19420.1,GO:0016314,PTEN2A,3,6731329,6735623,+,4294,protein_coding,PTEN2A [Source:UniProtKB/TrEMBL;Acc:A0A178V9M6],0.8107828809567341,0.9664689020754437,0.015016345336081557,0.002051667585619272,0.03775706940729247,0.1922344285590246,0.03304229241754578,0.25651225265612015,0.13279269306290165,0,0,0,1
AT3G50110.1,GO:0016314,PTEN2B,3,18580609,18584813,-,4204,protein_coding,"Phosphatidylinositol 3,4,5-trisphosphate 3-phosphatase and protein-tyrosine-phosphatase PTEN2B [Source:UniProtKB/Swiss-Prot;Acc:Q8H106]",0.9948489634077174,0.9990179300711909,-0.0010374589848936313,0.3401308585959814,0.7017727945949169,0.15237385980391482,0.6098280517973564,0.8850894829959459,0.0814532477724885,0,0,0,1
