ID,Path,Gene,Chromosome,Start,End,Strand,Length,BioType,Description,Flg22_vs_Mock_pvalue,Flg22_vs_Mock_padj,Flg22_vs_Mock_log2FoldChange,Flg22_SynCom33_vs_Mock_pvalue,Flg22_SynCom33_vs_Mock_padj,Flg22_SynCom33_vs_Mock_log2FoldChange,Flg22_SynCom35_vs_Mock_pvalue,Flg22_SynCom35_vs_Mock_padj,Flg22_SynCom35_vs_Mock_log2FoldChange,Flg22_vs_Mock,Flg22_SynCom33_vs_Mock,Flg22_SynCom35_vs_Mock,cl
AT1G74000.1,GO:0009820,SSL11,1,27829051,27831536,-,2485,protein_coding,Protein STRICTOSIDINE SYNTHASE-LIKE 11 [Source:UniProtKB/Swiss-Prot;Acc:P92976],0.030370217751721607,0.28678624859661317,0.5438659038136472,0.8730098796384845,0.9662005241224605,-0.04079703835776476,0.009372263031783712,0.12221024608057049,-0.6772382015307169,0,0,0,7
AT1G74020.1,GO:0009820,SSL12,1,27835123,27837443,-,2320,protein_coding,Protein STRICTOSIDINE SYNTHASE-LIKE 12 [Source:UniProtKB/Swiss-Prot;Acc:P94111],0.46721197121338315,0.8678431383062384,0.10709151629630194,0.2876645092280755,0.6564513868479733,-0.15689642363770034,0.15807787309558938,0.5468848822165213,-0.20823886582105958,0,0,0,2
