ID,Path,Gene,Chromosome,Start,End,Strand,Length,BioType,Description,Flg22_vs_Mock_pvalue,Flg22_vs_Mock_padj,Flg22_vs_Mock_log2FoldChange,Flg22_SynCom33_vs_Mock_pvalue,Flg22_SynCom33_vs_Mock_padj,Flg22_SynCom33_vs_Mock_log2FoldChange,Flg22_SynCom35_vs_Mock_pvalue,Flg22_SynCom35_vs_Mock_padj,Flg22_SynCom35_vs_Mock_log2FoldChange,Flg22_vs_Mock,Flg22_SynCom33_vs_Mock,Flg22_SynCom35_vs_Mock,cl
AT1G27440.1,GO:0047517,IRX10,1,9528967,9531489,-,2522,protein_coding,"Probable beta-1,4-xylosyltransferase IRX10 [Source:UniProtKB/Swiss-Prot;Acc:Q9FZJ1]",0.4007894044337763,0.8385202915096651,-0.1002718120588709,0.03617711645242806,0.2346232194147578,-0.2522635270619639,0.2570812087194101,0.6650254264763386,0.13322444321871005,0,0,0,4
AT3G10320.1,GO:0047517,,3,3195314,3197457,-,2143,protein_coding,F14P13.8 protein [Source:UniProtKB/TrEMBL;Acc:Q9SS43],0.5336085907783901,0.8914843502979181,-0.15409089999099668,0.29294864793525155,0.6606874843110105,-0.2606299692286657,3.873076373073015e-4,0.01312372836385783,-0.885310483405125,0,0,0,2
AT4G36890.1,GO:0047517,IRX14,4,17379173,17382028,-,2855,protein_coding,"Probable beta-1,4-xylosyltransferase IRX14 [Source:UniProtKB/Swiss-Prot;Acc:Q8L707]",0.23864085310128694,0.7159889500807728,-0.12822122701207814,0.03385158315154122,0.22502429729963677,-0.2313917480211203,0.2524020556382673,0.6604221106833336,-0.12435076048173624,0,0,0,8
AT5G61840.1,GO:0047517,IRX10L,5,24839177,24842143,-,2966,protein_coding,GUT1 [Source:UniProtKB/TrEMBL;Acc:A0A178UAL2],0.7319284368330699,0.9502176053942513,-0.02912545882674393,0.5441087461384062,0.8388267468702958,0.051421373829513436,0.04211702397846866,0.2916922740593484,0.1708671531295395,0,0,0,1
