ID,Path,Gene,Chromosome,Start,End,Strand,Length,BioType,Description,Flg22_vs_Mock_pvalue,Flg22_vs_Mock_padj,Flg22_vs_Mock_log2FoldChange,Flg22_SynCom33_vs_Mock_pvalue,Flg22_SynCom33_vs_Mock_padj,Flg22_SynCom33_vs_Mock_log2FoldChange,Flg22_SynCom35_vs_Mock_pvalue,Flg22_SynCom35_vs_Mock_padj,Flg22_SynCom35_vs_Mock_log2FoldChange,Flg22_vs_Mock,Flg22_SynCom33_vs_Mock,Flg22_SynCom35_vs_Mock,cl
AT3G45650.1,GO:0010542,NAXT1,3,16758877,16761430,+,2553,protein_coding,Nitrate excretion transporter1 [Source:UniProtKB/TrEMBL;Acc:A0A1I9LSG9],0.007019423965813033,0.12265819382806543,-0.7036303575498283,0.2192975963076507,0.5865205226862441,-0.3202254067858613,0.10997763363513346,0.4692873199705642,-0.41666088953447084,0,0,0,8
AT3G45650.2,GO:0010542,NAXT1,3,16758877,16761430,+,2553,protein_coding,Nitrate excretion transporter1 [Source:UniProtKB/TrEMBL;Acc:A0A1I9LSG9],0.738504986116147,0.9524138060530294,-0.1488794285990042,0.4321913320376747,0.7703844166724203,0.34788572787332883,0.012355017943739178,0.14421980673967838,-1.1389625782043384,0,0,-0,10
