ID,Path,Gene,Chromosome,Start,End,Strand,Length,BioType,Description,Flg22_vs_Mock_pvalue,Flg22_vs_Mock_padj,Flg22_vs_Mock_log2FoldChange,Flg22_SynCom33_vs_Mock_pvalue,Flg22_SynCom33_vs_Mock_padj,Flg22_SynCom33_vs_Mock_log2FoldChange,Flg22_SynCom35_vs_Mock_pvalue,Flg22_SynCom35_vs_Mock_padj,Flg22_SynCom35_vs_Mock_log2FoldChange,Flg22_vs_Mock,Flg22_SynCom33_vs_Mock,Flg22_SynCom35_vs_Mock,cl
AT2G40840.1,GO:0004134,DPE2,2,17044932,17051062,+,6130,protein_coding,4-alpha-glucanotransferase DPE2 [Source:UniProtKB/Swiss-Prot;Acc:Q8RXD9],0.9084679593969195,0.9869002016097549,-0.029075747285964154,0.8054232948920683,0.9462215470815624,-0.06230486189770185,0.9448295303981947,0.9870013713604631,0.017494916658980796,0,0,0,4
AT5G64860.1,GO:0004134,DPE1,5,25925173,25928879,-,3706,protein_coding,"4-alpha-glucanotransferase DPE1, chloroplastic/amyloplastic [Source:UniProtKB/Swiss-Prot;Acc:Q9LV91]",0.07421650369448099,0.4516381290114094,-0.3128977969422574,0.1348296399692712,0.46725414227845147,-0.2615884253086931,0.09137959237659687,0.43125322153947926,0.28833233881742076,0,0,0,4
