ID,Path,Gene,Chromosome,Start,End,Strand,Length,BioType,Description,Flg22_vs_Mock_pvalue,Flg22_vs_Mock_padj,Flg22_vs_Mock_log2FoldChange,Flg22_SynCom33_vs_Mock_pvalue,Flg22_SynCom33_vs_Mock_padj,Flg22_SynCom33_vs_Mock_log2FoldChange,Flg22_SynCom35_vs_Mock_pvalue,Flg22_SynCom35_vs_Mock_padj,Flg22_SynCom35_vs_Mock_log2FoldChange,Flg22_vs_Mock,Flg22_SynCom33_vs_Mock,Flg22_SynCom35_vs_Mock,cl
AT1G16860.1,GO:0010330,,1,5767300,5770602,+,3302,protein_coding,Uncharacterized membrane protein At1g16860 [Source:UniProtKB/Swiss-Prot;Acc:Q9FZ45],0.16757774479840484,0.6344127868020162,-0.18412688861236068,0.7930099873648013,0.9421768973897546,-0.034969010732590546,0.9954180727547626,0.9991141889246141,7.645327752108745e-4,0,0,0,1
AT1G78880.1,GO:0010330,,1,29652633,29655949,-,3316,protein_coding,F9K20.7 protein [Source:UniProtKB/TrEMBL;Acc:Q9ZVA7],0.18051035511110056,0.6536122662065386,-0.14821397614741585,0.007434739323912174,0.0900811335416722,-0.297338289057962,0.18576851184017412,0.5838300271523068,0.14539272020129362,0,0,0,4
AT2G41770.1,GO:0010330,STL1,2,17424358,17427282,-,2924,protein_coding,Probable glycosyltransferase STELLO1 [Source:UniProtKB/Swiss-Prot;Acc:O22943],0.7098332356986212,0.9451257055513845,0.04499278785635654,0.8136591853332081,0.9492160838487741,-0.028558329809707184,0.7082205307243785,0.9212703350031888,0.045176468407598355,0,0,0,4
AT3G57420.1,GO:0010330,STL2,3,21252354,21255482,-,3128,protein_coding,Probable glycosyltransferase STELLO2 [Source:UniProtKB/Swiss-Prot;Acc:Q9SCN0],0.7162457035603224,0.9461420728057194,0.038503218662486176,0.31194727540798195,0.6776723057972218,0.1069289991329366,0.04489152078208006,0.3018149037974538,0.21099112938686382,0,0,0,1
AT5G17420.1,GO:0010330,CESA7,5,5736630,5741500,-,4870,protein_coding,MUR10 [Source:UniProtKB/TrEMBL;Acc:A0A384LP57],0.05945018366553305,0.40825180060192356,-0.38327859461831426,0.0037604195726900097,0.057212583794435445,-0.5904867586686496,0.4757757815609586,0.8202937397506208,0.14435236014576092,0,0,0,4
AT5G64740.1,GO:0010330,CESA6,5,25881033,25886728,+,5695,protein_coding,Cellulose synthase A catalytic subunit 6 [UDP-forming] [Source:UniProtKB/Swiss-Prot;Acc:Q94JQ6],0.251780078355196,0.7311436631564789,-0.13659663304969855,0.8545577228053777,0.9611405675266373,0.021841366830982978,0.36666907267429527,0.7530582679185757,0.1075258089787372,0,0,0,1
