ID,Path,Gene,Chromosome,Start,End,Strand,Length,BioType,Description,Flg22_vs_Mock_pvalue,Flg22_vs_Mock_padj,Flg22_vs_Mock_log2FoldChange,Flg22_SynCom33_vs_Mock_pvalue,Flg22_SynCom33_vs_Mock_padj,Flg22_SynCom33_vs_Mock_log2FoldChange,Flg22_SynCom35_vs_Mock_pvalue,Flg22_SynCom35_vs_Mock_padj,Flg22_SynCom35_vs_Mock_log2FoldChange,Flg22_vs_Mock,Flg22_SynCom33_vs_Mock,Flg22_SynCom35_vs_Mock,cl
AT3G15620.1,GO:0006290,UVR3,3,5293295,5296811,-,3516,protein_coding,(6-4)DNA photolyase [Source:UniProtKB/Swiss-Prot;Acc:O48652],0.04509124071820545,0.35630137883840673,-0.7831352301059251,0.15000425181367513,0.49091968556795895,-0.5603603988699891,0.8194068458558632,0.9545787820060336,-0.08814496106983467,0,0,0,8
AT3G18524.1,GO:0006290,MSH2,3,6367941,6372685,-,4744,protein_coding,DNA mismatch repair protein MSH2 [Source:UniProtKB/Swiss-Prot;Acc:O24617],0.03430897330668247,0.30933376713369,-0.41706730798669756,0.05487597482666699,0.29482062338628706,-0.37793013611006415,0.09528397247429103,0.44015779757805173,0.32093186839506194,0,0,0,4
AT3G24495.1,GO:0006290,MSH7,3,8912343,8918146,-,5803,protein_coding,DNA mismatch repair protein MSH7 [Source:UniProtKB/Swiss-Prot;Acc:Q9SMV7],0.5160940544706885,0.886043035602738,-0.15708334630183712,0.2834726952759786,0.6532070113499793,-0.260249368840384,0.4074275576412829,0.7770926811924339,0.19842780748187558,0,0,0,4
AT3G24495.2,GO:0006290,MSH7,3,8912343,8918288,-,5945,protein_coding,DNA mismatch repair protein MSH7 [Source:UniProtKB/Swiss-Prot;Acc:Q9SMV7],0.4186425305072756,0.8465117461374367,-0.5370311137258219,0.3671685078677649,0.724401206795354,-0.599593671281113,0.6563221322855357,0.9028566917481232,0.2919268495298674,0,0,0,4
AT4G02070.1,GO:0006290,MSH6,4,905865,913290,+,7425,protein_coding,DNA mismatch repair protein MSH6 [Source:UniProtKB/Swiss-Prot;Acc:O04716],0.04692014882625117,0.3634624692400779,-0.3670668714614656,0.015143065187120898,0.14071063890777183,-0.44986391775205353,0.2805722053800421,0.6870297612853801,0.19654923705025668,0,0,0,4
