ID,Path,Gene,Chromosome,Start,End,Strand,Length,BioType,Description,Flg22_vs_Mock_pvalue,Flg22_vs_Mock_padj,Flg22_vs_Mock_log2FoldChange,Flg22_SynCom33_vs_Mock_pvalue,Flg22_SynCom33_vs_Mock_padj,Flg22_SynCom33_vs_Mock_log2FoldChange,Flg22_SynCom35_vs_Mock_pvalue,Flg22_SynCom35_vs_Mock_padj,Flg22_SynCom35_vs_Mock_log2FoldChange,Flg22_vs_Mock,Flg22_SynCom33_vs_Mock,Flg22_SynCom35_vs_Mock,cl
AT2G39740.3,GO:0050265,HESO1,2,16575752,16578704,+,2952,protein_coding,Protein HESO1 [Source:UniProtKB/Swiss-Prot;Acc:Q5XET5],0.7784509252141807,0.9604963820885567,0.08698525915878479,0.5883106026792396,0.8630267733273298,-0.16828282309867856,0.8353949788426587,0.9595193562099044,0.06417808733247983,0,0,0,3
AT2G39740.1,GO:0050265,HESO1,2,16575752,16579120,+,3368,protein_coding,Protein HESO1 [Source:UniProtKB/Swiss-Prot;Acc:Q5XET5],0.845777088689994,0.9739788698937438,-0.036656492238620664,0.0020354754769953604,0.037606633520679916,0.5671817149841475,0.5343740497580322,0.8511341422193066,0.11584081833003376,0,0,0,5
AT2G45620.1,GO:0050265,URT1,2,18792864,18795904,+,3040,protein_coding,UTP:RNA uridylyltransferase 1 [Source:UniProtKB/Swiss-Prot;Acc:O64642],3.2147599708712103e-4,0.014933439725385318,-0.2967079258088302,4.00077018295397e-4,0.01174112489717998,-0.2920450896800931,0.8356147857127699,0.959626737060376,0.01689543765749357,0,0,0,4
