ID,Path,Gene,Chromosome,Start,End,Strand,Length,BioType,Description,Flg22_vs_Mock_pvalue,Flg22_vs_Mock_padj,Flg22_vs_Mock_log2FoldChange,Flg22_SynCom33_vs_Mock_pvalue,Flg22_SynCom33_vs_Mock_padj,Flg22_SynCom33_vs_Mock_log2FoldChange,Flg22_SynCom35_vs_Mock_pvalue,Flg22_SynCom35_vs_Mock_padj,Flg22_SynCom35_vs_Mock_log2FoldChange,Flg22_vs_Mock,Flg22_SynCom33_vs_Mock,Flg22_SynCom35_vs_Mock,cl
AT5G26290.1,GO:0048236,,5,9226079,9228026,+,1947,protein_coding,TRAF-like family protein [Source:TAIR;Acc:AT5G26290],0.0025758177146588354,0.06373783569373555,-0.8949656479729676,0.16248007383231333,0.5105005798758063,-0.4143859265883372,0.055163263863747376,0.3368319294502625,-0.5689505521040507,0,0,0,8
AT5G57880.1,GO:0048236,MPS1,5,23443962,23447244,+,3282,protein_coding,Protein MULTIPOLAR SPINDLE 1 [Source:UniProtKB/Swiss-Prot;Acc:F4KDF5],0.5487829873271002,0.8972259061811516,-0.28191532053022145,0.3554216612441443,0.7147785664371278,0.41955040228545615,0.23686562292153174,0.6449200041021061,0.5328261484146987,0,0,0,1
