ID,Path,Gene,Chromosome,Start,End,Strand,Length,BioType,Description,Flg22_vs_Mock_pvalue,Flg22_vs_Mock_padj,Flg22_vs_Mock_log2FoldChange,Flg22_SynCom33_vs_Mock_pvalue,Flg22_SynCom33_vs_Mock_padj,Flg22_SynCom33_vs_Mock_log2FoldChange,Flg22_SynCom35_vs_Mock_pvalue,Flg22_SynCom35_vs_Mock_padj,Flg22_SynCom35_vs_Mock_log2FoldChange,Flg22_vs_Mock,Flg22_SynCom33_vs_Mock,Flg22_SynCom35_vs_Mock,cl
AT3G02875.2,GO:0010211,ILR1,3,631824,634074,+,2250,protein_coding,IAA-amino acid hydrolase ILR1 [Source:UniProtKB/Swiss-Prot;Acc:P54968],0.7663203124238931,0.9571733012705728,-0.07608135783273674,0.22960246359116873,0.5984956558074155,0.3046531268661673,0.5606861972078856,0.8648143781705099,-0.14892073196405012,0,0,0,5
AT3G02875.1,GO:0010211,ILR1,3,631824,634074,+,2250,protein_coding,IAA-amino acid hydrolase ILR1 [Source:UniProtKB/Swiss-Prot;Acc:P54968],0.5173090199212342,0.8865850995436375,0.39595190286764215,0.7684827658791935,0.9347914639037542,-0.18053808781980257,0.9437405855240235,0.9868094144009457,0.04320734466777561,0,0,0,3
AT3G02875.3,GO:0010211,ILR1,3,631824,634074,+,2250,protein_coding,IAA-amino acid hydrolase ILR1 [Source:UniProtKB/Swiss-Prot;Acc:P54968],0.5049541584806101,0.8820916256482816,0.5204388716860807,0.9338316194645503,0.9842622237152414,-0.06520476934766184,0.3066983801940875,0.7077813522520477,-0.8109813296138247,0,0,0,7
