ID,Path,Gene,Chromosome,Start,End,Strand,Length,BioType,Description,Flg22_vs_Mock_pvalue,Flg22_vs_Mock_padj,Flg22_vs_Mock_log2FoldChange,Flg22_SynCom33_vs_Mock_pvalue,Flg22_SynCom33_vs_Mock_padj,Flg22_SynCom33_vs_Mock_log2FoldChange,Flg22_SynCom35_vs_Mock_pvalue,Flg22_SynCom35_vs_Mock_padj,Flg22_SynCom35_vs_Mock_log2FoldChange,Flg22_vs_Mock,Flg22_SynCom33_vs_Mock,Flg22_SynCom35_vs_Mock,cl
AT3G52880.1,GO:0005782,ATMDAR1,3,19601167,19604597,-,3430,protein_coding,Monodehydroascorbate reductase 1 [Source:UniProtKB/TrEMBL;Acc:F4J849],3.212822461327456e-5,0.002752121405634354,1.1851134161973336,0.11333954962836734,0.42936778087792715,0.4522302032663421,0.47885590418108204,0.8217058019107327,-0.20274691354805802,1,0,0,7
AT3G52880.2,GO:0005782,ATMDAR1,3,19601213,19604454,-,3241,protein_coding,Monodehydroascorbate reductase 1 [Source:UniProtKB/TrEMBL;Acc:F4J849],0.040302902433820335,0.3374961435198031,0.35005013668205154,0.8218296752724095,0.9515815329046756,-0.03845641877619167,1.5274813853252166e-4,0.006573908259061549,-0.6470960508414016,0,0,0,7
AT5G23395.1,GO:0005782,MIA40,5,7874572,7876427,-,1855,protein_coding,Mitochondrial intermembrane space import and assembly protein 40 homolog [Source:UniProtKB/Swiss-Prot;Acc:Q8GYJ4],0.05837735540037508,0.40464355654013856,-0.38135226547922513,0.16045887722195162,0.5075320686391713,-0.28171602415904495,0.9921165302606075,0.9987280198796549,-0.001956724592529016,0,0,0,8
AT5G37670.1,GO:0005782,HSP15.7,5,14968758,14969591,+,833,protein_coding,"15.7 kDa heat shock protein, peroxisomal [Source:UniProtKB/Swiss-Prot;Acc:Q9FHQ3]",0.8660971103603949,0.9788377127911853,-0.15874928945096062,0.6027520583204806,NA,0.47870856856956784,0.6630102581855408,NA,0.40066928749505887,0,0,0,1
AT5G47040.1,GO:0005782,LON2,5,19092858,19098772,-,5914,protein_coding,"Lon protease homolog 2, peroxisomal [Source:UniProtKB/Swiss-Prot;Acc:O64948]",0.3723281809511824,0.8203637753971188,-0.14355698588144394,0.20419679507165756,0.5675370394040838,0.20390966288367476,0.025107704341528446,0.2202118669516921,0.3592759629132654,0,0,0,1
