ID,Path,Gene,Chromosome,Start,End,Strand,Length,BioType,Description,Flg22_vs_Mock_pvalue,Flg22_vs_Mock_padj,Flg22_vs_Mock_log2FoldChange,Flg22_SynCom33_vs_Mock_pvalue,Flg22_SynCom33_vs_Mock_padj,Flg22_SynCom33_vs_Mock_log2FoldChange,Flg22_SynCom35_vs_Mock_pvalue,Flg22_SynCom35_vs_Mock_padj,Flg22_SynCom35_vs_Mock_log2FoldChange,Flg22_vs_Mock,Flg22_SynCom33_vs_Mock,Flg22_SynCom35_vs_Mock,cl
AT1G35910.1,GO:0015927,TPPD,1,13362962,13365172,-,2210,protein_coding,Probable trehalose-phosphate phosphatase D [Source:UniProtKB/Swiss-Prot;Acc:Q67XC9],0.2456399948270811,0.725773082763871,-0.465177859987271,0.005742658507804896,0.07544601814048787,-1.1378884865249972,0.26906998084681816,0.6766264867997023,-0.4413795707921358,0,-0,0,8
AT4G24040.1,GO:0015927,TRE1,4,12488040,12491298,+,3258,protein_coding,Trehalase [Source:UniProtKB/Swiss-Prot;Acc:Q9SU50],0.12135856953761187,0.5610593430486785,0.6297144336180229,0.6087952655914168,0.8726476660780883,0.21058216754192702,0.7624466866655245,0.9379700546021267,-0.12543915285234414,0,0,0,7
