ID,Path,Gene,Chromosome,Start,End,Strand,Length,BioType,Description,Flg22_vs_Mock_pvalue,Flg22_vs_Mock_padj,Flg22_vs_Mock_log2FoldChange,Flg22_SynCom33_vs_Mock_pvalue,Flg22_SynCom33_vs_Mock_padj,Flg22_SynCom33_vs_Mock_log2FoldChange,Flg22_SynCom35_vs_Mock_pvalue,Flg22_SynCom35_vs_Mock_padj,Flg22_SynCom35_vs_Mock_log2FoldChange,Flg22_vs_Mock,Flg22_SynCom33_vs_Mock,Flg22_SynCom35_vs_Mock,cl
AT2G46830.3,GO:0043496,CCA1,2,19246681,19248914,+,2233,protein_coding,Protein CCA1 [Source:UniProtKB/Swiss-Prot;Acc:P92973],0.15478095661012828,0.6141169250642117,1.7148363150048775,0.23695584167925154,0.6061902299221203,1.426802634788838,0.2331105841573374,0.6408925884594916,-1.486036830506809,0,0,-0,9
AT5G23730.1,GO:0043496,RUP2,5,8005097,8006630,+,1533,protein_coding,WD repeat-containing protein RUP2 [Source:UniProtKB/Swiss-Prot;Acc:Q9FFA7],0.33201872835126456,0.7934100549978528,-0.3185631363609892,0.004817382098421719,0.06716849873950863,-0.9357127312482831,0.49509586002981204,0.8303003518406737,-0.22353851779921188,0,0,0,8
AT5G52250.1,GO:0043496,RUP1,5,21216772,21218351,+,1579,protein_coding,WD repeat-containing protein RUP1 [Source:UniProtKB/Swiss-Prot;Acc:Q9LTJ6],0.5736102977724504,0.9051035404970769,0.16080537854794996,0.6147562061269556,0.8747089574501042,-0.14461051622190937,0.0011274689459209418,0.028642711616648383,0.9213098036822708,0,0,0,4
