ID,Path,Gene,Chromosome,Start,End,Strand,Length,BioType,Description,Flg22_vs_Mock_pvalue,Flg22_vs_Mock_padj,Flg22_vs_Mock_log2FoldChange,Flg22_SynCom33_vs_Mock_pvalue,Flg22_SynCom33_vs_Mock_padj,Flg22_SynCom33_vs_Mock_log2FoldChange,Flg22_SynCom35_vs_Mock_pvalue,Flg22_SynCom35_vs_Mock_padj,Flg22_SynCom35_vs_Mock_log2FoldChange,Flg22_vs_Mock,Flg22_SynCom33_vs_Mock,Flg22_SynCom35_vs_Mock,cl
AT1G13950.1,GO:0045901,ELF5A-1,1,4773434,4774935,+,1501,protein_coding,Eukaryotic translation initiation factor 5A [Source:UniProtKB/TrEMBL;Acc:A0A178WBN7],0.14636958075513237,0.603886427760547,-0.3236377200939678,0.831290642383342,0.9530822089645044,-0.04730200341959259,0.6798612181478039,0.9110004002562028,-0.09157015179622088,0,0,0,1
AT1G26630.1,GO:0045901,ELF5A-2,1,9205800,9207417,+,1617,protein_coding,Eukaryotic translation initiation factor 5A-2 [Source:UniProtKB/Swiss-Prot;Acc:Q93VP3],0.9595378229005033,0.9941416613872613,0.005697061081917736,0.0526226438591282,0.28863536262417555,-0.2177915061339353,0.15465310363981843,0.540948584961726,0.15972412710359665,0,0,0,4
AT1G26630.2,GO:0045901,ELF5A-2,1,9205836,9207383,+,1547,protein_coding,Eukaryotic translation initiation factor 5A-2 [Source:UniProtKB/Swiss-Prot;Acc:Q93VP3],0.5911081916772962,0.910141178910532,-0.3530250668167411,0.8344707814426853,0.9540705688831187,0.13539826571133382,0.6627805160045712,NA,-0.2851833180962281,0,0,0,10
AT1G69410.1,GO:0045901,ELF5A-3,1,26089030,26090734,+,1704,protein_coding,Eukaryotic translation initiation factor 5A-3 [Source:UniProtKB/Swiss-Prot;Acc:Q9C505],4.941113585806863e-5,0.0037919324014256445,0.4062105247129109,0.7320158312109686,0.9233456491186778,-0.03451894651527817,6.588681939878223e-4,0.01935415263853361,-0.34482233156950987,0,0,0,7
