ID,Path,Gene,Chromosome,Start,End,Strand,Length,BioType,Description,Flg22_vs_Mock_pvalue,Flg22_vs_Mock_padj,Flg22_vs_Mock_log2FoldChange,Flg22_SynCom33_vs_Mock_pvalue,Flg22_SynCom33_vs_Mock_padj,Flg22_SynCom33_vs_Mock_log2FoldChange,Flg22_SynCom35_vs_Mock_pvalue,Flg22_SynCom35_vs_Mock_padj,Flg22_SynCom35_vs_Mock_log2FoldChange,Flg22_vs_Mock,Flg22_SynCom33_vs_Mock,Flg22_SynCom35_vs_Mock,cl
AT5G60370.1,GO:0045145,,5,24282666,24285061,+,2395,protein_coding,"Exonuclease V, chloroplastic [Source:UniProtKB/Swiss-Prot;Acc:Q9FKK6]",0.05133587910829504,0.3811143492699848,-0.4006445846575573,0.38045989474721814,0.7353743097012659,-0.1790630819997147,0.16906939936508328,0.5612628135677071,-0.280871882331322,0,0,0,8
AT5G60370.2,GO:0045145,,5,24282790,24285054,+,2264,protein_coding,"Exonuclease V, chloroplastic [Source:UniProtKB/Swiss-Prot;Acc:Q9FKK6]",0.4490022291425749,0.8611704124013225,0.4343127415585612,0.15594571805337815,0.5001948207506158,0.8063488467967757,0.08279453723082635,0.4100791495623531,0.9803644719030153,0,0,0,6
