ID,Path,Gene,Chromosome,Start,End,Strand,Length,BioType,Description,Flg22_vs_Mock_pvalue,Flg22_vs_Mock_padj,Flg22_vs_Mock_log2FoldChange,Flg22_SynCom33_vs_Mock_pvalue,Flg22_SynCom33_vs_Mock_padj,Flg22_SynCom33_vs_Mock_log2FoldChange,Flg22_SynCom35_vs_Mock_pvalue,Flg22_SynCom35_vs_Mock_padj,Flg22_SynCom35_vs_Mock_log2FoldChange,Flg22_vs_Mock,Flg22_SynCom33_vs_Mock,Flg22_SynCom35_vs_Mock,cl
AT3G56130.1,GO:0045717,,3,20826576,20829270,+,2694,protein_coding,AT3g56130/F18O21_90 [Source:UniProtKB/TrEMBL;Acc:Q93W03],0.2285924329304291,0.7049257695561986,0.1576036033129474,0.14902263162808085,0.4894668968709899,0.18885142826109375,0.7041101232227469,0.9194228348426887,0.04972841898726256,0,0,0,6
AT3G56130.2,GO:0045717,,3,20826658,20829270,+,2612,protein_coding,AT3g56130/F18O21_90 [Source:UniProtKB/TrEMBL;Acc:Q93W03],0.029876273498659997,0.28474457195337366,0.5920809539788467,0.3391752193695576,0.7007158666429344,0.261916423864824,0.9773336946932331,0.9951650705673921,0.007808380027085687,0,0,0,7
AT3G56130.5,GO:0045717,,3,20826660,20829270,+,2610,protein_coding,AT3g56130/F18O21_90 [Source:UniProtKB/TrEMBL;Acc:Q93W03],0.44012160106743053,0.8570209362182688,0.4462206552503113,0.2850512544085228,0.654917951914117,0.6158674067670427,0.3547814480263876,0.7433043088550941,0.5330201472312068,0,0,0,6
AT4G21070.1,GO:0045717,BRCA1,4,11247991,11252757,+,4766,protein_coding,Protein BREAST CANCER SUSCEPTIBILITY 1 homolog [Source:UniProtKB/Swiss-Prot;Acc:Q8RXD4],0.29399400136420906,0.7659813944947316,-0.23896449574645118,0.017413095872089994,0.15212832084287398,-0.5502241158642962,0.3582074202925505,0.7452870463891879,0.20502586589171176,0,0,0,4
AT5G10940.2,GO:0045717,,5,3448535,3454286,-,5751,protein_coding,Transducin family protein / WD-40 repeat family protein [Source:UniProtKB/TrEMBL;Acc:Q94BQ3],0.11136910258333158,0.539156573187297,0.4612616173150144,0.846826028818857,0.9587294295681739,0.05614454765157473,0.8949744979292492,0.9762672799987248,-0.038371093959523955,0,0,0,7
AT5G10940.1,GO:0045717,,5,3448636,3454231,-,5595,protein_coding,Transducin family protein / WD-40 repeat family protein [Source:UniProtKB/TrEMBL;Acc:Q94BQ3],0.14378731940923997,0.5988695562230802,-0.42896900896382795,0.8492105441977423,0.9596310893851964,0.05556197507430504,0.9918794528355317,0.9987280198796549,-0.0029736691141170613,0,0,0,1
