ID,Path,Gene,Chromosome,Start,End,Strand,Length,BioType,Description,Flg22_vs_Mock_pvalue,Flg22_vs_Mock_padj,Flg22_vs_Mock_log2FoldChange,Flg22_SynCom33_vs_Mock_pvalue,Flg22_SynCom33_vs_Mock_padj,Flg22_SynCom33_vs_Mock_log2FoldChange,Flg22_SynCom35_vs_Mock_pvalue,Flg22_SynCom35_vs_Mock_padj,Flg22_SynCom35_vs_Mock_log2FoldChange,Flg22_vs_Mock,Flg22_SynCom33_vs_Mock,Flg22_SynCom35_vs_Mock,cl
AT3G02320.1,GO:0004809,,3,469867,473717,+,3850,protein_coding,tRNA (guanine(26)-N(2))-dimethyltransferase [Source:UniProtKB/TrEMBL;Acc:A0A178VEZ9],0.8897346517154637,0.9841114170152838,-0.015097561211420144,0.04467041091486432,0.26368686565950433,-0.22142445810094116,0.4858062964770414,0.8251499777252876,-0.07581751675913986,0,0,0,3
AT3G26410.1,GO:0004809,TRM11,3,9669415,9671348,-,1933,protein_coding,tRNA modification 11 protein [Source:UniProtKB/TrEMBL;Acc:Q9LIN4],0.0921892263418332,0.4999636822964356,-0.4659179452664757,0.08514657343692361,0.3736904112171794,-0.4765458669160903,0.9779547402892046,0.9952714945261362,-0.007572362156062022,0,0,0,8
AT3G56330.1,GO:0004809,,3,20890235,20892002,+,1767,protein_coding,tRNA (guanine(26)-N(2))-dimethyltransferase [Source:UniProtKB/TrEMBL;Acc:Q9LYL0],0.016752507109079735,0.20800287084770944,-1.2150666504956429,0.511806574535751,0.81968708312446,-0.3172629613455114,0.7622963436668734,NA,-0.14479131573128837,-0,0,0,8
AT5G15810.1,GO:0004809,,5,5157841,5161363,+,3522,protein_coding,Probable tRNA (guanine(26)-N(2))-dimethyltransferase 1 [Source:UniProtKB/Swiss-Prot;Acc:Q9LFU5],0.28507999012625995,0.7593548500786105,-0.22305450834572418,0.12825618901648048,0.45479262275966603,-0.3177475214674461,0.3065646027840963,0.7077813522520477,0.21236801377658746,0,0,0,4
