ID,Path,Gene,Chromosome,Start,End,Strand,Length,BioType,Description,Flg22_vs_Mock_pvalue,Flg22_vs_Mock_padj,Flg22_vs_Mock_log2FoldChange,Flg22_SynCom33_vs_Mock_pvalue,Flg22_SynCom33_vs_Mock_padj,Flg22_SynCom33_vs_Mock_log2FoldChange,Flg22_SynCom35_vs_Mock_pvalue,Flg22_SynCom35_vs_Mock_padj,Flg22_SynCom35_vs_Mock_log2FoldChange,Flg22_vs_Mock,Flg22_SynCom33_vs_Mock,Flg22_SynCom35_vs_Mock,cl
AT4G14030.2,GO:0071291,SBP1,4,8097842,8100260,-,2418,protein_coding,Selenium-binding protein 1 [Source:UniProtKB/Swiss-Prot;Acc:O23264],0.9234501448196432,0.9888441457128984,0.01796072237799628,0.3636201136403537,0.7219614961248945,0.1697451769618369,0.4919821759824888,0.8285689317316566,-0.12846984379402632,0,0,0,5
AT4G14030.1,GO:0071291,SBP1,4,8097918,8100340,-,2422,protein_coding,Selenium-binding protein 1 [Source:UniProtKB/Swiss-Prot;Acc:O23264],0.00390680099661128,0.08446010078394832,1.6919273625082538,0.4421930160107822,0.7783980205698172,0.45270968435905123,0.06459249685577491,0.36206111121999834,1.0852255031937705,0,0,0,7
