ID,Path,Gene,Chromosome,Start,End,Strand,Length,BioType,Description,Flg22_vs_Mock_pvalue,Flg22_vs_Mock_padj,Flg22_vs_Mock_log2FoldChange,Flg22_SynCom33_vs_Mock_pvalue,Flg22_SynCom33_vs_Mock_padj,Flg22_SynCom33_vs_Mock_log2FoldChange,Flg22_SynCom35_vs_Mock_pvalue,Flg22_SynCom35_vs_Mock_padj,Flg22_SynCom35_vs_Mock_log2FoldChange,Flg22_vs_Mock,Flg22_SynCom33_vs_Mock,Flg22_SynCom35_vs_Mock,cl
AT1G70940.1,GO:0016328,PIN3,1,26742940,26746469,+,3529,protein_coding,Auxin efflux carrier component 3 [Source:UniProtKB/Swiss-Prot;Acc:Q9S7Z8],0.19388095812331826,0.6681409358695782,-0.23163011801540856,0.011485746322239952,0.11834412902815424,-0.45217171085720026,0.16372901525416828,0.5546314628252296,0.2467318145493879,0,0,0,4
AT2G38070.1,GO:0016328,,2,15928591,15930817,+,2226,protein_coding,Protein of unknown function (DUF740) [Source:TAIR;Acc:AT2G38070],0.8865533354038377,0.9837440685142131,-0.0482186828347592,0.024929026124110274,0.18925221131554149,-0.7936370663500962,0.25703206418432256,0.6650254264763386,0.3750880896226065,0,0,0,4
AT2G47160.1,GO:0016328,BOR1,2,19357420,19361328,-,3908,protein_coding,HCO3-transporter family [Source:UniProtKB/TrEMBL;Acc:A8MS82],0.500375136512476,0.8800605384834338,0.2328694887664209,0.05964190850995379,0.3070855745191683,0.6503169760227602,0.012703481372281921,0.1471450914079723,0.860046667587621,0,0,0,1
AT2G47160.2,GO:0016328,BOR1,2,19357478,19361162,-,3684,protein_coding,HCO3-transporter family [Source:UniProtKB/TrEMBL;Acc:A8MS82],0.8591695078798258,0.9777456097747521,0.07426909198390746,0.007908964004180744,0.09357780385580403,1.108973912235829,0.5164813363079491,0.8412666207783779,0.27133699857233406,0,0,0,5
AT4G10380.1,GO:0016328,NIP5-1,4,6431161,6435396,-,4235,protein_coding,At4g10380 [Source:UniProtKB/TrEMBL;Acc:A3KPG0],0.14830577896245856,0.6055691850439395,0.3900938865439828,0.12259562838881163,0.4451327167513672,0.416643520617528,0.07326247000148241,0.3858468702486129,-0.484377612404694,0,0,0,9
AT5G60920.1,GO:0016328,COB,5,24511152,24514338,-,3186,protein_coding,Protein COBRA [Source:UniProtKB/Swiss-Prot;Acc:Q94KT8],0.9715156084351351,0.9946629527453268,-0.005087886245375178,0.3483592648806017,0.7092084881557554,0.1335761091074309,0.06229140880307236,0.35520424578912413,0.26539727851621103,0,0,0,1
