ID,Path,Gene,Chromosome,Start,End,Strand,Length,BioType,Description,Flg22_vs_Mock_pvalue,Flg22_vs_Mock_padj,Flg22_vs_Mock_log2FoldChange,Flg22_SynCom33_vs_Mock_pvalue,Flg22_SynCom33_vs_Mock_padj,Flg22_SynCom33_vs_Mock_log2FoldChange,Flg22_SynCom35_vs_Mock_pvalue,Flg22_SynCom35_vs_Mock_padj,Flg22_SynCom35_vs_Mock_log2FoldChange,Flg22_vs_Mock,Flg22_SynCom33_vs_Mock,Flg22_SynCom35_vs_Mock,cl
AT1G35290.1,GO:0016295,ALT1,1,12947517,12948849,-,1332,protein_coding,"Acyl-acyl carrier protein thioesterase ATL1, chloroplastic [Source:UniProtKB/Swiss-Prot;Acc:Q9C7I5]",0.023022300163897173,NA,3.2848641733949093,0.08367192018528888,NA,2.5226147118436844,0.4577039275747256,NA,1.1175038802352097,0,0,0,7
AT1G68260.1,GO:0016295,ALT3,1,25585774,25587717,-,1943,protein_coding,"Acyl-acyl carrier protein thioesterase ATL3, chloroplastic [Source:UniProtKB/Swiss-Prot;Acc:Q8W583]",0.9237132453901333,0.9888441457128984,0.029296752902595105,0.42986557594565783,0.7686635890006928,-0.24538594714605047,0.7523594515875727,0.9352149304812711,-0.09676306248101281,0,0,0,3
AT3G25110.1,GO:0016295,FATA,3,9146271,9148525,-,2254,protein_coding,"Oleoyl-acyl carrier protein thioesterase 1, chloroplastic [Source:UniProtKB/Swiss-Prot;Acc:Q42561]",0.8511663621330183,0.9755383689612521,0.037328899692408365,0.11716007185312109,0.4355883759207305,-0.3123029781034449,0.022638418034469747,0.2074800232660088,-0.45450227893645667,0,0,0,2
AT4G13050.1,GO:0016295,FATA2,4,7617428,7619657,+,2229,protein_coding,"Oleoyl-acyl carrier protein thioesterase 2, chloroplastic [Source:UniProtKB/Swiss-Prot;Acc:Q9SV64]",0.4418951856395204,0.8575517334054803,-0.10459051475191383,0.8470098238135848,0.9587484982002099,-0.026189653059632934,0.9361076628087175,0.9851868880707652,0.010844125158847001,0,0,0,1
