ID,Path,Gene,Chromosome,Start,End,Strand,Length,BioType,Description,Flg22_vs_Mock_pvalue,Flg22_vs_Mock_padj,Flg22_vs_Mock_log2FoldChange,Flg22_SynCom33_vs_Mock_pvalue,Flg22_SynCom33_vs_Mock_padj,Flg22_SynCom33_vs_Mock_log2FoldChange,Flg22_SynCom35_vs_Mock_pvalue,Flg22_SynCom35_vs_Mock_padj,Flg22_SynCom35_vs_Mock_log2FoldChange,Flg22_vs_Mock,Flg22_SynCom33_vs_Mock,Flg22_SynCom35_vs_Mock,cl
AT1G01510.1,GO:0042814,AN,1,187145,190472,+,3327,protein_coding,C-terminal binding protein AN [Source:UniProtKB/Swiss-Prot;Acc:O23702],0.5921471869910877,0.910141178910532,0.04098784951753882,0.6258834244409188,0.8796924718090965,-0.037452561991363695,3.091864501798275e-4,0.01118557536605457,0.27252989471071226,0,0,0,4
AT4G36380.2,GO:0042814,CYP90C1,4,17187528,17192445,-,4917,protein_coding,ROT3 [Source:UniProtKB/TrEMBL;Acc:A0A178V4B0],0.13131275547126722,0.5771106184567223,-0.7737457234610265,0.11230942134675931,0.42763482502033767,-0.8149835165930724,0.28679650101482695,0.6931370901638508,-0.5435562419681407,0,0,0,8
AT4G36380.1,GO:0042814,CYP90C1,4,17187528,17192507,-,4979,protein_coding,ROT3 [Source:UniProtKB/TrEMBL;Acc:A0A178V4B0],0.10087452370852935,0.51739707453215,-0.3846899288571431,0.2713891828820464,0.641275227668354,-0.257691630451179,0.47342512548856397,0.8192822377358562,0.16749351615044014,0,0,0,4
AT5G03540.1,GO:0042814,ATEXO70A1,5,889385,894205,+,4820,protein_coding,Exocyst subunit Exo70 family protein [Source:UniProtKB/TrEMBL;Acc:F4KGM7],0.09377185512984926,0.5039819245560417,-0.6854858403868056,0.08893327878651566,0.3813776807007799,-0.6958411703036876,0.85899013816432,0.9661370733453339,-0.07257218083326694,0,0,0,8
AT5G03540.2,GO:0042814,ATEXO70A1,5,889566,894167,+,4601,protein_coding,Exocyst subunit Exo70 family protein [Source:UniProtKB/TrEMBL;Acc:F4KGM7],0.1355431173340383,0.5839277544822741,0.4338931620724725,0.17889123665771547,0.5355668374633545,0.3908162797741404,0.5563287590310717,0.8622146031546429,-0.17135877257373391,0,0,0,9
AT5G03540.3,GO:0042814,ATEXO70A1,5,889566,894167,+,4601,protein_coding,Exocyst subunit Exo70 family protein [Source:UniProtKB/TrEMBL;Acc:F4KGM7],0.4825776006749479,0.8741257871511877,0.5639267890498554,0.09165552801368741,0.38697721125552775,1.3533838601071149,0.7362974118211274,0.9297795052956558,0.27056061185269176,0,0,0,5
