ID,Path,Gene,Chromosome,Start,End,Strand,Length,BioType,Description,Flg22_vs_Mock_pvalue,Flg22_vs_Mock_padj,Flg22_vs_Mock_log2FoldChange,Flg22_SynCom33_vs_Mock_pvalue,Flg22_SynCom33_vs_Mock_padj,Flg22_SynCom33_vs_Mock_log2FoldChange,Flg22_SynCom35_vs_Mock_pvalue,Flg22_SynCom35_vs_Mock_padj,Flg22_SynCom35_vs_Mock_log2FoldChange,Flg22_vs_Mock,Flg22_SynCom33_vs_Mock,Flg22_SynCom35_vs_Mock,cl
AT1G12070.1,GO:0048365,,1,4078547,4080236,-,1689,protein_coding,At1g12070 [Source:UniProtKB/TrEMBL;Acc:O65371],0.3409595232810323,NA,-0.9646362561074352,0.8327777562841523,NA,0.18856871758112134,0.2749226236063091,NA,0.9233900485671732,0,0,0,1
AT2G35110.2,GO:0048365,NAP1,2,14795715,14803971,-,8256,protein_coding,Protein NAP1 [Source:UniProtKB/Swiss-Prot;Acc:Q5S2C4],0.010282033346568317,0.15748016578861304,0.2757101027977936,0.7377632268928103,0.9249030348320281,0.036100248939468914,0.27467077204129425,0.682037125885056,0.11748900415286355,0,0,0,6
AT3G07880.1,GO:0048365,GDI1,3,2513925,2515983,+,2058,protein_coding,Putative RHO GDP-dissociation inhibitor 1 [Source:UniProtKB/TrEMBL;Acc:Q541X0],0.024324280336366518,0.2556650718581473,-0.23302998816013298,0.030624206123749928,0.21255871650365235,0.22246309003796758,0.3393863789919377,0.7325767774350987,0.09834672799910407,0,0,0,1
