ID,Path,Gene,Chromosome,Start,End,Strand,Length,BioType,Description,Flg22_vs_Mock_pvalue,Flg22_vs_Mock_padj,Flg22_vs_Mock_log2FoldChange,Flg22_SynCom33_vs_Mock_pvalue,Flg22_SynCom33_vs_Mock_padj,Flg22_SynCom33_vs_Mock_log2FoldChange,Flg22_SynCom35_vs_Mock_pvalue,Flg22_SynCom35_vs_Mock_padj,Flg22_SynCom35_vs_Mock_log2FoldChange,Flg22_vs_Mock,Flg22_SynCom33_vs_Mock,Flg22_SynCom35_vs_Mock,cl
AT1G74920.1,GO:0008802,ALDH10A8,1,28138997,28142837,-,3840,protein_coding,ALDH10A8 [Source:UniProtKB/TrEMBL;Acc:A0A178W4Y2],0.28168796237562216,0.7567240351111107,0.22668598070542711,0.2903372328223454,0.6584700491631055,-0.22347687715382378,0.9668409583318225,0.992138585317856,-0.008763484464147906,0,0,0,3
AT1G74920.2,GO:0008802,ALDH10A8,1,28139009,28142744,-,3735,protein_coding,ALDH10A8 [Source:UniProtKB/TrEMBL;Acc:A0A178W4Y2],0.792320425947232,0.9638115017678341,0.05898692487246017,0.8875585157046297,0.9707738783124256,-0.03169112652156096,0.26459553352653997,0.6730775544710309,0.24966270946434987,0,0,0,4
AT3G48170.1,GO:0008802,ALDH10A9,3,17785854,17790026,-,4172,protein_coding,"Betaine aldehyde dehydrogenase 2, mitochondrial [Source:UniProtKB/Swiss-Prot;Acc:Q9STS1]",4.348850127647695e-6,5.692319669417737e-4,0.3250822653151059,0.07491865871756957,0.348617514911841,0.12645906222105868,0.5505908009551175,0.8594551867841634,-0.042442345338598544,0,0,0,7
