ID,Path,Gene,Chromosome,Start,End,Strand,Length,BioType,Description,Flg22_vs_Mock_pvalue,Flg22_vs_Mock_padj,Flg22_vs_Mock_log2FoldChange,Flg22_SynCom33_vs_Mock_pvalue,Flg22_SynCom33_vs_Mock_padj,Flg22_SynCom33_vs_Mock_log2FoldChange,Flg22_SynCom35_vs_Mock_pvalue,Flg22_SynCom35_vs_Mock_padj,Flg22_SynCom35_vs_Mock_log2FoldChange,Flg22_vs_Mock,Flg22_SynCom33_vs_Mock,Flg22_SynCom35_vs_Mock,cl
AT2G45440.1,GO:0008840,DHDPS2,2,18730840,18733119,+,2279,protein_coding,Putative dihydrodipicolinate synthase [Source:UniProtKB/TrEMBL;Acc:Q0WSN6],0.29440433788527925,0.7664076247766681,-0.19733709230439508,0.280509153209878,0.6505605259760108,-0.20316651639071068,0.5278998124345604,0.8478113276068527,0.11811878967149785,0,0,0,4
AT3G60880.2,GO:0008840,DHDPS1,3,22494739,22496697,+,1958,protein_coding,"4-hydroxy-tetrahydrodipicolinate synthase 1, chloroplastic [Source:UniProtKB/Swiss-Prot;Acc:Q9LZX6]",0.8118689275359945,0.9667017409037706,0.08427703138697464,0.25064883393079995,0.6211768393865318,-0.4096950206851349,0.617872573211693,0.8882979781478971,0.17630090798736672,0,0,0,3
AT3G60880.1,GO:0008840,DHDPS1,3,22494864,22496697,+,1833,protein_coding,"4-hydroxy-tetrahydrodipicolinate synthase 1, chloroplastic [Source:UniProtKB/Swiss-Prot;Acc:Q9LZX6]",0.6388417286015676,0.9264139517440779,-0.2667568826734801,0.8739191311033949,0.9665343663377662,0.08997242550534994,0.6143078208418239,0.8863636684151822,0.28526351146687867,0,0,0,1
