ID,Path,Gene,Chromosome,Start,End,Strand,Length,BioType,Description,Flg22_vs_Mock_pvalue,Flg22_vs_Mock_padj,Flg22_vs_Mock_log2FoldChange,Flg22_SynCom33_vs_Mock_pvalue,Flg22_SynCom33_vs_Mock_padj,Flg22_SynCom33_vs_Mock_log2FoldChange,Flg22_SynCom35_vs_Mock_pvalue,Flg22_SynCom35_vs_Mock_padj,Flg22_SynCom35_vs_Mock_log2FoldChange,Flg22_vs_Mock,Flg22_SynCom33_vs_Mock,Flg22_SynCom35_vs_Mock,cl
AT5G07630.1,GO:0034203,,5,2410703,2414711,+,4008,protein_coding,Lipid transporter [Source:UniProtKB/TrEMBL;Acc:F4K836],0.40664749858298055,0.8408733979474236,-1.4470833652816306,0.9100351346169736,0.9768586291356427,0.1938302173552722,0.749144579268491,NA,0.5473698215147005,-0,0,0,1
AT5G07630.2,GO:0034203,,5,2411434,2414750,+,3316,protein_coding,Lipid transporter [Source:UniProtKB/TrEMBL;Acc:F4K836],0.2629940996388901,0.7404490627183586,-0.14708667248636492,0.7955286320608037,0.942922646147661,-0.033801159300154926,0.2928038060588699,0.6974829220790715,0.13493531718896135,0,0,0,4
