ID,Path,Gene,Chromosome,Start,End,Strand,Length,BioType,Description,Flg22_vs_Mock_pvalue,Flg22_vs_Mock_padj,Flg22_vs_Mock_log2FoldChange,Flg22_SynCom33_vs_Mock_pvalue,Flg22_SynCom33_vs_Mock_padj,Flg22_SynCom33_vs_Mock_log2FoldChange,Flg22_SynCom35_vs_Mock_pvalue,Flg22_SynCom35_vs_Mock_padj,Flg22_SynCom35_vs_Mock_log2FoldChange,Flg22_vs_Mock,Flg22_SynCom33_vs_Mock,Flg22_SynCom35_vs_Mock,cl
AT5G57160.1,GO:0032807,LIG4,5,23154965,23161826,-,6861,protein_coding,DNA ligase 4 [Source:UniProtKB/Swiss-Prot;Acc:Q9LL84],0.6199312887421258,0.9204588106753944,-0.06275275158591591,0.47570553364836154,0.7982469510321633,0.0899097603659743,0.28462423537051323,0.6909893831817527,0.13444910343464092,0,0,0,1
AT5G57160.2,GO:0032807,LIG4,5,23155150,23159747,-,4597,protein_coding,DNA ligase 4 [Source:UniProtKB/Swiss-Prot;Acc:Q9LL84],0.784643313930887,0.9622832696452184,-0.08368269516654087,0.7231426568423889,0.9214248088866843,0.10831425438746728,0.4067996809106752,0.7765678857774441,-0.2542478490784046,0,0,0,10
