ID,Path,Gene,Chromosome,Start,End,Strand,Length,BioType,Description,Flg22_vs_Mock_pvalue,Flg22_vs_Mock_padj,Flg22_vs_Mock_log2FoldChange,Flg22_SynCom33_vs_Mock_pvalue,Flg22_SynCom33_vs_Mock_padj,Flg22_SynCom33_vs_Mock_log2FoldChange,Flg22_SynCom35_vs_Mock_pvalue,Flg22_SynCom35_vs_Mock_padj,Flg22_SynCom35_vs_Mock_log2FoldChange,Flg22_vs_Mock,Flg22_SynCom33_vs_Mock,Flg22_SynCom35_vs_Mock,cl
AT2G23380.1,GO:0045857,CLF,2,9955092,9960386,+,5294,protein_coding,Histone-lysine N-methyltransferase CLF [Source:UniProtKB/Swiss-Prot;Acc:P93831],0.9063086061689278,0.9869002016097549,-0.019415975942266617,0.1935479125240897,0.5537866309792723,-0.2156184777607429,0.39558018144967977,0.7700354401906624,0.13941359388315144,0,0,0,4
AT2G23380.2,GO:0045857,CLF,2,9957014,9960386,+,3372,protein_coding,Histone-lysine N-methyltransferase CLF [Source:UniProtKB/Swiss-Prot;Acc:P93831],0.5319499053942632,0.8911515464358377,-0.0958000679207482,0.9609604903312485,0.9911214626712666,0.007485825474268508,0.40529845015816907,0.7758418232285555,0.1266937199121096,0,0,0,1
AT5G17690.1,GO:0045857,TFL2,5,5827142,5829755,-,2613,protein_coding,like heterochromatin protein (LHP1) [Source:TAIR;Acc:AT5G17690],0.9859430724707635,0.9974006836512818,-0.0022672293995394132,0.7127247219756286,0.9170449015739556,-0.04748242571395841,0.6351618417624535,0.8954336834668395,0.06074441535201599,0,0,0,4
AT5G17690.3,GO:0045857,TFL2,5,5827171,5829760,-,2589,protein_coding,like heterochromatin protein (LHP1) [Source:TAIR;Acc:AT5G17690],0.9826267287562931,0.9965371940330385,0.03077141950107923,0.6236322327263562,0.8791023429548981,0.6921874317397897,0.9335937607445676,0.9851661236325965,-0.11777425936261506,0,0,0,5
