ID,Path,Gene,Chromosome,Start,End,Strand,Length,BioType,Description,Flg22_vs_Mock_pvalue,Flg22_vs_Mock_padj,Flg22_vs_Mock_log2FoldChange,Flg22_SynCom33_vs_Mock_pvalue,Flg22_SynCom33_vs_Mock_padj,Flg22_SynCom33_vs_Mock_log2FoldChange,Flg22_SynCom35_vs_Mock_pvalue,Flg22_SynCom35_vs_Mock_padj,Flg22_SynCom35_vs_Mock_log2FoldChange,Flg22_vs_Mock,Flg22_SynCom33_vs_Mock,Flg22_SynCom35_vs_Mock,cl
AT2G27370.1,GO:0007043,CASP3,2,11708429,11710128,-,1699,protein_coding,Casparian strip membrane protein 3 [Source:UniProtKB/Swiss-Prot;Acc:Q9ZQI2],0.013572686839894961,0.18500463799138578,-0.5695880857200286,0.06204457679303163,0.31422048103810785,-0.4301676312078603,2.426487998727245e-4,0.009370216416272883,-0.8482750979554715,0,0,0,10
AT2G36100.1,GO:0007043,CASP1,2,15159591,15160799,-,1208,protein_coding,Casparian strip membrane protein 1 [Source:UniProtKB/Swiss-Prot;Acc:Q9SIH4],0.2644292430894164,0.7415826520001645,-0.28663493190927813,0.7886368630842364,0.9413391785347823,0.06883419701213583,0.008937300808838729,0.1183995500325122,-0.6717384039439891,0,0,0,10
AT3G11550.1,GO:0007043,CASP2,3,3638178,3639348,+,1170,protein_coding,Casparian strip membrane protein 2 [Source:UniProtKB/Swiss-Prot;Acc:Q9CAX3],0.4856248919024388,0.8752403418423143,-0.16367405447668085,0.8089548373718501,0.9474355106739362,-0.05673184515038088,0.010867319195651128,0.13278108949160733,-0.5987731656557277,0,0,0,10
AT5G06200.1,GO:0007043,CASP4,5,1877134,1878324,+,1190,protein_coding,CASP-like protein [Source:UniProtKB/TrEMBL;Acc:A0A178UFD9],0.024662192966480145,0.25750792884195,-0.6499311237198955,0.6981469307453059,0.9112247908475098,-0.11185263576680708,0.18548397036040734,0.5832405383519383,-0.3822271304997057,0,0,0,10
AT5G15290.1,GO:0007043,CASP5,5,4967011,4968092,+,1081,protein_coding,Casparian strip membrane protein 5 [Source:UniProtKB/Swiss-Prot;Acc:Q9LXF3],0.35166748539662,0.808085146303915,0.617598311912939,0.021422584005385586,0.17190504574112697,1.5133476379465427,0.3415930888832211,0.7341823839046115,0.6299765408723703,0,0,0,5
