ID,Path,Gene,Chromosome,Start,End,Strand,Length,BioType,Description,Flg22_vs_Mock_pvalue,Flg22_vs_Mock_padj,Flg22_vs_Mock_log2FoldChange,Flg22_SynCom33_vs_Mock_pvalue,Flg22_SynCom33_vs_Mock_padj,Flg22_SynCom33_vs_Mock_log2FoldChange,Flg22_SynCom35_vs_Mock_pvalue,Flg22_SynCom35_vs_Mock_padj,Flg22_SynCom35_vs_Mock_log2FoldChange,Flg22_vs_Mock,Flg22_SynCom33_vs_Mock,Flg22_SynCom35_vs_Mock,cl
AT1G27320.1,GO:0080117,AHK3,1,9486889,9492632,+,5743,protein_coding,HK3 [Source:UniProtKB/TrEMBL;Acc:A0A178WL02],0.7475251941553025,0.9530196132125169,-0.042580441803837216,0.23291418160189914,0.6020383682521396,-0.1578851962029941,1.1677900118090203e-4,0.005383897123335033,-0.5106641296696895,0,0,0,2
AT1G68460.1,GO:0080117,IPT1,1,25668610,25670345,-,1735,protein_coding,"Adenylate isopentenyltransferase 1, chloroplastic [Source:UniProtKB/Swiss-Prot;Acc:Q94ID3]",0.7744303327582707,0.9593789929619458,-0.21947607829571467,0.03644520743070963,NA,1.4163390204100654,0.512700645178614,NA,0.46667521632444464,0,0,0,5
AT5G35750.1,GO:0080117,AHK2,5,13911283,13916805,-,5522,protein_coding,Histidine kinase 2 [Source:UniProtKB/Swiss-Prot;Acc:Q9C5U2],0.09994010077332835,0.5155266073263529,0.3077374324583807,0.005251131958459705,0.07100650367571115,0.5213740412888876,0.029473980398313095,0.2403590505580736,0.4067307800237781,0,0,0,6
