ID,Path,Gene,Chromosome,Start,End,Strand,Length,BioType,Description,Flg22_vs_Mock_pvalue,Flg22_vs_Mock_padj,Flg22_vs_Mock_log2FoldChange,Flg22_SynCom33_vs_Mock_pvalue,Flg22_SynCom33_vs_Mock_padj,Flg22_SynCom33_vs_Mock_log2FoldChange,Flg22_SynCom35_vs_Mock_pvalue,Flg22_SynCom35_vs_Mock_padj,Flg22_SynCom35_vs_Mock_log2FoldChange,Flg22_vs_Mock,Flg22_SynCom33_vs_Mock,Flg22_SynCom35_vs_Mock,cl
AT2G31970.1,GO:0070192,RAD50,2,13600431,13609104,+,8673,protein_coding,DNA repair protein RAD50 [Source:UniProtKB/Swiss-Prot;Acc:Q9SL02],0.4865363422998715,0.8752403418423143,-0.07026078118890143,0.8413739169819169,0.9562832196745763,0.020160872660511312,0.4377184057184305,0.7975936836153905,0.07785796037092886,0,0,0,1
AT5G20850.1,GO:0070192,RAD51,5,7070491,7072966,-,2475,protein_coding,DNA repair protein RAD51 homolog 1 [Source:UniProtKB/Swiss-Prot;Acc:P94102],0.8776461376928184,0.9821855990434056,-0.05645720191152611,0.057758884432098465,0.3030791199109254,-0.7224873027702546,0.30532583727531304,0.7071167686917098,0.36859878491333176,0,0,0,4
