ID,Path,Gene,Chromosome,Start,End,Strand,Length,BioType,Description,Flg22_vs_Mock_pvalue,Flg22_vs_Mock_padj,Flg22_vs_Mock_log2FoldChange,Flg22_SynCom33_vs_Mock_pvalue,Flg22_SynCom33_vs_Mock_padj,Flg22_SynCom33_vs_Mock_log2FoldChange,Flg22_SynCom35_vs_Mock_pvalue,Flg22_SynCom35_vs_Mock_padj,Flg22_SynCom35_vs_Mock_log2FoldChange,Flg22_vs_Mock,Flg22_SynCom33_vs_Mock,Flg22_SynCom35_vs_Mock,cl
AT1G19350.1,GO:0071367,BES1,1,6688698,6691216,+,2518,protein_coding,Brassinosteroid signaling positive regulator (BZR1) family protein [Source:UniProtKB/TrEMBL;Acc:F4HP45],0.003304545897222967,0.07580969297879814,2.1934305662271556,0.02234182825671791,0.17663509494227075,1.7125894466911522,0.03582603380271638,0.26678341225713087,1.5742153511451262,0,0,0,6
AT1G19350.6,GO:0071367,BES1,1,6688703,6690410,+,1707,protein_coding,Brassinosteroid signaling positive regulator (BZR1) family protein [Source:UniProtKB/TrEMBL;Acc:F4HP45],0.6304418936776435,0.9243263013851125,-0.11256968571450043,0.6195791209392847,0.8771144309384302,-0.11618871298088508,0.5752465681229263,0.8708880458058876,0.13046629466795448,0,0,0,4
AT2G41230.1,GO:0071367,ORS1,2,17194748,17195697,-,949,protein_coding,Protein ORGAN SIZE RELATED 1 [Source:UniProtKB/Swiss-Prot;Acc:Q8RWS1],0.027032281222733302,0.2706223121265127,1.6139985507978039,6.443254195158339e-4,0.01638671327097885,2.4556726471906525,0.6433612201545159,NA,-0.3663031811169357,0,1,0,9
AT5G17800.1,GO:0071367,MYB56,5,5877113,5879331,+,2218,protein_coding,Transcription factor MYB56 [Source:UniProtKB/Swiss-Prot;Acc:Q6R053],6.822728286698967e-4,0.026036981204185936,0.7572457669149518,0.12255604496214814,0.4451327167513672,0.34750275914101775,0.010605737260268028,0.13131900515055492,-0.5917951563194825,0,0,0,7
