ID,Path,Gene,Chromosome,Start,End,Strand,Length,BioType,Description,Flg22_vs_Mock_pvalue,Flg22_vs_Mock_padj,Flg22_vs_Mock_log2FoldChange,Flg22_SynCom33_vs_Mock_pvalue,Flg22_SynCom33_vs_Mock_padj,Flg22_SynCom33_vs_Mock_log2FoldChange,Flg22_SynCom35_vs_Mock_pvalue,Flg22_SynCom35_vs_Mock_padj,Flg22_SynCom35_vs_Mock_log2FoldChange,Flg22_vs_Mock,Flg22_SynCom33_vs_Mock,Flg22_SynCom35_vs_Mock,cl
AT3G58180.1,GO:0030089,,3,21543954,21546180,+,2226,protein_coding,Deoxyhypusine hydroxylase [Source:UniProtKB/Swiss-Prot;Acc:Q94JW0],0.2727451650445472,0.7490063547120404,-0.15235874270238506,0.35349467968151727,0.7135372460648854,-0.1288062329586529,0.8061272086648121,0.9509415955860436,0.033676451025786126,0,0,0,4
AT3G62530.1,GO:0030089,,3,23132122,23133298,+,1176,protein_coding,ARM repeat superfamily protein [Source:UniProtKB/TrEMBL;Acc:Q94K48],0.21443273838521798,0.6909933818000447,-0.18797958388026037,0.038862153836714666,0.24363162766757546,-0.31345687951965934,0.13785448680833362,0.516267628212156,0.22325069577993242,0,0,0,4
AT5G19820.1,GO:0030089,emb2734,5,6695174,6701355,-,6181,protein_coding,ARM repeat superfamily protein [Source:UniProtKB/TrEMBL;Acc:Q93VS8],0.035357572583087804,0.31431322298472625,-0.244754847919731,0.013541168143532347,0.1310816283883459,-0.2873240481977195,0.7029507824982025,0.9191853437950244,0.044248594997385864,0,0,0,4
