ID,Path,Gene,Chromosome,Start,End,Strand,Length,BioType,Description,Flg22_vs_Mock_pvalue,Flg22_vs_Mock_padj,Flg22_vs_Mock_log2FoldChange,Flg22_SynCom33_vs_Mock_pvalue,Flg22_SynCom33_vs_Mock_padj,Flg22_SynCom33_vs_Mock_log2FoldChange,Flg22_SynCom35_vs_Mock_pvalue,Flg22_SynCom35_vs_Mock_padj,Flg22_SynCom35_vs_Mock_log2FoldChange,Flg22_vs_Mock,Flg22_SynCom33_vs_Mock,Flg22_SynCom35_vs_Mock,cl
AT4G25840.1,GO:0043136,GPP1,4,13138957,13141097,+,2140,protein_coding,"(DL)-glycerol-3-phosphatase 1, mitochondrial [Source:UniProtKB/Swiss-Prot;Acc:F4JTE7]",0.14828088489209862,0.6055691850439395,0.17968927466760823,0.4157754969328356,0.759711589759957,0.10143587040691503,0.8089370291485025,0.9521702161189233,0.03012156806051193,0,0,0,6
AT5G57440.1,GO:0043136,GPP2,5,23271114,23273021,-,1907,protein_coding,(DL)-glycerol-3-phosphatase 2 [Source:UniProtKB/Swiss-Prot;Acc:Q8VZP1],0.8869520773582166,0.9837440685142131,-0.03541684623203247,0.9517702875867703,0.9893082078303131,0.01505717023088725,0.06271037168090184,0.35617922410077646,0.45948439077350134,0,0,0,4
