ID,Path,Gene,Chromosome,Start,End,Strand,Length,BioType,Description,Flg22_vs_Mock_pvalue,Flg22_vs_Mock_padj,Flg22_vs_Mock_log2FoldChange,Flg22_SynCom33_vs_Mock_pvalue,Flg22_SynCom33_vs_Mock_padj,Flg22_SynCom33_vs_Mock_log2FoldChange,Flg22_SynCom35_vs_Mock_pvalue,Flg22_SynCom35_vs_Mock_padj,Flg22_SynCom35_vs_Mock_log2FoldChange,Flg22_vs_Mock,Flg22_SynCom33_vs_Mock,Flg22_SynCom35_vs_Mock,cl
AT5G60300.2,GO:0071318,LECRK19,5,24264488,24267210,+,2722,protein_coding,L-type lectin-domain containing receptor kinase I.9 [Source:UniProtKB/Swiss-Prot;Acc:Q9LSR8],0.9171808258118705,0.9882005320039144,0.018083145327578296,0.8862469082703152,0.9703918124769911,-0.024901687318763348,0.1255288117023957,0.49692654592527447,0.265028676086963,0,0,0,4
AT5G60300.1,GO:0071318,LECRK19,5,24264715,24267554,+,2839,protein_coding,L-type lectin-domain containing receptor kinase I.9 [Source:UniProtKB/Swiss-Prot;Acc:Q9LSR8],0.8820889464775457,0.9829412212985851,0.11960554113816084,0.9827172451918216,0.996073169185517,0.017485780694405685,0.3078982637979441,0.7087427933384843,0.8180662218047214,0,0,0,4
