ID,Path,Gene,Chromosome,Start,End,Strand,Length,BioType,Description,Flg22_vs_Mock_pvalue,Flg22_vs_Mock_padj,Flg22_vs_Mock_log2FoldChange,Flg22_SynCom33_vs_Mock_pvalue,Flg22_SynCom33_vs_Mock_padj,Flg22_SynCom33_vs_Mock_log2FoldChange,Flg22_SynCom35_vs_Mock_pvalue,Flg22_SynCom35_vs_Mock_padj,Flg22_SynCom35_vs_Mock_log2FoldChange,Flg22_vs_Mock,Flg22_SynCom33_vs_Mock,Flg22_SynCom35_vs_Mock,cl
AT2G31270.1,GO:0071163,CDT1A,2,13328862,13331831,+,2969,protein_coding,"CDT1-like protein a, chloroplastic [Source:UniProtKB/Swiss-Prot;Acc:Q9SJW9]",0.10076269907317673,0.51739707453215,-0.3561160162280667,0.5819822013274265,0.8590192708403181,-0.1187701379824491,0.12001892580379028,0.48802554753542565,0.3318680574523203,0,0,0,4
AT3G54710.1,GO:0071163,CDT1B,3,20251812,20254323,+,2511,protein_coding,CDT1-like protein b [Source:UniProtKB/Swiss-Prot;Acc:Q9M1S9],0.25442013084936316,0.7329586476337072,-0.3951031192408326,0.3672128281005985,0.724401206795354,-0.31190641356655413,0.2018623181868589,0.6044049357098217,0.432964748229768,0,0,0,4
