ID,Path,Gene,Chromosome,Start,End,Strand,Length,BioType,Description,Flg22_vs_Mock_pvalue,Flg22_vs_Mock_padj,Flg22_vs_Mock_log2FoldChange,Flg22_SynCom33_vs_Mock_pvalue,Flg22_SynCom33_vs_Mock_padj,Flg22_SynCom33_vs_Mock_log2FoldChange,Flg22_SynCom35_vs_Mock_pvalue,Flg22_SynCom35_vs_Mock_padj,Flg22_SynCom35_vs_Mock_log2FoldChange,Flg22_vs_Mock,Flg22_SynCom33_vs_Mock,Flg22_SynCom35_vs_Mock,cl
AT1G67830.1,GO:0004560,FXG1,1,25431549,25433091,-,1542,protein_coding,Alpha-L-fucosidase 3 [Source:UniProtKB/Swiss-Prot;Acc:Q9FXE5],0.0043068342769261355,0.09016347902165768,-0.87629569297782,9.598536450471386e-4,0.021556211934968404,-1.0289289713150975,0.24560737324417362,0.6542097193875475,-0.34010010718606376,0,-1,0,8
AT2G28100.1,GO:0004560,FUC1,2,11974663,11976600,+,1937,protein_coding,Alpha-L-fucosidase 1 [Source:UniProtKB/Swiss-Prot;Acc:Q8GW72],0.009022290826908922,0.14416622267686585,-0.5362917847860078,0.07940022495589075,0.359453830795597,-0.3586673729428773,0.8395323707438854,0.9609605945073935,0.0409638788981466,0,0,0,4
AT4G34260.1,GO:0004560,FUC95A,4,16397995,16402118,+,4123,protein_coding,Alpha-L-fucosidase 2 [Source:UniProtKB/Swiss-Prot;Acc:Q8L7W8],1.7503519962787842e-4,0.009622258635814366,0.6102516452666559,0.8988050644243764,0.9734765520044915,-0.020763699729505338,0.903379271098497,0.9781750404127426,-0.019807139556984883,0,0,0,7
