ID,Path,Gene,Chromosome,Start,End,Strand,Length,BioType,Description,Flg22_vs_Mock_pvalue,Flg22_vs_Mock_padj,Flg22_vs_Mock_log2FoldChange,Flg22_SynCom33_vs_Mock_pvalue,Flg22_SynCom33_vs_Mock_padj,Flg22_SynCom33_vs_Mock_log2FoldChange,Flg22_SynCom35_vs_Mock_pvalue,Flg22_SynCom35_vs_Mock_padj,Flg22_SynCom35_vs_Mock_log2FoldChange,Flg22_vs_Mock,Flg22_SynCom33_vs_Mock,Flg22_SynCom35_vs_Mock,cl
AT3G49100.1,GO:0045900,SRP9,3,18196803,18198492,+,1689,protein_coding,Signal recognition particle 9 kDa protein [Source:UniProtKB/Swiss-Prot;Acc:Q9SMU7],0.8333503338981657,0.970542629013237,-0.046523299971499704,0.6304574590615439,0.8821547686077673,0.1057626016296254,0.7706778365299648,0.9401913865193876,-0.06428504935633404,0,0,0,5
AT5G24490.1,GO:0045900,,5,8365601,8367460,+,1859,protein_coding,30S ribosomal protein [Source:UniProtKB/TrEMBL;Acc:Q94K97],0.019197205156459517,0.22433580043286924,-1.3046296115107725,0.2953783956761046,0.6630876149514295,0.5792682404918421,0.02612646873110567,0.22464281084093646,1.2301580038418256,-0,0,0,1
