ID,Path,Gene,Chromosome,Start,End,Strand,Length,BioType,Description,Flg22_vs_Mock_pvalue,Flg22_vs_Mock_padj,Flg22_vs_Mock_log2FoldChange,Flg22_SynCom33_vs_Mock_pvalue,Flg22_SynCom33_vs_Mock_padj,Flg22_SynCom33_vs_Mock_log2FoldChange,Flg22_SynCom35_vs_Mock_pvalue,Flg22_SynCom35_vs_Mock_padj,Flg22_SynCom35_vs_Mock_log2FoldChange,Flg22_vs_Mock,Flg22_SynCom33_vs_Mock,Flg22_SynCom35_vs_Mock,cl
AT1G31880.1,GO:0048756,NLM9,1,11445490,11450232,+,4742,protein_coding,DZC (Disease resistance/zinc finger/chromosome condensation-like region) domain containing protein [Source:TAIR;Acc:AT1G31880],0.32643223922262604,0.7899519181740803,0.7551771392863041,0.5185592387145928,0.8241902224350794,0.5002933694689659,0.6937029891396931,NA,0.306153175712053,0,0,0,7
AT1G31880.2,GO:0048756,NLM9,1,11447287,11450192,+,2905,protein_coding,DZC (Disease resistance/zinc finger/chromosome condensation-like region) domain containing protein [Source:TAIR;Acc:AT1G31880],0.07504200747158524,0.4531133234510166,0.7768601441798513,0.9377217972616098,0.9857052985308644,0.03503222450836738,0.9387589927644633,0.9856527575028315,-0.0344151588641921,0,0,0,7
AT2G44830.2,GO:0048756,,2,18489607,18493163,+,3556,protein_coding,Protein kinase superfamily protein [Source:UniProtKB/TrEMBL;Acc:F4IV25],0.7661937161367243,0.9571733012705728,0.10844137459290583,0.205643176983551,0.5694574200791761,-0.4648843927107876,0.33801016756537733,0.7313153994063598,0.348403736658359,0,0,0,3
AT2G44830.3,GO:0048756,,2,18490030,18492833,+,2803,protein_coding,Protein kinase superfamily protein [Source:UniProtKB/TrEMBL;Acc:F4IV25],0.6078230927733358,0.9155269761939208,0.44498893349493035,0.8281375124328444,0.9522407346821554,0.18839470068580424,0.6548573664103553,0.9025049639392697,0.3876007068857161,0,0,0,6
