ID,Path,Gene,Chromosome,Start,End,Strand,Length,BioType,Description,Flg22_vs_Mock_pvalue,Flg22_vs_Mock_padj,Flg22_vs_Mock_log2FoldChange,Flg22_SynCom33_vs_Mock_pvalue,Flg22_SynCom33_vs_Mock_padj,Flg22_SynCom33_vs_Mock_log2FoldChange,Flg22_SynCom35_vs_Mock_pvalue,Flg22_SynCom35_vs_Mock_padj,Flg22_SynCom35_vs_Mock_log2FoldChange,Flg22_vs_Mock,Flg22_SynCom33_vs_Mock,Flg22_SynCom35_vs_Mock,cl
AT1G76680.1,GO:0016629,OPR1,1,28776626,28778837,+,2211,protein_coding,12-oxophytodienoate reductase 1 [Source:UniProtKB/TrEMBL;Acc:F4I403],0.8714222491024383,0.9803999053993917,-0.050146224548532466,0.029992447989577377,0.21023650243958777,-0.6727872022236546,5.023952007798468e-5,0.002877767557228941,-1.2578197287299808,0,0,-1,2
AT1G76680.2,GO:0016629,OPR1,1,28776861,28778467,+,1606,protein_coding,12-oxophytodienoate reductase 1 [Source:UniProtKB/TrEMBL;Acc:F4I403],0.7353571123058784,0.9513375365248583,0.12136053603682631,0.1364607864298371,0.4698781684138441,-0.5348581180662868,2.4845100039844897e-4,0.009529965005766274,-1.316816089128772,0,0,-1,2
AT1G76690.1,GO:0016629,OPR2,1,28778622,28780483,+,1861,protein_coding,OPR2 [Source:UniProtKB/TrEMBL;Acc:A0A178W9S3],0.6392133779039544,0.9265683051370145,0.11707397525034409,0.19738123597215104,0.5584236665787531,-0.32216566154584436,1.119892440334892e-4,0.005216780990234758,-0.9667757164120614,0,0,0,2
AT2G06050.1,GO:0016629,OPR3,2,2359114,2362375,-,3261,protein_coding,12-oxophytodienoate reductase 3 [Source:UniProtKB/Swiss-Prot;Acc:Q9FUP0],0.9134435904901091,0.9874751423418026,0.1953271718745379,0.8639489062882899,0.9639453848714806,-0.308249427564988,0.4908229487128845,0.8281489196030261,1.2364482779468702,0,0,0,4
AT2G06050.2,GO:0016629,OPR3,2,2359115,2362180,-,3065,protein_coding,12-oxophytodienoate reductase 3 [Source:UniProtKB/Swiss-Prot;Acc:Q9FUP0],0.08193787825514712,0.47283936807742727,0.82107664126438,0.18735697733924853,0.5459207308145079,0.6228103291513306,0.5858231876378582,0.8756021219492602,-0.2585189295237556,0,0,0,9
AT2G06050.3,GO:0016629,OPR3,2,2359240,2362149,-,2909,protein_coding,12-oxophytodienoate reductase 3 [Source:UniProtKB/Swiss-Prot;Acc:Q9FUP0],0.6366407025535371,0.925881592848161,-0.16644538626671998,0.9831902718235288,0.9960923275379255,0.007408330687228008,0.19522087331405277,0.596632308226015,-0.4577791999046401,0,0,0,10
