ID,Path,Gene,Chromosome,Start,End,Strand,Length,BioType,Description,Flg22_vs_Mock_pvalue,Flg22_vs_Mock_padj,Flg22_vs_Mock_log2FoldChange,Flg22_SynCom33_vs_Mock_pvalue,Flg22_SynCom33_vs_Mock_padj,Flg22_SynCom33_vs_Mock_log2FoldChange,Flg22_SynCom35_vs_Mock_pvalue,Flg22_SynCom35_vs_Mock_padj,Flg22_SynCom35_vs_Mock_log2FoldChange,Flg22_vs_Mock,Flg22_SynCom33_vs_Mock,Flg22_SynCom35_vs_Mock,cl
AT1G04820.1,GO:0071258,TUBA4,1,1356084,1358547,-,2463,protein_coding,Tubulin alpha-2 chain [Source:UniProtKB/Swiss-Prot;Acc:B9DGT7],0.05136026997370447,0.3811143492699848,-0.2507363053742787,0.2655987135593916,0.6363480051607455,-0.14321994233989194,0.0022976139964140372,0.04806608480498166,0.3916837719207132,0,0,0,4
AT4G14960.2,GO:0071258,TUBA6,4,8548417,8550495,-,2078,protein_coding,Tubulin alpha chain [Source:UniProtKB/TrEMBL;Acc:A0A178UXP7],0.03721297743336413,0.323301938869093,-0.2752948088975482,0.05639336860407117,0.299216258784204,-0.2521067965830082,0.02873522983111541,0.2378975874936288,0.2886602564251981,0,0,0,4
AT5G19770.1,GO:0071258,TUBA3,5,6682420,6684744,-,2324,protein_coding,Tubulin alpha chain [Source:UniProtKB/TrEMBL;Acc:A0A178UTQ9],0.07521168325710598,0.45366392861935023,-0.18298808158500063,0.640573093648312,0.8875080599822591,0.04796582233213917,0.02789572560244378,0.23335026653115176,0.2256196842006776,0,0,0,1
