ID,Path,Gene,Chromosome,Start,End,Strand,Length,BioType,Description,Flg22_vs_Mock_pvalue,Flg22_vs_Mock_padj,Flg22_vs_Mock_log2FoldChange,Flg22_SynCom33_vs_Mock_pvalue,Flg22_SynCom33_vs_Mock_padj,Flg22_SynCom33_vs_Mock_log2FoldChange,Flg22_SynCom35_vs_Mock_pvalue,Flg22_SynCom35_vs_Mock_padj,Flg22_SynCom35_vs_Mock_log2FoldChange,Flg22_vs_Mock,Flg22_SynCom33_vs_Mock,Flg22_SynCom35_vs_Mock,cl
AT1G12240.1,GO:0071370,BFRUCT4,1,4153641,4157653,+,4012,protein_coding,"Acid beta-fructofuranosidase 4, vacuolar [Source:UniProtKB/Swiss-Prot;Acc:Q39041]",0.20257749852198206,0.6771985859068017,0.1798923690940583,0.23498550906871335,0.603856825927398,0.1676917877965336,0.024032318454680342,0.21517287584023062,0.318110511112746,0,0,0,6
AT1G62660.2,GO:0071370,BFRUCT3,1,23199612,23203808,+,4196,protein_coding,"Acid beta-fructofuranosidase 3, vacuolar [Source:UniProtKB/Swiss-Prot;Acc:Q43348]",0.9108083821555085,0.9872868128618356,-0.039700514422190615,0.19639137779529436,0.5576889043927286,0.4543406492590111,0.4381821141668572,0.7979551360704149,0.27300009003614,0,0,0,5
AT1G62660.1,GO:0071370,BFRUCT3,1,23199612,23203808,+,4196,protein_coding,"Acid beta-fructofuranosidase 3, vacuolar [Source:UniProtKB/Swiss-Prot;Acc:Q43348]",0.39534841050003167,0.8352273120294494,-0.21456948795096906,0.8239598342758954,0.9516514829217881,0.056146536270965844,0.45098360612968896,0.8057154014754239,0.1902210566600269,0,0,0,1
AT1G62660.3,GO:0071370,BFRUCT3,1,23199695,23203790,+,4095,protein_coding,"Acid beta-fructofuranosidase 3, vacuolar [Source:UniProtKB/Swiss-Prot;Acc:Q43348]",0.021116706528994826,0.23631644689719303,-0.8195971758194928,0.9986965397784838,0.999595257883267,5.591122533498772e-4,0.28766295289010213,0.693621668949736,0.3587950264003741,0,0,0,1
AT1G62660.4,GO:0071370,BFRUCT3,1,23200591,23203765,+,3174,protein_coding,"Acid beta-fructofuranosidase 3, vacuolar [Source:UniProtKB/Swiss-Prot;Acc:Q43348]",0.020509122167462073,0.23239523504562304,-0.5311207994046975,0.8151036032380847,0.9495889018864694,0.05359216056521728,0.5847234893330538,0.8753218571994685,0.12523700987651884,0,0,0,1
