ID,Path,Gene,Chromosome,Start,End,Strand,Length,BioType,Description,Flg22_vs_Mock_pvalue,Flg22_vs_Mock_padj,Flg22_vs_Mock_log2FoldChange,Flg22_SynCom33_vs_Mock_pvalue,Flg22_SynCom33_vs_Mock_padj,Flg22_SynCom33_vs_Mock_log2FoldChange,Flg22_SynCom35_vs_Mock_pvalue,Flg22_SynCom35_vs_Mock_padj,Flg22_SynCom35_vs_Mock_log2FoldChange,Flg22_vs_Mock,Flg22_SynCom33_vs_Mock,Flg22_SynCom35_vs_Mock,cl
AT2G22570.1,GO:0019365,NIC1,2,9589435,9590932,-,1497,protein_coding,NIC1 [Source:UniProtKB/TrEMBL;Acc:A0A178VQ19],0.9222900573984052,0.9887850861454269,-0.01999883057832443,0.9711387887617092,0.9934333636020988,-0.007417030117477302,0.9733757264692657,0.9940374511479874,-0.006826397545086249,0,0,0,4
AT2G22570.2,GO:0019365,NIC1,2,9589549,9590932,-,1383,protein_coding,NIC1 [Source:UniProtKB/TrEMBL;Acc:A0A178VQ19],0.7279887863282906,0.9493423950728156,-0.1894152477909693,0.05590339033988796,0.297583156260766,1.008073863935254,0.7180896346117387,0.9241499593176822,0.19357994161052322,0,0,0,5
