ID,Path,Gene,Chromosome,Start,End,Strand,Length,BioType,Description,Flg22_vs_Mock_pvalue,Flg22_vs_Mock_padj,Flg22_vs_Mock_log2FoldChange,Flg22_SynCom33_vs_Mock_pvalue,Flg22_SynCom33_vs_Mock_padj,Flg22_SynCom33_vs_Mock_log2FoldChange,Flg22_SynCom35_vs_Mock_pvalue,Flg22_SynCom35_vs_Mock_padj,Flg22_SynCom35_vs_Mock_log2FoldChange,Flg22_vs_Mock,Flg22_SynCom33_vs_Mock,Flg22_SynCom35_vs_Mock,cl
AT3G26990.1,GO:0016591,,3,9948125,9952041,-,3916,protein_coding,At3g26990 [Source:UniProtKB/TrEMBL;Acc:Q66GK1],0.8573838094824301,0.9771810183265798,-0.12913977498148582,0.8057362820617711,0.9462974675339477,0.1763556052713166,0.4196376010449885,0.7848076914359232,-0.5819348412992439,0,0,0,10
AT3G26990.2,GO:0016591,,3,9948223,9952055,-,3832,protein_coding,At3g26990 [Source:UniProtKB/TrEMBL;Acc:Q66GK1],0.9666399157551532,0.9946629527453268,-0.00870528884562246,0.5310222231255783,0.8310012458995107,-0.13083370897593385,0.9587128788799745,0.9903694636993614,-0.010755952653741109,0,0,0,4
AT5G10060.1,GO:0016591,,5,3145749,3148400,-,2651,protein_coding,At5g10060 [Source:UniProtKB/TrEMBL;Acc:Q8GUK8],0.11345179701082055,0.5443470856577757,0.13832378727892275,0.9493265627909763,0.9892187448899618,0.005584971287162439,0.3628643330700905,0.7491550757103846,0.07945477116328506,0,0,0,6
AT5G65180.1,GO:0016591,,5,26045327,26048031,+,2704,protein_coding,ENTH/VHS family protein [Source:UniProtKB/TrEMBL;Acc:Q9FJP7],0.7496364667470415,0.953104244259399,0.03780829269725267,0.9407911498720267,0.9865169172593159,-0.008833852322351003,0.8802349005968232,0.972153578081443,0.017778666953391423,0,0,0,4
AT5G65180.2,GO:0016591,,5,26045327,26048031,+,2704,protein_coding,ENTH/VHS family protein [Source:UniProtKB/TrEMBL;Acc:Q9FJP7],0.0164714592430659,0.2061581969872739,1.4295147600189007,0.1339108944776897,0.46539013126687195,0.9046237219674524,0.2126998507515462,NA,0.753415321511769,0,0,0,7
