ID,Path,Gene,Chromosome,Start,End,Strand,Length,BioType,Description,Flg22_vs_Mock_pvalue,Flg22_vs_Mock_padj,Flg22_vs_Mock_log2FoldChange,Flg22_SynCom33_vs_Mock_pvalue,Flg22_SynCom33_vs_Mock_padj,Flg22_SynCom33_vs_Mock_log2FoldChange,Flg22_SynCom35_vs_Mock_pvalue,Flg22_SynCom35_vs_Mock_padj,Flg22_SynCom35_vs_Mock_log2FoldChange,Flg22_vs_Mock,Flg22_SynCom33_vs_Mock,Flg22_SynCom35_vs_Mock,cl
AT1G64520.1,GO:0051788,RPN12A,1,23956269,23958461,+,2192,protein_coding,RPN12a [Source:UniProtKB/TrEMBL;Acc:A0A178WH62],0.4219685800450462,0.8480769332422623,0.05599593346273452,0.18471879600678834,0.5436250947017659,-0.09288265551403908,0.03876526887205151,0.27847561616118705,-0.1445731231226419,0,0,0,2
AT4G29040.1,GO:0051788,RPT2A,4,14312283,14314600,+,2317,protein_coding,RPT2a [Source:UniProtKB/TrEMBL;Acc:A0A178V3V3],0.3481751034226649,0.8046232991847988,-0.092345703003754,0.004731926891456752,0.06645959179526667,-0.27829112726180233,2.685877773075929e-9,8.391798372033856e-7,-0.5868036644494217,0,0,0,2
AT4G38630.1,GO:0051788,RPN10,4,18056988,18059598,-,2610,protein_coding,RPN10 [Source:UniProtKB/TrEMBL;Acc:A0A178V4I4],0.48525326228944776,0.8752403418423143,-0.06997164366396251,0.07674540591990772,0.35393714262812304,-0.1776133727527313,4.8725384296079095e-4,0.01554688720683118,-0.3502317521816956,0,0,0,2
