ID,Path,Gene,Chromosome,Start,End,Strand,Length,BioType,Description,Flg22_vs_Mock_pvalue,Flg22_vs_Mock_padj,Flg22_vs_Mock_log2FoldChange,Flg22_SynCom33_vs_Mock_pvalue,Flg22_SynCom33_vs_Mock_padj,Flg22_SynCom33_vs_Mock_log2FoldChange,Flg22_SynCom35_vs_Mock_pvalue,Flg22_SynCom35_vs_Mock_padj,Flg22_SynCom35_vs_Mock_log2FoldChange,Flg22_vs_Mock,Flg22_SynCom33_vs_Mock,Flg22_SynCom35_vs_Mock,cl
AT2G46340.1,GO:0048575,SPA1,2,19022154,19027528,-,5374,protein_coding,SPA1 [Source:UniProtKB/TrEMBL;Acc:A0A178VSM9],0.5540496195851718,0.8991099536629277,-0.12575188673448856,0.027730960858935588,0.20128315279232994,-0.4682921619602724,0.019220862896318757,0.18982574694566365,-0.49800991628677305,0,0,0,2
AT2G46340.2,GO:0048575,SPA1,2,19022163,19027512,-,5349,protein_coding,SPA1 [Source:UniProtKB/TrEMBL;Acc:A0A178VSM9],0.7470615960687484,0.9530196132125169,-0.2521502423169233,0.8189493873839706,0.9503560298577983,0.17852926346767345,0.4128203180222494,0.780209363030231,-0.6417244899055374,0,0,0,10
AT3G24440.1,GO:0048575,VIL1,3,8875784,8878481,-,2697,protein_coding,VIN3-like protein 1 [Source:UniProtKB/Swiss-Prot;Acc:Q9LHF5],0.12566438530447763,0.5678165222653969,-0.4790767542378264,0.900530462957246,0.9741674006123415,-0.03892253716147366,0.9399566584230953,0.9857989941751747,-0.023434375094679657,0,0,0,1
AT3G24440.2,GO:0048575,VIL1,3,8875855,8878414,-,2559,protein_coding,VIN3-like protein 1 [Source:UniProtKB/Swiss-Prot;Acc:Q9LHF5],0.9929567095628751,0.9982596702690572,0.0019398935661919232,0.7651038156304174,0.9332752868580125,-0.065726350609904,0.3709721665468751,0.7548078808173817,-0.19691589359678907,0,0,0,2
AT4G25420.1,GO:0048575,GA20OX1,4,12990851,12992585,-,1734,protein_coding,Gibberellin 20 oxidase 1 [Source:UniProtKB/Swiss-Prot;Acc:Q39110],0.7601198276197031,0.9557283639220532,0.2820100717888912,0.7379779347420086,NA,-0.316229188727721,0.7505594913374902,NA,0.2928248428679954,0,0,0,3
AT5G46210.1,GO:0048575,CUL4,5,18731371,18736815,-,5444,protein_coding,Cullin-4 [Source:UniProtKB/Swiss-Prot;Acc:Q8LGH4],0.46163868210912734,0.8657571523940272,-0.0509555926206374,0.11573443825616392,0.43327833684348915,-0.10902924487823189,0.011430036213979675,0.137195621820206,-0.17523464624622137,0,0,0,2
