ID,Path,Gene,Chromosome,Start,End,Strand,Length,BioType,Description,Flg22_vs_Mock_pvalue,Flg22_vs_Mock_padj,Flg22_vs_Mock_log2FoldChange,Flg22_SynCom33_vs_Mock_pvalue,Flg22_SynCom33_vs_Mock_padj,Flg22_SynCom33_vs_Mock_log2FoldChange,Flg22_SynCom35_vs_Mock_pvalue,Flg22_SynCom35_vs_Mock_padj,Flg22_SynCom35_vs_Mock_log2FoldChange,Flg22_vs_Mock,Flg22_SynCom33_vs_Mock,Flg22_SynCom35_vs_Mock,cl
AT3G14980.1,GO:0044154,IDM1,3,5039812,5045525,-,5713,protein_coding,Increased DNA methylation 1 [Source:UniProtKB/Swiss-Prot;Acc:F4IXE7],0.8762347103596588,0.9818436053532763,-0.20871258478950575,0.5195650865336423,0.8243937624515677,-0.8651458263239883,0.05039499297572766,0.3225695499539323,-2.6672995724771726,0,0,-0,2
AT3G14980.4,GO:0044154,IDM1,3,5039825,5045520,-,5695,protein_coding,Increased DNA methylation 1 [Source:UniProtKB/Swiss-Prot;Acc:F4IXE7],0.36857477525839694,0.816783863114158,-1.516898830402182,0.5850774824601586,0.8609597458029745,-0.9171609305879336,0.6991646109389446,NA,-0.6479490713461163,-0,0,0,8
AT3G14980.6,GO:0044154,IDM1,3,5039892,5044987,-,5095,protein_coding,Increased DNA methylation 1 [Source:UniProtKB/Swiss-Prot;Acc:F4IXE7],0.7554268365271506,0.9542479836093768,0.09329324527389392,0.5219137620872172,0.825833524776536,-0.19261926711620111,0.10640920670187298,0.4616758692215799,0.48106805419052356,0,0,0,4
AT3G54610.1,GO:0044154,HAG1,3,20213406,20217653,+,4247,protein_coding,Histone acetyltransferase GCN5 [Source:UniProtKB/Swiss-Prot;Acc:Q9AR19],0.12551616407933847,0.5674809176230383,0.1624764580394157,0.09762954393835915,0.399732425713948,0.17563961970904857,0.17322082503810604,0.567758393564953,0.14391130856309697,0,0,0,6
AT4G14385.1,GO:0044154,,4,8286812,8288952,-,2140,protein_coding,Histone acetyltransferase subunit NuA4-domain protein [Source:UniProtKB/TrEMBL;Acc:Q93VF4],0.5193054878646581,0.8876169160713289,0.21000126376928172,0.37988268971631634,0.7352932607317105,0.2858118448232811,0.5435640583320822,0.8564453543357937,0.1977049391404017,0,0,0,6
AT4G14385.7,GO:0044154,,4,8286812,8288952,-,2140,protein_coding,Histone acetyltransferase subunit NuA4-domain protein [Source:UniProtKB/TrEMBL;Acc:Q93VF4],0.6340415740905623,0.9253214416817163,-0.4413477728578268,0.7369124351433342,0.9246921570985908,0.30894689991947105,0.9337257156686375,0.9851661236325965,0.07657269224158429,0,0,0,1
