ID,Path,Gene,Chromosome,Start,End,Strand,Length,BioType,Description,Flg22_vs_Mock_pvalue,Flg22_vs_Mock_padj,Flg22_vs_Mock_log2FoldChange,Flg22_SynCom33_vs_Mock_pvalue,Flg22_SynCom33_vs_Mock_padj,Flg22_SynCom33_vs_Mock_log2FoldChange,Flg22_SynCom35_vs_Mock_pvalue,Flg22_SynCom35_vs_Mock_padj,Flg22_SynCom35_vs_Mock_log2FoldChange,Flg22_vs_Mock,Flg22_SynCom33_vs_Mock,Flg22_SynCom35_vs_Mock,cl
AT1G47600.1,GO:0019137,TGG4,1,17491731,17494779,+,3048,protein_coding,Myrosinase 4 [Source:UniProtKB/Swiss-Prot;Acc:Q8GRX1],0.8244229070405701,0.968944803618052,-0.06079844676072765,0.002522965714914301,0.04361577643704074,0.827192050031409,0.4361757017183438,0.797010886767086,-0.21340298884199052,0,0,0,5
AT1G51470.1,GO:0019137,TGG5,1,19087384,19090523,+,3139,protein_coding,Myrosinase 5 [Source:UniProtKB/Swiss-Prot;Acc:Q3ECS3],1.1267725414708794e-6,1.9363205925853252e-4,-1.28667848747407,0.8875958517355488,0.9707738783124256,-0.0372836759043626,0.42054486992835066,0.7855173401213235,-0.21248342917204785,-1,0,0,1
AT2G44490.1,GO:0019137,BGLU26,2,18364652,18367835,+,3183,protein_coding,"Beta-glucosidase 26, peroxisomal [Source:UniProtKB/Swiss-Prot;Acc:O64883]",0.8394516402259735,0.9719080072346051,-0.035423389623611086,0.14386730387828836,0.4819240950599561,0.2554165061852907,0.007504138935186696,0.10523295518376291,-0.46785574326745155,0,0,0,9
AT3G09260.1,GO:0019137,BGLU23,3,2840477,2843781,-,3304,protein_coding,PYK10 [Source:UniProtKB/TrEMBL;Acc:A0A178VCN3],7.468025041395115e-6,8.716118726438273e-4,-0.7327044697523137,3.5894258444381676e-6,2.8049693473891516e-4,-0.7578848993098941,0.7569517333842897,0.936116406969155,-0.05061588862170039,0,0,0,8
