ID,Path,Gene,Chromosome,Start,End,Strand,Length,BioType,Description,Flg22_vs_Mock_pvalue,Flg22_vs_Mock_padj,Flg22_vs_Mock_log2FoldChange,Flg22_SynCom33_vs_Mock_pvalue,Flg22_SynCom33_vs_Mock_padj,Flg22_SynCom33_vs_Mock_log2FoldChange,Flg22_SynCom35_vs_Mock_pvalue,Flg22_SynCom35_vs_Mock_padj,Flg22_SynCom35_vs_Mock_log2FoldChange,Flg22_vs_Mock,Flg22_SynCom33_vs_Mock,Flg22_SynCom35_vs_Mock,cl
AT1G07000.1,GO:0045335,ATEXO70B2,1,2150158,2152541,-,2383,protein_coding,Exocyst subunit Exo70 family protein [Source:UniProtKB/TrEMBL;Acc:A0A178WCB5],0.7312444031318592,0.9502176053942513,-0.05843889936438462,0.05719673136032377,0.30146023341661576,0.32251532619470047,0.9961141083252119,0.9991909427982678,8.27548981187061e-4,0,0,0,5
AT3G55150.1,GO:0045335,ATEXO70H1,3,20440491,20442650,-,2159,protein_coding,Exocyst complex component EXO70H1 [Source:UniProtKB/Swiss-Prot;Acc:Q8VY27],0.7560185560599629,0.9542616943609279,-0.10535093678948013,0.02769435226641269,0.20128315279232994,0.744968247486992,0.8228711630643203,0.9557027481035987,-0.07587542654195811,0,0,0,5
AT5G58430.1,GO:0045335,EXO70B1,5,23621152,23623543,-,2391,protein_coding,Exocyst complex component EXO70B1 [Source:UniProtKB/Swiss-Prot;Acc:Q9FGH9],0.16483912102952636,0.6305774111857837,0.08841939752785422,0.22929890738233658,0.5983506341822034,-0.07725523081829626,0.08177369371500263,0.40773295821669087,-0.11149617707103482,0,0,0,3
