ID,Path,Gene,Chromosome,Start,End,Strand,Length,BioType,Description,Flg22_vs_Mock_pvalue,Flg22_vs_Mock_padj,Flg22_vs_Mock_log2FoldChange,Flg22_SynCom33_vs_Mock_pvalue,Flg22_SynCom33_vs_Mock_padj,Flg22_SynCom33_vs_Mock_log2FoldChange,Flg22_SynCom35_vs_Mock_pvalue,Flg22_SynCom35_vs_Mock_padj,Flg22_SynCom35_vs_Mock_log2FoldChange,Flg22_vs_Mock,Flg22_SynCom33_vs_Mock,Flg22_SynCom35_vs_Mock,cl
AT1G73790.1,GO:0090307,GIP2,1,27744649,27745429,+,780,protein_coding,Mitotic-spindle organizing protein 1A [Source:UniProtKB/Swiss-Prot;Acc:Q9C9T3],0.8458501675477624,0.9739829418391998,-0.06295250966070975,0.35509268758896984,0.7144911398028957,0.2947730735765917,0.5112987999355635,0.8386622893951388,-0.2134401068060881,0,0,0,5
AT2G44510.1,GO:0090307,,2,18377048,18379265,+,2217,protein_coding,Protein BCCIP homolog [Source:UniProtKB/TrEMBL;Acc:A0A178VXZ2],0.06905312126784914,0.4376124388764077,-0.422140867264292,0.013538208065305967,0.1310816283883459,-0.5776263710645956,0.6368568337486027,0.8958960644225933,-0.1079963816317155,0,0,0,8
AT4G09550.1,GO:0090307,GIP1,4,6039055,6040226,+,1171,protein_coding,Mitotic-spindle organizing protein 1B [Source:UniProtKB/Swiss-Prot;Acc:Q9M0N8],0.22206553860946424,0.698986155971424,0.5470056084904178,0.7731509976603751,0.9362514130864544,-0.1335283930685844,0.9252825586765794,NA,-0.04300336483585097,0,0,0,7
AT4G09550.2,GO:0090307,GIP1,4,6039068,6040215,+,1147,protein_coding,Mitotic-spindle organizing protein 1B [Source:UniProtKB/Swiss-Prot;Acc:Q9M0N8],0.4582759836220643,0.8643297983803209,0.9606151357278973,0.18206609073154473,NA,1.7072212796009323,0.15997376342522873,NA,1.7938646899624882,0,0,0,6
AT5G03830.3,GO:0090307,,5,1018338,1020460,+,2122,protein_coding,CDK inhibitor P21 binding protein [Source:UniProtKB/TrEMBL;Acc:F4KI15],0.36928527538467726,0.8173883720900984,0.2795019678899222,0.5631142193869421,0.8479518510844598,0.18068258839591567,0.24263887776028173,0.650581467115928,0.3619061854227633,0,0,0,6
