ID,Path,Gene,Chromosome,Start,End,Strand,Length,BioType,Description,Flg22_vs_Mock_pvalue,Flg22_vs_Mock_padj,Flg22_vs_Mock_log2FoldChange,Flg22_SynCom33_vs_Mock_pvalue,Flg22_SynCom33_vs_Mock_padj,Flg22_SynCom33_vs_Mock_log2FoldChange,Flg22_SynCom35_vs_Mock_pvalue,Flg22_SynCom35_vs_Mock_padj,Flg22_SynCom35_vs_Mock_log2FoldChange,Flg22_vs_Mock,Flg22_SynCom33_vs_Mock,Flg22_SynCom35_vs_Mock,cl
AT1G29810.1,GO:0004160,PDL2,1,10435374,10437558,-,2184,protein_coding,"Pterin-4-alpha-carbinolamine dehydratase 2, mitochondrial [Source:UniProtKB/Swiss-Prot;Acc:Q6QJ72]",0.8351290625053818,0.9708464311967683,-0.048894128081959753,0.7644584387970464,0.9330904264303362,0.0700549358308611,0.45205064888066276,0.806136064054151,0.17445184013603657,0,0,0,1
AT3G23940.1,GO:0004160,DHAD,3,8648669,8652605,+,3936,protein_coding,"Dihydroxy-acid dehydratase, chloroplastic [Source:UniProtKB/Swiss-Prot;Acc:Q9LIR4]",0.13375327170986684,0.5816465960425915,-0.39193127051285853,0.08376730865651598,0.3704699179735299,-0.4520906740007982,0.3338212954547104,0.7287063538743692,0.2521692636027087,0,0,0,4
