ID,Path,Gene,Chromosome,Start,End,Strand,Length,BioType,Description,Flg22_vs_Mock_pvalue,Flg22_vs_Mock_padj,Flg22_vs_Mock_log2FoldChange,Flg22_SynCom33_vs_Mock_pvalue,Flg22_SynCom33_vs_Mock_padj,Flg22_SynCom33_vs_Mock_log2FoldChange,Flg22_SynCom35_vs_Mock_pvalue,Flg22_SynCom35_vs_Mock_padj,Flg22_SynCom35_vs_Mock_log2FoldChange,Flg22_vs_Mock,Flg22_SynCom33_vs_Mock,Flg22_SynCom35_vs_Mock,cl
AT2G07050.1,GO:0016871,CAS1,2,2924360,2930751,+,6391,protein_coding,Cycloartenol synthase [Source:UniProtKB/Swiss-Prot;Acc:P38605],0.8143920316178643,0.9669393485203805,-0.028144937152696888,0.3291279583567623,0.6920475531571953,0.11687453165090157,0.040709513991292065,0.2857862525831644,0.24473548982750837,0,0,0,1
AT2G07050.2,GO:0016871,CAS1,2,2924360,2930751,+,6391,protein_coding,Cycloartenol synthase [Source:UniProtKB/Swiss-Prot;Acc:P38605],0.3417278301535579,0.8000628656000717,-1.6290962309009425,0.9960515846869836,0.9986823393275984,0.008410294793264744,0.83387882021029,NA,-0.3567369572700418,-0,0,0,10
