ID,Path,Gene,Chromosome,Start,End,Strand,Length,BioType,Description,Flg22_vs_Mock_pvalue,Flg22_vs_Mock_padj,Flg22_vs_Mock_log2FoldChange,Flg22_SynCom33_vs_Mock_pvalue,Flg22_SynCom33_vs_Mock_padj,Flg22_SynCom33_vs_Mock_log2FoldChange,Flg22_SynCom35_vs_Mock_pvalue,Flg22_SynCom35_vs_Mock_padj,Flg22_SynCom35_vs_Mock_log2FoldChange,Flg22_vs_Mock,Flg22_SynCom33_vs_Mock,Flg22_SynCom35_vs_Mock,cl
AT1G71697.1,GO:0004103,CK1,1,26970968,26973464,+,2496,protein_coding,Probable choline kinase 1 [Source:UniProtKB/Swiss-Prot;Acc:Q9M9H6],0.3824399780671241,0.8271582291435574,0.1619818045091434,0.0205295355606963,0.16799847030217288,0.4292390361051047,0.38795212469679563,0.7667427628226744,-0.16027585948633338,0,0,0,9
AT1G74320.1,GO:0004103,,1,27940594,27943204,+,2610,protein_coding,Probable choline kinase 2 [Source:UniProtKB/Swiss-Prot;Acc:Q8L518],0.7493271753539865,0.953104244259399,-0.047240436225844305,0.7418185854810522,0.9258152573105746,0.0485120779054537,0.9776662801330369,0.9951671702123623,0.004113756251658306,0,0,0,1
AT4G09760.2,GO:0004103,,4,6148758,6151245,-,2487,protein_coding,Probable choline kinase 3 [Source:UniProtKB/Swiss-Prot;Acc:Q9SZ92],0.5494205279485898,0.897341546038701,0.20652648585658243,0.7571090798675506,0.9308123618759256,0.10678423415205925,0.036736846087017085,0.2711089089452322,-0.7262379863673051,0,0,0,9
AT4G09760.3,GO:0004103,,4,6148758,6151383,-,2625,protein_coding,Probable choline kinase 3 [Source:UniProtKB/Swiss-Prot;Acc:Q9SZ92],0.43556223216657475,0.8546393502284303,0.2863326487159368,0.9702836816468607,0.9934219885455583,-0.013744528234889164,0.10395644473347819,0.4585132628541537,-0.6058896840237935,0,0,0,7
