ID,Path,Gene,Chromosome,Start,End,Strand,Length,BioType,Description,Flg22_vs_Mock_pvalue,Flg22_vs_Mock_padj,Flg22_vs_Mock_log2FoldChange,Flg22_SynCom33_vs_Mock_pvalue,Flg22_SynCom33_vs_Mock_padj,Flg22_SynCom33_vs_Mock_log2FoldChange,Flg22_SynCom35_vs_Mock_pvalue,Flg22_SynCom35_vs_Mock_padj,Flg22_SynCom35_vs_Mock_log2FoldChange,Flg22_vs_Mock,Flg22_SynCom33_vs_Mock,Flg22_SynCom35_vs_Mock,cl
AT1G28560.3,GO:0009301,SRD2,1,10038029,10041544,-,3515,protein_coding,snRNA activating complex family protein [Source:TAIR;Acc:AT1G28560],0.9666464580216032,0.9946629527453268,-0.07494432910479466,0.9425973985769531,0.9872981415299038,-0.12907720879852858,0.8556927259571884,0.9651767828345463,0.32561717481674274,0,0,0,4
AT1G28560.1,GO:0009301,SRD2,1,10038029,10041544,-,3515,protein_coding,snRNA activating complex family protein [Source:TAIR;Acc:AT1G28560],0.7780069890162703,0.9604352178278553,0.30315297705697847,0.8221370501276698,0.9516081857693248,0.24179150122892318,0.7511875960479141,0.9351073662060104,-0.341759948019971,0,0,0,9
