ID,Path,Gene,Chromosome,Start,End,Strand,Length,BioType,Description,Flg22_vs_Mock_pvalue,Flg22_vs_Mock_padj,Flg22_vs_Mock_log2FoldChange,Flg22_SynCom33_vs_Mock_pvalue,Flg22_SynCom33_vs_Mock_padj,Flg22_SynCom33_vs_Mock_log2FoldChange,Flg22_SynCom35_vs_Mock_pvalue,Flg22_SynCom35_vs_Mock_padj,Flg22_SynCom35_vs_Mock_log2FoldChange,Flg22_vs_Mock,Flg22_SynCom33_vs_Mock,Flg22_SynCom35_vs_Mock,cl
AT1G29880.1,GO:0004820,,1,10459457,10462967,-,3510,protein_coding,"Glycine--tRNA ligase, mitochondrial 1 [Source:UniProtKB/Swiss-Prot;Acc:O23627]",0.6084325573322805,0.9158842337776384,-0.08027895857530781,0.18283139716936972,0.5411664411701164,-0.20892953162754402,0.8937687015739909,0.975823525143356,0.020903112716853255,0,0,0,4
AT3G44740.2,GO:0004820,,3,16295873,16297970,-,2097,protein_coding,Class II aaRS and biotin synthetases superfamily protein [Source:UniProtKB/TrEMBL;Acc:F4J376],0.9246756145538805,0.9890928265532498,-0.03158071312494735,0.6297149604681509,0.8818502587677033,0.1593766488178827,0.7876017524628405,0.9458834692491825,-0.08987095964356115,0,0,0,5
AT3G44740.4,GO:0004820,,3,16295892,16297875,-,1983,protein_coding,Class II aaRS and biotin synthetases superfamily protein [Source:UniProtKB/TrEMBL;Acc:F4J376],0.9922671842867659,0.9981690165484822,0.016647001575265205,0.8775863262194938,0.9675780411929676,0.2641896284417205,0.9496725556849169,NA,0.10830049769922329,0,0,0,5
AT3G48110.1,GO:0004820,EDD1,3,17762970,17771146,+,8176,protein_coding,"Glycine--tRNA ligase, chloroplastic/mitochondrial 2 [Source:UniProtKB/Swiss-Prot;Acc:Q8L785]",0.7688209384164231,0.9575858724594777,0.029248255951988072,0.3209064449253667,0.6846888718902974,0.09847679994243708,0.031212485492525893,0.2490580351506428,0.21168044802052718,0,0,0,1
