ID,Path,Gene,Chromosome,Start,End,Strand,Length,BioType,Description,Flg22_vs_Mock_pvalue,Flg22_vs_Mock_padj,Flg22_vs_Mock_log2FoldChange,Flg22_SynCom33_vs_Mock_pvalue,Flg22_SynCom33_vs_Mock_padj,Flg22_SynCom33_vs_Mock_log2FoldChange,Flg22_SynCom35_vs_Mock_pvalue,Flg22_SynCom35_vs_Mock_padj,Flg22_SynCom35_vs_Mock_log2FoldChange,Flg22_vs_Mock,Flg22_SynCom33_vs_Mock,Flg22_SynCom35_vs_Mock,cl
AT2G05830.2,GO:0044249,,2,2229539,2232149,+,2610,protein_coding,Methylthioribose-1-phosphate isomerase [Source:UniProtKB/Swiss-Prot;Acc:Q9ZUG4],0.12387097654171994,0.5652384973221307,-1.8683682724060662,0.942041752914935,0.9870558950268483,0.08598139329100173,0.5303973453230164,NA,-0.7467257128002587,-0,0,0,10
AT2G05830.1,GO:0044249,,2,2229539,2232149,+,2610,protein_coding,Methylthioribose-1-phosphate isomerase [Source:UniProtKB/Swiss-Prot;Acc:Q9ZUG4],0.15839496016350935,0.6199658834741543,1.3721017130109445,0.22920677850761717,0.5983236181629215,1.1702143874185995,0.26782654318097293,0.6754126500382013,1.0784241868810656,0,0,0,6
AT2G05830.3,GO:0044249,,2,2229707,2232106,+,2399,protein_coding,Methylthioribose-1-phosphate isomerase [Source:UniProtKB/Swiss-Prot;Acc:Q9ZUG4],0.04811534971466988,0.368139595973127,0.5717453108363848,0.08914837107241398,0.3816061323516931,0.49190917813825663,0.5702258772417503,0.8684734998194868,0.16441679954759256,0,0,0,9
