ID,Path,Gene,Chromosome,Start,End,Strand,Length,BioType,Description,Flg22_vs_Mock_pvalue,Flg22_vs_Mock_padj,Flg22_vs_Mock_log2FoldChange,Flg22_SynCom33_vs_Mock_pvalue,Flg22_SynCom33_vs_Mock_padj,Flg22_SynCom33_vs_Mock_log2FoldChange,Flg22_SynCom35_vs_Mock_pvalue,Flg22_SynCom35_vs_Mock_padj,Flg22_SynCom35_vs_Mock_log2FoldChange,Flg22_vs_Mock,Flg22_SynCom33_vs_Mock,Flg22_SynCom35_vs_Mock,cl
AT2G22780.1,GO:0080093,PMDH1,2,9689295,9692154,-,2859,protein_coding,PMDH1 [Source:UniProtKB/TrEMBL;Acc:A0A384LAR8],0.020102021117287157,0.2293595574404605,0.18304536814736042,0.01096047465403424,0.11500370009748181,-0.20131796516624745,1.4889391710232354e-8,3.6551937322935713e-6,-0.4491917994212744,0,0,0,2
AT3G04340.1,GO:0080093,FTSHI5,3,1146568,1153650,-,7082,protein_coding,"Probable inactive ATP-dependent zinc metalloprotease FTSHI 5, chloroplastic [Source:UniProtKB/Swiss-Prot;Acc:F4J3N2]",0.4880289995001424,0.8759567028705939,-0.11310892606324222,0.20911240854428975,0.57360813943751,-0.2051197655107388,0.2307864312106338,0.6382641639344095,0.19470443287869618,0,0,0,4
