ID,Path,Gene,Chromosome,Start,End,Strand,Length,BioType,Description,Flg22_vs_Mock_pvalue,Flg22_vs_Mock_padj,Flg22_vs_Mock_log2FoldChange,Flg22_SynCom33_vs_Mock_pvalue,Flg22_SynCom33_vs_Mock_padj,Flg22_SynCom33_vs_Mock_log2FoldChange,Flg22_SynCom35_vs_Mock_pvalue,Flg22_SynCom35_vs_Mock_padj,Flg22_SynCom35_vs_Mock_log2FoldChange,Flg22_vs_Mock,Flg22_SynCom33_vs_Mock,Flg22_SynCom35_vs_Mock,cl
AT5G26710.1,GO:0004818,,5,9305479,9308440,+,2961,protein_coding,"Glutamate--tRNA ligase, cytoplasmic [Source:UniProtKB/Swiss-Prot;Acc:O82462]",0.8829072653539554,0.9829583821909567,-0.016317623710328483,0.47782459424423795,0.7997871194636572,-0.07870198167421816,0.14716887244148433,0.5309024941066472,0.1602047030768006,0,0,0,4
AT5G64050.1,GO:0004818,OVA3,5,25629832,25633209,-,3377,protein_coding,"Glutamate--tRNA ligase, chloroplastic/mitochondrial [Source:UniProtKB/Swiss-Prot;Acc:Q9FEA2]",0.7047836691851894,0.9435268257053323,0.04556258865128227,0.9644324113386499,0.9919129069235779,-0.005371725659115909,0.9362165117710143,0.9851868880707652,-0.009617733410335503,0,0,0,3
