ID,Path,Gene,Chromosome,Start,End,Strand,Length,BioType,Description,Flg22_vs_Mock_pvalue,Flg22_vs_Mock_padj,Flg22_vs_Mock_log2FoldChange,Flg22_SynCom33_vs_Mock_pvalue,Flg22_SynCom33_vs_Mock_padj,Flg22_SynCom33_vs_Mock_log2FoldChange,Flg22_SynCom35_vs_Mock_pvalue,Flg22_SynCom35_vs_Mock_padj,Flg22_SynCom35_vs_Mock_log2FoldChange,Flg22_vs_Mock,Flg22_SynCom33_vs_Mock,Flg22_SynCom35_vs_Mock,cl
AT2G38270.1,GO:0015038,GRXS16,2,16031185,16033169,-,1984,protein_coding,"Bifunctional monothiol glutaredoxin-S16, chloroplastic [Source:UniProtKB/Swiss-Prot;Acc:Q8H7F6]",0.85542017470468,0.9767267292200514,-0.023546895570975848,0.017182882585278843,0.1510105358571844,-0.3145111943443548,0.0011747658196077382,0.02942292103515992,-0.4290566115745166,0,0,0,2
AT3G15660.2,GO:0015038,GRXS15,3,5307694,5309624,-,1930,protein_coding,GRX4 [Source:UniProtKB/TrEMBL;Acc:A0A178VHP8],0.6248066485679504,0.9224033878317416,0.061091342620396984,0.3745798125150852,0.7302740716870395,-0.11136322399114854,0.6459698677409176,0.8995989390309564,0.05729783152550453,0,0,0,3
AT3G54900.1,GO:0015038,GRXS14,3,20341357,20342464,-,1107,protein_coding,"Monothiol glutaredoxin-S14, chloroplastic [Source:UniProtKB/Swiss-Prot;Acc:Q84Y95]",0.6604767199803261,0.9317012434959575,-0.07870332668101741,0.4917895751603124,0.8073950995150555,-0.12336652857697206,0.8300094151964222,0.9584109944817855,0.03827410978518403,0,0,0,4
AT4G04950.1,GO:0015038,GRXS17,4,2517596,2520062,-,2466,protein_coding,Monothiol glutaredoxin-S17 [Source:UniProtKB/Swiss-Prot;Acc:Q9ZPH2],0.8007307582518066,0.9660654671666205,-0.03428847587494404,0.047208625994600385,0.27207700862706224,-0.27071417448025115,0.520616568996974,0.8437773905143565,-0.08723479718105605,0,0,0,3
