ID,Path,Gene,Chromosome,Start,End,Strand,Length,BioType,Description,Flg22_vs_Mock_pvalue,Flg22_vs_Mock_padj,Flg22_vs_Mock_log2FoldChange,Flg22_SynCom33_vs_Mock_pvalue,Flg22_SynCom33_vs_Mock_padj,Flg22_SynCom33_vs_Mock_log2FoldChange,Flg22_SynCom35_vs_Mock_pvalue,Flg22_SynCom35_vs_Mock_padj,Flg22_SynCom35_vs_Mock_log2FoldChange,Flg22_vs_Mock,Flg22_SynCom33_vs_Mock,Flg22_SynCom35_vs_Mock,cl
AT2G41370.1,GO:0048439,NPR5,2,17237727,17240609,-,2882,protein_coding,Regulatory protein NPR5 [Source:UniProtKB/Swiss-Prot;Acc:Q9ZVC2],0.7492656626818115,0.953104244259399,0.07385818603663821,0.9853108863501313,0.9964309399918828,0.004259318944273403,0.31497687262441026,0.7142104926270563,0.23153615745834774,0,0,0,4
AT3G57130.1,GO:0048439,NPR6,3,21147615,21150238,+,2623,protein_coding,Regulatory protein NPR6 [Source:UniProtKB/Swiss-Prot;Acc:Q9M1I7],0.2779185486663976,NA,-0.9386619429672545,0.22220386885957405,NA,-1.069450018708061,0.547770275307072,NA,0.47617160241435397,0,-0,0,4
AT5G55300.1,GO:0048439,TOP1ALPHA,5,22424502,22429514,-,5012,protein_coding,DNA topoisomerase I alpha [Source:UniProtKB/TrEMBL;Acc:F4K3F4],0.04299939107705467,0.3490165005677712,-0.20148602759397388,0.828224857436332,0.9522407346821554,-0.02154283563275972,0.030422919012926906,0.24462385882787283,0.2139304206845954,0,0,0,4
