ID,Path,Gene,Chromosome,Start,End,Strand,Length,BioType,Description,Flg22_vs_Mock_pvalue,Flg22_vs_Mock_padj,Flg22_vs_Mock_log2FoldChange,Flg22_SynCom33_vs_Mock_pvalue,Flg22_SynCom33_vs_Mock_padj,Flg22_SynCom33_vs_Mock_log2FoldChange,Flg22_SynCom35_vs_Mock_pvalue,Flg22_SynCom35_vs_Mock_padj,Flg22_SynCom35_vs_Mock_log2FoldChange,Flg22_vs_Mock,Flg22_SynCom33_vs_Mock,Flg22_SynCom35_vs_Mock,cl
AT3G59410.4,GO:0004694,GCN2,3,21950110,21959367,+,9257,protein_coding,Protein kinase family protein [Source:UniProtKB/TrEMBL;Acc:F4J8A5],0.2847130409014771,0.759305318991195,0.5046963857853282,0.14895027883491732,0.48934382164308443,-0.6907864510605395,0.03980313255731173,0.28205707306739486,-0.9877813390576381,0,0,0,2
AT3G59410.1,GO:0004694,GCN2,3,21950217,21959389,+,9172,protein_coding,Protein kinase family protein [Source:UniProtKB/TrEMBL;Acc:F4J8A5],0.876890898029606,0.9819930014275493,0.0359749471090012,0.4459071932361977,0.7807006101716469,0.1767507510328208,0.9567339873865811,0.989855342043881,0.012590790184491643,0,0,0,5
