ID,Path,Gene,Chromosome,Start,End,Strand,Length,BioType,Description,Flg22_vs_Mock_pvalue,Flg22_vs_Mock_padj,Flg22_vs_Mock_log2FoldChange,Flg22_SynCom33_vs_Mock_pvalue,Flg22_SynCom33_vs_Mock_padj,Flg22_SynCom33_vs_Mock_log2FoldChange,Flg22_SynCom35_vs_Mock_pvalue,Flg22_SynCom35_vs_Mock_padj,Flg22_SynCom35_vs_Mock_log2FoldChange,Flg22_vs_Mock,Flg22_SynCom33_vs_Mock,Flg22_SynCom35_vs_Mock,cl
AT1G07420.1,GO:0080065,SMO2-2,1,2277555,2280502,+,2947,protein_coding,Methylsterol monooxygenase 2-2 [Source:UniProtKB/Swiss-Prot;Acc:Q8VWZ8],0.6740188457708616,0.9356602967833784,-0.10577260706990595,0.07581998785858836,0.3514731701352944,-0.4496080676850575,0.0227387328435504,0.20796507875718276,-0.5773075126337313,0,0,0,2
AT1G07420.2,GO:0080065,SMO2-2,1,2277830,2280297,+,2467,protein_coding,Methylsterol monooxygenase 2-2 [Source:UniProtKB/Swiss-Prot;Acc:Q8VWZ8],0.021083834174810873,0.2361372567255607,-0.45170783843791873,0.7478772229627886,0.927631795883506,-0.06254696137073895,0.459654857134555,0.8103615062619094,0.14330047278049443,0,0,0,1
AT2G29390.2,GO:0080065,SMO2-1,2,12610508,12612937,-,2429,protein_coding,Methylsterol monooxygenase 2-1 [Source:UniProtKB/Swiss-Prot;Acc:Q9ZW22],0.986212152231339,0.9974006836512818,-0.024901383392020148,0.7426963119391727,0.9260708872187411,-0.47419619992900663,0.9193826417793064,NA,-0.14586856493238698,0,0,0,3
AT2G29390.5,GO:0080065,SMO2-1,2,12610543,12611978,-,1435,protein_coding,Methylsterol monooxygenase 2-1 [Source:UniProtKB/Swiss-Prot;Acc:Q9ZW22],0.4681565450010276,0.8683182014217564,-0.3058913423716879,0.35612808146505337,0.7153372351721108,-0.3894177041568312,0.5344775239824852,0.8511341422193066,0.2606901475022667,0,0,0,4
AT2G29390.6,GO:0080065,SMO2-1,2,12610543,12612491,-,1948,protein_coding,Methylsterol monooxygenase 2-1 [Source:UniProtKB/Swiss-Prot;Acc:Q9ZW22],0.24370803711579214,0.7222550172480268,0.6236568628430048,0.10804568823954196,0.41990518884709654,0.8585126187633625,0.7498720811759105,0.9345821422461673,0.17105107970560707,0,0,0,9
