ID,Path,Gene,Chromosome,Start,End,Strand,Length,BioType,Description,Flg22_vs_Mock_pvalue,Flg22_vs_Mock_padj,Flg22_vs_Mock_log2FoldChange,Flg22_SynCom33_vs_Mock_pvalue,Flg22_SynCom33_vs_Mock_padj,Flg22_SynCom33_vs_Mock_log2FoldChange,Flg22_SynCom35_vs_Mock_pvalue,Flg22_SynCom35_vs_Mock_padj,Flg22_SynCom35_vs_Mock_log2FoldChange,Flg22_vs_Mock,Flg22_SynCom33_vs_Mock,Flg22_SynCom35_vs_Mock,cl
AT1G30110.1,GO:0034432,NUDT25,1,10582060,10584152,+,2092,protein_coding,Nudix hydrolase 25 [Source:UniProtKB/Swiss-Prot;Acc:Q9C6Z2],0.06499315869086043,0.42568361031365537,-0.4080950896230525,0.32154925691477243,0.6849898664222929,0.2182421662158954,0.2631879522081762,0.6718777328336485,0.24617411940891934,0,0,0,1
AT3G10620.1,GO:0034432,NUDT26,3,3320163,3321724,+,1561,protein_coding,"Nudix hydrolase 26, chloroplastic [Source:UniProtKB/Swiss-Prot;Acc:Q9CAF2]",0.8719456161179513,0.9806106176207464,0.03172656959960167,0.9981926152871503,0.9994939428669561,-4.466841392429614e-4,0.4002159697480769,0.772211721483533,0.16418319176546908,0,0,0,4
AT3G26690.2,GO:0034432,NUDT13,3,9804253,9805781,-,1528,protein_coding,NUDX13 [Source:UniProtKB/TrEMBL;Acc:A0A178VBM7],0.37721142978740074,0.8238008233100641,-0.19759865161510065,0.0031246606561238536,0.05038819901494987,0.6568979423476761,0.3224849510118901,0.720368504733356,-0.22126779481265985,0,0,0,5
AT3G26690.1,GO:0034432,NUDT13,3,9804253,9805781,-,1528,protein_coding,NUDX13 [Source:UniProtKB/TrEMBL;Acc:A0A178VBM7],0.3358160085996038,0.7961763289794269,-0.1906611176353322,0.46499363297986235,0.7914699869652809,0.14419548803113788,0.020218904501571384,0.19442734477014728,-0.46125605555670623,0,0,0,10
AT5G06340.1,GO:0034432,NUDT27,5,1936339,1938134,+,1795,protein_coding,"Nudix hydrolase 27, chloroplastic [Source:UniProtKB/Swiss-Prot;Acc:Q9FNH4]",0.977222006993709,0.995356346740767,0.007560258836717335,0.36861423851895353,0.7257535543629332,-0.23909808486555176,0.6609897233178265,0.9044977177612626,-0.11620594141080871,0,0,0,3
