ID,Path,Gene,Chromosome,Start,End,Strand,Length,BioType,Description,Flg22_vs_Mock_pvalue,Flg22_vs_Mock_padj,Flg22_vs_Mock_log2FoldChange,Flg22_SynCom33_vs_Mock_pvalue,Flg22_SynCom33_vs_Mock_padj,Flg22_SynCom33_vs_Mock_log2FoldChange,Flg22_SynCom35_vs_Mock_pvalue,Flg22_SynCom35_vs_Mock_padj,Flg22_SynCom35_vs_Mock_log2FoldChange,Flg22_vs_Mock,Flg22_SynCom33_vs_Mock,Flg22_SynCom35_vs_Mock,cl
AT1G15910.1,GO:0010569,FDM1,1,5465251,5469180,+,3929,protein_coding,IDP1 [Source:UniProtKB/TrEMBL;Acc:A0A178W3T4],0.3254811066832446,0.7888087280934734,-0.23410040777700555,0.5122390264327602,0.8197114588161949,-0.1559143949612263,0.037733131107455034,0.27491934227230563,0.4911766191059255,0,0,0,4
AT1G79950.1,GO:0010569,RTEL1,1,30073524,30080750,+,7226,protein_coding,Regulator of telomere elongation helicase 1 homolog [Source:UniProtKB/Swiss-Prot;Acc:F4HQE2],0.1936057201362166,0.6681409358695782,-0.2155786230920132,0.17022171020101012,0.5223957527834759,-0.22755857737242804,0.7685639782231428,0.9398081783718901,-0.04854028547616993,0,0,0,8
AT1G79950.7,GO:0010569,RTEL1,1,30073580,30080778,+,7198,protein_coding,Regulator of telomere elongation helicase 1 homolog [Source:UniProtKB/Swiss-Prot;Acc:F4HQE2],0.6151495300648858,0.9190515323520648,-0.6988556267003997,0.8224667974328547,0.9516081857693248,0.31134041375626376,0.48226061862536784,0.8230864048587613,-0.9773120432438728,0,0,0,10
AT3G27120.1,GO:0010569,FIGL1,3,10000248,10004306,-,4058,protein_coding,ATPase family AAA domain-containing protein FIGL1 [Source:UniProtKB/Swiss-Prot;Acc:F4JEX5],0.27022923643335467,0.746341070965756,-0.2309011233811155,0.0400813824298534,0.2480929593551276,-0.4359052851554531,0.18184232472083053,0.5797459114940022,0.2714004194610854,0,0,0,4
AT3G48670.2,GO:0010569,IDN2,3,18030868,18034065,+,3197,protein_coding,Protein INVOLVED IN DE NOVO 2 [Source:UniProtKB/Swiss-Prot;Acc:Q8VZ79],0.3737796769543867,0.8212369822911434,-0.1788106992289092,0.069461049945762,0.33407564868921164,-0.36589993857179065,0.5000012969523511,0.832611528439793,0.13504486968213833,0,0,0,4
AT4G00380.3,GO:0010569,FDM2,4,167959,170974,+,3015,protein_coding,Factor of DNA methylation 2 [Source:UniProtKB/Swiss-Prot;Acc:F4JH53],0.9386708185503617,0.9919486195295998,0.02954891369695631,0.03006228509975742,0.210400006211313,-0.8635059468438839,0.9311349509537066,0.9846506804606376,-0.03317232448096933,0,0,0,3
