ID,Path,Gene,Chromosome,Start,End,Strand,Length,BioType,Description,Flg22_vs_Mock_pvalue,Flg22_vs_Mock_padj,Flg22_vs_Mock_log2FoldChange,Flg22_SynCom33_vs_Mock_pvalue,Flg22_SynCom33_vs_Mock_padj,Flg22_SynCom33_vs_Mock_log2FoldChange,Flg22_SynCom35_vs_Mock_pvalue,Flg22_SynCom35_vs_Mock_padj,Flg22_SynCom35_vs_Mock_log2FoldChange,Flg22_vs_Mock,Flg22_SynCom33_vs_Mock,Flg22_SynCom35_vs_Mock,cl
AT5G01410.1,GO:0010335,PDX13,5,171889,173663,-,1774,protein_coding,Pyridoxal 5'-phosphate synthase subunit PDX1.3 [Source:UniProtKB/Swiss-Prot;Acc:Q8L940],0.19063914422568706,0.6660268383682721,-0.10928838503791635,4.1496083242298265e-6,3.1065044382971646e-4,-0.3889996489609507,0.1913484370016362,0.5909448905501108,-0.10879943338561039,0,0,0,3
AT5G01410.2,GO:0010335,PDX13,5,171889,173663,-,1774,protein_coding,Pyridoxal 5'-phosphate synthase subunit PDX1.3 [Source:UniProtKB/Swiss-Prot;Acc:Q8L940],0.6070777928860908,0.9154700434203116,-0.18058057211208814,0.008924434956713759,0.10169845718795222,-0.9247104998557639,0.6971541491037306,0.9175675652101709,-0.13654333460803067,0,0,0,3
