ID,Path,Gene,Chromosome,Start,End,Strand,Length,BioType,Description,Flg22_vs_Mock_pvalue,Flg22_vs_Mock_padj,Flg22_vs_Mock_log2FoldChange,Flg22_SynCom33_vs_Mock_pvalue,Flg22_SynCom33_vs_Mock_padj,Flg22_SynCom33_vs_Mock_log2FoldChange,Flg22_SynCom35_vs_Mock_pvalue,Flg22_SynCom35_vs_Mock_padj,Flg22_SynCom35_vs_Mock_log2FoldChange,Flg22_vs_Mock,Flg22_SynCom33_vs_Mock,Flg22_SynCom35_vs_Mock,cl
AT3G06860.1,GO:0008692,MFP2,3,2161735,2166357,+,4622,protein_coding,Peroxisomal fatty acid beta-oxidation multifunctional protein MFP2 [Source:UniProtKB/Swiss-Prot;Acc:Q9ZPI5],0.024517290051087416,0.25679815900478314,0.18886298679616717,0.019689632172917287,0.16366626223635203,-0.19643500609011624,1.6139764057509159e-6,1.7053645930870803e-4,-0.4044253800870146,0,0,0,2
AT4G29010.1,GO:0008692,AIM1,4,14297044,14302287,-,5243,protein_coding,Peroxisomal fatty acid beta-oxidation multifunctional protein AIM1 [Source:UniProtKB/Swiss-Prot;Acc:Q9ZPI6],0.04136317050960807,0.3420909013434641,0.19373815884325082,0.5353938612923872,0.8336204421532891,-0.05896315327047275,7.496304223418268e-8,1.3260741691690934e-5,-0.513168025514051,0,0,0,2
