ID,Path,Gene,Chromosome,Start,End,Strand,Length,BioType,Description,Flg22_vs_Mock_pvalue,Flg22_vs_Mock_padj,Flg22_vs_Mock_log2FoldChange,Flg22_SynCom33_vs_Mock_pvalue,Flg22_SynCom33_vs_Mock_padj,Flg22_SynCom33_vs_Mock_log2FoldChange,Flg22_SynCom35_vs_Mock_pvalue,Flg22_SynCom35_vs_Mock_padj,Flg22_SynCom35_vs_Mock_log2FoldChange,Flg22_vs_Mock,Flg22_SynCom33_vs_Mock,Flg22_SynCom35_vs_Mock,cl
AT3G61650.1,GO:0051641,TUBG1,3,22812082,22815216,-,3134,protein_coding,Tubulin gamma-1 chain [Source:UniProtKB/Swiss-Prot;Acc:P38557],0.019426361058578322,0.22576807049863598,-0.5336989893269777,0.013191657961610849,0.12897161696824858,-0.5664927894035103,0.5913636419787657,0.8775614667360686,0.12110532071561197,0,0,0,4
AT5G05620.1,GO:0051641,TUBG2,5,1679230,1682055,+,2825,protein_coding,Tubulin gamma-2 chain [Source:UniProtKB/Swiss-Prot;Acc:P38558],0.42664758780306983,0.8493424862090211,-0.151964806915456,0.5054406201595516,0.815855335122437,-0.12725396862494867,0.1842238304685581,0.5815515787834475,0.25069907628417204,0,0,0,4
