ID,Path,Gene,Chromosome,Start,End,Strand,Length,BioType,Description,Flg22_vs_Mock_pvalue,Flg22_vs_Mock_padj,Flg22_vs_Mock_log2FoldChange,Flg22_SynCom33_vs_Mock_pvalue,Flg22_SynCom33_vs_Mock_padj,Flg22_SynCom33_vs_Mock_log2FoldChange,Flg22_SynCom35_vs_Mock_pvalue,Flg22_SynCom35_vs_Mock_padj,Flg22_SynCom35_vs_Mock_log2FoldChange,Flg22_vs_Mock,Flg22_SynCom33_vs_Mock,Flg22_SynCom35_vs_Mock,cl
AT1G51980.1,GO:0017087,,1,19323055,19326918,-,3863,protein_coding,"Probable mitochondrial-processing peptidase subunit alpha-1, mitochondrial [Source:UniProtKB/Swiss-Prot;Acc:Q9ZU25]",0.935804979186621,0.9915020266177292,-0.00855234813807059,0.23922773666732183,0.6091616952818931,-0.12502392670290996,0.23721057714814411,0.6453397434194249,-0.12552359916457786,0,0,0,3
AT1G51980.2,GO:0017087,,1,19323382,19326916,-,3534,protein_coding,"Probable mitochondrial-processing peptidase subunit alpha-1, mitochondrial [Source:UniProtKB/Swiss-Prot;Acc:Q9ZU25]",0.8777387994879445,0.9821964490434968,-0.06219303384928382,0.7552538339638275,0.9300203229019816,-0.12604262558354276,0.5609633571340327,0.8648260805447208,-0.23510227734231903,0,0,0,2
AT3G02090.1,GO:0017087,MPPBETA,3,365537,368911,+,3374,protein_coding,Insulinase (Peptidase family M16) protein [Source:TAIR;Acc:AT3G02090],0.4326332414398294,0.8529342431004407,0.04764901114342473,0.05732328913427335,0.3016176665702752,-0.11553306445115187,0.007949980203585639,0.10991989869992144,-0.161282635582118,0,0,0,2
AT3G02090.2,GO:0017087,MPPBETA,3,365549,368911,+,3362,protein_coding,Insulinase (Peptidase family M16) protein [Source:TAIR;Acc:AT3G02090],0.7150638736123031,0.945875287925117,0.4695001315887871,0.5038780796851016,0.8151514546515738,0.8575975218348466,0.7851448702486775,NA,0.3507148788951072,0,0,0,5
AT3G16480.1,GO:0017087,MPPA2,3,5599710,5603027,+,3317,protein_coding,"Probable mitochondrial-processing peptidase subunit alpha-2, chloroplastic/mitochondrial [Source:UniProtKB/Swiss-Prot;Acc:O04308]",0.45440069241652487,0.8634684115895739,-0.10961543545370243,0.259162384454831,0.6298180222031932,-0.1654832489058087,0.5936443093455992,0.8785351762065577,0.07793306921105315,0,0,0,4
