ID,Path,Gene,Chromosome,Start,End,Strand,Length,BioType,Description,Flg22_vs_Mock_pvalue,Flg22_vs_Mock_padj,Flg22_vs_Mock_log2FoldChange,Flg22_SynCom33_vs_Mock_pvalue,Flg22_SynCom33_vs_Mock_padj,Flg22_SynCom33_vs_Mock_log2FoldChange,Flg22_SynCom35_vs_Mock_pvalue,Flg22_SynCom35_vs_Mock_padj,Flg22_SynCom35_vs_Mock_log2FoldChange,Flg22_vs_Mock,Flg22_SynCom33_vs_Mock,Flg22_SynCom35_vs_Mock,cl
AT1G07430.1,GO:0048838,AIP1,1,2280746,2282828,-,2082,protein_coding,Protein phosphatase 2C 3 [Source:UniProtKB/Swiss-Prot;Acc:Q9LNW3],0.9486617559628373,0.9933269717125698,-0.06841468763966616,0.4521310437715115,0.784296890241747,0.7882635195815831,0.26210802898170427,NA,-1.2306150264773439,0,0,-0,10
AT4G19230.1,GO:0048838,CYP707A1,4,10521259,10523961,+,2702,protein_coding,"Cytochrome P450, family 707, subfamily A, polypeptide 1 [Source:UniProtKB/TrEMBL;Acc:A8MRX5]",0.742751996518173,0.9529854144178901,0.11639419950813741,0.5831437144084024,0.8597659778013312,-0.19472447698450973,1.407042770454354e-4,0.0061997499947968595,-1.354688509824096,0,0,-1,2
