ID,Path,Gene,Chromosome,Start,End,Strand,Length,BioType,Description,Flg22_vs_Mock_pvalue,Flg22_vs_Mock_padj,Flg22_vs_Mock_log2FoldChange,Flg22_SynCom33_vs_Mock_pvalue,Flg22_SynCom33_vs_Mock_padj,Flg22_SynCom33_vs_Mock_log2FoldChange,Flg22_SynCom35_vs_Mock_pvalue,Flg22_SynCom35_vs_Mock_padj,Flg22_SynCom35_vs_Mock_log2FoldChange,Flg22_vs_Mock,Flg22_SynCom33_vs_Mock,Flg22_SynCom35_vs_Mock,cl
AT3G08840.1,GO:0008716,,3,2679435,2686252,-,6817,protein_coding,D-alanine-D-alanine ligase family [Source:UniProtKB/TrEMBL;Acc:A0A1I9LPE3],0.7809110342669379,0.9612453410463699,-0.4712690370445422,0.31137944754523167,0.6771953305842139,-1.7282332800163545,0.7385208725120966,NA,-0.5656511093343477,0,-0,0,8
AT3G08840.2,GO:0008716,,3,2679445,2686296,-,6851,protein_coding,D-alanine-D-alanine ligase family [Source:UniProtKB/TrEMBL;Acc:A0A1I9LPE3],0.6312518128977915,0.9243819041789407,0.345767761594152,0.919576221704539,0.9803782264942031,0.07283277683463868,0.268956886425255,0.6765809615832407,0.7949086189248994,0,0,0,4
AT3G08840.3,GO:0008716,,3,2679461,2686280,-,6819,protein_coding,D-alanine-D-alanine ligase family [Source:UniProtKB/TrEMBL;Acc:A0A1I9LPE3],0.3683794138872289,0.8164924060223218,-0.6123883876035491,0.05221156778649032,0.2874935715838143,-1.3283051797441943,0.0394513300322499,0.2808214848306865,-1.408982888063323,0,-0,-0,2
AT3G08840.5,GO:0008716,,3,2679488,2686280,-,6792,protein_coding,D-alanine-D-alanine ligase family [Source:UniProtKB/TrEMBL;Acc:A0A1I9LPE3],0.8890692399022908,0.9838700410438949,0.18172284426818763,0.9360755973735637,0.9853146758906558,-0.10471845303507124,0.46000934768697754,NA,-0.9726231630658145,0,0,0,2
AT3G08840.12,GO:0008716,,3,2682453,2686247,-,3794,protein_coding,D-alanine-D-alanine ligase family [Source:UniProtKB/TrEMBL;Acc:A0A1I9LPE3],0.10762582732245453,0.5324642494518891,-0.7533181299302789,0.5201422640039197,0.8247680896407554,-0.2938772550415411,0.41474261395150014,NA,-0.37246710064956723,0,0,0,8
