ID,Path,Gene,Chromosome,Start,End,Strand,Length,BioType,Description,Flg22_vs_Mock_pvalue,Flg22_vs_Mock_padj,Flg22_vs_Mock_log2FoldChange,Flg22_SynCom33_vs_Mock_pvalue,Flg22_SynCom33_vs_Mock_padj,Flg22_SynCom33_vs_Mock_log2FoldChange,Flg22_SynCom35_vs_Mock_pvalue,Flg22_SynCom35_vs_Mock_padj,Flg22_SynCom35_vs_Mock_log2FoldChange,Flg22_vs_Mock,Flg22_SynCom33_vs_Mock,Flg22_SynCom35_vs_Mock,cl
AT5G15070.1,GO:0102092,,5,4876515,4885836,+,9321,protein_coding,,0.9198129963934506,0.9884770655970441,-0.030789552724404035,0.7704217141490697,0.935548628152844,0.08906849174035114,0.6816273603956652,0.9114488123045532,0.12493490879734084,0,0,0,1
AT5G15070.6,GO:0102092,,5,4879115,4885821,+,6706,protein_coding,,0.2701676251328926,0.7462444874861902,0.6086209092823167,0.21426692648924583,0.5798913021535359,-0.6923839785163752,0.9555144022539459,0.9897195773077886,-0.030889537612347064,0,0,0,3
