ID,Path,Gene,Chromosome,Start,End,Strand,Length,BioType,Description,Flg22_vs_Mock_pvalue,Flg22_vs_Mock_padj,Flg22_vs_Mock_log2FoldChange,Flg22_SynCom33_vs_Mock_pvalue,Flg22_SynCom33_vs_Mock_padj,Flg22_SynCom33_vs_Mock_log2FoldChange,Flg22_SynCom35_vs_Mock_pvalue,Flg22_SynCom35_vs_Mock_padj,Flg22_SynCom35_vs_Mock_log2FoldChange,Flg22_vs_Mock,Flg22_SynCom33_vs_Mock,Flg22_SynCom35_vs_Mock,cl
AT2G01490.1,GO:0048244,PAHX,2,221013,223809,+,2796,protein_coding,Phytanoyl-CoA dioxygenase [Source:UniProtKB/Swiss-Prot;Acc:Q9ZVF6],0.858762883969151,0.9777184547762423,0.026949940203769104,0.29865715855707653,0.6666116578632424,-0.15765211847400362,0.01843828163661556,0.18490545211075327,-0.35784027686869063,0,0,0,2
AT2G01490.2,GO:0048244,PAHX,2,221020,223795,+,2775,protein_coding,Phytanoyl-CoA dioxygenase [Source:UniProtKB/Swiss-Prot;Acc:Q9ZVF6],0.9439579072941798,0.9933269717125698,0.024730197859183428,0.6542069595591323,0.8934491277040644,0.15745880825559885,0.02653996820767505,0.22680896510640125,-0.7852789000395513,0,0,0,9
