ID,Path,Gene,Chromosome,Start,End,Strand,Length,BioType,Description,Flg22_vs_Mock_pvalue,Flg22_vs_Mock_padj,Flg22_vs_Mock_log2FoldChange,Flg22_SynCom33_vs_Mock_pvalue,Flg22_SynCom33_vs_Mock_padj,Flg22_SynCom33_vs_Mock_log2FoldChange,Flg22_SynCom35_vs_Mock_pvalue,Flg22_SynCom35_vs_Mock_padj,Flg22_SynCom35_vs_Mock_log2FoldChange,Flg22_vs_Mock,Flg22_SynCom33_vs_Mock,Flg22_SynCom35_vs_Mock,cl
AT1G68000.1,GO:0003881,PIS1,1,25490911,25493077,+,2166,protein_coding,CDP-diacylglycerol--inositol 3-phosphatidyltransferase 1 [Source:UniProtKB/Swiss-Prot;Acc:Q8LBA6],0.8606895126594526,0.9779783981841293,0.021963049734965677,0.07347876084208313,0.34496263516536474,0.2230947526051879,0.20643505326311873,0.6086125978494651,0.1574057226974384,0,0,0,1
AT4G38570.1,GO:0003881,PIS2,4,18031279,18033584,-,2305,protein_coding,CDP-diacylglycerol--inositol 3-phosphatidyltransferase [Source:UniProtKB/TrEMBL;Acc:A0A178UUZ3],0.4118810801931436,0.84400368748951,0.16498171339763398,0.1256287734774126,0.4500811875620799,0.30648788083774875,0.3078687035147787,0.7087427933384843,0.20414243772584992,0,0,0,6
