ID,Path,Gene,Chromosome,Start,End,Strand,Length,BioType,Description,Flg22_vs_Mock_pvalue,Flg22_vs_Mock_padj,Flg22_vs_Mock_log2FoldChange,Flg22_SynCom33_vs_Mock_pvalue,Flg22_SynCom33_vs_Mock_padj,Flg22_SynCom33_vs_Mock_log2FoldChange,Flg22_SynCom35_vs_Mock_pvalue,Flg22_SynCom35_vs_Mock_padj,Flg22_SynCom35_vs_Mock_log2FoldChange,Flg22_vs_Mock,Flg22_SynCom33_vs_Mock,Flg22_SynCom35_vs_Mock,cl
AT1G15660.1,GO:0051455,CENP-C,1,5381032,5385380,+,4348,protein_coding,Centromere protein C [Source:UniProtKB/Swiss-Prot;Acc:Q66LG9],0.3507540185542824,0.8072928043401496,-0.14081464352673898,0.15899917035719582,0.5054654325380957,-0.2131416529280161,0.031149081346580735,0.24880207069639856,0.3203550277743625,0,0,0,4
AT2G47980.1,GO:0051455,SCC3,2,19631207,19636978,+,5771,protein_coding,SCC3 [Source:UniProtKB/TrEMBL;Acc:A0A178VN21],0.4334054326164318,0.8536154952200021,0.07858314202624614,0.20545522193253626,0.5690929702205502,-0.12742023451791587,0.9946927165180307,0.9990524278174133,6.672571741410486e-4,0,0,0,3
