ID,Path,Gene,Chromosome,Start,End,Strand,Length,BioType,Description,Flg22_vs_Mock_pvalue,Flg22_vs_Mock_padj,Flg22_vs_Mock_log2FoldChange,Flg22_SynCom33_vs_Mock_pvalue,Flg22_SynCom33_vs_Mock_padj,Flg22_SynCom33_vs_Mock_log2FoldChange,Flg22_SynCom35_vs_Mock_pvalue,Flg22_SynCom35_vs_Mock_padj,Flg22_SynCom35_vs_Mock_log2FoldChange,Flg22_vs_Mock,Flg22_SynCom33_vs_Mock,Flg22_SynCom35_vs_Mock,cl
AT1G65840.1,GO:0046592,PAO4,1,24489758,24493077,+,3319,protein_coding,Probable polyamine oxidase 4 [Source:UniProtKB/Swiss-Prot;Acc:Q8H191],0.6078793291980856,0.9155269761939208,0.11759754478982805,0.2312731958588896,0.6003731991406419,-0.27443676669705563,0.00902740960654474,0.11900351798041281,-0.5987092388737426,0,0,0,2
AT2G43020.1,GO:0046592,PAO2,2,17891503,17894635,+,3132,protein_coding,Probable polyamine oxidase 2 [Source:UniProtKB/Swiss-Prot;Acc:Q9SKX5],0.10741449512734401,0.5316818206418154,0.23716605094652304,0.8574298054651541,0.9620405810296669,0.02652126939196542,0.1702572252090733,0.5630905449051826,-0.20276491886137787,0,0,0,7
AT3G59050.1,GO:0046592,PAO3,3,21824696,21827509,-,2813,protein_coding,Polyamine oxidase 3 [Source:UniProtKB/Swiss-Prot;Acc:Q9LYT1],0.22662010785900286,0.7035888376869545,0.1782329462059861,0.9479864285756352,0.9887778362228001,-0.009649184153348844,0.027177778287106685,0.22901680911776273,-0.32821509269365257,0,0,0,7
AT4G29720.1,GO:0046592,PAO5,4,14553211,14555276,-,2065,protein_coding,Probable polyamine oxidase 5 [Source:UniProtKB/Swiss-Prot;Acc:Q9SU79],0.5654298632405192,0.9032017862927629,-0.16102484960492106,0.06846761984313031,0.33145084758203297,-0.5118163519306791,0.6759743883022871,0.9097372219205966,-0.11699702764630429,0,0,0,3
AT5G13700.1,GO:0046592,PAO1,5,4420069,4423095,-,3026,protein_coding,Polyamine oxidase 1 [Source:UniProtKB/Swiss-Prot;Acc:Q9FNA2],0.1589712699365239,0.6203193778846487,0.5191843759518721,0.026775698306828088,0.1974175320581878,0.8105066705328674,0.7912158370758869,0.9466117178124274,0.09862644570155889,0,0,0,9
