ID,Path,Gene,Chromosome,Start,End,Strand,Length,BioType,Description,Flg22_vs_Mock_pvalue,Flg22_vs_Mock_padj,Flg22_vs_Mock_log2FoldChange,Flg22_SynCom33_vs_Mock_pvalue,Flg22_SynCom33_vs_Mock_padj,Flg22_SynCom33_vs_Mock_log2FoldChange,Flg22_SynCom35_vs_Mock_pvalue,Flg22_SynCom35_vs_Mock_padj,Flg22_SynCom35_vs_Mock_log2FoldChange,Flg22_vs_Mock,Flg22_SynCom33_vs_Mock,Flg22_SynCom35_vs_Mock,cl
AT2G25100.1,GO:0032299,,2,10679524,10682054,-,2530,protein_coding,Ribonuclease H2 subunit A [Source:UniProtKB/Swiss-Prot;Acc:Q9SEZ6],0.9564348109806863,0.9937854069353943,-0.01030789738134854,0.3081509412184108,0.6751743093840834,-0.19424089984596485,0.9618178072437812,0.9905017205590612,-0.008998082495355693,0,0,0,3
AT2G39435.4,GO:0032299,,2,16464692,16466624,-,1932,protein_coding,Phosphatidylinositol N-acetyglucosaminlytransferase subunit P-like protein [Source:UniProtKB/TrEMBL;Acc:Q0WT61],0.3297250107158576,0.7918686098682327,-0.2911367317786512,0.10941666395222302,0.4222149074202699,-0.47941356486024084,0.0015225887302840902,0.03554921175535511,-0.9552814538422743,0,0,0,2
AT4G20325.2,GO:0032299,,4,10979741,10981832,+,2091,protein_coding,Ribonuclease H2 subunit B [Source:UniProtKB/TrEMBL;Acc:A8MRG8],0.47103188188643974,NA,1.1577915261775034,0.7036609009359608,NA,0.6190730763280841,0.9483880624237113,NA,0.10680413398282772,0,0,0,7
AT4G20325.1,GO:0032299,,4,10979741,10982646,+,2905,protein_coding,Ribonuclease H2 subunit B [Source:UniProtKB/TrEMBL;Acc:A8MRG8],0.1978336806107374,0.6713218041521111,-0.4441129639702609,0.32212559776703215,0.6854571613372404,-0.34005370210815394,0.5811034524213858,0.8740962830469756,0.185393047793756,0,0,0,4
