ID,Path,Gene,Chromosome,Start,End,Strand,Length,BioType,Description,Flg22_vs_Mock_pvalue,Flg22_vs_Mock_padj,Flg22_vs_Mock_log2FoldChange,Flg22_SynCom33_vs_Mock_pvalue,Flg22_SynCom33_vs_Mock_padj,Flg22_SynCom33_vs_Mock_log2FoldChange,Flg22_SynCom35_vs_Mock_pvalue,Flg22_SynCom35_vs_Mock_padj,Flg22_SynCom35_vs_Mock_log2FoldChange,Flg22_vs_Mock,Flg22_SynCom33_vs_Mock,Flg22_SynCom35_vs_Mock,cl
AT5G13800.2,GO:0080124,PPH,5,4451733,4454813,-,3080,protein_coding,pheophytinase [Source:TAIR;Acc:AT5G13800],0.5448761380200815,0.8955944458511282,-0.7649486156092876,0.9846737147157409,0.9963497333103898,-0.024260667792430177,0.95028271412202,0.9883435279555125,-0.07874478604634007,0,0,0,1
AT5G13800.3,GO:0080124,PPH,5,4451735,4454708,-,2973,protein_coding,pheophytinase [Source:TAIR;Acc:AT5G13800],0.2910397903684968,0.7642370314115445,1.1966579047451493,0.002223786138945218,0.039906421219709845,-3.558509431584772,2.1182369632276877e-4,0.008479291990238221,-4.385392132370368,0,-1,-1,7
AT5G13800.4,GO:0080124,PPH,5,4451837,4454703,-,2866,protein_coding,pheophytinase [Source:TAIR;Acc:AT5G13800],0.08363772454108166,0.4770632469776421,0.6350199429007074,0.8246865851160976,0.9517485030993669,-0.08199843741711936,0.35658874460584916,0.744461002065638,-0.34214300864688885,0,0,0,7
