ID,Path,Gene,Chromosome,Start,End,Strand,Length,BioType,Description,Flg22_vs_Mock_pvalue,Flg22_vs_Mock_padj,Flg22_vs_Mock_log2FoldChange,Flg22_SynCom33_vs_Mock_pvalue,Flg22_SynCom33_vs_Mock_padj,Flg22_SynCom33_vs_Mock_log2FoldChange,Flg22_SynCom35_vs_Mock_pvalue,Flg22_SynCom35_vs_Mock_padj,Flg22_SynCom35_vs_Mock_log2FoldChange,Flg22_vs_Mock,Flg22_SynCom33_vs_Mock,Flg22_SynCom35_vs_Mock,cl
AT3G47390.1,GO:0008703,PYRR,3,17459339,17464806,+,5467,protein_coding,"Riboflavin biosynthesis protein PYRR, chloroplastic [Source:UniProtKB/Swiss-Prot;Acc:Q9STY4]",0.7406805012321448,0.9527081225971279,0.14608863958345186,0.20681329283204467,0.5710893618809476,-0.5687240012739473,0.8304597256217082,0.9584109944817855,0.09445737505787055,0,0,0,3
AT3G47390.2,GO:0008703,PYRR,3,17459339,17464865,+,5526,protein_coding,"Riboflavin biosynthesis protein PYRR, chloroplastic [Source:UniProtKB/Swiss-Prot;Acc:Q9STY4]",0.648705103263197,0.9273604099470842,0.09831900024968114,0.4454608264626682,0.7802748378816347,0.16443385310462608,0.9322489776891885,0.9849899819298554,-0.018366635882494493,0,0,0,5
