ID,Path,Gene,Chromosome,Start,End,Strand,Length,BioType,Description,Flg22_vs_Mock_pvalue,Flg22_vs_Mock_padj,Flg22_vs_Mock_log2FoldChange,Flg22_SynCom33_vs_Mock_pvalue,Flg22_SynCom33_vs_Mock_padj,Flg22_SynCom33_vs_Mock_log2FoldChange,Flg22_SynCom35_vs_Mock_pvalue,Flg22_SynCom35_vs_Mock_padj,Flg22_SynCom35_vs_Mock_log2FoldChange,Flg22_vs_Mock,Flg22_SynCom33_vs_Mock,Flg22_SynCom35_vs_Mock,cl
AT5G19400.5,GO:0090306,SMG7,5,6539926,6545081,+,5155,protein_coding,Protein SMG7 [Source:UniProtKB/Swiss-Prot;Acc:A9QM73],0.5128326856939771,0.8850514696923171,-0.42399806856084693,0.03174609864517304,0.21688090648874384,-1.3983594573892637,0.6117264223682131,0.8852279259750058,-0.3286839207683534,0,-0,0,8
AT5G19400.3,GO:0090306,SMG7,5,6539975,6544975,+,5000,protein_coding,Protein SMG7 [Source:UniProtKB/Swiss-Prot;Acc:A9QM73],0.4068164021546102,0.8409220161429256,-0.08272212506978531,0.23528392747340263,0.6041976190694764,-0.11842462251932181,0.11180489974957926,0.47281443067943757,-0.15857099021625323,0,0,0,8
AT5G19400.2,GO:0090306,SMG7,5,6540003,6544975,+,4972,protein_coding,Protein SMG7 [Source:UniProtKB/Swiss-Prot;Acc:A9QM73],0.7887198801673827,0.9629952135775635,-0.09396324595650138,0.1912764089518924,0.551492113598023,-0.4609376509921378,0.0025235530225055773,0.05116655356300472,-1.0772591146350419,0,0,-0,2
AT5G19400.1,GO:0090306,SMG7,5,6540003,6545015,+,5012,protein_coding,Protein SMG7 [Source:UniProtKB/Swiss-Prot;Acc:A9QM73],0.05728246771253949,0.4010345421384513,0.524447675748577,0.3601158177791122,0.7189478955468321,0.25287307112600393,0.856645706948775,0.9653040187858613,-0.04999087097372884,0,0,0,7
