ID,Path,Gene,Chromosome,Start,End,Strand,Length,BioType,Description,Flg22_vs_Mock_pvalue,Flg22_vs_Mock_padj,Flg22_vs_Mock_log2FoldChange,Flg22_SynCom33_vs_Mock_pvalue,Flg22_SynCom33_vs_Mock_padj,Flg22_SynCom33_vs_Mock_log2FoldChange,Flg22_SynCom35_vs_Mock_pvalue,Flg22_SynCom35_vs_Mock_padj,Flg22_SynCom35_vs_Mock_log2FoldChange,Flg22_vs_Mock,Flg22_SynCom33_vs_Mock,Flg22_SynCom35_vs_Mock,cl
AT1G17420.1,GO:0016165,LOX3,1,5977323,5981521,+,4198,protein_coding,"Lipoxygenase 3, chloroplastic [Source:UniProtKB/Swiss-Prot;Acc:Q9LNR3]",0.008729385316013626,NA,2.431781076732118,0.10656741632404744,NA,1.5377299238480124,0.1660946399018059,NA,-1.873783679397241,0,0,-0,7
AT1G67560.1,GO:0016165,LOX6,1,25319804,25324581,+,4777,protein_coding,Lipoxygenase [Source:UniProtKB/TrEMBL;Acc:A0A178W1Z8],0.45547152254613404,0.8634684115895739,0.13546527882371032,0.38602652356166994,0.7394303125541407,0.15733301273944664,0.7968148509083883,0.9484820980235518,-0.046758856360910754,0,0,0,9
AT1G72520.1,GO:0016165,LOX4,1,27308513,27312756,+,4243,protein_coding,"Lipoxygenase 4, chloroplastic [Source:UniProtKB/Swiss-Prot;Acc:Q9FNX8]",0.0027199730441919323,0.06619388787216353,1.4268865477176569,0.13644893508745984,0.4698781684138441,0.7255159539393413,0.8688334221674578,0.9693639322220796,0.08261557113071137,0,0,0,7
