ID,Path,Gene,Chromosome,Start,End,Strand,Length,BioType,Description,Flg22_vs_Mock_pvalue,Flg22_vs_Mock_padj,Flg22_vs_Mock_log2FoldChange,Flg22_SynCom33_vs_Mock_pvalue,Flg22_SynCom33_vs_Mock_padj,Flg22_SynCom33_vs_Mock_log2FoldChange,Flg22_SynCom35_vs_Mock_pvalue,Flg22_SynCom35_vs_Mock_padj,Flg22_SynCom35_vs_Mock_log2FoldChange,Flg22_vs_Mock,Flg22_SynCom33_vs_Mock,Flg22_SynCom35_vs_Mock,cl
AT1G29390.1,GO:0031357,COR413IM2,1,10286067,10287904,-,1837,protein_coding,COR413IM2 [Source:UniProtKB/TrEMBL;Acc:A0A178WEF2],0.25002314016674343,0.729900800334617,0.3182112002258864,0.9731119353762527,0.9939793016352115,0.009426131613502316,0.715428895925456,0.9234733222202878,-0.10203895450816389,0,0,0,7
AT1G29395.1,GO:0031357,COR413IM1,1,10288129,10289666,-,1537,protein_coding,"Cold-regulated 413 inner membrane protein 1, chloroplastic [Source:UniProtKB/Swiss-Prot;Acc:Q94AL8]",0.20159393347654964,NA,-1.219705204069701,0.10729581196429584,NA,-1.6055331230542074,0.899367649861961,NA,0.1095540829289287,-0,-0,0,4
AT3G19180.1,GO:0031357,CDP1,3,6632637,6637292,+,4655,protein_coding,"Plastid division protein CDP1, chloroplastic [Source:UniProtKB/Swiss-Prot;Acc:Q8VY16]",0.6162752535463676,0.9190515323520648,-0.09282910032918659,0.3799395433466915,0.7352932607317105,-0.16315623817274094,0.36397916184245094,0.7500308929854975,0.16620941173080225,0,0,0,4
AT5G42480.1,GO:0031357,ARC6,5,16985096,16988796,+,3700,protein_coding,"Protein ACCUMULATION AND REPLICATION OF CHLOROPLASTS 6, chloroplastic [Source:UniProtKB/Swiss-Prot;Acc:Q9FIG9]",0.2860052146723415,0.7604292142542469,0.41830275353836377,0.6527778450339727,0.8930081831580076,0.1767647711834303,0.7293536571557825,0.9276014818160244,0.13587654956944775,0,0,0,7
AT5G42480.2,GO:0031357,ARC6,5,16985157,16988552,+,3395,protein_coding,"Protein ACCUMULATION AND REPLICATION OF CHLOROPLASTS 6, chloroplastic [Source:UniProtKB/Swiss-Prot;Acc:Q9FIG9]",0.028504493850350157,0.27936997104344236,-1.5316008363546234,0.08685043291912874,0.37726430274621325,-1.193794592495109,0.8995511326107819,0.9773437111267989,0.08737436280726954,-0,-0,0,8
