ID,Path,Gene,Chromosome,Start,End,Strand,Length,BioType,Description,Flg22_vs_Mock_pvalue,Flg22_vs_Mock_padj,Flg22_vs_Mock_log2FoldChange,Flg22_SynCom33_vs_Mock_pvalue,Flg22_SynCom33_vs_Mock_padj,Flg22_SynCom33_vs_Mock_log2FoldChange,Flg22_SynCom35_vs_Mock_pvalue,Flg22_SynCom35_vs_Mock_padj,Flg22_SynCom35_vs_Mock_log2FoldChange,Flg22_vs_Mock,Flg22_SynCom33_vs_Mock,Flg22_SynCom35_vs_Mock,cl
AT1G02410.1,GO:0032592,COX11,1,490860,492963,+,2103,protein_coding,"Cytochrome c oxidase assembly protein COX11, mitochondrial [Source:UniProtKB/Swiss-Prot;Acc:Q8GWR0]",0.0381003686246197,0.32642529596241393,0.2007491219866873,0.04336819631388073,0.2595007176111943,0.1957076049492372,8.170378838463097e-6,6.530331365307149e-4,-0.44648526847342107,0,0,0,9
AT1G02410.2,GO:0032592,COX11,1,490925,492979,+,2054,protein_coding,"Cytochrome c oxidase assembly protein COX11, mitochondrial [Source:UniProtKB/Swiss-Prot;Acc:Q8GWR0]",0.80387025516572,0.9662426756893417,0.28079584591035733,0.7554307233773104,0.9300203229019816,0.3520986149727243,0.7112703216870457,0.9225595013850963,-0.42001500413805437,0,0,0,9
AT1G08220.1,GO:0032592,,1,2581022,2583390,-,2368,protein_coding,ATPase complex subunit [Source:UniProtKB/TrEMBL;Acc:Q0WRX7],0.5620813554856442,0.901951240175778,-0.1449629215226804,0.04375496325172977,0.2605702610947692,-0.5094288038784932,0.7182867531172906,0.9241499593176822,-0.08992193758633907,0,0,0,3
AT1G08220.2,GO:0032592,,1,2581303,2583321,-,2018,protein_coding,ATPase complex subunit [Source:UniProtKB/TrEMBL;Acc:Q0WRX7],0.1158068208588314,0.5487214971897635,1.7558805681646947,0.3041713151655969,NA,1.1659841871623853,0.05270662320970463,NA,2.143952942626422,0,0,0,6
