ID,Path,Gene,Chromosome,Start,End,Strand,Length,BioType,Description,Flg22_vs_Mock_pvalue,Flg22_vs_Mock_padj,Flg22_vs_Mock_log2FoldChange,Flg22_SynCom33_vs_Mock_pvalue,Flg22_SynCom33_vs_Mock_padj,Flg22_SynCom33_vs_Mock_log2FoldChange,Flg22_SynCom35_vs_Mock_pvalue,Flg22_SynCom35_vs_Mock_padj,Flg22_SynCom35_vs_Mock_log2FoldChange,Flg22_vs_Mock,Flg22_SynCom33_vs_Mock,Flg22_SynCom35_vs_Mock,cl
AT3G56490.1,GO:0009150,HINT1,3,20941285,20943469,+,2184,protein_coding,Adenylylsulfatase HINT1 [Source:UniProtKB/Swiss-Prot;Acc:Q8GUN2],0.5101383454504906,0.8837829909448709,0.08363539497568226,0.023985926915818464,0.1849124426013857,-0.2891729249738869,0.6678469171280528,0.9065563061477646,-0.054556763126639506,0,0,0,3
AT4G16566.3,GO:0009150,HINT4,4,9334560,9336072,-,1512,protein_coding,histidine triad nucleotide-binding 4 [Source:TAIR;Acc:AT4G16566],0.6076234959276053,0.9155269761939208,0.1132813958214533,0.5272265548664379,0.828970243195858,0.13939833169967028,0.560376008284494,0.8648101871389028,-0.1293534672848499,0,0,0,9
AT5G01310.1,GO:0009150,APTX,5,126204,129150,+,2946,protein_coding,APRATAXIN-like [Source:TAIR;Acc:AT5G01310],0.5113996623901553,0.8845496104443527,0.11553038216294984,0.3874403678308905,0.7407639525857898,0.15189932382967233,0.3094929143081119,0.7096186311266015,0.17782515482193775,0,0,0,6
AT5G48545.3,GO:0009150,HINT3,5,19675452,19678194,+,2742,protein_coding,HINT3 [Source:UniProtKB/TrEMBL;Acc:A0A178UAY8],0.9503731316793498,0.9935543261146521,-0.1013044098512899,0.5931800145401365,NA,-0.8799502030809833,0.9128681169165701,NA,-0.1781021323578378,0,0,0,3
AT5G48545.2,GO:0009150,HINT3,5,19675452,19678194,+,2742,protein_coding,HINT3 [Source:UniProtKB/TrEMBL;Acc:A0A178UAY8],0.702829740511746,0.9426630751589574,0.26426509533232384,0.3466942415391642,0.7080865066901545,0.6455816642226273,0.3382655703302541,NA,0.6554959303370982,0,0,0,5
AT5G48545.1,GO:0009150,HINT3,5,19675452,19678194,+,2742,protein_coding,HINT3 [Source:UniProtKB/TrEMBL;Acc:A0A178UAY8],0.5530719873089789,0.898500138577056,0.1996614805002816,0.06911673746603038,0.33327284960750286,0.6035971025943497,0.42233857722822876,0.7865463602530198,0.2685971014609552,0,0,0,5
