ID,Path,Gene,Chromosome,Start,End,Strand,Length,BioType,Description,Flg22_vs_Mock_pvalue,Flg22_vs_Mock_padj,Flg22_vs_Mock_log2FoldChange,Flg22_SynCom33_vs_Mock_pvalue,Flg22_SynCom33_vs_Mock_padj,Flg22_SynCom33_vs_Mock_log2FoldChange,Flg22_SynCom35_vs_Mock_pvalue,Flg22_SynCom35_vs_Mock_padj,Flg22_SynCom35_vs_Mock_log2FoldChange,Flg22_vs_Mock,Flg22_SynCom33_vs_Mock,Flg22_SynCom35_vs_Mock,cl
AT3G18090.1,GO:0032549,NRPD2B,3,6194516,6200424,+,5908,protein_coding,nuclear RNA polymerase D2B [Source:TAIR;Acc:AT3G18090],0.2431803989233489,0.7216123095632956,-0.5821851004229969,0.39316694505720484,0.7453010236956336,-0.4240204368825403,0.6418514200585305,0.8982932788695827,0.22698701126725038,0,0,0,4
AT3G23780.1,GO:0032549,NRPD2,3,8567572,8574195,-,6623,protein_coding,DNA-directed RNA polymerase subunit beta [Source:UniProtKB/TrEMBL;Acc:A0A178VA17],0.5354599900185162,0.8922801703152878,-0.2912040321060846,0.25984126657671097,0.630425831264987,-0.5298702428032255,0.833780583381509,0.959290497678542,0.09851002410326534,0,0,0,4
AT4G21710.1,GO:0032549,NRPB2,4,11535404,11542405,-,7001,protein_coding,DNA-directed RNA polymerase II subunit 2 [Source:UniProtKB/Swiss-Prot;Acc:P38420],0.9638501696186605,0.9946629527453268,-0.0037881487756051047,0.07876187835966682,0.358203273743778,-0.14739799257648145,0.9314687222277622,0.984733852018767,-0.0071775299115331365,0,0,0,3
ATCG00190.1,GO:0032549,RPOB,Pt,23111,26329,-,3218,protein_coding,DNA-directed RNA polymerase subunit beta [Source:UniProtKB/TrEMBL;Acc:A0A1B1W4T9],0.2832878199226537,0.7579924576516822,0.38938875921146404,0.575413869568898,0.8556147122146964,0.20480027903551215,0.29513551677427147,0.6990617566757333,0.37900522248000873,0,0,0,6
