ID,Path,Gene,Chromosome,Start,End,Strand,Length,BioType,Description,Flg22_vs_Mock_pvalue,Flg22_vs_Mock_padj,Flg22_vs_Mock_log2FoldChange,Flg22_SynCom33_vs_Mock_pvalue,Flg22_SynCom33_vs_Mock_padj,Flg22_SynCom33_vs_Mock_log2FoldChange,Flg22_SynCom35_vs_Mock_pvalue,Flg22_SynCom35_vs_Mock_padj,Flg22_SynCom35_vs_Mock_log2FoldChange,Flg22_vs_Mock,Flg22_SynCom33_vs_Mock,Flg22_SynCom35_vs_Mock,cl
AT5G41040.1,GO:0050734,HHT1,5,16431304,16433305,+,2001,protein_coding,Omega-hydroxypalmitate O-feruloyl transferase [Source:UniProtKB/Swiss-Prot;Acc:Q94CD1],0.12236176101832597,0.5630391851248482,0.6186439743359748,0.45814866469747345,0.7874806538830719,-0.2972020686608766,0.01466489866081706,0.16022167664938092,-0.9781018894279316,0,0,0,7
AT5G41040.2,GO:0050734,HHT1,5,16431391,16433305,+,1914,protein_coding,Omega-hydroxypalmitate O-feruloyl transferase [Source:UniProtKB/Swiss-Prot;Acc:Q94CD1],0.6959479086809552,0.9406951201008452,0.21064830351043629,0.19417513137499193,0.5549453414440285,0.6996401159758813,0.5537426791254578,0.8606461253569523,-0.31930117580995004,0,0,0,9
AT5G57840.1,GO:0050734,,5,23432790,23435266,-,2476,protein_coding,AT5g57840/MTI20_9 [Source:UniProtKB/TrEMBL;Acc:Q9FJN0],0.3186822803050633,0.7835170151518589,0.12455168366363317,0.317833978489615,0.6829200711180425,-0.1268900424915686,0.28879271581026095,0.694426458121908,-0.13397943616547914,0,0,0,3
