ID,Path,Gene,Chromosome,Start,End,Strand,Length,BioType,Description,Flg22_vs_Mock_pvalue,Flg22_vs_Mock_padj,Flg22_vs_Mock_log2FoldChange,Flg22_SynCom33_vs_Mock_pvalue,Flg22_SynCom33_vs_Mock_padj,Flg22_SynCom33_vs_Mock_log2FoldChange,Flg22_SynCom35_vs_Mock_pvalue,Flg22_SynCom35_vs_Mock_padj,Flg22_SynCom35_vs_Mock_log2FoldChange,Flg22_vs_Mock,Flg22_SynCom33_vs_Mock,Flg22_SynCom35_vs_Mock,cl
AT1G10130.1,GO:0055071,ECA3,1,3310930,3322269,+,11339,protein_coding,"Calcium-transporting ATPase 3, endoplasmic reticulum-type [Source:UniProtKB/Swiss-Prot;Acc:Q9SY55]",0.09432037930959691,0.5047780177380816,0.14000847634075317,0.18370164399244848,0.5424879263764694,0.11137484320153539,0.36290721523291875,0.7491550757103846,0.07610954954484052,0,0,0,6
AT1G80830.1,GO:0055071,NRAMP1,1,30372668,30376065,-,3397,protein_coding,Metal transporter Nramp1 [Source:UniProtKB/Swiss-Prot;Acc:Q9SAH8],0.7837515100472883,0.9619773702231068,-0.31703488711906425,0.8319190160572012,0.95339272096686,0.24447950933396265,0.4054514099966271,0.7759406587939587,-0.9653023002096606,0,0,0,10
AT1G80830.2,GO:0055071,NRAMP1,1,30372784,30376072,-,3288,protein_coding,Metal transporter Nramp1 [Source:UniProtKB/Swiss-Prot;Acc:Q9SAH8],0.6063573019113877,0.9153247884940598,-0.10399361441999881,0.6571076834867013,0.8952596800714361,0.08955832271588737,0.40006583399681084,0.772211721483533,-0.16982798490859705,0,0,0,10
