ID,Path,Gene,Chromosome,Start,End,Strand,Length,BioType,Description,Flg22_vs_Mock_pvalue,Flg22_vs_Mock_padj,Flg22_vs_Mock_log2FoldChange,Flg22_SynCom33_vs_Mock_pvalue,Flg22_SynCom33_vs_Mock_padj,Flg22_SynCom33_vs_Mock_log2FoldChange,Flg22_SynCom35_vs_Mock_pvalue,Flg22_SynCom35_vs_Mock_padj,Flg22_SynCom35_vs_Mock_log2FoldChange,Flg22_vs_Mock,Flg22_SynCom33_vs_Mock,Flg22_SynCom35_vs_Mock,cl
AT2G22640.1,GO:0007163,BRK1,2,9622997,9624335,+,1338,protein_coding,Protein BRICK 1 [Source:UniProtKB/Swiss-Prot;Acc:Q94JY4],0.46122036653279286,0.8656653288357122,0.12791203972794268,0.5904934159823875,0.8643769155502221,0.09364368530066161,0.32961855590990824,0.7253953918914593,-0.17138320267799326,0,0,0,9
AT4G34490.1,GO:0007163,ATCAP1,4,16484470,16487533,-,3063,protein_coding,cyclase associated protein 1 [Source:TAIR;Acc:AT4G34490],0.14863850560580427,0.606130904138038,-0.21351501541793008,0.97099914655986,0.9934333636020988,-0.005367665243571463,0.12328906237041043,0.49280030423904186,0.2271541976011526,0,0,0,1
AT5G28646.2,GO:0007163,WVD2,5,10674712,10676490,+,1778,protein_coding,Protein WAVE-DAMPENED 2 [Source:UniProtKB/Swiss-Prot;Acc:Q84ZT9],0.9724407300565081,0.9946629527453268,0.020811507058087333,0.4688205021960763,0.7939792566014567,0.4331269752096895,0.27807028438682424,0.6840301535560549,-0.6637578444978678,0,0,0,9
