ID,Path,Gene,Chromosome,Start,End,Strand,Length,BioType,Description,Flg22_vs_Mock_pvalue,Flg22_vs_Mock_padj,Flg22_vs_Mock_log2FoldChange,Flg22_SynCom33_vs_Mock_pvalue,Flg22_SynCom33_vs_Mock_padj,Flg22_SynCom33_vs_Mock_log2FoldChange,Flg22_SynCom35_vs_Mock_pvalue,Flg22_SynCom35_vs_Mock_padj,Flg22_SynCom35_vs_Mock_log2FoldChange,Flg22_vs_Mock,Flg22_SynCom33_vs_Mock,Flg22_SynCom35_vs_Mock,cl
AT4G39400.1,GO:0048657,BRI1,4,18324457,18328831,+,4374,protein_coding,Protein BRASSINOSTEROID INSENSITIVE 1 [Source:UniProtKB/Swiss-Prot;Acc:O22476],0.02809928772500428,0.2765597851247698,0.1906013796183471,0.3059727397945233,0.673466271650464,-0.08926587109524885,0.04286318024424105,0.2941239554846638,-0.1765741700235471,0,0,0,7
AT5G05690.1,GO:0048657,CYP90A1,5,1702640,1706948,-,4308,protein_coding,DWF3 [Source:UniProtKB/TrEMBL;Acc:A0A178UQC4],0.9972873316301947,0.9994996402838522,-0.001856736297530065,0.9973502800885895,0.9989146036684174,0.0018137445995009287,0.5655597394286112,0.8670023042623188,0.3130795484172242,0,0,0,4
AT5G05690.3,GO:0048657,CYP90A1,5,1702688,1706787,-,4099,protein_coding,DWF3 [Source:UniProtKB/TrEMBL;Acc:A0A178UQC4],0.46802523075772645,0.8683182014217564,-0.26819199050511244,0.20693051508202287,0.571121937832892,-0.46752027814865127,0.18095743116564314,0.5783041815864829,0.49109889708697707,0,0,0,4
