ID,Path,Gene,Chromosome,Start,End,Strand,Length,BioType,Description,Flg22_vs_Mock_pvalue,Flg22_vs_Mock_padj,Flg22_vs_Mock_log2FoldChange,Flg22_SynCom33_vs_Mock_pvalue,Flg22_SynCom33_vs_Mock_padj,Flg22_SynCom33_vs_Mock_log2FoldChange,Flg22_SynCom35_vs_Mock_pvalue,Flg22_SynCom35_vs_Mock_padj,Flg22_SynCom35_vs_Mock_log2FoldChange,Flg22_vs_Mock,Flg22_SynCom33_vs_Mock,Flg22_SynCom35_vs_Mock,cl
AT1G27680.1,GO:0008878,APL2,1,9631190,9634597,+,3407,protein_coding,"Glucose-1-phosphate adenylyltransferase large subunit 2, chloroplastic [Source:UniProtKB/Swiss-Prot;Acc:P55230]",0.16748564358020587,0.634373905616009,-0.3315457925344633,0.3775303183578397,0.7329748676943122,-0.21133603861164652,0.4185004606923386,0.7843888028935302,0.19163417239753308,0,0,0,4
AT2G21590.7,GO:0008878,APL4,2,9239303,9242481,+,3178,protein_coding,"Probable glucose-1-phosphate adenylyltransferase large subunit, chloroplastic [Source:UniProtKB/Swiss-Prot;Acc:Q9SIK1]",0.42870342330549827,0.8498669042901543,0.46753788486692366,0.14971873983854894,0.4903434654410176,0.8387413752708174,0.9496473074043303,NA,0.037960599409798707,0,0,0,9
AT4G39210.2,GO:0008878,APL3,4,18259812,18263417,+,3605,protein_coding,Glucose-1-phosphate adenylyltransferase [Source:UniProtKB/TrEMBL;Acc:A0A178US50],0.1091130299070878,0.5349397954647169,0.827874326355173,0.4826639490042017,0.8017685267219379,0.3649125113377119,0.47946871314153533,0.8218914924152978,-0.3719520912126167,0,0,0,7
AT5G19220.1,GO:0008878,ADG2,5,6463824,6466831,-,3007,protein_coding,"Glucose-1-phosphate adenylyltransferase large subunit 1, chloroplastic [Source:UniProtKB/Swiss-Prot;Acc:P55229]",0.9151814514648525,0.9881052277925781,0.03617630430360682,0.05696346431129068,0.3008726982458822,0.643382925673321,0.9343346117015161,0.9851661236325965,-0.027982155569163773,0,0,0,5
AT5G48300.1,GO:0008878,APS1,5,19570238,19572804,+,2566,protein_coding,"Glucose-1-phosphate adenylyltransferase small subunit, chloroplastic [Source:UniProtKB/Swiss-Prot;Acc:P55228]",0.8089393018459952,0.966254819317097,0.03189248919063056,0.03059676719247558,0.21251590718988392,-0.28692358005707475,0.9578954491272949,0.9902053330083986,-0.006959168501486282,0,0,0,3
