ID,Path,Gene,Chromosome,Start,End,Strand,Length,BioType,Description,Flg22_vs_Mock_pvalue,Flg22_vs_Mock_padj,Flg22_vs_Mock_log2FoldChange,Flg22_SynCom33_vs_Mock_pvalue,Flg22_SynCom33_vs_Mock_padj,Flg22_SynCom33_vs_Mock_log2FoldChange,Flg22_SynCom35_vs_Mock_pvalue,Flg22_SynCom35_vs_Mock_padj,Flg22_SynCom35_vs_Mock_log2FoldChange,Flg22_vs_Mock,Flg22_SynCom33_vs_Mock,Flg22_SynCom35_vs_Mock,cl
AT2G22500.1,GO:0015141,PUMP5,2,9562774,9564850,-,2076,protein_coding,Mitochondrial uncoupling protein 5 [Source:UniProtKB/Swiss-Prot;Acc:Q9SJY5],0.28090868579961703,0.7559359607793554,0.2754785881414792,0.6920425703071612,0.9086092371321851,0.10126490177076815,0.04092076358864689,0.2865168016343617,-0.5240731969918714,0,0,0,7
AT4G24570.1,GO:0015141,PUMP4,4,12686459,12687650,+,1191,protein_coding,DIC2 [Source:UniProtKB/TrEMBL;Acc:A0A178URN9],0.6803126758704565,0.9368848753100961,0.24201512783383672,0.8324985171528774,0.9535653473988517,0.12428582356161633,0.14953898758348758,0.5341479815159627,-0.8508963682181903,0,0,0,9
AT5G01340.1,GO:0015141,SFC1,5,143055,144863,-,1808,protein_coding,Mitochondrial succinate-fumarate transporter 1 [Source:UniProtKB/Swiss-Prot;Acc:Q9M038],0.8650663678413115,0.9788155104315278,-0.034338732254643914,0.05130516875729475,0.2850196291301929,-0.39543277322888715,0.012606160208997687,0.14658240807543083,-0.5063085037766453,0,0,0,2
AT5G09470.1,GO:0015141,PUMP6,5,2949132,2950695,-,1563,protein_coding,DIC3 [Source:UniProtKB/TrEMBL;Acc:A0A178UKG1],0.15987797485807417,NA,1.3716801267167635,0.2805807298452629,NA,-1.1826411231009595,0.02793061479370876,NA,-3.048011605080163,0,-0,-0,7
