ID,Path,Gene,Chromosome,Start,End,Strand,Length,BioType,Description,Flg22_vs_Mock_pvalue,Flg22_vs_Mock_padj,Flg22_vs_Mock_log2FoldChange,Flg22_SynCom33_vs_Mock_pvalue,Flg22_SynCom33_vs_Mock_padj,Flg22_SynCom33_vs_Mock_log2FoldChange,Flg22_SynCom35_vs_Mock_pvalue,Flg22_SynCom35_vs_Mock_padj,Flg22_SynCom35_vs_Mock_log2FoldChange,Flg22_vs_Mock,Flg22_SynCom33_vs_Mock,Flg22_SynCom35_vs_Mock,cl
AT4G11830.3,GO:0006643,PLDGAMMA2,4,7115681,7121919,-,6238,protein_coding,Phospholipase D gamma 2 [Source:UniProtKB/Swiss-Prot;Acc:Q9T051],0.3863831005944858,0.8311876465203824,0.4908623437870254,0.7439607971074553,0.9262907947023474,0.18594505099521966,0.5564327338694688,0.8622935010934906,0.3336529484795723,0,0,0,6
AT4G11830.1,GO:0006643,PLDGAMMA2,4,7115681,7121919,-,6238,protein_coding,Phospholipase D gamma 2 [Source:UniProtKB/Swiss-Prot;Acc:Q9T051],0.9189871811519911,0.9884516680850549,-0.019325938447266475,0.02647827049799793,0.19584088221826287,0.41893473085390476,0.08584274659108855,0.4177194169677202,-0.32780536331521315,0,0,0,9
AT4G11830.4,GO:0006643,PLDGAMMA2,4,7115768,7121245,-,5477,protein_coding,Phospholipase D gamma 2 [Source:UniProtKB/Swiss-Prot;Acc:Q9T051],0.3568741612602115,0.8108697380807741,0.13967525537252723,0.012753141185003357,0.12655221164092295,0.37691817516830395,0.5812636344721409,0.8740962830469756,0.08359887738725973,0,0,0,5
AT4G11850.1,GO:0006643,PLDGAMMA1,4,7129123,7133385,-,4262,protein_coding,Phospholipase D gamma 1 [Source:UniProtKB/Swiss-Prot;Acc:Q9T053],0.006337221139896533,0.11564293247533666,-0.39685246637838245,0.7136002178246521,0.9171627778970177,-0.05328496009758675,0.38712268653088405,0.7661137407748725,-0.1255515791065807,0,0,0,1
