ID,Path,Gene,Chromosome,Start,End,Strand,Length,BioType,Description,Flg22_vs_Mock_pvalue,Flg22_vs_Mock_padj,Flg22_vs_Mock_log2FoldChange,Flg22_SynCom33_vs_Mock_pvalue,Flg22_SynCom33_vs_Mock_padj,Flg22_SynCom33_vs_Mock_log2FoldChange,Flg22_SynCom35_vs_Mock_pvalue,Flg22_SynCom35_vs_Mock_padj,Flg22_SynCom35_vs_Mock_log2FoldChange,Flg22_vs_Mock,Flg22_SynCom33_vs_Mock,Flg22_SynCom35_vs_Mock,cl
AT5G57060.9,GO:0019835,,5,23090101,23092199,+,2098,protein_coding,60S ribosomal L18a-like protein [Source:UniProtKB/TrEMBL;Acc:Q9LTR7],0.49073337208316736,0.8768902716239193,0.3040744410113061,0.548193942496348,0.8401202646477868,0.2651028402708994,0.7719830057098028,0.9410400867129325,-0.128447403862722,0,0,0,9
AT5G57060.6,GO:0019835,,5,23090101,23092199,+,2098,protein_coding,60S ribosomal L18a-like protein [Source:UniProtKB/TrEMBL;Acc:Q9LTR7],0.5406870809056458,0.8938483937625107,-0.4600797877912044,0.7672149847974999,NA,0.2167310382986973,0.04434398916931436,NA,-1.6274716511362899,0,0,-0,10
