ID,Path,Gene,Chromosome,Start,End,Strand,Length,BioType,Description,Flg22_vs_Mock_pvalue,Flg22_vs_Mock_padj,Flg22_vs_Mock_log2FoldChange,Flg22_SynCom33_vs_Mock_pvalue,Flg22_SynCom33_vs_Mock_padj,Flg22_SynCom33_vs_Mock_log2FoldChange,Flg22_SynCom35_vs_Mock_pvalue,Flg22_SynCom35_vs_Mock_padj,Flg22_SynCom35_vs_Mock_log2FoldChange,Flg22_vs_Mock,Flg22_SynCom33_vs_Mock,Flg22_SynCom35_vs_Mock,cl
AT1G10180.1,GO:0001927,EXO84C,1,3338185,3341628,-,3443,protein_coding,Exocyst complex component EXO84C [Source:UniProtKB/Swiss-Prot;Acc:Q9SY60],0.88913286144206,0.9839015755482773,-0.020307933037535687,0.42110937131856757,0.7632747714009841,-0.11748410564560482,0.5824338317065874,0.8741776232576629,-0.08006694413664513,0,0,0,3
AT1G10385.1,GO:0001927,EXO84A,1,3403132,3405920,+,2788,protein_coding,Exocyst complex component EXO84A [Source:UniProtKB/Swiss-Prot;Acc:F4I4B6],0.44558261619647815,0.8599315405913426,-0.33586996884337295,0.15302999192967662,0.4956328003678996,0.6133717727737643,0.6498726630602498,0.9009759999944384,0.19626490479865064,0,0,0,5
AT5G49830.1,GO:0001927,EXO84B,5,20250419,20255089,-,4670,protein_coding,Exocyst complex component 84B [Source:UniProtKB/TrEMBL;Acc:F4K7F5],0.005774327341758375,0.10898289496060544,-0.23925033734604792,0.29169851640808575,0.6598871933082691,-0.09107210213192143,0.6788768559417624,0.9105435357220784,-0.035638200575779884,0,0,0,1
