ID,Path,Gene,Chromosome,Start,End,Strand,Length,BioType,Description,Flg22_vs_Mock_pvalue,Flg22_vs_Mock_padj,Flg22_vs_Mock_log2FoldChange,Flg22_SynCom33_vs_Mock_pvalue,Flg22_SynCom33_vs_Mock_padj,Flg22_SynCom33_vs_Mock_log2FoldChange,Flg22_SynCom35_vs_Mock_pvalue,Flg22_SynCom35_vs_Mock_padj,Flg22_SynCom35_vs_Mock_log2FoldChange,Flg22_vs_Mock,Flg22_SynCom33_vs_Mock,Flg22_SynCom35_vs_Mock,cl
AT4G34540.1,GO:0033194,PLR3,4,16498391,16502174,+,3783,protein_coding,Probable pinoresinol-lariciresinol reductase 3 [Source:UniProtKB/Swiss-Prot;Acc:O65679],0.27778596300404906,0.7531506502661182,0.163244296629411,0.9409073674427489,0.9866002984591011,0.0112207705871244,0.8094986138616493,0.9523225360874094,0.036324803141611614,0,0,0,3
AT5G13240.2,GO:0033194,,5,4225005,4227717,-,2712,protein_coding,transcription regulators [Source:TAIR;Acc:AT5G13240],0.8069146318884947,0.9662426756893417,0.13154073407788552,0.9622360860017072,0.991588874145222,-0.025650929091019264,0.20926228939552774,NA,0.6631061912938866,0,0,0,4
AT5G13240.1,GO:0033194,,5,4225005,4227717,-,2712,protein_coding,transcription regulators [Source:TAIR;Acc:AT5G13240],0.7627736890121627,0.9569840739543738,0.050348094365617685,0.04819864975600819,0.2750320744514991,0.32739280973363133,0.8966574574425451,0.9766733875652079,0.02163673605952078,0,0,0,5
