ID,Path,Gene,Chromosome,Start,End,Strand,Length,BioType,Description,Flg22_vs_Mock_pvalue,Flg22_vs_Mock_padj,Flg22_vs_Mock_log2FoldChange,Flg22_SynCom33_vs_Mock_pvalue,Flg22_SynCom33_vs_Mock_padj,Flg22_SynCom33_vs_Mock_log2FoldChange,Flg22_SynCom35_vs_Mock_pvalue,Flg22_SynCom35_vs_Mock_padj,Flg22_SynCom35_vs_Mock_log2FoldChange,Flg22_vs_Mock,Flg22_SynCom33_vs_Mock,Flg22_SynCom35_vs_Mock,cl
AT2G18950.1,GO:0042362,HPT1,2,8207199,8210513,+,3314,protein_coding,"Homogentisate phytyltransferase 1, chloroplastic [Source:UniProtKB/Swiss-Prot;Acc:Q8VWJ1]",0.14178486905556223,0.5959687825803351,-0.3777185463635968,0.01211637263767228,0.12211753618178459,-0.6490197216770819,1.4115625767439842e-4,0.0062082947845167775,-0.9912012828885474,0,0,0,2
AT2G18950.2,GO:0042362,HPT1,2,8207320,8210486,+,3166,protein_coding,"Homogentisate phytyltransferase 1, chloroplastic [Source:UniProtKB/Swiss-Prot;Acc:Q8VWJ1]",0.6933351644336673,0.9397096075664376,0.6789617370677467,0.9077785249835019,0.9760191297736925,0.19969985533399376,0.43526110952926034,0.7969372379564497,-1.3550716202802247,0,0,-0,7
