ID,Path,Gene,Chromosome,Start,End,Strand,Length,BioType,Description,Flg22_vs_Mock_pvalue,Flg22_vs_Mock_padj,Flg22_vs_Mock_log2FoldChange,Flg22_SynCom33_vs_Mock_pvalue,Flg22_SynCom33_vs_Mock_padj,Flg22_SynCom33_vs_Mock_log2FoldChange,Flg22_SynCom35_vs_Mock_pvalue,Flg22_SynCom35_vs_Mock_padj,Flg22_SynCom35_vs_Mock_log2FoldChange,Flg22_vs_Mock,Flg22_SynCom33_vs_Mock,Flg22_SynCom35_vs_Mock,cl
AT1G15390.1,GO:0042586,PDF1A,1,5294629,5295931,+,1302,protein_coding,Peptide deformylase [Source:UniProtKB/TrEMBL;Acc:A0A178WDP8],0.3499359379435404,0.8064147291504189,-0.24665989184923626,0.6863268712889443,0.9067444257661632,-0.10602122675217548,0.7632150715121243,0.9383878150951668,0.07833337320323523,0,0,0,4
AT5G14660.1,GO:0042586,PDF1B,5,4726641,4728746,-,2105,protein_coding,"Peptide deformylase 1B, chloroplastic/mitochondrial [Source:UniProtKB/Swiss-Prot;Acc:Q9FUZ2]",0.9929005615316621,0.9982596702690572,-0.004513373444321997,0.8772762724301805,0.9675780411929676,-0.07857923036090082,0.45411715643356126,0.8069988587294,0.3741986172822823,0,0,0,4
