ID,Path,Gene,Chromosome,Start,End,Strand,Length,BioType,Description,Flg22_vs_Mock_pvalue,Flg22_vs_Mock_padj,Flg22_vs_Mock_log2FoldChange,Flg22_SynCom33_vs_Mock_pvalue,Flg22_SynCom33_vs_Mock_padj,Flg22_SynCom33_vs_Mock_log2FoldChange,Flg22_SynCom35_vs_Mock_pvalue,Flg22_SynCom35_vs_Mock_padj,Flg22_SynCom35_vs_Mock_log2FoldChange,Flg22_vs_Mock,Flg22_SynCom33_vs_Mock,Flg22_SynCom35_vs_Mock,cl
AT4G26690.1,GO:0010442,GDPDL3,4,13456434,13460105,-,3671,protein_coding,Glycerophosphodiester phosphodiesterase GDPDL3 [Source:UniProtKB/Swiss-Prot;Acc:Q9SZ11],0.7740321521204835,0.9593789929619458,-0.05137928148091283,0.010058427159490655,0.10920461991172367,0.460182120958044,0.6507717467255034,0.9011436754763541,-0.08100376824363832,0,0,0,5
AT5G55480.1,GO:0010442,GDPDL4,5,22474142,22478216,+,4074,protein_coding,Glycerophosphodiester phosphodiesterase GDPDL4 [Source:UniProtKB/Swiss-Prot;Acc:Q9FJ62],0.29592808007809884,0.7674469978541599,-0.14073042040130818,0.31944703426855403,0.6838333587604746,-0.13405891986650462,0.14180618086102573,0.5228464519777098,0.1968421279240812,0,0,0,4
