ID,Path,Gene,Chromosome,Start,End,Strand,Length,BioType,Description,Flg22_vs_Mock_pvalue,Flg22_vs_Mock_padj,Flg22_vs_Mock_log2FoldChange,Flg22_SynCom33_vs_Mock_pvalue,Flg22_SynCom33_vs_Mock_padj,Flg22_SynCom33_vs_Mock_log2FoldChange,Flg22_SynCom35_vs_Mock_pvalue,Flg22_SynCom35_vs_Mock_padj,Flg22_SynCom35_vs_Mock_log2FoldChange,Flg22_vs_Mock,Flg22_SynCom33_vs_Mock,Flg22_SynCom35_vs_Mock,cl
AT2G30110.1,GO:0004839,UBA1,2,12852329,12857727,-,5398,protein_coding,UBA1 [Source:UniProtKB/TrEMBL;Acc:A0A178VN59],0.7022747046480728,0.9422749907645003,0.027003914042661975,0.34323556792581666,0.704803359253558,-0.06701857058751508,0.5351136309057658,0.8511349510643232,-0.04381241482544509,0,0,0,3
AT3G07525.1,GO:0004839,ATG10,3,2398951,2400603,-,1652,protein_coding,ATG10 [Source:UniProtKB/TrEMBL;Acc:A0A178V865],0.32895933290220924,0.7912936594604264,-0.43219539391507883,0.8250917684906759,0.9517644068890444,-0.09656742297480438,0.24462660720296692,0.6533764116294816,-0.5151797965498633,0,0,0,10
AT3G07525.2,GO:0004839,ATG10,3,2399143,2400402,-,1259,protein_coding,ATG10 [Source:UniProtKB/TrEMBL;Acc:A0A178V865],0.9051076795209505,0.9868809346462182,0.031088174886806506,0.24719812090702784,0.6178688876078775,-0.31115547589532294,0.45584258006927475,0.8083323932622506,-0.1968050411600409,0,0,0,3
AT5G06460.1,GO:0004839,UBA2,5,1969960,1974527,+,4567,protein_coding,UBA 2 [Source:UniProtKB/TrEMBL;Acc:A0A178UEQ1],0.6344578048160782,0.9253214416817163,0.06478600724178471,0.11083695508652065,0.4250189656504074,-0.2181180230396627,0.9609130352272689,0.9904777929830886,0.006676171458838809,0,0,0,3
