ID,Path,Gene,Chromosome,Start,End,Strand,Length,BioType,Description,Flg22_vs_Mock_pvalue,Flg22_vs_Mock_padj,Flg22_vs_Mock_log2FoldChange,Flg22_SynCom33_vs_Mock_pvalue,Flg22_SynCom33_vs_Mock_padj,Flg22_SynCom33_vs_Mock_log2FoldChange,Flg22_SynCom35_vs_Mock_pvalue,Flg22_SynCom35_vs_Mock_padj,Flg22_SynCom35_vs_Mock_log2FoldChange,Flg22_vs_Mock,Flg22_SynCom33_vs_Mock,Flg22_SynCom35_vs_Mock,cl
AT3G62120.2,GO:0004827,,3,23001030,23004292,-,3262,protein_coding,"Proline--tRNA ligase, cytoplasmic [Source:UniProtKB/Swiss-Prot;Acc:Q9M1R2]",0.024272972227503478,0.25549525587322297,-0.3012273616739688,0.011036766739360541,0.11521146428699869,-0.3399345320606405,0.4125454313784088,0.7801824597307221,0.10931348469296727,0,0,0,4
AT3G62120.1,GO:0004827,,3,23001030,23004321,-,3291,protein_coding,"Proline--tRNA ligase, cytoplasmic [Source:UniProtKB/Swiss-Prot;Acc:Q9M1R2]",0.7390343241352646,0.9526941163124348,0.16619390963588243,0.08454006333050211,0.37224727497563365,0.8595131684766238,0.25078034256944365,0.6589590855159625,0.5724291261586788,0,0,0,5
AT5G52520.1,GO:0004827,OVA6,5,21311020,21314180,+,3160,protein_coding,"Proline--tRNA ligase, chloroplastic/mitochondrial [Source:UniProtKB/Swiss-Prot;Acc:Q9FYR6]",0.49576220181637654,0.8785304276516508,0.08956102430625018,0.6392278119793346,0.8867644773262706,-0.06214209743779506,0.9517526229928283,0.9888296246553694,-0.007961936415534799,0,0,0,3
