ID,Path,Gene,Chromosome,Start,End,Strand,Length,BioType,Description,Flg22_vs_Mock_pvalue,Flg22_vs_Mock_padj,Flg22_vs_Mock_log2FoldChange,Flg22_SynCom33_vs_Mock_pvalue,Flg22_SynCom33_vs_Mock_padj,Flg22_SynCom33_vs_Mock_log2FoldChange,Flg22_SynCom35_vs_Mock_pvalue,Flg22_SynCom35_vs_Mock_padj,Flg22_SynCom35_vs_Mock_log2FoldChange,Flg22_vs_Mock,Flg22_SynCom33_vs_Mock,Flg22_SynCom35_vs_Mock,cl
AT5G48010.2,GO:0051746,THAS1,5,19456837,19461706,+,4869,protein_coding,Thalianol synthase [Source:UniProtKB/Swiss-Prot;Acc:Q9FI37],0.8572990378088783,0.9771241596705929,-0.06265125981160109,0.017300990213782383,0.15159231386144,-0.8294825363480645,0.18191400773304592,0.5797781570800671,-0.4651348525022645,0,0,0,3
AT5G48010.1,GO:0051746,THAS1,5,19456960,19461689,+,4729,protein_coding,Thalianol synthase [Source:UniProtKB/Swiss-Prot;Acc:Q9FI37],0.2873898711788844,0.7613073172103028,-0.7763333296933105,0.16528301561773556,0.5147286869596811,-1.0129049358438857,0.1524800767354017,0.5385547176598339,-1.0444192088533384,0,-0,-0,8
