ID,Path,Gene,Chromosome,Start,End,Strand,Length,BioType,Description,Flg22_vs_Mock_pvalue,Flg22_vs_Mock_padj,Flg22_vs_Mock_log2FoldChange,Flg22_SynCom33_vs_Mock_pvalue,Flg22_SynCom33_vs_Mock_padj,Flg22_SynCom33_vs_Mock_log2FoldChange,Flg22_SynCom35_vs_Mock_pvalue,Flg22_SynCom35_vs_Mock_padj,Flg22_SynCom35_vs_Mock_log2FoldChange,Flg22_vs_Mock,Flg22_SynCom33_vs_Mock,Flg22_SynCom35_vs_Mock,cl
AT1G06950.1,GO:0061927,TIC110,1,2130053,2135703,-,5650,protein_coding,"Protein TIC110, chloroplastic [Source:UniProtKB/Swiss-Prot;Acc:Q8LPR9]",0.05255870161884719,0.38560025957190375,-0.25351176636236566,0.012554475614380734,0.12508873738539025,-0.32669253494852746,0.7556318886568709,0.9354733808798167,0.04057980932702555,0,0,0,4
AT3G46740.1,GO:0061927,TOC75-3,3,17215813,17219411,-,3598,protein_coding,"Protein TOC75-3, chloroplastic [Source:UniProtKB/Swiss-Prot;Acc:Q9STE8]",0.4553235675422926,0.8634684115895739,-0.10224372141591653,0.13019762393973316,0.4592537103723799,-0.20748187111798572,0.2845738519247568,0.6909893831817527,0.14615999995379572,0,0,0,4
AT4G02510.3,GO:0061927,TOC159,4,1104450,1109750,+,5300,protein_coding,"Translocase of chloroplast 159, chloroplastic [Source:UniProtKB/Swiss-Prot;Acc:O81283]",0.03058812447899183,0.2879079108635318,-0.2560053910009008,0.01763458595687758,0.15335108154464394,-0.2810295402075227,0.10304828324783903,0.4564786592481148,0.19246304208304132,0,0,0,4
AT4G02510.4,GO:0061927,TOC159,4,1104566,1111784,+,7218,protein_coding,"Translocase of chloroplast 159, chloroplastic [Source:UniProtKB/Swiss-Prot;Acc:O81283]",0.033277394129785226,0.3037253460310896,-0.7672541150047991,0.19322132701912062,0.5533960912985297,-0.4677864259666125,0.7263835730819698,0.9259124312719623,-0.12544433202033953,0,0,0,8
