ID,Path,Gene,Chromosome,Start,End,Strand,Length,BioType,Description,Flg22_vs_Mock_pvalue,Flg22_vs_Mock_padj,Flg22_vs_Mock_log2FoldChange,Flg22_SynCom33_vs_Mock_pvalue,Flg22_SynCom33_vs_Mock_padj,Flg22_SynCom33_vs_Mock_log2FoldChange,Flg22_SynCom35_vs_Mock_pvalue,Flg22_SynCom35_vs_Mock_padj,Flg22_SynCom35_vs_Mock_log2FoldChange,Flg22_vs_Mock,Flg22_SynCom33_vs_Mock,Flg22_SynCom35_vs_Mock,cl
AT5G47480.2,GO:0048208,MAG5,5,19257027,19263425,+,6398,protein_coding,Protein transport protein SEC16A homolog [Source:UniProtKB/Swiss-Prot;Acc:Q9FGK9],0.8721590139836721,0.9806339853453774,-0.06792288175088775,0.619827740554454,0.8772354070540609,0.20903054456747686,0.2894410425824693,0.6948086811463826,-0.4482477505639671,0,0,0,9
AT5G47480.1,GO:0048208,MAG5,5,19257027,19263425,+,6398,protein_coding,Protein transport protein SEC16A homolog [Source:UniProtKB/Swiss-Prot;Acc:Q9FGK9],0.440786565641802,0.8571866395013759,0.05364153265184192,0.6648264468437253,0.8975874915400042,0.03016839009352211,0.1496299051532697,0.5341479815159627,-0.10040690395267064,0,0,0,7
AT5G47490.1,GO:0048208,SEC16B,5,19263893,19270800,+,6907,protein_coding,Protein transport protein SEC16B homolog [Source:UniProtKB/Swiss-Prot;Acc:Q9FGK8],0.7997182766146061,0.9656926372445539,-0.06373570415993134,0.7828793256374702,0.9393154220837525,0.06914073618819912,0.5901518390073499,0.8770011161049346,0.1349456011250789,0,0,0,1
AT5G47490.3,GO:0048208,SEC16B,5,19263935,19270828,+,6893,protein_coding,Protein transport protein SEC16B homolog [Source:UniProtKB/Swiss-Prot;Acc:Q9FGK8],0.5057816191833165,0.8823772381006403,-0.2557310287075409,0.6034953642491463,0.8701607707634538,-0.19955423874510103,0.5843303812163467,0.8752403071477606,0.20968970651663515,0,0,0,4
