ID,Path,Gene,Chromosome,Start,End,Strand,Length,BioType,Description,Flg22_vs_Mock_pvalue,Flg22_vs_Mock_padj,Flg22_vs_Mock_log2FoldChange,Flg22_SynCom33_vs_Mock_pvalue,Flg22_SynCom33_vs_Mock_padj,Flg22_SynCom33_vs_Mock_log2FoldChange,Flg22_SynCom35_vs_Mock_pvalue,Flg22_SynCom35_vs_Mock_padj,Flg22_SynCom35_vs_Mock_log2FoldChange,Flg22_vs_Mock,Flg22_SynCom33_vs_Mock,Flg22_SynCom35_vs_Mock,cl
AT3G21000.1,GO:0000943,,3,7363880,7365391,+,1511,protein_coding,Gag-Pol-related retrotransposon family protein [Source:UniProtKB/TrEMBL;Acc:Q1PEN6],0.29533939641297485,NA,-1.4518656114905646,0.12392037055119244,NA,-2.3924862140599674,0.9972548478080164,NA,0.0043212526601445,-0,-0,0,8
AT4G00980.1,GO:0000943,,4,422478,424588,-,2110,protein_coding,At4g00980 [Source:UniProtKB/TrEMBL;Acc:Q8GXX5],0.5942712273198646,0.9110099152363225,-0.1240612952738333,0.982337693396041,0.996073169185517,0.00512418219420306,0.8809443528282115,0.9724584399532491,-0.034578648870395426,0,0,0,1
AT5G48050.1,GO:0000943,,5,19472446,19473838,-,1392,protein_coding,Copia-like polyprotein/retrotransposon [Source:UniProtKB/TrEMBL;Acc:Q9FI33],0.5086985981752792,NA,-0.9748786741182905,0.8525373954281567,NA,-0.25681057483086195,0.8839895217329179,NA,0.19449151927854472,0,0,0,1
ATMG00810.1,GO:0000943,ORF240B,Mt,227709,228431,-,722,protein_coding,Uncharacterized mitochondrial protein AtMg00810 [Source:UniProtKB/Swiss-Prot;Acc:P92519],0.7891746841687363,NA,0.3536556979624055,0.9468746668631665,NA,0.08923169110071281,0.33310324580067535,NA,-1.4445854727308332,0,0,-0,2
ATMG00820.1,GO:0000943,ORF170,Mt,228573,229085,-,512,protein_coding,Uncharacterized mitochondrial protein AtMg00820 [Source:UniProtKB/Swiss-Prot;Acc:P92520],0.8248818371116935,NA,0.2883928845275095,0.7079118026346771,NA,0.48379312717152423,0.875866235237755,NA,-0.20873308581775699,0,0,0,9
