ID,Path,Gene,Chromosome,Start,End,Strand,Length,BioType,Description,Flg22_vs_Mock_pvalue,Flg22_vs_Mock_padj,Flg22_vs_Mock_log2FoldChange,Flg22_SynCom33_vs_Mock_pvalue,Flg22_SynCom33_vs_Mock_padj,Flg22_SynCom33_vs_Mock_log2FoldChange,Flg22_SynCom35_vs_Mock_pvalue,Flg22_SynCom35_vs_Mock_padj,Flg22_SynCom35_vs_Mock_log2FoldChange,Flg22_vs_Mock,Flg22_SynCom33_vs_Mock,Flg22_SynCom35_vs_Mock,cl
AT1G08130.1,GO:0003910,LIG1,1,2542663,2547946,-,5283,protein_coding,DNA ligase 1 [Source:UniProtKB/Swiss-Prot;Acc:Q42572],0.3324622507035535,0.79345386942344,-0.15395962127465745,0.6920472945714508,0.9086092371321851,-0.06284241104773196,0.7797163076277105,0.9437522092315389,0.044253097025477264,0,0,0,4
AT1G66730.1,GO:0003910,LIG6,1,24884681,24892046,+,7365,protein_coding,DNA ligase 6 [Source:UniProtKB/Swiss-Prot;Acc:F4HPZ9],0.643308113211519,0.9273392630027173,-0.07732402542218876,0.30572885166511543,0.6733001394292079,-0.17174168126227116,0.7643595181476753,0.9385198090211887,0.049679793506399825,0,0,0,4
AT5G57160.1,GO:0003910,LIG4,5,23154965,23161826,-,6861,protein_coding,DNA ligase 4 [Source:UniProtKB/Swiss-Prot;Acc:Q9LL84],0.6199312887421258,0.9204588106753944,-0.06275275158591591,0.47570553364836154,0.7982469510321633,0.0899097603659743,0.28462423537051323,0.6909893831817527,0.13444910343464092,0,0,0,1
AT5G57160.2,GO:0003910,LIG4,5,23155150,23159747,-,4597,protein_coding,DNA ligase 4 [Source:UniProtKB/Swiss-Prot;Acc:Q9LL84],0.784643313930887,0.9622832696452184,-0.08368269516654087,0.7231426568423889,0.9214248088866843,0.10831425438746728,0.4067996809106752,0.7765678857774441,-0.2542478490784046,0,0,0,10
