ID,Path,Gene,Chromosome,Start,End,Strand,Length,BioType,Description,Flg22_vs_Mock_pvalue,Flg22_vs_Mock_padj,Flg22_vs_Mock_log2FoldChange,Flg22_SynCom33_vs_Mock_pvalue,Flg22_SynCom33_vs_Mock_padj,Flg22_SynCom33_vs_Mock_log2FoldChange,Flg22_SynCom35_vs_Mock_pvalue,Flg22_SynCom35_vs_Mock_padj,Flg22_SynCom35_vs_Mock_log2FoldChange,Flg22_vs_Mock,Flg22_SynCom33_vs_Mock,Flg22_SynCom35_vs_Mock,cl
AT1G15870.1,GO:0070131,,1,5457084,5458429,+,1345,protein_coding,At1g15870/F7H2_19 [Source:UniProtKB/TrEMBL;Acc:Q9LMP8],0.02447219863314614,0.25644996480099386,-0.9602786159731492,0.1291979159208855,0.4572574247610411,-0.6315256910940561,0.8924485223062133,NA,0.053772924937740406,0,0,0,4
AT2G39795.1,GO:0070131,,2,16596838,16598162,+,1324,protein_coding,"Uncharacterized protein At2g39795, mitochondrial [Source:UniProtKB/Swiss-Prot;Acc:Q8W487]",0.105790733016049,0.5280299755011668,-0.34705671200952937,0.3278009756027023,0.6913499000589867,-0.20919992831244935,0.5979054749201855,0.8800935691524852,0.11162334308879063,0,0,0,4
AT3G55605.1,GO:0070131,,3,20622607,20624051,+,1444,protein_coding,At3g55605 [Source:UniProtKB/TrEMBL;Acc:Q8LCT2],0.48596083887147845,0.8752403418423143,-0.17405445274847983,0.32146632096685945,0.6849217436974808,-0.2482346301951974,0.5512428338608328,0.8594551867841634,0.14750981036993746,0,0,0,4
AT4G31930.1,GO:0070131,,4,15449507,15450919,-,1412,protein_coding,AT4g31930/F10N7_260 [Source:UniProtKB/TrEMBL;Acc:Q9AST4],0.7923099082359822,0.9638115017678341,0.08733811494772287,0.5553863373606374,0.844365050668842,-0.19791450662714488,0.3360880071075616,0.7302782929529426,0.3158384284793315,0,0,0,4
AT5G02050.1,GO:0070131,,5,402979,404346,-,1367,protein_coding,At5g02050 [Source:UniProtKB/TrEMBL;Acc:Q9LZM6],0.08556155987419345,0.48257430287591463,-0.4747434604147795,0.0961893764200783,0.39694731600431254,-0.45935982896687766,0.47639285538684006,0.8204638352707136,0.1959852877607422,0,0,0,4
AT5G05990.1,GO:0070131,,5,1806761,1807919,-,1158,protein_coding,AT5g05990/K18J17_19 [Source:UniProtKB/TrEMBL;Acc:Q9FI87],0.4988256107509971,0.8794053629718814,-0.21970152418977643,0.6048048060702527,0.8706293448583039,-0.16793783806885818,0.7279156276571213,0.9267672613344106,0.1120074066896292,0,0,0,4
