ID,Path,Gene,Chromosome,Start,End,Strand,Length,BioType,Description,Flg22_vs_Mock_pvalue,Flg22_vs_Mock_padj,Flg22_vs_Mock_log2FoldChange,Flg22_SynCom33_vs_Mock_pvalue,Flg22_SynCom33_vs_Mock_padj,Flg22_SynCom33_vs_Mock_log2FoldChange,Flg22_SynCom35_vs_Mock_pvalue,Flg22_SynCom35_vs_Mock_padj,Flg22_SynCom35_vs_Mock_log2FoldChange,Flg22_vs_Mock,Flg22_SynCom33_vs_Mock,Flg22_SynCom35_vs_Mock,cl
AT3G05210.1,GO:0000710,ERCC1,3,1479339,1482042,+,2703,protein_coding,DNA excision repair protein ERCC-1 [Source:UniProtKB/Swiss-Prot;Acc:Q9MA98],0.48491322340346615,0.8752403418423143,0.10878258981944146,0.6677840110248735,0.8987767153820833,-0.06737546970290463,0.571411872408236,0.8690017318841098,-0.08858010615640446,0,0,0,3
AT3G05210.2,GO:0000710,ERCC1,3,1479339,1482042,+,2703,protein_coding,DNA excision repair protein ERCC-1 [Source:UniProtKB/Swiss-Prot;Acc:Q9MA98],0.967269808837396,0.9946629527453268,-0.012867206753113251,0.0505027402357763,0.2827185887168135,0.6028970135774264,0.523047285202287,0.8448117883448555,-0.20103748286467382,0,0,0,5
AT3G24495.1,GO:0000710,MSH7,3,8912343,8918146,-,5803,protein_coding,DNA mismatch repair protein MSH7 [Source:UniProtKB/Swiss-Prot;Acc:Q9SMV7],0.5160940544706885,0.886043035602738,-0.15708334630183712,0.2834726952759786,0.6532070113499793,-0.260249368840384,0.4074275576412829,0.7770926811924339,0.19842780748187558,0,0,0,4
AT3G24495.2,GO:0000710,MSH7,3,8912343,8918288,-,5945,protein_coding,DNA mismatch repair protein MSH7 [Source:UniProtKB/Swiss-Prot;Acc:Q9SMV7],0.4186425305072756,0.8465117461374367,-0.5370311137258219,0.3671685078677649,0.724401206795354,-0.599593671281113,0.6563221322855357,0.9028566917481232,0.2919268495298674,0,0,0,4
AT4G02070.1,GO:0000710,MSH6,4,905865,913290,+,7425,protein_coding,DNA mismatch repair protein MSH6 [Source:UniProtKB/Swiss-Prot;Acc:O04716],0.04692014882625117,0.3634624692400779,-0.3670668714614656,0.015143065187120898,0.14071063890777183,-0.44986391775205353,0.2805722053800421,0.6870297612853801,0.19654923705025668,0,0,0,4
AT4G25540.1,GO:0000710,MSH3,4,13042455,13048262,-,5807,protein_coding,DNA mismatch repair protein MSH3 [Source:UniProtKB/Swiss-Prot;Acc:O65607],0.2541222140087847,0.7327037917241449,0.270682865185748,0.6754094962488381,0.9019528576568492,-0.1016098866450703,0.05439327574916404,0.3351929887226917,0.4509534315642814,0,0,0,6
