ID,Path,Gene,Chromosome,Start,End,Strand,Length,BioType,Description,Flg22_vs_Mock_pvalue,Flg22_vs_Mock_padj,Flg22_vs_Mock_log2FoldChange,Flg22_SynCom33_vs_Mock_pvalue,Flg22_SynCom33_vs_Mock_padj,Flg22_SynCom33_vs_Mock_log2FoldChange,Flg22_SynCom35_vs_Mock_pvalue,Flg22_SynCom35_vs_Mock_padj,Flg22_SynCom35_vs_Mock_log2FoldChange,Flg22_vs_Mock,Flg22_SynCom33_vs_Mock,Flg22_SynCom35_vs_Mock,cl
AT1G67980.1,GO:0042409,CCOAMT,1,25487682,25489312,+,1630,protein_coding,Putative caffeoyl-CoA O-methyltransferase At1g67980 [Source:UniProtKB/Swiss-Prot;Acc:Q9C9W3],0.13429040769818526,0.5822478459159895,0.7122080740203024,0.0015168932999673709,0.030340123281043796,1.4995327089546855,0.5444419466303576,0.856534420947679,-0.2919295978279881,0,1,0,9
AT4G26220.1,GO:0042409,,4,13283526,13285323,+,1797,protein_coding,Probable caffeoyl-CoA O-methyltransferase At4g26220 [Source:UniProtKB/Swiss-Prot;Acc:Q9C5D7],0.10260503255400868,0.5216097217550522,-0.2847066372916377,0.020478779102692413,0.16785919124262513,-0.40484302641260955,0.7561064872816596,0.9356589425215629,-0.05399820658920999,0,0,0,4
AT4G34050.3,GO:0042409,CCoAOMT1,4,16310409,16312308,+,1899,protein_coding,S-adenosyl-L-methionine-dependent methyltransferases superfamily protein [Source:TAIR;Acc:AT4G34050],0.0025386558610566495,0.06309697366819682,1.1318167505665881,0.08597943021328792,0.37563774467635397,0.6466212185114952,0.47804587163988926,0.8213419943293863,-0.27029258050635535,0,0,0,7
AT4G34050.1,GO:0042409,CCoAOMT1,4,16310768,16312270,+,1502,protein_coding,S-adenosyl-L-methionine-dependent methyltransferases superfamily protein [Source:TAIR;Acc:AT4G34050],1.1328624324957807e-10,5.7695653812071485e-8,0.6152724052488034,3.866973182582281e-8,6.83894559830111e-6,0.5245550728325634,0.0014991298583562672,0.03518640598276593,-0.3032551429110107,0,0,0,9
