ID,Path,Gene,Chromosome,Start,End,Strand,Length,BioType,Description,Flg22_vs_Mock_pvalue,Flg22_vs_Mock_padj,Flg22_vs_Mock_log2FoldChange,Flg22_SynCom33_vs_Mock_pvalue,Flg22_SynCom33_vs_Mock_padj,Flg22_SynCom33_vs_Mock_log2FoldChange,Flg22_SynCom35_vs_Mock_pvalue,Flg22_SynCom35_vs_Mock_padj,Flg22_SynCom35_vs_Mock_log2FoldChange,Flg22_vs_Mock,Flg22_SynCom33_vs_Mock,Flg22_SynCom35_vs_Mock,cl
AT1G31480.1,GO:0009590,SGR2,1,11265816,11271701,+,5885,protein_coding,Phospholipase SGR2 [Source:UniProtKB/Swiss-Prot;Acc:Q8W5R2],0.36598786283322404,0.8156415657598898,0.11529480192782139,0.5838831679669063,0.8600990367300332,0.0699419083054699,0.31660598115910804,0.7157729668242879,-0.12820735293149074,0,0,0,7
AT2G01940.1,GO:0009590,SGR5,2,432195,435100,+,2905,protein_coding,C2H2-like zinc finger protein [Source:TAIR;Acc:AT2G01940],0.21452727586576872,0.6909933818000447,1.641364767160483,0.3043555565657994,NA,1.3653160083561007,0.06277853772247491,NA,2.434180222756508,0,0,0,6
AT2G01940.2,GO:0009590,SGR5,2,432847,435077,+,2230,protein_coding,C2H2-like zinc finger protein [Source:TAIR;Acc:AT2G01940],0.15231037770933015,0.6097370072006495,-0.7879844601626912,0.43009232572989625,0.7687294887474815,-0.4271479605527563,0.9603920985643803,NA,0.026357068867005843,0,0,0,8
AT5G51820.1,GO:0009590,PGMP,5,21063298,21068327,-,5029,protein_coding,"Phosphoglucomutase, chloroplastic [Source:UniProtKB/Swiss-Prot;Acc:Q9SCY0]",0.9809595095113139,0.9959906089949536,0.004621927660826691,0.009754814598030041,0.10703221470377289,-0.5101905559104788,0.15056531439746354,0.5353944967517993,0.2757144107167907,0,0,0,4
