ID,Path,Gene,Chromosome,Start,End,Strand,Length,BioType,Description,Flg22_vs_Mock_pvalue,Flg22_vs_Mock_padj,Flg22_vs_Mock_log2FoldChange,Flg22_SynCom33_vs_Mock_pvalue,Flg22_SynCom33_vs_Mock_padj,Flg22_SynCom33_vs_Mock_log2FoldChange,Flg22_SynCom35_vs_Mock_pvalue,Flg22_SynCom35_vs_Mock_padj,Flg22_SynCom35_vs_Mock_log2FoldChange,Flg22_vs_Mock,Flg22_SynCom33_vs_Mock,Flg22_SynCom35_vs_Mock,cl
AT2G46590.1,GO:0071491,DOF2.5,2,19132925,19135293,+,2368,protein_coding,Dof zinc finger protein DOF2.5 [Source:UniProtKB/Swiss-Prot;Acc:Q9ZPY0],0.881174672174514,0.9828551392821914,-0.06965848098037235,0.30041599750252873,0.6684386536411024,-0.48781216802375627,0.8278027580929365,0.957267260592803,-0.10126312727602851,0,0,0,3
AT2G46590.2,GO:0071491,DOF2.5,2,19133005,19135383,+,2378,protein_coding,Dof zinc finger protein DOF2.5 [Source:UniProtKB/Swiss-Prot;Acc:Q9ZPY0],0.8274284912924441,0.9696044000628784,-0.05641266509199126,0.030020504168185087,0.21032348007535875,-0.5684419235984474,0.7140926217539059,0.9233556836978816,0.09440756783707105,0,0,0,3
AT3G22840.1,GO:0071491,ELIP1,3,8084405,8085669,-,1264,protein_coding,ELIP1 [Source:UniProtKB/TrEMBL;Acc:A0A178VCA8],0.23351356630779088,0.7097050735667015,-0.9125974391005844,7.20594298603161e-4,0.017690425511461348,-2.62332838586136,0.18012099620100352,0.5769109656016346,-1.0269020301706955,0,-1,-0,8
AT4G14690.1,GO:0071491,ELIP2,4,8418242,8419325,+,1083,protein_coding,"Early light-induced protein 2, chloroplastic [Source:UniProtKB/Swiss-Prot;Acc:Q94K66]",0.5219794695829363,0.8887284181920557,-0.6179360099892619,4.927288906584196e-4,0.013581907885427498,-3.5910797724805916,0.11766569751008327,0.4832768846175166,-1.521804614091788,0,-1,-0,2
