ID,Path,Gene,Chromosome,Start,End,Strand,Length,BioType,Description,Flg22_vs_Mock_pvalue,Flg22_vs_Mock_padj,Flg22_vs_Mock_log2FoldChange,Flg22_SynCom33_vs_Mock_pvalue,Flg22_SynCom33_vs_Mock_padj,Flg22_SynCom33_vs_Mock_log2FoldChange,Flg22_SynCom35_vs_Mock_pvalue,Flg22_SynCom35_vs_Mock_padj,Flg22_SynCom35_vs_Mock_log2FoldChange,Flg22_vs_Mock,Flg22_SynCom33_vs_Mock,Flg22_SynCom35_vs_Mock,cl
AT4G25080.6,GO:0046406,CHLM,4,12876822,12878193,+,1371,protein_coding,magnesium-protoporphyrin IX methyltransferase [Source:TAIR;Acc:AT4G25080],0.3309293395133256,0.792847224145638,-1.1213643464825065,0.8031055902049917,0.9459780862095606,0.2850537337252607,0.8742430524255668,0.9703028948521568,-0.18124258341032115,-0,0,0,1
AT4G25080.2,GO:0046406,CHLM,4,12876855,12878359,+,1504,protein_coding,magnesium-protoporphyrin IX methyltransferase [Source:TAIR;Acc:AT4G25080],0.9334801047686139,0.9914951924265751,-0.044667965988501715,0.7650940211076372,0.9332752868580125,-0.16060963545344623,0.23045471753436308,0.6382595909602204,0.6290460317781266,0,0,0,4
AT4G25080.3,GO:0046406,CHLM,4,12876855,12878703,+,1848,protein_coding,magnesium-protoporphyrin IX methyltransferase [Source:TAIR;Acc:AT4G25080],0.7357284143407072,0.9514187491421477,-0.20514562244615883,0.8286002417268686,0.9523464747574365,-0.13144642302013462,0.18320336580672478,0.5809177724164375,0.7979809096885494,0,0,0,4
AT4G25080.4,GO:0046406,CHLM,4,12876948,12878647,+,1699,protein_coding,magnesium-protoporphyrin IX methyltransferase [Source:TAIR;Acc:AT4G25080],0.0616889293633842,0.41440674099298985,-0.8125777556998746,0.24854856669680242,0.6192291538409123,0.49099497846391443,0.0403146278450604,0.284258299149022,0.8688151052235331,0,0,0,1
