ID,Path,Gene,Chromosome,Start,End,Strand,Length,BioType,Description,Flg22_vs_Mock_pvalue,Flg22_vs_Mock_padj,Flg22_vs_Mock_log2FoldChange,Flg22_SynCom33_vs_Mock_pvalue,Flg22_SynCom33_vs_Mock_padj,Flg22_SynCom33_vs_Mock_log2FoldChange,Flg22_SynCom35_vs_Mock_pvalue,Flg22_SynCom35_vs_Mock_padj,Flg22_SynCom35_vs_Mock_log2FoldChange,Flg22_vs_Mock,Flg22_SynCom33_vs_Mock,Flg22_SynCom35_vs_Mock,cl
AT2G40410.2,GO:0004520,CAN2,2,16873345,16875683,+,2338,protein_coding,Staphylococcal-like nuclease CAN2 [Source:UniProtKB/Swiss-Prot;Acc:F4IH31],0.19949331908374823,0.6730106420396088,-0.2511088882987969,0.6404251226386688,0.8875080599822591,0.09085136918541793,0.3756275214917609,0.7576797947554946,0.17185298370985935,0,0,0,1
AT2G40410.1,GO:0004520,CAN2,2,16873383,16875692,+,2309,protein_coding,Staphylococcal-like nuclease CAN2 [Source:UniProtKB/Swiss-Prot;Acc:F4IH31],0.45263461990468556,0.8624412174784128,0.4213864724390214,0.8729653490989254,0.9662005241224605,0.08995669195785475,0.5683751662118179,0.867960911206913,0.3201187727719861,0,0,0,6
