ID,Path,Gene,Chromosome,Start,End,Strand,Length,BioType,Description,Flg22_vs_Mock_pvalue,Flg22_vs_Mock_padj,Flg22_vs_Mock_log2FoldChange,Flg22_SynCom33_vs_Mock_pvalue,Flg22_SynCom33_vs_Mock_padj,Flg22_SynCom33_vs_Mock_log2FoldChange,Flg22_SynCom35_vs_Mock_pvalue,Flg22_SynCom35_vs_Mock_padj,Flg22_SynCom35_vs_Mock_log2FoldChange,Flg22_vs_Mock,Flg22_SynCom33_vs_Mock,Flg22_SynCom35_vs_Mock,cl
AT1G67090.2,GO:0016984,RBCS-1A,1,25048158,25049424,-,1266,protein_coding,Ribulose bisphosphate carboxylase small chain [Source:UniProtKB/TrEMBL;Acc:A0A178WD57],0.9869007609373394,0.9974813419866954,-0.02236979143312552,0.32282840337552376,0.6863550410899106,1.3392842283179665,0.43679115948133646,0.797010886767086,-1.069062806895216,0,0,-0,9
AT1G67090.1,GO:0016984,RBCS-1A,1,25048158,25049667,-,1509,protein_coding,Ribulose bisphosphate carboxylase small chain [Source:UniProtKB/TrEMBL;Acc:A0A178WD57],2.9646702766758856e-5,0.0025798397840671567,2.476842839541871,4.316500680192807e-5,0.002109748568817146,2.4261286342011084,5.733207022677386e-4,0.017503742963397535,2.0450984516444177,1,1,1,6
AT5G38430.2,GO:0016984,RBCS-1B,5,15384085,15385247,-,1162,protein_coding,"Ribulose bisphosphate carboxylase small chain 1B, chloroplastic [Source:UniProtKB/Swiss-Prot;Acc:P10796]",0.008848765363120896,0.1426737998018892,2.749449586761281,0.036166347217409564,0.2346099772920859,2.2154711749088447,0.08390008206283386,NA,1.836577100088504,0,0,0,7
ATCG00490.1,GO:0016984,RBCL,Pt,54958,56397,+,1439,protein_coding,Ribulose bisphosphate carboxylase large chain [Source:UniProtKB/Swiss-Prot;Acc:O03042],0.6535921941256435,0.929101962574394,0.21877141491591517,0.7520256792423912,0.9291084607958284,-0.15777447530324293,0.6691723212120297,NA,-0.21282506950977545,0,0,0,7
