ID,Path,Gene,Chromosome,Start,End,Strand,Length,BioType,Description,Flg22_vs_Mock_pvalue,Flg22_vs_Mock_padj,Flg22_vs_Mock_log2FoldChange,Flg22_SynCom33_vs_Mock_pvalue,Flg22_SynCom33_vs_Mock_padj,Flg22_SynCom33_vs_Mock_log2FoldChange,Flg22_SynCom35_vs_Mock_pvalue,Flg22_SynCom35_vs_Mock_padj,Flg22_SynCom35_vs_Mock_log2FoldChange,Flg22_vs_Mock,Flg22_SynCom33_vs_Mock,Flg22_SynCom35_vs_Mock,cl
AT5G16630.3,GO:0071942,RAD4,5,5454654,5459647,+,4993,protein_coding,DNA repair protein RAD4 [Source:UniProtKB/Swiss-Prot;Acc:Q8W489],0.6947884717809574,0.9402705518917962,-0.29459519924377836,0.8535173970744725,0.9608909814462352,-0.1384482667565718,0.5282452459381357,0.8479698489877674,-0.47399426118854737,0,0,0,10
AT5G16630.1,GO:0071942,RAD4,5,5454918,5459647,+,4729,protein_coding,DNA repair protein RAD4 [Source:UniProtKB/Swiss-Prot;Acc:Q8W489],0.46080041406904865,0.8654945971218906,-0.14782251382131667,0.7152427130496282,0.9175887473608907,-0.07301907595213096,0.5844608553465016,0.8753087187454018,-0.10933439919982806,0,0,0,8
