ID,Path,Gene,Chromosome,Start,End,Strand,Length,BioType,Description,Flg22_vs_Mock_pvalue,Flg22_vs_Mock_padj,Flg22_vs_Mock_log2FoldChange,Flg22_SynCom33_vs_Mock_pvalue,Flg22_SynCom33_vs_Mock_padj,Flg22_SynCom33_vs_Mock_log2FoldChange,Flg22_SynCom35_vs_Mock_pvalue,Flg22_SynCom35_vs_Mock_padj,Flg22_SynCom35_vs_Mock_log2FoldChange,Flg22_vs_Mock,Flg22_SynCom33_vs_Mock,Flg22_SynCom35_vs_Mock,cl
AT5G62790.1,GO:0030604,DXR,5,25214125,25217469,-,3344,protein_coding,1-deoxy-D-xylulose 5-phosphate reductoisomerase [Source:UniProtKB/TrEMBL;Acc:F4K7T6],0.9520903447963415,0.99359763643049,0.009088050373113185,0.9542278907034485,0.9899894011752799,-0.00868789921528929,0.8284141187078431,0.9573899633892151,-0.032756370551065776,0,0,0,4
AT5G62790.2,GO:0030604,DXR,5,25214257,25217421,-,3164,protein_coding,1-deoxy-D-xylulose 5-phosphate reductoisomerase [Source:UniProtKB/TrEMBL;Acc:F4K7T6],0.28499291277747996,0.759305318991195,1.7625281849822279,0.3947330410551352,0.7458279615213422,1.4056056264138455,0.5342725306740729,NA,1.0283319691810444,0,0,0,7
