ID,Path,Gene,Chromosome,Start,End,Strand,Length,BioType,Description,Flg22_vs_Mock_pvalue,Flg22_vs_Mock_padj,Flg22_vs_Mock_log2FoldChange,Flg22_SynCom33_vs_Mock_pvalue,Flg22_SynCom33_vs_Mock_padj,Flg22_SynCom33_vs_Mock_log2FoldChange,Flg22_SynCom35_vs_Mock_pvalue,Flg22_SynCom35_vs_Mock_padj,Flg22_SynCom35_vs_Mock_log2FoldChange,Flg22_vs_Mock,Flg22_SynCom33_vs_Mock,Flg22_SynCom35_vs_Mock,cl
AT1G48600.2,GO:0000234,NMT2,1,17965871,17969354,+,3483,protein_coding,PMEAMT [Source:UniProtKB/TrEMBL;Acc:A0A178WLJ9],0.45399583264832427,0.8634684115895739,-0.38799413823709034,0.6640371872990283,0.8974488457533929,-0.22455173290702624,0.8703044913875857,0.9699650789268321,0.08398847690369982,0,0,0,4
AT1G48600.1,GO:0000234,NMT2,1,17966383,17969354,+,2971,protein_coding,PMEAMT [Source:UniProtKB/TrEMBL;Acc:A0A178WLJ9],0.2335038440041042,0.7097050735667015,0.22881532571119195,0.06103574792771799,0.31132134067047595,-0.35995592200463944,0.7319531959501133,0.9284653968817665,-0.06579625128499547,0,0,0,3
AT1G73600.2,GO:0000234,,1,27669152,27673572,+,4420,protein_coding,S-adenosyl-L-methionine-dependent methyltransferases superfamily protein [Source:TAIR;Acc:AT1G73600],0.007596324593162719,0.1295073939008405,0.7369184222729535,0.021731679567472486,0.1736080267853775,-0.6348727225744822,0.018430917115277695,0.18490545211075327,-0.6518667648504084,0,0,0,7
AT3G18000.1,GO:0000234,NMT1,3,6154363,6157552,+,3189,protein_coding,XPL1 [Source:UniProtKB/TrEMBL;Acc:A0A178VHS8],2.0915132566295405e-4,0.01088947543335503,-1.4498393237953726,0.13501436449290555,0.46750465458223484,-0.5835907495232601,0.17494081962435795,0.5705973750708789,0.5291161978730193,-1,0,0,4
