ID,Path,Gene,Chromosome,Start,End,Strand,Length,BioType,Description,Flg22_vs_Mock_pvalue,Flg22_vs_Mock_padj,Flg22_vs_Mock_log2FoldChange,Flg22_SynCom33_vs_Mock_pvalue,Flg22_SynCom33_vs_Mock_padj,Flg22_SynCom33_vs_Mock_log2FoldChange,Flg22_SynCom35_vs_Mock_pvalue,Flg22_SynCom35_vs_Mock_padj,Flg22_SynCom35_vs_Mock_log2FoldChange,Flg22_vs_Mock,Flg22_SynCom33_vs_Mock,Flg22_SynCom35_vs_Mock,cl
AT1G72050.1,GO:0080084,TFIIIA,1,27115016,27117509,+,2493,protein_coding,transcription factor IIIA [Source:TAIR;Acc:AT1G72050],0.3855354501849269,0.8305278307603674,-0.1746081625907445,0.8217714823607647,0.9515815329046756,-0.04523687634648488,0.758429778748106,0.9368128365313926,-0.061686890520288216,0,0,0,8
AT1G72050.2,GO:0080084,TFIIIA,1,27115082,27117470,+,2388,protein_coding,transcription factor IIIA [Source:TAIR;Acc:AT1G72050],0.7435344430228751,0.9529854144178901,-0.10187618051714642,0.20955844901694473,0.574228278863495,-0.39374268088870384,0.03956699135447007,0.2812120171361421,0.6316357541271795,0,0,0,4
