ID,Path,Gene,Chromosome,Start,End,Strand,Length,BioType,Description,Flg22_vs_Mock_pvalue,Flg22_vs_Mock_padj,Flg22_vs_Mock_log2FoldChange,Flg22_SynCom33_vs_Mock_pvalue,Flg22_SynCom33_vs_Mock_padj,Flg22_SynCom33_vs_Mock_log2FoldChange,Flg22_SynCom35_vs_Mock_pvalue,Flg22_SynCom35_vs_Mock_padj,Flg22_SynCom35_vs_Mock_log2FoldChange,Flg22_vs_Mock,Flg22_SynCom33_vs_Mock,Flg22_SynCom35_vs_Mock,cl
AT3G59550.1,GO:0000798,SYN3,3,21997052,22000737,+,3685,protein_coding,Sister chromatid cohesion 1 protein 3 [Source:UniProtKB/Swiss-Prot;Acc:Q9FQ19],0.1743489070321793,0.6448411497866036,-0.46372740115453015,0.393983162181509,0.7455894406980399,-0.28909652281138604,0.154363631925514,0.540643508059982,0.4710794290190532,0,0,0,4
AT5G40840.1,GO:0000798,SYN2,5,16359331,16363878,-,4547,protein_coding,Sister chromatid cohesion 1 protein 2 [Source:UniProtKB/Swiss-Prot;Acc:Q9FQ20],0.08258640439909212,0.4743187757816743,-0.7208532960149593,0.22847294284749495,0.5973360873007546,0.49354763490383236,0.5396345903140503,0.8545052329850308,0.2516585197562701,0,0,0,1
AT5G40840.5,GO:0000798,SYN2,5,16359430,16363454,-,4024,protein_coding,Sister chromatid cohesion 1 protein 2 [Source:UniProtKB/Swiss-Prot;Acc:Q9FQ20],0.8260559151234652,0.9692800032893509,0.2429080661740776,0.5782438272151231,0.857146433040912,0.6140376502914401,0.5071801889205152,0.8368247023557887,0.7322666850509346,0,0,0,1
