ID,Path,Gene,Chromosome,Start,End,Strand,Length,BioType,Description,Flg22_vs_Mock_pvalue,Flg22_vs_Mock_padj,Flg22_vs_Mock_log2FoldChange,Flg22_SynCom33_vs_Mock_pvalue,Flg22_SynCom33_vs_Mock_padj,Flg22_SynCom33_vs_Mock_log2FoldChange,Flg22_SynCom35_vs_Mock_pvalue,Flg22_SynCom35_vs_Mock_padj,Flg22_SynCom35_vs_Mock_log2FoldChange,Flg22_vs_Mock,Flg22_SynCom33_vs_Mock,Flg22_SynCom35_vs_Mock,cl
AT2G25760.1,GO:0001932,,2,10984304,10989117,-,4813,protein_coding,Protein kinase family protein [Source:UniProtKB/TrEMBL;Acc:F4ISN5],0.09488609931675965,0.5058264552307962,-0.3014606971690929,0.2590348344875116,0.629679450046937,-0.20340385253736126,0.020458998031751763,0.19531848200312857,-0.4186658254046429,0,0,0,10
AT2G25760.2,GO:0001932,,2,10984808,10988924,-,4116,protein_coding,Protein kinase family protein [Source:UniProtKB/TrEMBL;Acc:F4ISN5],0.020798985581031847,0.23388212971107308,0.2552949145181385,0.340041469232928,0.7016422149155335,0.10580233310786451,0.06623687748180532,0.3668323895943999,0.20273054753190886,0,0,0,6
AT3G03940.1,GO:0001932,,3,1013929,1019418,-,5489,protein_coding,Protein kinase family protein [Source:UniProtKB/TrEMBL;Acc:Q9SQR8],0.9584312552527314,0.9940278051178892,-0.004016089790237455,0.04649963636430034,0.2693391994710454,-0.15396431762429594,0.7458357874817217,0.9329442819755245,-0.02494426928115828,0,0,0,3
AT4G38740.1,GO:0001932,CYP18-3,4,18083395,18084630,-,1235,protein_coding,Peptidyl-prolyl cis-trans isomerase [Source:UniProtKB/TrEMBL;Acc:A0A178V2S8],0.3134582753928039,0.779360886918856,0.2415840679453656,0.8268448370795405,0.9520342045549075,0.05244413176387643,0.17973065713574463,0.576802860075795,0.32146528187450846,0,0,0,6
AT5G18190.1,GO:0001932,,5,6009812,6014864,-,5052,protein_coding,Casein kinase-like protein [Source:UniProtKB/TrEMBL;Acc:Q9FK52],0.012878406470269096,0.17845451542619648,0.20156279665448745,0.5159475360573968,0.8223747433400309,0.052847842539719386,0.025355237243463707,0.22094088084725594,-0.1826049636349259,0,0,0,7
AT5G18190.2,GO:0001932,,5,6009812,6014864,-,5052,protein_coding,Casein kinase-like protein [Source:UniProtKB/TrEMBL;Acc:Q9FK52],0.44977736501228516,0.8613916157089512,-0.24609502936335612,0.11298429130463952,0.4287469958852795,0.5103500688091109,0.5476458054896728,0.8579320693150061,-0.19533092639922509,0,0,0,5
