ID,Path,Gene,Chromosome,Start,End,Strand,Length,BioType,Description,Flg22_vs_Mock_pvalue,Flg22_vs_Mock_padj,Flg22_vs_Mock_log2FoldChange,Flg22_SynCom33_vs_Mock_pvalue,Flg22_SynCom33_vs_Mock_padj,Flg22_SynCom33_vs_Mock_log2FoldChange,Flg22_SynCom35_vs_Mock_pvalue,Flg22_SynCom35_vs_Mock_padj,Flg22_SynCom35_vs_Mock_log2FoldChange,Flg22_vs_Mock,Flg22_SynCom33_vs_Mock,Flg22_SynCom35_vs_Mock,cl
AT2G16500.1,GO:0006527,ADC1,2,7150514,7153430,-,2916,protein_coding,Arginine decarboxylase 1 [Source:UniProtKB/Swiss-Prot;Acc:Q9SI64],0.7210855864257468,0.9468426636397191,0.047500326691937704,0.8332602351791214,0.9537873924857233,0.02801502290563627,0.2249912023856902,0.6313084146250215,-0.16156218719693674,0,0,0,2
AT4G08900.1,GO:0006527,ARGAH1,4,5703311,5705439,+,2128,protein_coding,"Arginase 1, mitochondrial [Source:UniProtKB/Swiss-Prot;Acc:P46637]",0.7464223012117842,0.9529854144178901,0.045798087166318065,0.07791714594290208,0.35670448181830616,-0.25230588633942497,0.02637339233096005,0.2259389792340269,-0.3175286749423003,0,0,0,2
AT4G34710.1,GO:0006527,ADC2,4,16560030,16563044,-,3014,protein_coding,Arginine decarboxylase 2 [Source:UniProtKB/Swiss-Prot;Acc:O23141],0.5597435227265686,0.9009816137633396,0.13856401261397017,0.07291512408476628,0.3434561706056925,-0.4262289375283945,5.940668290492693e-4,0.01793232092003428,-0.816444178682066,0,0,0,2
AT4G34710.2,GO:0006527,ADC2,4,16560062,16562931,-,2869,protein_coding,Arginine decarboxylase 2 [Source:UniProtKB/Swiss-Prot;Acc:O23141],0.012849860201441087,0.17841465897898365,0.652591370347874,0.8300883898181104,0.9528252719815481,0.056313384004823545,0.017956830342115516,0.18159118300572302,-0.6214463220990752,0,0,0,7
AT5G52810.1,GO:0006527,SARD4,5,21399331,21400686,+,1355,protein_coding,Protein SAR DEFICIENT 4 [Source:UniProtKB/Swiss-Prot;Acc:Q9FLY0],0.19490882505374713,0.6691144104695629,-0.31888084494572383,0.7682102961564652,0.9347914639037542,-0.07219931137605858,0.022031208635609006,0.20448565484393577,-0.565261894692341,0,0,0,10
