ID,Path,Gene,Chromosome,Start,End,Strand,Length,BioType,Description,Flg22_vs_Mock_pvalue,Flg22_vs_Mock_padj,Flg22_vs_Mock_log2FoldChange,Flg22_SynCom33_vs_Mock_pvalue,Flg22_SynCom33_vs_Mock_padj,Flg22_SynCom33_vs_Mock_log2FoldChange,Flg22_SynCom35_vs_Mock_pvalue,Flg22_SynCom35_vs_Mock_padj,Flg22_SynCom35_vs_Mock_log2FoldChange,Flg22_vs_Mock,Flg22_SynCom33_vs_Mock,Flg22_SynCom35_vs_Mock,cl
AT2G43400.1,GO:0004174,ETFQO,2,18021109,18025292,+,4183,protein_coding,"Electron transfer flavoprotein-ubiquinone oxidoreductase, mitochondrial [Source:UniProtKB/Swiss-Prot;Acc:O22854]",0.024626725532528548,0.2574913060439183,0.328386758126794,0.002733189488082752,0.04592099988665034,0.43711086266935356,0.026853645528646893,0.22787611845104752,0.32307227365525115,0,0,0,6
AT2G43400.2,GO:0004174,ETFQO,2,18021146,18024662,+,3516,protein_coding,"Electron transfer flavoprotein-ubiquinone oxidoreductase, mitochondrial [Source:UniProtKB/Swiss-Prot;Acc:O22854]",0.4507951393044708,0.8615646332949587,-0.62508868513939575,0.05508833841299771,0.29539188628281215,-1.5993944677370913,0.49802374169697017,0.832137376479983,-0.5613707852721704,0,-0,0,8
AT3G44190.1,GO:0004174,,3,15901714,15903628,-,1914,protein_coding,At3g44190 [Source:UniProtKB/TrEMBL;Acc:Q9LXP4],8.652681700560839e-4,0.030611375051129982,-0.5924851085601259,0.0014239351710955772,0.029020640841085146,-0.5673359814612214,1.1962541610860087e-6,1.326243438129364e-4,-0.8642803879832418,0,0,0,2
AT3G44190.2,GO:0004174,,3,15901762,15903608,-,1846,protein_coding,At3g44190 [Source:UniProtKB/TrEMBL;Acc:Q9LXP4],0.006210896729671773,0.11430580045652829,-1.5904506310180364,5.259926195584243e-4,0.014210787536652827,-2.0279354896793182,0.18863642936249736,0.5875732305370117,-0.7578155162686749,-0,-1,0,8
AT5G22140.1,GO:0004174,,5,7340055,7341959,-,1904,protein_coding,FAD/NAD(P)-binding oxidoreductase family protein [Source:UniProtKB/TrEMBL;Acc:Q9C574],0.25379586790722325,0.7324687787203411,-0.34870648214183875,0.10026020229754781,0.4051705890202466,-0.5028817371125373,0.04883471737767652,0.3169316511119886,-0.6028154124369717,0,0,0,8
AT5G22140.2,GO:0004174,,5,7340122,7341791,-,1669,protein_coding,FAD/NAD(P)-binding oxidoreductase family protein [Source:UniProtKB/TrEMBL;Acc:Q9C574],5.745818685436078e-4,0.022895748474188894,-0.9829896335454701,2.4761473607927717e-8,4.82346328643705e-6,-1.5976003733900377,4.4285855113234276e-8,8.733025428804838e-6,-1.5669961227180014,0,-1,-1,2
