ID,Path,Gene,Chromosome,Start,End,Strand,Length,BioType,Description,Flg22_vs_Mock_pvalue,Flg22_vs_Mock_padj,Flg22_vs_Mock_log2FoldChange,Flg22_SynCom33_vs_Mock_pvalue,Flg22_SynCom33_vs_Mock_padj,Flg22_SynCom33_vs_Mock_log2FoldChange,Flg22_SynCom35_vs_Mock_pvalue,Flg22_SynCom35_vs_Mock_padj,Flg22_SynCom35_vs_Mock_log2FoldChange,Flg22_vs_Mock,Flg22_SynCom33_vs_Mock,Flg22_SynCom35_vs_Mock,cl
AT1G47290.2,GO:0047012,3BETAHSD/D1,1,17335751,17339275,+,3524,protein_coding,3beta-hydroxysteroid-dehydrogenase/decarboxylase isoform 1 [Source:UniProtKB/Swiss-Prot;Acc:Q9FX01],0.32326132482423686,0.7868766941499369,-0.13224603643652535,0.208021742836476,0.5721342839093665,0.1675462847138809,0.49620445231925947,0.8310837311262005,0.09053367835444479,0,0,0,1
AT1G47290.1,GO:0047012,3BETAHSD/D1,1,17335849,17339264,+,3415,protein_coding,3beta-hydroxysteroid-dehydrogenase/decarboxylase isoform 1 [Source:UniProtKB/Swiss-Prot;Acc:Q9FX01],0.1820263748475482,0.6560442572234434,-0.8780212536023997,0.9835907245084478,0.9960923275379255,-0.013327089935439603,0.4745318044019385,0.8199696279407156,0.4605007780261208,0,0,0,1
AT2G26260.1,GO:0047012,3BETAHSD/D2,2,11178064,11183278,+,5214,protein_coding,3beta-hydroxysteroid-dehydrogenase/decarboxylase isoform 2 [Source:UniProtKB/Swiss-Prot;Acc:Q67ZE1],0.7495540574914925,0.953104244259399,0.11097392839322406,0.9249208271162359,0.9813757174442604,-0.03283935639182226,0.7388879254478504,0.9308842537926469,0.11573673301196301,0,0,0,6
AT2G26260.2,GO:0047012,3BETAHSD/D2,2,11178110,11182976,+,4866,protein_coding,3beta-hydroxysteroid-dehydrogenase/decarboxylase isoform 2 [Source:UniProtKB/Swiss-Prot;Acc:Q67ZE1],0.2640116141134507,0.74130205723054,-0.2903547227878862,0.33278869064836947,0.6959179760411878,0.24974237029643598,0.25729635521978494,0.6651660986328806,-0.2940868940763162,0,0,0,10
AT2G43420.1,GO:0047012,3BETAHSD/D3,2,18031268,18035182,-,3914,protein_coding,3beta-hydroxysteroid-dehydrogenase/decarboxylase isoform 3 [Source:UniProtKB/Swiss-Prot;Acc:A9X4U2],0.08305079580027151,0.4756600991617385,0.2431488970409282,0.3353463056782861,0.6979003939957952,-0.13605396251277346,0.617702462922763,0.8882126503494012,0.07012010098610973,0,0,0,3
