ID,Path,Gene,Chromosome,Start,End,Strand,Length,BioType,Description,Flg22_vs_Mock_pvalue,Flg22_vs_Mock_padj,Flg22_vs_Mock_log2FoldChange,Flg22_SynCom33_vs_Mock_pvalue,Flg22_SynCom33_vs_Mock_padj,Flg22_SynCom33_vs_Mock_log2FoldChange,Flg22_SynCom35_vs_Mock_pvalue,Flg22_SynCom35_vs_Mock_padj,Flg22_SynCom35_vs_Mock_log2FoldChange,Flg22_vs_Mock,Flg22_SynCom33_vs_Mock,Flg22_SynCom35_vs_Mock,cl
AT1G68570.1,GO:0097708,NPF3.1,1,25746697,25750291,+,3594,protein_coding,Protein NRT1/ PTR FAMILY 3.1 [Source:UniProtKB/Swiss-Prot;Acc:Q9SX20],0.4586474161085869,0.8643297983803209,-0.45116711341489724,0.7347525238305291,0.9242684766313657,-0.20535111629266445,0.5499132048068616,0.8590917305571286,-0.3628208596883211,0,0,0,8
AT1G68570.2,GO:0097708,NPF3.1,1,25746994,25750275,+,3281,protein_coding,Protein NRT1/ PTR FAMILY 3.1 [Source:UniProtKB/Swiss-Prot;Acc:Q9SX20],0.49611010157120705,0.8785304276516508,0.2240225762279191,0.5152903326977248,0.8220767439058746,-0.21625228349757364,0.5200317798823939,0.8436238896805505,-0.21333796590653345,0,0,0,7
