ID,Path,Gene,Chromosome,Start,End,Strand,Length,BioType,Description,Flg22_vs_Mock_pvalue,Flg22_vs_Mock_padj,Flg22_vs_Mock_log2FoldChange,Flg22_SynCom33_vs_Mock_pvalue,Flg22_SynCom33_vs_Mock_padj,Flg22_SynCom33_vs_Mock_log2FoldChange,Flg22_SynCom35_vs_Mock_pvalue,Flg22_SynCom35_vs_Mock_padj,Flg22_SynCom35_vs_Mock_log2FoldChange,Flg22_vs_Mock,Flg22_SynCom33_vs_Mock,Flg22_SynCom35_vs_Mock,cl
AT1G55920.1,GO:0009001,SAT1,1,20912116,20913565,+,1449,protein_coding,"Serine acetyltransferase 1, chloroplastic [Source:UniProtKB/Swiss-Prot;Acc:Q42588]",0.007129829101030272,0.12373831657308483,0.531387734095183,0.6525842862221579,0.8929447762350297,0.08899084708560599,3.3179875262587427e-11,1.773869864594063e-8,-1.3179619383818457,0,0,-1,7
AT2G17640.1,GO:0009001,SAT2,2,7668078,7670495,-,2417,protein_coding,Serine acetyltransferase 2 [Source:UniProtKB/Swiss-Prot;Acc:Q8S895],0.17371750935805474,0.6441266623436228,0.4111434753893128,0.06215730541048575,0.31425181146948566,0.562450784613028,0.9915237219894415,0.9987280198796549,0.0032306846206190316,0,0,0,9
AT3G13110.1,GO:0009001,SAT3,3,4214399,4216302,-,1903,protein_coding,"Serine acetyltransferase 3, mitochondrial [Source:UniProtKB/Swiss-Prot;Acc:Q39218]",5.126034543193055e-5,0.0038494732865785703,0.4157160004480346,0.7520059868062023,0.9291084607958284,-0.032647500112638374,4.980446336537681e-7,6.441912793786212e-5,-0.5232802622643209,0,0,0,7
AT4G35640.1,GO:0009001,SAT4,4,16905579,16908357,-,2778,protein_coding,SERAT3 [Source:UniProtKB/TrEMBL;Acc:A0A178USX0],0.006865564231777052,0.1208744938380308,2.035071332390975,0.5632888526557203,NA,0.45871730163558283,0.5331232564069801,NA,-0.5254887212762794,0,0,0,7
AT5G56760.1,GO:0009001,SAT5,5,22961229,22962713,-,1484,protein_coding,Serine acetyltransferase 5 [Source:UniProtKB/Swiss-Prot;Acc:Q42538],0.5500623073731365,0.8974908738903817,-0.06373039638018509,0.0670730045380387,0.32830270979015796,-0.19567143103530796,0.05987271772043793,0.34879013054974084,0.19980170522179336,0,0,0,4
