ID,Path,Gene,Chromosome,Start,End,Strand,Length,BioType,Description,Flg22_vs_Mock_pvalue,Flg22_vs_Mock_padj,Flg22_vs_Mock_log2FoldChange,Flg22_SynCom33_vs_Mock_pvalue,Flg22_SynCom33_vs_Mock_padj,Flg22_SynCom33_vs_Mock_log2FoldChange,Flg22_SynCom35_vs_Mock_pvalue,Flg22_SynCom35_vs_Mock_padj,Flg22_SynCom35_vs_Mock_log2FoldChange,Flg22_vs_Mock,Flg22_SynCom33_vs_Mock,Flg22_SynCom35_vs_Mock,cl
AT3G15290.1,GO:0008691,,3,5144938,5146860,+,1922,protein_coding,3-hydroxyacyl-CoA dehydrogenase family protein [Source:UniProtKB/TrEMBL;Acc:Q9LDF5],0.061399396037000224,0.4139055804888866,0.497172686305661,0.6998832635506135,0.9117940647101159,-0.10372479255198629,0.1820838655531202,0.5799062461903817,0.35502922330103326,0,0,0,3
AT3G15290.2,GO:0008691,,3,5145495,5146856,+,1361,protein_coding,3-hydroxyacyl-CoA dehydrogenase family protein [Source:UniProtKB/TrEMBL;Acc:Q9LDF5],0.9509647293779414,0.9935683150044656,0.009533432037023837,0.8885097163388178,0.971131254619034,0.02173205692355237,0.3325041753382038,0.7279448039208761,-0.1506753214520791,0,0,0,2
