ID,Path,Gene,Chromosome,Start,End,Strand,Length,BioType,Description,Flg22_vs_Mock_pvalue,Flg22_vs_Mock_padj,Flg22_vs_Mock_log2FoldChange,Flg22_SynCom33_vs_Mock_pvalue,Flg22_SynCom33_vs_Mock_padj,Flg22_SynCom33_vs_Mock_log2FoldChange,Flg22_SynCom35_vs_Mock_pvalue,Flg22_SynCom35_vs_Mock_padj,Flg22_SynCom35_vs_Mock_log2FoldChange,Flg22_vs_Mock,Flg22_SynCom33_vs_Mock,Flg22_SynCom35_vs_Mock,cl
AT4G27650.2,GO:0070481,PEL1,4,13803268,13808003,-,4735,protein_coding,Protein pelota homolog [Source:UniProtKB/TrEMBL;Acc:A0A178V176],0.844303194791731,0.9736425191153222,-0.2967056635679551,0.8079396747749832,0.9468856142994656,0.36701104416970864,0.7242729352388715,0.9256393518353461,-0.5330442781336456,0,0,0,10
AT4G27650.1,GO:0070481,PEL1,4,13803282,13808031,-,4749,protein_coding,Protein pelota homolog [Source:UniProtKB/TrEMBL;Acc:A0A178V176],0.7463945587629817,0.9529854144178901,0.06196589277582486,0.7328212765995046,0.9235369706519224,0.06541779546443058,0.1499226024459482,0.5344619482474986,-0.2769861128033544,0,0,0,2
AT5G10630.3,GO:0070481,,5,3359832,3364619,+,4787,protein_coding,Translation elongation factor EF1A/initiation factor IF2gamma family protein [Source:TAIR;Acc:AT5G10630],0.8823480896266532,0.9829583821909567,-0.08340552148735104,0.6190066199628644,0.8767656861711218,0.27851700915751193,0.5205813031672073,0.8437773905143565,0.35893630257470477,0,0,0,1
AT5G10630.4,GO:0070481,,5,3360067,3364623,+,4556,protein_coding,Translation elongation factor EF1A/initiation factor IF2gamma family protein [Source:TAIR;Acc:AT5G10630],0.5897282088615884,0.9099286254717786,0.5157363391619385,0.7559388035220198,0.9302555218430141,-0.2984682783752491,0.6655634858235628,0.9064938314007508,-0.4151439135968796,0,0,0,7
AT5G10630.5,GO:0070481,,5,3360519,3364619,+,4100,protein_coding,Translation elongation factor EF1A/initiation factor IF2gamma family protein [Source:TAIR;Acc:AT5G10630],0.5845373677780148,0.9084975229660235,-0.12747925578280672,0.4553991860017383,0.7857532947517868,-0.17415144777274302,0.7008262547533736,0.9183604880059321,-0.0894631458231612,0,0,0,8
