ID,Path,Gene,Chromosome,Start,End,Strand,Length,BioType,Description,Flg22_vs_Mock_pvalue,Flg22_vs_Mock_padj,Flg22_vs_Mock_log2FoldChange,Flg22_SynCom33_vs_Mock_pvalue,Flg22_SynCom33_vs_Mock_padj,Flg22_SynCom33_vs_Mock_log2FoldChange,Flg22_SynCom35_vs_Mock_pvalue,Flg22_SynCom35_vs_Mock_padj,Flg22_SynCom35_vs_Mock_log2FoldChange,Flg22_vs_Mock,Flg22_SynCom33_vs_Mock,Flg22_SynCom35_vs_Mock,cl
AT1G75000.1,GO:0019367,,1,28163344,28164814,+,1470,protein_coding,F25A4.4 [Source:UniProtKB/TrEMBL;Acc:Q9S804],0.05318092222802951,0.387941148370398,0.5244641401522949,0.016636485400406888,0.148135806735256,0.6485992589013545,0.0021496506444234854,0.04546017901158036,-0.8562033018541603,0,0,0,9
AT3G06460.1,GO:0019367,,3,1982659,1983767,+,1108,protein_coding,F24P17.4 protein [Source:UniProtKB/TrEMBL;Acc:Q9SQU9],6.7445063216932e-9,2.2490519830589075e-6,-1.9317704983701585,0.04404489463781349,0.2615451419601728,-0.6612487811038198,0.33290180993203805,0.7282189255632817,-0.317085850575769,-1,0,0,8
AT3G06470.1,GO:0019367,,3,1983731,1985330,+,1599,protein_coding,F24P17.3 protein [Source:UniProtKB/TrEMBL;Acc:Q9SQV0],0.4037461834265028,0.8401323441031102,-0.1639191867589225,0.6808991989744042,0.9044785426115499,0.08037508805232448,0.6586087008800221,0.9033595062178489,-0.08647711959397336,0,0,0,1
AT4G36830.2,GO:0019367,HOS3-1,4,17349218,17351163,+,1945,protein_coding,HOS3-1 [Source:UniProtKB/TrEMBL;Acc:A0A178UW40],0.031825185918635215,0.29489093045547177,0.9680269028244053,0.12571135268412884,0.4500811875620799,-0.7497165623849493,0.6495127100691396,0.9006845800244025,0.2096383426698474,0,0,0,3
AT4G36830.1,GO:0019367,HOS3-1,4,17349362,17350627,+,1265,protein_coding,HOS3-1 [Source:UniProtKB/TrEMBL;Acc:A0A178UW40],0.49146899970601543,0.8769073609937197,0.2148924005094302,0.8483991779514506,0.9593920032681683,-0.06012226065369112,0.09742670700179867,0.44408710061562573,-0.5271655182152921,0,0,0,2
