ID,Path,Gene,Chromosome,Start,End,Strand,Length,BioType,Description,Flg22_vs_Mock_pvalue,Flg22_vs_Mock_padj,Flg22_vs_Mock_log2FoldChange,Flg22_SynCom33_vs_Mock_pvalue,Flg22_SynCom33_vs_Mock_padj,Flg22_SynCom33_vs_Mock_log2FoldChange,Flg22_SynCom35_vs_Mock_pvalue,Flg22_SynCom35_vs_Mock_padj,Flg22_SynCom35_vs_Mock_log2FoldChange,Flg22_vs_Mock,Flg22_SynCom33_vs_Mock,Flg22_SynCom35_vs_Mock,cl
AT2G34960.1,GO:0051938,CAT5,2,14743997,14746124,-,2127,protein_coding,CAT5 [Source:UniProtKB/TrEMBL;Acc:A0A178VPZ9],0.5479166968180786,0.8969773435341416,0.5689066897708847,0.6582196074000455,NA,0.4206384458962117,0.7283591082414532,NA,0.33025015770220817,0,0,0,6
AT4G21120.1,GO:0051938,CAT1,4,11269985,11273999,+,4014,protein_coding,CAT1 [Source:UniProtKB/TrEMBL;Acc:A0A178UYU0],0.005794697665753597,0.1092296610467187,0.9374585054809642,0.1009867896581933,0.40676567216985354,0.5591360088566589,0.0048505705596532415,0.07998288315568039,-0.9839122576248506,0,0,0,7
AT4G21120.2,GO:0051938,CAT1,4,11270040,11274007,+,3967,protein_coding,CAT1 [Source:UniProtKB/TrEMBL;Acc:A0A178UYU0],0.8959426514727798,0.9851838261895935,0.09463005628899344,0.41705909297837146,0.7604030478462142,-0.6001700429414948,0.06287181006827987,NA,-1.4252328898509976,0,0,-0,2
