ID,Path,Gene,Chromosome,Start,End,Strand,Length,BioType,Description,Flg22_vs_Mock_pvalue,Flg22_vs_Mock_padj,Flg22_vs_Mock_log2FoldChange,Flg22_SynCom33_vs_Mock_pvalue,Flg22_SynCom33_vs_Mock_padj,Flg22_SynCom33_vs_Mock_log2FoldChange,Flg22_SynCom35_vs_Mock_pvalue,Flg22_SynCom35_vs_Mock_padj,Flg22_SynCom35_vs_Mock_log2FoldChange,Flg22_vs_Mock,Flg22_SynCom33_vs_Mock,Flg22_SynCom35_vs_Mock,cl
AT1G09790.1,GO:0106029,COBL6,1,3168482,3170819,-,2337,protein_coding,COBRA-like protein 6 [Source:UniProtKB/Swiss-Prot;Acc:O04500],0.23653163815485334,0.7143382982593636,1.0958698878103819,0.059111847438418,0.30587963096045284,1.7345226808009315,0.13085841899333475,NA,1.3920055252217869,0,0,0,5
AT1G34150.1,GO:0106029,,1,12435882,12439499,+,3617,protein_coding,tRNA pseudouridine synthase [Source:UniProtKB/TrEMBL;Acc:Q9C5K6],0.7454190352973441,0.9529854144178901,-0.05519298530423137,0.5442772583717116,0.8388267468702958,0.10248927758962045,0.6001591817795395,0.8806861683194463,0.088355040677135,0,0,0,1
AT1G76120.1,GO:0106029,,1,28558630,28560473,-,1843,protein_coding,tRNA pseudouridine synthase [Source:UniProtKB/TrEMBL;Acc:Q9SGS1],0.33678905686148514,0.7969754390256872,-0.22129317746777655,0.08360692292619341,0.37002326343462816,-0.4018752077099643,0.7477567320749601,0.9341148880956524,-0.07345965010051639,0,0,0,8
AT3G06950.1,GO:0106029,,3,2192685,2194321,+,1636,protein_coding,tRNA pseudouridine synthase [Source:UniProtKB/TrEMBL;Acc:A1A6J3],0.19163999544012217,0.6667061162661273,0.46327729018693387,0.5187008505836326,0.8241902224350794,-0.23631921185360566,0.7064755571257368,0.9207348712312264,0.13489743823072542,0,0,0,3
