ID,Path,Gene,Chromosome,Start,End,Strand,Length,BioType,Description,Flg22_vs_Mock_pvalue,Flg22_vs_Mock_padj,Flg22_vs_Mock_log2FoldChange,Flg22_SynCom33_vs_Mock_pvalue,Flg22_SynCom33_vs_Mock_padj,Flg22_SynCom33_vs_Mock_log2FoldChange,Flg22_SynCom35_vs_Mock_pvalue,Flg22_SynCom35_vs_Mock_padj,Flg22_SynCom35_vs_Mock_log2FoldChange,Flg22_vs_Mock,Flg22_SynCom33_vs_Mock,Flg22_SynCom35_vs_Mock,cl
AT2G27150.1,GO:0010293,AAO3,2,11601727,11607199,+,5472,protein_coding,Abscisic-aldehyde oxidase [Source:UniProtKB/Swiss-Prot;Acc:Q7G9P4],0.41225448958254146,0.8440593840274345,0.1936120896818422,0.9677699760538188,0.993030456049332,0.009557816297475104,0.07533641291652347,0.39061280645381935,-0.42224392981023123,0,0,0,7
AT2G27150.3,GO:0010293,AAO3,2,11601727,11607199,+,5472,protein_coding,Abscisic-aldehyde oxidase [Source:UniProtKB/Swiss-Prot;Acc:Q7G9P4],0.4988605175675038,0.8794053629718814,0.8584169898939492,0.5959072627146609,0.866901502821468,0.6732279623003672,0.625377071267311,0.8920788071351112,0.6198221240101465,0,0,0,6
AT2G27150.4,GO:0010293,AAO3,2,11601732,11607198,+,5466,protein_coding,Abscisic-aldehyde oxidase [Source:UniProtKB/Swiss-Prot;Acc:Q7G9P4],0.2979616242931442,0.7687462524287476,-1.518600461206092,0.29501376516622524,0.6627973011508478,-1.5281031388840163,0.6558895925255084,0.9028566917481232,-0.6472433684223091,-0,-0,0,8
