ID,Path,Gene,Chromosome,Start,End,Strand,Length,BioType,Description,Flg22_vs_Mock_pvalue,Flg22_vs_Mock_padj,Flg22_vs_Mock_log2FoldChange,Flg22_SynCom33_vs_Mock_pvalue,Flg22_SynCom33_vs_Mock_padj,Flg22_SynCom33_vs_Mock_log2FoldChange,Flg22_SynCom35_vs_Mock_pvalue,Flg22_SynCom35_vs_Mock_padj,Flg22_SynCom35_vs_Mock_log2FoldChange,Flg22_vs_Mock,Flg22_SynCom33_vs_Mock,Flg22_SynCom35_vs_Mock,cl
AT2G20180.2,GO:0010313,PIF1,2,8704024,8707004,-,2980,protein_coding,Transcription factor PIF1 [Source:UniProtKB/Swiss-Prot;Acc:Q8GZM7],0.31011363271321735,0.7765040939253576,-0.919527862125753,0.5821994838965164,0.8590192708403181,0.49453489628837677,0.9704639683865924,0.9931187981659191,0.03332900674872048,0,0,0,5
AT3G02830.1,GO:0010313,ZFN1,3,613772,616145,+,2373,protein_coding,Zinc finger CCCH domain-containing protein 33 [Source:UniProtKB/Swiss-Prot;Acc:Q8GXX7],0.008579190553685154,0.14013844295705796,0.7792927831918256,0.3173192000002491,0.6826089404715453,0.2984097682369214,0.12321290869259907,0.49280030423904186,-0.46604206454603975,0,0,0,7
AT5G61230.1,GO:0010313,PIA2,5,24627187,24628968,+,1781,protein_coding,Phytochrome-interacting ankyrin-repeat protein 2 [Source:UniProtKB/Swiss-Prot;Acc:Q9FNP4],0.745671705028562,0.9529854144178901,-0.028378010466516623,0.04859614902364535,0.2765957395836617,0.17151134234875914,0.15435163646240166,0.540643508059982,0.12371747274740608,0,0,0,1
