ID,Path,Gene,Chromosome,Start,End,Strand,Length,BioType,Description,Flg22_vs_Mock_pvalue,Flg22_vs_Mock_padj,Flg22_vs_Mock_log2FoldChange,Flg22_SynCom33_vs_Mock_pvalue,Flg22_SynCom33_vs_Mock_padj,Flg22_SynCom33_vs_Mock_log2FoldChange,Flg22_SynCom35_vs_Mock_pvalue,Flg22_SynCom35_vs_Mock_padj,Flg22_SynCom35_vs_Mock_log2FoldChange,Flg22_vs_Mock,Flg22_SynCom33_vs_Mock,Flg22_SynCom35_vs_Mock,cl
AT1G42970.1,GO:0047100,GAPB,1,16127353,16129895,+,2542,protein_coding,"Glyceraldehyde-3-phosphate dehydrogenase GAPB, chloroplastic [Source:UniProtKB/Swiss-Prot;Acc:P25857]",0.019193687676957272,0.22433580043286924,1.4320730473844685,0.028923102324046265,0.20656504693810088,1.3372271971419192,0.2695558399303431,0.6772352053074738,0.6802860887159017,0,0,0,9
AT3G26650.1,GO:0047100,GAPA1,3,9794862,9797045,+,2183,protein_coding,"Glyceraldehyde-3-phosphate dehydrogenase GAPA1, chloroplastic [Source:UniProtKB/Swiss-Prot;Acc:P25856]",0.0656598185573222,0.4279193060979879,0.7320700622951632,0.10087434578056863,0.4066742896330603,0.6533712382587745,0.5777276823031545,0.8722839576282974,0.2230262239685184,0,0,0,9
