ID,Path,Gene,Chromosome,Start,End,Strand,Length,BioType,Description,Flg22_vs_Mock_pvalue,Flg22_vs_Mock_padj,Flg22_vs_Mock_log2FoldChange,Flg22_SynCom33_vs_Mock_pvalue,Flg22_SynCom33_vs_Mock_padj,Flg22_SynCom33_vs_Mock_log2FoldChange,Flg22_SynCom35_vs_Mock_pvalue,Flg22_SynCom35_vs_Mock_padj,Flg22_SynCom35_vs_Mock_log2FoldChange,Flg22_vs_Mock,Flg22_SynCom33_vs_Mock,Flg22_SynCom35_vs_Mock,cl
AT1G50840.2,GO:0033259,POLGAMMA2,1,18839047,18844577,+,5530,protein_coding,polymerase gamma 2 [Source:TAIR;Acc:AT1G50840],0.5827195958458378,0.9078270129595561,-0.19782163959330087,0.015504370125306545,0.14218950368359026,-0.8813518611419837,0.5085392246778572,0.8374350684888614,0.23672440333167877,0,0,0,4
AT1G50840.1,GO:0033259,POLGAMMA2,1,18839092,18844559,+,5467,protein_coding,polymerase gamma 2 [Source:TAIR;Acc:AT1G50840],0.3275629306460507,0.7908434106470027,-0.4445924795318637,0.9700234533452511,0.9933779227743635,0.016958601929163694,0.4937405302471377,0.8297296505089159,-0.30979195991987546,0,0,0,10
AT3G20540.1,GO:0033259,POLGAMMA1,3,7168054,7173597,+,5543,protein_coding,Polymerase gamma 1 [Source:UniProtKB/TrEMBL;Acc:F4JEQ3],0.9312137857148526,0.9909137894267865,0.058111614022505136,0.10138304491061641,0.40701598167371417,-1.1097696833438142,0.9289729793747817,0.9842008075479347,0.05999373058167015,0,-0,0,3
AT3G20540.2,GO:0033259,POLGAMMA1,3,7168233,7173617,+,5384,protein_coding,Polymerase gamma 1 [Source:UniProtKB/TrEMBL;Acc:F4JEQ3],0.02756904736490117,0.27389674878633175,-0.7313167530259479,0.694874925868546,0.9100637735450314,-0.1294265501968011,0.39498596991628016,0.7696074218153209,0.2797073129629036,0,0,0,1
