ID,Path,Gene,Chromosome,Start,End,Strand,Length,BioType,Description,Flg22_vs_Mock_pvalue,Flg22_vs_Mock_padj,Flg22_vs_Mock_log2FoldChange,Flg22_SynCom33_vs_Mock_pvalue,Flg22_SynCom33_vs_Mock_padj,Flg22_SynCom33_vs_Mock_log2FoldChange,Flg22_SynCom35_vs_Mock_pvalue,Flg22_SynCom35_vs_Mock_padj,Flg22_SynCom35_vs_Mock_log2FoldChange,Flg22_vs_Mock,Flg22_SynCom33_vs_Mock,Flg22_SynCom35_vs_Mock,cl
AT2G26710.1,GO:0008395,CYP734A1,2,11380463,11383821,+,3358,protein_coding,CYP734A1 [Source:UniProtKB/TrEMBL;Acc:A0A178VRF1],0.0020426469121873425,0.05517510381608452,-0.46084561644071825,0.33486436964001104,0.6975491617626456,0.14103819180317098,0.015388587867082852,0.16490808325446737,0.35147626427603346,0,0,0,1
AT4G36380.2,GO:0008395,CYP90C1,4,17187528,17192445,-,4917,protein_coding,ROT3 [Source:UniProtKB/TrEMBL;Acc:A0A178V4B0],0.13131275547126722,0.5771106184567223,-0.7737457234610265,0.11230942134675931,0.42763482502033767,-0.8149835165930724,0.28679650101482695,0.6931370901638508,-0.5435562419681407,0,0,0,8
AT4G36380.1,GO:0008395,CYP90C1,4,17187528,17192507,-,4979,protein_coding,ROT3 [Source:UniProtKB/TrEMBL;Acc:A0A178V4B0],0.10087452370852935,0.51739707453215,-0.3846899288571431,0.2713891828820464,0.641275227668354,-0.257691630451179,0.47342512548856397,0.8192822377358562,0.16749351615044014,0,0,0,4
