ID,Path,Gene,Chromosome,Start,End,Strand,Length,BioType,Description,Flg22_vs_Mock_pvalue,Flg22_vs_Mock_padj,Flg22_vs_Mock_log2FoldChange,Flg22_SynCom33_vs_Mock_pvalue,Flg22_SynCom33_vs_Mock_padj,Flg22_SynCom33_vs_Mock_log2FoldChange,Flg22_SynCom35_vs_Mock_pvalue,Flg22_SynCom35_vs_Mock_padj,Flg22_SynCom35_vs_Mock_log2FoldChange,Flg22_vs_Mock,Flg22_SynCom33_vs_Mock,Flg22_SynCom35_vs_Mock,cl
AT3G24800.1,GO:0071596,PRT1,3,9055509,9058020,+,2511,protein_coding,E3 ubiquitin-protein ligase PRT1 [Source:UniProtKB/Swiss-Prot;Acc:Q8LBL5],0.1585987638678292,0.6202629755499849,0.16241975574549902,0.34349974325276944,0.7050439106757996,-0.11035805119889136,0.730863720055702,0.9280754508442784,-0.03981102299241455,0,0,0,3
AT5G02310.2,GO:0071596,PRT6,5,473868,482942,+,9074,protein_coding,E3 ubiquitin-protein ligase PRT6 [Source:UniProtKB/Swiss-Prot;Acc:F4KCC2],0.770750727741516,0.9583778522002546,-0.3258198131063215,0.83477112417114685,0.9540705688831187,0.23253428791386263,0.788728003676693,0.9460109401414806,0.298530023998536,0,0,0,1
AT5G02310.1,GO:0071596,PRT6,5,473868,482942,+,9074,protein_coding,E3 ubiquitin-protein ligase PRT6 [Source:UniProtKB/Swiss-Prot;Acc:F4KCC2],0.3598316143299058,0.811337305722852,0.16010141310194634,0.22763552167418266,0.5965146271752689,-0.21182885087942127,0.6980859027866316,0.9178067848251024,-0.06792549125819326,0,0,0,3
AT5G02310.3,GO:0071596,PRT6,5,474279,482783,+,8504,protein_coding,E3 ubiquitin-protein ligase PRT6 [Source:UniProtKB/Swiss-Prot;Acc:F4KCC2],0.6170319916251805,0.9190515323520648,-0.08448186734651408,0.5150915152766262,0.8219248343854993,-0.10998981993099241,0.2067707141672208,0.6087060044607867,-0.21334317592111163,0,0,0,2
