ID,Path,Gene,Chromosome,Start,End,Strand,Length,BioType,Description,Flg22_vs_Mock_pvalue,Flg22_vs_Mock_padj,Flg22_vs_Mock_log2FoldChange,Flg22_SynCom33_vs_Mock_pvalue,Flg22_SynCom33_vs_Mock_padj,Flg22_SynCom33_vs_Mock_log2FoldChange,Flg22_SynCom35_vs_Mock_pvalue,Flg22_SynCom35_vs_Mock_padj,Flg22_SynCom35_vs_Mock_log2FoldChange,Flg22_vs_Mock,Flg22_SynCom33_vs_Mock,Flg22_SynCom35_vs_Mock,cl
AT1G01960.1,GO:0032012,BIG3,1,330588,337912,-,7324,protein_coding,Brefeldin A-inhibited guanine nucleotide-exchange protein 3 [Source:UniProtKB/Swiss-Prot;Acc:Q9LPC5],0.5519769532705174,0.8978838967355656,0.06863674668751683,0.8652352762932481,0.9643940085129404,0.019592033000455495,0.12001038616385565,0.48802554753542565,0.1791984431468362,0,0,0,4
AT1G13980.2,GO:0032012,GN,1,4788463,4794553,+,6090,protein_coding,ARF guanine-nucleotide exchange factor GNOM [Source:UniProtKB/Swiss-Prot;Acc:Q42510],0.4888273239559149,0.8764362214879398,-0.1220864867958223,0.003544957603662438,0.055052310977269585,-0.5160634312408569,0.012457567065307876,0.14527588388617396,-0.44159416537205315,0,0,0,2
AT1G13980.1,GO:0032012,GN,1,4788550,4794654,+,6104,protein_coding,ARF guanine-nucleotide exchange factor GNOM [Source:UniProtKB/Swiss-Prot;Acc:Q42510],0.9385400512657722,0.9919486195295998,0.09790788982626865,0.160656816106023,0.507759068575963,1.7798015948662604,0.13868547754790175,0.5177612977463341,1.8784621211875001,0,0,0,1
AT3G60860.1,GO:0032012,BIG2,3,22484397,22491935,+,7538,protein_coding,Brefeldin A-inhibited guanine nucleotide-exchange protein 2 [Source:UniProtKB/Swiss-Prot;Acc:Q9LZX8],0.6641911683185786,0.9325383080246943,-0.032426603095911714,0.7977914554502412,0.9441023906239384,-0.01913610298524245,0.3815738498848179,0.7625138035159855,-0.06531093975333369,0,0,0,8
AT5G39500.1,GO:0032012,GNL1,5,15814559,15820151,+,5592,protein_coding,ARF guanine-nucleotide exchange factor GNL1 [Source:UniProtKB/Swiss-Prot;Acc:Q9FLY5],0.4467817693379282,0.8605648207422417,-0.12383219022036547,0.2565338146235912,0.6274555812489551,-0.18485113815616477,0.5988642314423304,0.8803734959030166,-0.08550153749306244,0,0,0,8
AT5G39500.2,GO:0032012,GNL1,5,15815274,15820045,+,4771,protein_coding,ARF guanine-nucleotide exchange factor GNL1 [Source:UniProtKB/Swiss-Prot;Acc:Q9FLY5],0.5892464849084802,0.9096380980309419,0.25508746539461696,0.9919039899433508,0.9978620192163213,0.004797973277816698,0.39229703705284863,0.7682403713610824,0.40391023752821736,0,0,0,6
