ID,Path,Gene,Chromosome,Start,End,Strand,Length,BioType,Description,Flg22_vs_Mock_pvalue,Flg22_vs_Mock_padj,Flg22_vs_Mock_log2FoldChange,Flg22_SynCom33_vs_Mock_pvalue,Flg22_SynCom33_vs_Mock_padj,Flg22_SynCom33_vs_Mock_log2FoldChange,Flg22_SynCom35_vs_Mock_pvalue,Flg22_SynCom35_vs_Mock_padj,Flg22_SynCom35_vs_Mock_log2FoldChange,Flg22_vs_Mock,Flg22_SynCom33_vs_Mock,Flg22_SynCom35_vs_Mock,cl
AT1G04950.2,GO:0046695,TAF6,1,1403085,1407531,-,4446,protein_coding,TAFII59 [Source:UniProtKB/TrEMBL;Acc:A0A178W741],0.20350044602858355,0.6777885589589491,-0.26935019344263333,0.7738268330835109,0.9362787688891273,-0.06059381689671633,0.41553544417403815,0.7822087831099164,0.17061158062356052,0,0,0,4
AT1G17440.1,GO:0046695,TAF12B,1,5983984,5987934,-,3950,protein_coding,Transcription initiation factor TFIID subunit 12b [Source:UniProtKB/Swiss-Prot;Acc:Q940A7],0.4720171986291492,0.8697919809162142,0.10590538917911484,0.050770822074665566,0.2833931144126162,0.28659729218371943,0.5814377312454005,0.8741530758735039,0.08108153607618715,0,0,0,5
AT1G17440.2,GO:0046695,TAF12B,1,5984161,5987771,-,3610,protein_coding,Transcription initiation factor TFIID subunit 12b [Source:UniProtKB/Swiss-Prot;Acc:Q940A7],0.6446678932188856,0.9273604099470842,-0.09014934176618411,0.0013809267988554223,0.028315846076911868,-0.6325673295005763,0.019336012090626912,0.19041579159897756,-0.4597811048602733,0,0,0,2
AT3G10070.1,GO:0046695,TAF12,3,3103880,3106826,-,2946,protein_coding,Transcription initiation factor TFIID subunit 12 [Source:UniProtKB/Swiss-Prot;Acc:Q9SR71],0.040656103739042083,0.33922869253401644,0.33946219365577823,0.9634501766828485,0.9918757678373544,0.0077772356356411425,0.1797444110893771,0.576802860075795,0.2229534917197857,0,0,0,6
