ID,Path,Gene,Chromosome,Start,End,Strand,Length,BioType,Description,Flg22_vs_Mock_pvalue,Flg22_vs_Mock_padj,Flg22_vs_Mock_log2FoldChange,Flg22_SynCom33_vs_Mock_pvalue,Flg22_SynCom33_vs_Mock_padj,Flg22_SynCom33_vs_Mock_log2FoldChange,Flg22_SynCom35_vs_Mock_pvalue,Flg22_SynCom35_vs_Mock_padj,Flg22_SynCom35_vs_Mock_log2FoldChange,Flg22_vs_Mock,Flg22_SynCom33_vs_Mock,Flg22_SynCom35_vs_Mock,cl
AT2G02560.1,GO:0010265,CAND1,2,689784,697596,+,7812,protein_coding,Cullin-associated NEDD8-dissociated protein 1 [Source:UniProtKB/Swiss-Prot;Acc:Q8L5Y6],0.7148656198649433,0.94581248599283,-0.036692625799729844,0.05613723139680302,0.2984142879985878,-0.19240618447855526,0.8673517003508331,0.9686421032206517,-0.01674834460060377,0,0,0,3
AT2G02560.2,GO:0010265,CAND1,2,689784,697707,+,7923,protein_coding,Cullin-associated NEDD8-dissociated protein 1 [Source:UniProtKB/Swiss-Prot;Acc:Q8L5Y6],0.02922739916673061,0.28231193917187763,0.5921243750643567,0.04416228811248179,0.26195291902906787,0.5468126766230741,0.6110916027773932,0.8852279259750058,0.13860714345909922,0,0,0,9
AT4G02570.1,GO:0010265,CUL1,4,1128558,1133697,+,5139,protein_coding,AT4G02570 protein [Source:UniProtKB/TrEMBL;Acc:B9DGE3],0.3887444153319987,0.831959427630637,0.34539000455502494,0.848320727677632,0.9593436456787726,-0.07735044165975993,0.10474435119077116,0.4597213848867066,0.6461263581398783,0,0,0,6
AT4G02570.2,GO:0010265,CUL1,4,1128558,1133697,+,5139,protein_coding,AT4G02570 protein [Source:UniProtKB/TrEMBL;Acc:B9DGE3],0.27741178736709804,0.7525979499308748,1.6119034549036053,0.9929928864566723,0.9978620192163213,-0.013057161732882995,0.9545310296597378,0.989537391272412,0.08474467538413925,0,0,0,7
AT4G02570.3,GO:0010265,CUL1,4,1128619,1133696,+,5077,protein_coding,AT4G02570 protein [Source:UniProtKB/TrEMBL;Acc:B9DGE3],0.13552709865891582,0.5839277544822741,-0.11636011119287079,0.2051484698032622,0.568717179165157,-0.09876583506896533,0.0628598436964015,0.3567012648289147,-0.14495697765979404,0,0,0,8
