ID,Path,Gene,Chromosome,Start,End,Strand,Length,BioType,Description,Flg22_vs_Mock_pvalue,Flg22_vs_Mock_padj,Flg22_vs_Mock_log2FoldChange,Flg22_SynCom33_vs_Mock_pvalue,Flg22_SynCom33_vs_Mock_padj,Flg22_SynCom33_vs_Mock_log2FoldChange,Flg22_SynCom35_vs_Mock_pvalue,Flg22_SynCom35_vs_Mock_padj,Flg22_SynCom35_vs_Mock_log2FoldChange,Flg22_vs_Mock,Flg22_SynCom33_vs_Mock,Flg22_SynCom35_vs_Mock,cl
AT1G28530.2,GO:0090391,,1,10031985,10035638,-,3653,protein_coding,Deneddylase [Source:UniProtKB/TrEMBL;Acc:Q84TH8],0.6817603345350942,0.9372657045723938,-0.39952541000254005,0.5963553140848414,0.8672088906863956,-0.5164548990596121,0.9171668708439185,0.9811352566904543,-0.10112933937870808,0,0,0,8
AT1G50900.1,GO:0090391,LTD,1,18866197,18867204,+,1007,protein_coding,Protein LHCP TRANSLOCATION DEFECT [Source:UniProtKB/Swiss-Prot;Acc:Q8VY88],0.07999725433196314,0.4678085785162045,-0.5686321917154431,0.09233096200067671,0.38846108394563067,0.5146250150318468,0.026799745588224518,0.22771071195713954,0.6708093492718048,0,0,0,1
AT1G74730.1,GO:0090391,,1,28078852,28079987,+,1135,protein_coding,"Transmembrane protein, putative (DUF1118) [Source:UniProtKB/TrEMBL;Acc:Q94F10]",0.5854065522062427,0.9087781613022718,-0.29556457596696495,0.523216710463238,0.826741188383165,-0.3468465596704154,0.7449672229515913,NA,-0.1747952913137578,0,0,0,8
AT5G08050.1,GO:0090391,,5,2578211,2579205,+,994,protein_coding,"Wiskott-aldrich syndrome family protein, putative (DUF1118) [Source:UniProtKB/TrEMBL;Acc:Q9SD79]",0.006924513228197682,0.12168289839086904,-1.2896540806443997,4.1057424529023504e-4,0.011983182677491913,-1.7083778728268435,0.40865923548973704,0.7777806080557551,-0.3874921564821935,-0,-1,0,8
