ID,Path,Gene,Chromosome,Start,End,Strand,Length,BioType,Description,Flg22_vs_Mock_pvalue,Flg22_vs_Mock_padj,Flg22_vs_Mock_log2FoldChange,Flg22_SynCom33_vs_Mock_pvalue,Flg22_SynCom33_vs_Mock_padj,Flg22_SynCom33_vs_Mock_log2FoldChange,Flg22_SynCom35_vs_Mock_pvalue,Flg22_SynCom35_vs_Mock_padj,Flg22_SynCom35_vs_Mock_log2FoldChange,Flg22_vs_Mock,Flg22_SynCom33_vs_Mock,Flg22_SynCom35_vs_Mock,cl
AT1G01210.3,GO:0042779,,1,88883,90502,+,1619,protein_coding,DNA-directed RNA polymerase subunit [Source:UniProtKB/TrEMBL;Acc:Q9LNK0],0.818179271995466,0.9680612780538831,0.1654415373111226,0.809534065474856,0.9476526192342396,0.1734734457427039,0.903189581612882,NA,-0.08805305308400946,0,0,0,9
AT1G01210.1,GO:0042779,,1,88890,89745,+,855,protein_coding,DNA-directed RNA polymerase subunit [Source:UniProtKB/TrEMBL;Acc:Q9LNK0],0.23276276304307025,0.7093339115405771,-0.29386281795365177,0.09290173466265683,0.3897357968683477,-0.4162791108715276,0.721366365951184,0.9249883824780718,-0.08683410634317411,0,0,0,8
AT4G07950.1,GO:0042779,,4,4797841,4799795,+,1954,protein_coding,DNA-directed RNA polymerase subunit [Source:UniProtKB/TrEMBL;Acc:Q9ZQC0],0.11075753083337113,0.5379368884139532,-0.32554245322561143,0.030758317511768288,0.21317045235826493,-0.44497349163024635,0.8673360771614449,0.9686421032206517,-0.033329782327831466,0,0,0,8
