ID,Path,Gene,Chromosome,Start,End,Strand,Length,BioType,Description,Flg22_vs_Mock_pvalue,Flg22_vs_Mock_padj,Flg22_vs_Mock_log2FoldChange,Flg22_SynCom33_vs_Mock_pvalue,Flg22_SynCom33_vs_Mock_padj,Flg22_SynCom33_vs_Mock_log2FoldChange,Flg22_SynCom35_vs_Mock_pvalue,Flg22_SynCom35_vs_Mock_padj,Flg22_SynCom35_vs_Mock_log2FoldChange,Flg22_vs_Mock,Flg22_SynCom33_vs_Mock,Flg22_SynCom35_vs_Mock,cl
AT3G25110.1,GO:0004320,FATA,3,9146271,9148525,-,2254,protein_coding,"Oleoyl-acyl carrier protein thioesterase 1, chloroplastic [Source:UniProtKB/Swiss-Prot;Acc:Q42561]",0.8511663621330183,0.9755383689612521,0.037328899692408365,0.11716007185312109,0.4355883759207305,-0.3123029781034449,0.022638418034469747,0.2074800232660088,-0.45450227893645667,0,0,0,2
AT4G13050.1,GO:0004320,FATA2,4,7617428,7619657,+,2229,protein_coding,"Oleoyl-acyl carrier protein thioesterase 2, chloroplastic [Source:UniProtKB/Swiss-Prot;Acc:Q9SV64]",0.4418951856395204,0.8575517334054803,-0.10459051475191383,0.8470098238135848,0.9587484982002099,-0.026189653059632934,0.9361076628087175,0.9851868880707652,0.010844125158847001,0,0,0,1
