ID,Path,Gene,Chromosome,Start,End,Strand,Length,BioType,Description,Flg22_vs_Mock_pvalue,Flg22_vs_Mock_padj,Flg22_vs_Mock_log2FoldChange,Flg22_SynCom33_vs_Mock_pvalue,Flg22_SynCom33_vs_Mock_padj,Flg22_SynCom33_vs_Mock_log2FoldChange,Flg22_SynCom35_vs_Mock_pvalue,Flg22_SynCom35_vs_Mock_padj,Flg22_SynCom35_vs_Mock_log2FoldChange,Flg22_vs_Mock,Flg22_SynCom33_vs_Mock,Flg22_SynCom35_vs_Mock,cl
AT1G09340.1,GO:0000427,CRB,1,3015241,3018542,+,3301,protein_coding,chloroplast RNA binding [Source:TAIR;Acc:AT1G09340],0.17384376483348374,0.6442726179392457,-0.5925517479347547,0.6365894154037742,0.8851971059095953,-0.20299839554656565,0.1621693334816385,0.5524596183660803,0.5874531258679121,0,0,0,4
AT1G10522.2,GO:0000427,PRIN2,1,3469580,3471483,+,1903,protein_coding,"Protein PLASTID REDOX INSENSITIVE 2, chloroplastic [Source:UniProtKB/Swiss-Prot;Acc:Q9XIK0]",0.1761445162607736,0.6475453109361382,-0.39529866337532793,0.24147544064432888,0.6115697121838488,-0.34105426466082506,0.605744490626225,0.8830766242292517,0.14449171310941405,0,0,0,4
AT4G13670.3,GO:0000427,PTAC5,4,7948579,7950550,+,1971,protein_coding,"Protein disulfide isomerase pTAC5, chloroplastic [Source:UniProtKB/Swiss-Prot;Acc:A1A6M1]",0.09891187626927338,0.5140079366396763,1.0752700701021691,0.141530068553995,0.4788083693516856,0.9603402783473473,0.4984182469489631,NA,0.4466860210377969,0,0,0,9
AT4G13670.1,GO:0000427,PTAC5,4,7948579,7951022,+,2443,protein_coding,"Protein disulfide isomerase pTAC5, chloroplastic [Source:UniProtKB/Swiss-Prot;Acc:A1A6M1]",0.99751495255779,0.999560770667146,7.222717389109066e-4,0.5183318438560987,0.8241902224350794,-0.1509520464690774,0.25059529973054734,0.6589590855159625,0.2627249006227177,0,0,0,4
AT4G20130.2,GO:0000427,PTAC14,4,10879026,10881946,+,2920,protein_coding,Protein PLASTID TRANSCRIPTIONALLY ACTIVE 14 [Source:UniProtKB/Swiss-Prot;Acc:Q84JF5],0.40501012481842885,0.8403341915918284,-0.3553040148276423,0.0014721904017700048,0.029755956676978397,-1.4326553921619836,0.7553470118640546,0.9354476701441267,-0.13166356281093317,0,-1,0,3
AT4G20130.3,GO:0000427,PTAC14,4,10879841,10881946,+,2105,protein_coding,Protein PLASTID TRANSCRIPTIONALLY ACTIVE 14 [Source:UniProtKB/Swiss-Prot;Acc:Q84JF5],0.3712239246568953,0.8196243225221632,-0.5618085590077869,0.39572314389911484,0.7462362294856604,0.5227241206029152,0.3964300141299062,0.7707207372093446,0.5213555537730273,0,0,0,1
