ID,Path,Gene,Chromosome,Start,End,Strand,Length,BioType,Description,Flg22_vs_Mock_pvalue,Flg22_vs_Mock_padj,Flg22_vs_Mock_log2FoldChange,Flg22_SynCom33_vs_Mock_pvalue,Flg22_SynCom33_vs_Mock_padj,Flg22_SynCom33_vs_Mock_log2FoldChange,Flg22_SynCom35_vs_Mock_pvalue,Flg22_SynCom35_vs_Mock_padj,Flg22_SynCom35_vs_Mock_log2FoldChange,Flg22_vs_Mock,Flg22_SynCom33_vs_Mock,Flg22_SynCom35_vs_Mock,cl
AT3G06510.1,GO:0102996,SFR2,3,2016246,2020103,+,3857,protein_coding,Glycosyl hydrolase superfamily protein [Source:TAIR;Acc:AT3G06510],0.875610592966163,0.9817093048704353,-0.02676415882301518,0.9314364471438175,0.983479784841136,0.01469994260577706,0.958322967018182,0.9903068571162502,0.008911551115409077,0,0,0,4
AT3G06510.2,GO:0102996,SFR2,3,2016329,2019791,+,3462,protein_coding,Glycosyl hydrolase superfamily protein [Source:TAIR;Acc:AT3G06510],0.7744007209763069,0.9593789929619458,0.07916064654434468,0.9647160520091519,0.9919792330357876,0.01222826638289262,0.33999914166727446,0.7330136526777749,0.2628226010394327,0,0,0,4
