ID,Path,Gene,Chromosome,Start,End,Strand,Length,BioType,Description,Flg22_vs_Mock_pvalue,Flg22_vs_Mock_padj,Flg22_vs_Mock_log2FoldChange,Flg22_SynCom33_vs_Mock_pvalue,Flg22_SynCom33_vs_Mock_padj,Flg22_SynCom33_vs_Mock_log2FoldChange,Flg22_SynCom35_vs_Mock_pvalue,Flg22_SynCom35_vs_Mock_padj,Flg22_SynCom35_vs_Mock_log2FoldChange,Flg22_vs_Mock,Flg22_SynCom33_vs_Mock,Flg22_SynCom35_vs_Mock,cl
AT2G22500.1,GO:0005310,PUMP5,2,9562774,9564850,-,2076,protein_coding,Mitochondrial uncoupling protein 5 [Source:UniProtKB/Swiss-Prot;Acc:Q9SJY5],0.28090868579961703,0.7559359607793554,0.2754785881414792,0.6920425703071612,0.9086092371321851,0.10126490177076815,0.04092076358864689,0.2865168016343617,-0.5240731969918714,0,0,0,7
AT4G24570.1,GO:0005310,PUMP4,4,12686459,12687650,+,1191,protein_coding,DIC2 [Source:UniProtKB/TrEMBL;Acc:A0A178URN9],0.6803126758704565,0.9368848753100961,0.24201512783383672,0.8324985171528774,0.9535653473988517,0.12428582356161633,0.14953898758348758,0.5341479815159627,-0.8508963682181903,0,0,0,9
AT5G09470.1,GO:0005310,PUMP6,5,2949132,2950695,-,1563,protein_coding,DIC3 [Source:UniProtKB/TrEMBL;Acc:A0A178UKG1],0.15987797485807417,NA,1.3716801267167635,0.2805807298452629,NA,-1.1826411231009595,0.02793061479370876,NA,-3.048011605080163,0,-0,-0,7
AT5G19760.1,GO:0005310,DTC,5,6679306,6682054,-,2748,protein_coding,Mitochondrial dicarboxylate/tricarboxylate transporter DTC [Source:UniProtKB/Swiss-Prot;Acc:Q9C5M0],0.16861950028506506,0.6362927148706665,0.15944552110512594,0.7699674180689737,0.9353515232328099,-0.03389903955718395,0.8207229681457037,0.9549479096529725,0.026253030580512964,0,0,0,3
