ID,Path,Gene,Chromosome,Start,End,Strand,Length,BioType,Description,Flg22_vs_Mock_pvalue,Flg22_vs_Mock_padj,Flg22_vs_Mock_log2FoldChange,Flg22_SynCom33_vs_Mock_pvalue,Flg22_SynCom33_vs_Mock_padj,Flg22_SynCom33_vs_Mock_log2FoldChange,Flg22_SynCom35_vs_Mock_pvalue,Flg22_SynCom35_vs_Mock_padj,Flg22_SynCom35_vs_Mock_log2FoldChange,Flg22_vs_Mock,Flg22_SynCom33_vs_Mock,Flg22_SynCom35_vs_Mock,cl
AT1G62400.1,GO:0071244,HT1,1,23089610,23091732,+,2122,protein_coding,Serine/threonine-protein kinase HT1 [Source:UniProtKB/Swiss-Prot;Acc:Q2MHE4],0.971376001668428,0.9946629527453268,0.02604092257074598,0.41616285248035023,NA,0.5715185938373373,0.18043772024518254,NA,0.9230284625110833,0,0,0,1
AT2G46070.1,GO:0071244,ATMPK12,2,18945977,18947823,-,1846,protein_coding,MPK12 [Source:UniProtKB/TrEMBL;Acc:A0A178VX75],0.663076601066229,0.9323547348258693,0.4462724790944863,0.37890517158143716,NA,0.8939869219813559,0.8063386831998464,NA,-0.25529199818715487,0,0,0,9
AT4G01370.1,GO:0071244,MPK4,4,566917,570299,+,3382,protein_coding,Mitogen-activated protein kinase 4 [Source:UniProtKB/Swiss-Prot;Acc:Q39024],0.13188055839144697,0.5783985799758834,-0.12721983647738952,0.03459700833411344,0.22806198578657122,-0.17880867067027145,0.060659232256211046,0.3508871867323696,-0.15813353294656532,0,0,0,8
AT4G20940.1,GO:0071244,,4,11202728,11206280,+,3552,protein_coding,Probable LRR receptor-like serine/threonine-protein kinase At4g20940 [Source:UniProtKB/Swiss-Prot;Acc:C0LGQ9],0.21984376368257963,0.6966112742661468,-0.43246974044535696,0.11189268971975902,0.4270049104128442,-0.5612814750721292,0.23511708409271842,0.6429241656174836,0.41523836648960216,0,0,0,4
AT4G22790.1,GO:0071244,DTX56,4,11975031,11976849,-,1818,protein_coding,Protein DETOXIFICATION [Source:UniProtKB/TrEMBL;Acc:A0A178UU74],0.08063801543499478,0.4691072586395927,-0.4971332535611023,0.0231813503504303,0.1807835973659029,-0.6510142232800281,0.25460509682816657,0.6631961918154151,0.3145575447866895,0,0,0,4
AT4G33950.1,GO:0071244,SRK2E,4,16271745,16274825,+,3080,protein_coding,Serine/threonine-protein kinase SRK2E [Source:UniProtKB/Swiss-Prot;Acc:Q940H6],0.019148706926714488,0.22424877426358664,0.4963861051108154,0.09733474516619177,0.39916897323532685,-0.3579761204250496,0.0037748418827289808,0.06791885947623581,-0.6287965852808508,0,0,0,7
