ID,Path,Gene,Chromosome,Start,End,Strand,Length,BioType,Description,Flg22_vs_Mock_pvalue,Flg22_vs_Mock_padj,Flg22_vs_Mock_log2FoldChange,Flg22_SynCom33_vs_Mock_pvalue,Flg22_SynCom33_vs_Mock_padj,Flg22_SynCom33_vs_Mock_log2FoldChange,Flg22_SynCom35_vs_Mock_pvalue,Flg22_SynCom35_vs_Mock_padj,Flg22_SynCom35_vs_Mock_log2FoldChange,Flg22_vs_Mock,Flg22_SynCom33_vs_Mock,Flg22_SynCom35_vs_Mock,cl
AT2G26590.2,GO:0061133,RPN13,2,11310957,11314986,-,4029,protein_coding,RPN13 [Source:UniProtKB/TrEMBL;Acc:A0A178VY31],0.809246192083782,0.966254819317097,-0.030881146268217138,0.09539984728353022,0.39552407657419086,0.21191179281986827,0.9189617875733102,0.9815039955735931,0.012968007789161755,0,0,0,5
AT2G26590.4,GO:0061133,RPN13,2,11311004,11315096,-,4092,protein_coding,RPN13 [Source:UniProtKB/TrEMBL;Acc:A0A178VY31],0.9629290729886454,0.9944633830616663,0.07613051083231674,0.19351359863066728,0.5537866309792723,-2.138716943592709,0.6146489122455796,0.8866836679741054,-0.8253644843006833,0,-0,0,3
