ID,Path,Gene,Chromosome,Start,End,Strand,Length,BioType,Description,Flg22_vs_Mock_pvalue,Flg22_vs_Mock_padj,Flg22_vs_Mock_log2FoldChange,Flg22_SynCom33_vs_Mock_pvalue,Flg22_SynCom33_vs_Mock_padj,Flg22_SynCom33_vs_Mock_log2FoldChange,Flg22_SynCom35_vs_Mock_pvalue,Flg22_SynCom35_vs_Mock_padj,Flg22_SynCom35_vs_Mock_log2FoldChange,Flg22_vs_Mock,Flg22_SynCom33_vs_Mock,Flg22_SynCom35_vs_Mock,cl
AT4G21470.1,GO:0003919,FHY,4,11431104,11433322,+,2218,protein_coding,FMN/FHY [Source:UniProtKB/TrEMBL;Acc:A0A178V341],0.03156689042729274,0.29366329052105516,0.28799095605311803,0.49656769768512427,0.8106353828366739,-0.09185972648496377,0.019525447007438586,0.1913414273339949,-0.3166250891100207,0,0,0,7
AT5G03430.1,GO:0003919,,5,848864,853146,-,4282,protein_coding,Phosphoadenosine phosphosulfate (PAPS) reductase family protein [Source:UniProtKB/TrEMBL;Acc:Q9LZE4],0.08904934674914107,0.49053318619276115,0.15343893595783087,0.08310931312722351,0.3686707187270664,0.15641641066144618,0.009715035121712541,0.12471948503637158,-0.23641929289995833,0,0,0,9
AT5G08340.1,GO:0003919,RIBF2,5,2683782,2687416,+,3634,protein_coding,"FAD synthetase 2, chloroplastic [Source:UniProtKB/Swiss-Prot;Acc:Q8VZR0]",0.4822071566234479,0.8737748716701299,0.21216123913986706,0.9244976424228454,0.9813567624790072,-0.028856919641062895,0.06253625216679524,0.3560097384355797,0.5557713691642875,0,0,0,4
AT5G08340.2,GO:0003919,RIBF2,5,2683797,2685997,+,2200,protein_coding,"FAD synthetase 2, chloroplastic [Source:UniProtKB/Swiss-Prot;Acc:Q8VZR0]",0.8067761723283747,0.9662426756893417,0.5279494998296992,0.5121260458255052,NA,1.4071331529722317,0.5788734080977165,NA,1.1921431803227132,0,0,0,5
AT5G23330.1,GO:0003919,RIBF1,5,7854056,7855813,+,1757,protein_coding,"FAD synthetase 1, chloroplastic [Source:UniProtKB/Swiss-Prot;Acc:Q9FMW8]",0.25674024758366115,0.7349943874387103,-0.19923796429090584,0.7774854770090232,0.9372360804016394,-0.04920168832813855,0.48858582909106935,0.8268720857566432,0.11880638828370464,0,0,0,4
