ID,Path,Gene,Chromosome,Start,End,Strand,Length,BioType,Description,Flg22_vs_Mock_pvalue,Flg22_vs_Mock_padj,Flg22_vs_Mock_log2FoldChange,Flg22_SynCom33_vs_Mock_pvalue,Flg22_SynCom33_vs_Mock_padj,Flg22_SynCom33_vs_Mock_log2FoldChange,Flg22_SynCom35_vs_Mock_pvalue,Flg22_SynCom35_vs_Mock_padj,Flg22_SynCom35_vs_Mock_log2FoldChange,Flg22_vs_Mock,Flg22_SynCom33_vs_Mock,Flg22_SynCom35_vs_Mock,cl
AT4G25730.1,GO:0008650,,4,13102662,13106864,-,4202,protein_coding,Putative rRNA methyltransferase [Source:UniProtKB/TrEMBL;Acc:F4JTD2],0.047016232995393384,0.3638043376889403,-0.49091605406506617,0.08130278098206536,0.3640432286690974,-0.4308057048719308,0.6569656010929683,0.9030258047455139,0.10961413351533468,0,0,0,4
AT5G13830.1,GO:0008650,,5,4467311,4468487,+,1176,protein_coding,FtsJ-like methyltransferase family protein [Source:UniProtKB/TrEMBL;Acc:Q9SXH3],0.3676224808867492,0.8161586202836436,-0.5377428812175671,0.03776784097592895,0.2398780991595787,-1.272220243921012,0.923970449275106,0.9825418024329171,-0.05624171706819707,0,-0,0,8
