ID,Path,Gene,Chromosome,Start,End,Strand,Length,BioType,Description,Flg22_vs_Mock_pvalue,Flg22_vs_Mock_padj,Flg22_vs_Mock_log2FoldChange,Flg22_SynCom33_vs_Mock_pvalue,Flg22_SynCom33_vs_Mock_padj,Flg22_SynCom33_vs_Mock_log2FoldChange,Flg22_SynCom35_vs_Mock_pvalue,Flg22_SynCom35_vs_Mock_padj,Flg22_SynCom35_vs_Mock_log2FoldChange,Flg22_vs_Mock,Flg22_SynCom33_vs_Mock,Flg22_SynCom35_vs_Mock,cl
AT1G13980.2,GO:0010292,GN,1,4788463,4794553,+,6090,protein_coding,ARF guanine-nucleotide exchange factor GNOM [Source:UniProtKB/Swiss-Prot;Acc:Q42510],0.4888273239559149,0.8764362214879398,-0.1220864867958223,0.003544957603662438,0.055052310977269585,-0.5160634312408569,0.012457567065307876,0.14527588388617396,-0.44159416537205315,0,0,0,2
AT1G13980.1,GO:0010292,GN,1,4788550,4794654,+,6104,protein_coding,ARF guanine-nucleotide exchange factor GNOM [Source:UniProtKB/Swiss-Prot;Acc:Q42510],0.9385400512657722,0.9919486195295998,0.09790788982626865,0.160656816106023,0.507759068575963,1.7798015948662604,0.13868547754790175,0.5177612977463341,1.8784621211875001,0,0,0,1
