ID,Path,Gene,Chromosome,Start,End,Strand,Length,BioType,Description,Flg22_vs_Mock_pvalue,Flg22_vs_Mock_padj,Flg22_vs_Mock_log2FoldChange,Flg22_SynCom33_vs_Mock_pvalue,Flg22_SynCom33_vs_Mock_padj,Flg22_SynCom33_vs_Mock_log2FoldChange,Flg22_SynCom35_vs_Mock_pvalue,Flg22_SynCom35_vs_Mock_padj,Flg22_SynCom35_vs_Mock_log2FoldChange,Flg22_vs_Mock,Flg22_SynCom33_vs_Mock,Flg22_SynCom35_vs_Mock,cl
AT2G17290.1,GO:0010359,CPK6,2,7516330,7519662,+,3332,protein_coding,Calcium-dependent protein kinase 6 [Source:UniProtKB/Swiss-Prot;Acc:Q38872],0.17436103204040324,0.6448411497866036,-0.09659490791806442,0.2920692319614369,0.6600852630391264,0.07468717204599824,0.006462380871350714,0.09686726417629625,-0.1937421933087292,0,0,0,10
AT4G23650.1,GO:0010359,CPK3,4,12324758,12327651,-,2893,protein_coding,CPK3 [Source:UniProtKB/TrEMBL;Acc:A0A178V4I3],0.34029902135477463,0.7995570717716297,-0.08359853466145312,0.00721173075334602,0.08800079260619505,0.23504379204255268,0.48404313604820615,0.8239896755422667,0.06125219344914526,0,0,0,5
AT5G20480.2,GO:0010359,EFR,5,6921509,6925901,+,4392,protein_coding,LRR receptor-like serine/threonine-protein kinase EFR [Source:UniProtKB/Swiss-Prot;Acc:C0LGT6],0.6188459787824911,0.9199082974629913,0.49351866159231045,0.3177977757390431,0.6828968670996769,0.9880283630398801,0.99901508522874,0.9997924401392605,-0.0012289108268000414,0,0,0,9
AT5G46330.2,GO:0010359,FLS2,5,18791575,18795908,+,4333,protein_coding,Leucine-rich repeat receptor-like protein kinase (Fragment) [Source:UniProtKB/TrEMBL;Acc:C0LGU8],0.004863413901267608,0.09765525934652829,-0.5734537372176252,0.01441302749790159,0.13628244994674307,-0.4980832893583814,0.17698968619630198,0.5731365238344843,0.2737535691680506,0,0,0,4
