ID,Path,Gene,Chromosome,Start,End,Strand,Length,BioType,Description,Flg22_vs_Mock_pvalue,Flg22_vs_Mock_padj,Flg22_vs_Mock_log2FoldChange,Flg22_SynCom33_vs_Mock_pvalue,Flg22_SynCom33_vs_Mock_padj,Flg22_SynCom33_vs_Mock_log2FoldChange,Flg22_SynCom35_vs_Mock_pvalue,Flg22_SynCom35_vs_Mock_padj,Flg22_SynCom35_vs_Mock_log2FoldChange,Flg22_vs_Mock,Flg22_SynCom33_vs_Mock,Flg22_SynCom35_vs_Mock,cl
AT1G22640.1,GO:0009892,MYB3,1,8006064,8007460,+,1396,protein_coding,MYB3 [Source:UniProtKB/TrEMBL;Acc:A0A178WFN1],0.7515312850494376,0.9531706513115944,-0.660024227876358,0.6720894358958868,0.9006468276875402,-0.8830922846733483,0.5856391755401524,NA,-1.1381363633418171,0,0,-0,2
AT1G22640.2,GO:0009892,MYB3,1,8006064,8007460,+,1396,protein_coding,MYB3 [Source:UniProtKB/TrEMBL;Acc:A0A178WFN1],0.04042459986810935,0.3381109187535416,1.2684145233208208,0.8007486818452687,0.9450776806024497,0.15882669123023088,0.3914512069179816,0.76803441079495,0.5347930207060803,0,0,0,7
AT1G22640.3,GO:0009892,MYB3,1,8006423,8007465,+,1042,protein_coding,MYB3 [Source:UniProtKB/TrEMBL;Acc:A0A178WFN1],0.2251005115405076,0.7017930357126057,0.22585782015441683,0.20555142518055025,0.5693007842266177,-0.23881239310669541,0.007450640625696684,0.10488444246519064,-0.5079030096681763,0,0,0,2
