ID,Path,Gene,Chromosome,Start,End,Strand,Length,BioType,Description,Flg22_vs_Mock_pvalue,Flg22_vs_Mock_padj,Flg22_vs_Mock_log2FoldChange,Flg22_SynCom33_vs_Mock_pvalue,Flg22_SynCom33_vs_Mock_padj,Flg22_SynCom33_vs_Mock_log2FoldChange,Flg22_SynCom35_vs_Mock_pvalue,Flg22_SynCom35_vs_Mock_padj,Flg22_SynCom35_vs_Mock_log2FoldChange,Flg22_vs_Mock,Flg22_SynCom33_vs_Mock,Flg22_SynCom35_vs_Mock,cl
AT1G13300.1,GO:0032107,HRS1,1,4556878,4558793,+,1915,protein_coding,Transcription factor HRS1 [Source:UniProtKB/Swiss-Prot;Acc:Q9FX67],0.034807521767459104,0.31170427697668707,-0.5444602853421052,0.03277899855356677,0.2210537868876995,0.5500491494201207,0.1482530041697322,0.5328956782183502,0.37253300606829204,0,0,0,1
AT5G13080.1,GO:0032107,WRKY75,5,4149738,4151201,-,1463,protein_coding,WRKY75 [Source:UniProtKB/TrEMBL;Acc:A0A178UJF4],0.2917891047555646,0.7645655107401625,-0.33618419393021,0.4292139247513789,0.7684586385050516,-0.2519203358589783,0.0016296511875733785,0.037268201778175226,-1.01217857092394,0,0,-1,2
