ID,Path,Gene,Chromosome,Start,End,Strand,Length,BioType,Description,Flg22_vs_Mock_pvalue,Flg22_vs_Mock_padj,Flg22_vs_Mock_log2FoldChange,Flg22_SynCom33_vs_Mock_pvalue,Flg22_SynCom33_vs_Mock_padj,Flg22_SynCom33_vs_Mock_log2FoldChange,Flg22_SynCom35_vs_Mock_pvalue,Flg22_SynCom35_vs_Mock_padj,Flg22_SynCom35_vs_Mock_log2FoldChange,Flg22_vs_Mock,Flg22_SynCom33_vs_Mock,Flg22_SynCom35_vs_Mock,cl
AT1G65800.1,GO:0007178,SD16,1,24472873,24476887,+,4014,protein_coding,Receptor-like serine/threonine-protein kinase SD1-6 [Source:UniProtKB/Swiss-Prot;Acc:Q9S972],0.9201311158695099,0.9884770655970441,0.06524939750949352,0.9814966560517951,0.9960172089752743,-0.01512012281210819,0.9379734151203909,0.9852754844765474,-0.050676649355999887,0,0,0,6
AT4G27800.1,GO:0007178,PPH1,4,13851777,13854237,-,2460,protein_coding,Protein phosphatase 2C 57 [Source:UniProtKB/Swiss-Prot;Acc:P49599],0.6192259443100305,0.9200133934151573,-0.10272607606764883,0.6175338438347122,0.8764040539845664,-0.10325770281779446,0.5624622725325423,0.86536531000754,0.11874485953465942,0,0,0,4
AT4G27800.2,GO:0007178,PPH1,4,13851799,13854191,-,2392,protein_coding,Protein phosphatase 2C 57 [Source:UniProtKB/Swiss-Prot;Acc:P49599],0.8561467588248259,0.9767773977848947,-0.08176361343556171,0.65265703867857106,0.892997735723385,0.2021633646057262,0.33355122986303215,0.728513435137978,-0.43834410797861023,0,0,0,10
