ID,Path,Gene,Chromosome,Start,End,Strand,Length,BioType,Description,Flg22_vs_Mock_pvalue,Flg22_vs_Mock_padj,Flg22_vs_Mock_log2FoldChange,Flg22_SynCom33_vs_Mock_pvalue,Flg22_SynCom33_vs_Mock_padj,Flg22_SynCom33_vs_Mock_log2FoldChange,Flg22_SynCom35_vs_Mock_pvalue,Flg22_SynCom35_vs_Mock_padj,Flg22_SynCom35_vs_Mock_log2FoldChange,Flg22_vs_Mock,Flg22_SynCom33_vs_Mock,Flg22_SynCom35_vs_Mock,cl
AT1G80760.1,GO:0015204,NIP6-1,1,30350539,30352208,-,1669,protein_coding,Aquaporin NIP6-1 [Source:UniProtKB/Swiss-Prot;Acc:Q9SAI4],0.019454155234391212,0.225831057716756,0.8664161512582051,0.8449604831326759,0.9579616088554929,0.07503028925564786,0.6684942367290551,0.9068250161690296,-0.16568367424804917,0,0,0,7
AT2G36830.1,GO:0015204,TIP1-1,2,15445294,15446621,+,1327,protein_coding,Aquaporin TIP1-1 [Source:UniProtKB/Swiss-Prot;Acc:P25818],0.306621566853302,0.7737398416614555,-0.25570414717874157,0.1577740298355047,0.5033287391688034,0.35322980694065054,0.06283168399222422,0.3567012648289147,0.46517255316041106,0,0,0,1
AT3G16240.1,GO:0015204,TIP2-1,3,5505360,5507050,+,1690,protein_coding,Aquaporin TIP2-1 [Source:UniProtKB/Swiss-Prot;Acc:Q41951],0.2939784184507477,0.7659813944947316,-0.18536606090465205,0.012845994821307494,0.1270697048525822,0.43857398718926305,5.528833550463863e-5,0.0031005286143836737,0.7101462275040007,0,0,0,1
AT4G01470.1,GO:0015204,TIP1-3,4,624786,625885,-,1099,protein_coding,Aquaporin TIP1-3 [Source:UniProtKB/Swiss-Prot;Acc:O82598],0.574973672775105,NA,0.9889944912993774,0.5958768746506762,NA,0.9376756414864443,0.6978251785765575,NA,0.691036698202834,0,0,0,9
AT5G45380.1,GO:0015204,DUR3,5,18390942,18395928,+,4986,protein_coding,DUR3 [Source:UniProtKB/TrEMBL;Acc:A0A178UG75],0.2737460318827092,0.7504158561712203,-0.40543796433361345,0.7928596613447815,0.9421568793178766,0.09720806282982651,0.6252286067983991,0.8920378941168207,0.18077847630261779,0,0,0,1
