ID,Path,Gene,Chromosome,Start,End,Strand,Length,BioType,Description,Flg22_vs_Mock_pvalue,Flg22_vs_Mock_padj,Flg22_vs_Mock_log2FoldChange,Flg22_SynCom33_vs_Mock_pvalue,Flg22_SynCom33_vs_Mock_padj,Flg22_SynCom33_vs_Mock_log2FoldChange,Flg22_SynCom35_vs_Mock_pvalue,Flg22_SynCom35_vs_Mock_padj,Flg22_SynCom35_vs_Mock_log2FoldChange,Flg22_vs_Mock,Flg22_SynCom33_vs_Mock,Flg22_SynCom35_vs_Mock,cl
AT1G02000.1,GO:0050378,GAE2,1,345516,347603,+,2087,protein_coding,UDP-glucuronate 4-epimerase 2 [Source:UniProtKB/Swiss-Prot;Acc:Q9LPC1],0.151126167392664,0.6084432975551044,0.16808847907970376,0.47409962270644074,0.7971444869648824,0.08425854750554762,0.10592311067039432,0.46088221279371777,-0.19246990147065005,0,0,0,7
AT2G45310.1,GO:0050378,GAE4,2,18682081,18684042,+,1961,protein_coding,UDP-glucuronate 4-epimerase 4 [Source:UniProtKB/Swiss-Prot;Acc:O22141],0.8217043871428668,0.9681484642154808,0.04476125081203808,0.21222992773294916,0.5773986309064998,-0.25004996909523336,0.6674987036295756,0.9064938314007508,-0.08544715426633656,0,0,0,3
AT3G23820.1,GO:0050378,GAE6,3,8603212,8605810,+,2598,protein_coding,UDP-glucuronate 4-epimerase 6 [Source:UniProtKB/Swiss-Prot;Acc:Q9LIS3],0.4852044122686168,0.8752403418423143,-0.10815152964594238,0.08260734095908649,0.36754732443257143,-0.2691150101677785,0.4262388005592689,0.7897761139752689,0.12318295352582903,0,0,0,4
AT4G00110.1,GO:0050378,GAE3,4,38480,40298,-,1818,protein_coding,GAE3 [Source:UniProtKB/TrEMBL;Acc:A0A178V2K1],0.37776109887079523,0.8242830597075039,0.11377513333642005,0.5283579631074224,0.8294309072197195,0.08148950280338636,0.5771599649776851,0.8719054776035854,0.07179645872965469,0,0,0,6
AT4G12250.1,GO:0050378,GAE5,4,7289192,7291120,-,1928,protein_coding,GAE5 [Source:UniProtKB/TrEMBL;Acc:A0A178UUD1],0.020051776516271286,0.22915965401765606,0.2807374634136753,0.0021568470586001494,0.039044015238578596,0.36948346239962515,0.07673366895585272,0.394288468120441,-0.2168880747916696,0,0,0,9
AT4G30440.1,GO:0050378,GAE1,4,14881689,14883583,-,1894,protein_coding,GAE1 [Source:UniProtKB/TrEMBL;Acc:A0A384LBP5],0.2613937176376274,0.7392954285771378,0.1265884298399196,0.0896579992208526,0.38293395854066725,0.19116058427783492,0.6011046927265082,0.8812244822439895,0.05891957080444145,0,0,0,5
