ID,Path,Gene,Chromosome,Start,End,Strand,Length,BioType,Description,Flg22_vs_Mock_pvalue,Flg22_vs_Mock_padj,Flg22_vs_Mock_log2FoldChange,Flg22_SynCom33_vs_Mock_pvalue,Flg22_SynCom33_vs_Mock_padj,Flg22_SynCom33_vs_Mock_log2FoldChange,Flg22_SynCom35_vs_Mock_pvalue,Flg22_SynCom35_vs_Mock_padj,Flg22_SynCom35_vs_Mock_log2FoldChange,Flg22_vs_Mock,Flg22_SynCom33_vs_Mock,Flg22_SynCom35_vs_Mock,cl
AT4G01070.1,GO:0050505,UGT72B1,4,461513,463542,-,2029,protein_coding,UDP-glycosyltransferase 72B1 [Source:UniProtKB/Swiss-Prot;Acc:Q9M156],0.7214263364581109,0.9468456098918204,0.07244789547516493,0.2353453340256115,0.6041976190694764,-0.24124032531148326,6.433940589793786e-5,0.0034480891735948296,-0.8131562403987002,0,0,0,2
AT4G01070.2,GO:0050505,UGT72B1,4,461592,463556,-,1964,protein_coding,UDP-glycosyltransferase 72B1 [Source:UniProtKB/Swiss-Prot;Acc:Q9M156],0.5832085599222732,0.9078270129595561,-0.25637561596883834,0.23309358871929559,0.6021048979321983,-0.5655727954791728,0.17823705489530792,0.5741150795436801,-0.6379059160144349,0,0,0,2
