ID,Path,Gene,Chromosome,Start,End,Strand,Length,BioType,Description,Flg22_vs_Mock_pvalue,Flg22_vs_Mock_padj,Flg22_vs_Mock_log2FoldChange,Flg22_SynCom33_vs_Mock_pvalue,Flg22_SynCom33_vs_Mock_padj,Flg22_SynCom33_vs_Mock_log2FoldChange,Flg22_SynCom35_vs_Mock_pvalue,Flg22_SynCom35_vs_Mock_padj,Flg22_SynCom35_vs_Mock_log2FoldChange,Flg22_vs_Mock,Flg22_SynCom33_vs_Mock,Flg22_SynCom35_vs_Mock,cl
AT4G04320.1,GO:0050080,,4,2113341,2116693,+,3352,protein_coding,Malonyl-CoA decarboxylase family protein [Source:UniProtKB/TrEMBL;Acc:Q7Y1Z8],0.19082731303096076,0.6662294138207843,0.8195436540967306,0.8700289748473721,0.9652913419734153,-0.10307307039764713,0.0749509407436758,0.3900011622596447,-1.133551567664673,0,0,-0,7
AT4G04320.2,GO:0050080,,4,2113530,2116693,+,3163,protein_coding,Malonyl-CoA decarboxylase family protein [Source:UniProtKB/TrEMBL;Acc:Q7Y1Z8],0.7876909833295165,0.9629422442315023,-0.056399725628231374,0.4649162487290469,0.7914699869652809,-0.15331104949121957,0.513573480478319,0.839769813414923,-0.13681747704339303,0,0,0,8
