ID,Path,Gene,Chromosome,Start,End,Strand,Length,BioType,Description,Flg22_vs_Mock_pvalue,Flg22_vs_Mock_padj,Flg22_vs_Mock_log2FoldChange,Flg22_SynCom33_vs_Mock_pvalue,Flg22_SynCom33_vs_Mock_padj,Flg22_SynCom33_vs_Mock_log2FoldChange,Flg22_SynCom35_vs_Mock_pvalue,Flg22_SynCom35_vs_Mock_padj,Flg22_SynCom35_vs_Mock_log2FoldChange,Flg22_vs_Mock,Flg22_SynCom33_vs_Mock,Flg22_SynCom35_vs_Mock,cl
AT2G36590.1,GO:0015824,PROT3,2,15343006,15345673,-,2667,protein_coding,Proline transporter 3 [Source:UniProtKB/Swiss-Prot;Acc:Q9SJP9],0.9600569644266638,0.9942094621695396,-0.04862590075792928,0.9786674179516139,0.9951498831084462,0.025933754073779004,0.04948185808517076,NA,-2.0361147777765956,0,0,-0,2
AT2G39890.2,GO:0015824,PROT1,2,16655577,16658412,+,2835,protein_coding,Proline transporter 1 [Source:UniProtKB/Swiss-Prot;Acc:P92961],0.21892149986739612,0.6954397600661152,0.3690943022337665,0.8280353987954637,0.9522407346821554,-0.06557803561439922,0.08746045615894911,0.421499129461538,-0.5189860805996634,0,0,0,7
AT2G39890.1,GO:0015824,PROT1,2,16655577,16658412,+,2835,protein_coding,Proline transporter 1 [Source:UniProtKB/Swiss-Prot;Acc:P92961],0.6428714929443923,0.9273392630027173,-0.469643905029866,0.8310963445795613,0.9529337570905425,-0.21570028252243215,0.13298294034122907,0.5087865967133407,-1.5366870015621978,0,0,-0,10
AT2G39890.3,GO:0015824,PROT1,2,16656348,16658331,+,1983,protein_coding,Proline transporter 1 [Source:UniProtKB/Swiss-Prot;Acc:P92961],0.08305499785798662,0.4756600991617385,-0.3101887557177246,0.011525202848232897,0.11861428138062662,-0.45421800547825386,0.09513215996341023,0.43998560497290484,-0.2979331629112816,0,0,0,8
AT3G55740.1,GO:0015824,PROT2,3,20695433,20698291,+,2858,protein_coding,Proline transporter 2 [Source:UniProtKB/Swiss-Prot;Acc:P92962],0.03747487830969315,0.32356310094764934,0.49341040086624766,0.983814760024155,0.9962296447421305,-0.004824999159421368,0.007711776311673043,0.10718077094525134,-0.6365177160201527,0,0,0,7
AT3G55740.3,GO:0015824,PROT2,3,20695930,20698292,+,2362,protein_coding,Proline transporter 2 [Source:UniProtKB/Swiss-Prot;Acc:P92962],0.5605259305572818,0.9014773053059051,-0.4123738919067164,0.3622473796027503,0.7205321672848635,-0.6482373799861072,0.021365557184747166,0.20055095870540907,-1.6774512872434026,0,0,-0,2
