ID,Path,Gene,Chromosome,Start,End,Strand,Length,BioType,Description,Flg22_vs_Mock_pvalue,Flg22_vs_Mock_padj,Flg22_vs_Mock_log2FoldChange,Flg22_SynCom33_vs_Mock_pvalue,Flg22_SynCom33_vs_Mock_padj,Flg22_SynCom33_vs_Mock_log2FoldChange,Flg22_SynCom35_vs_Mock_pvalue,Flg22_SynCom35_vs_Mock_padj,Flg22_SynCom35_vs_Mock_log2FoldChange,Flg22_vs_Mock,Flg22_SynCom33_vs_Mock,Flg22_SynCom35_vs_Mock,cl
AT2G27530.2,GO:0048569,RPL10AB,2,11763217,11764785,-,1568,protein_coding,60S ribosomal protein L10a-2 [Source:UniProtKB/Swiss-Prot;Acc:P59230],0.2121346154652573,0.6886213558451328,-0.2654438986416367,0.1307736676139763,0.46037948308000404,-0.32151423052392464,0.25881742497180094,0.6666554374973956,0.2399885595509521,0,0,0,4
AT2G27530.1,GO:0048569,RPL10AB,2,11763217,11764935,-,1718,protein_coding,60S ribosomal protein L10a-2 [Source:UniProtKB/Swiss-Prot;Acc:P59230],0.8350676860827337,0.9708464311967683,0.1618444048528301,0.46615906256346706,0.7923223433549307,-0.5712239183479857,0.7250479977595639,0.9256393518353461,0.27298273271470624,0,0,0,3
AT2G41230.1,GO:0048569,ORS1,2,17194748,17195697,-,949,protein_coding,Protein ORGAN SIZE RELATED 1 [Source:UniProtKB/Swiss-Prot;Acc:Q8RWS1],0.027032281222733302,0.2706223121265127,1.6139985507978039,6.443254195158339e-4,0.01638671327097885,2.4556726471906525,0.6433612201545159,NA,-0.3663031811169357,0,1,0,9
AT4G07410.1,GO:0048569,PCN,4,4200506,4205230,-,4724,protein_coding,WD repeat-containing protein PCN [Source:UniProtKB/Swiss-Prot;Acc:Q8RXU6],0.5645021564379392,0.9027989490487538,-0.08528639525709776,0.10382978976892526,0.4113104050351089,-0.2414752906263016,0.132542450982414,0.5083721350421267,-0.22287304349085965,0,0,0,8
AT4G07410.2,GO:0048569,PCN,4,4201244,4205356,-,4112,protein_coding,WD repeat-containing protein PCN [Source:UniProtKB/Swiss-Prot;Acc:Q8RXU6],0.13095190937961923,0.5766478852088482,-0.385647807451797,0.11690130896698184,0.4353755870948193,-0.40040908489433574,0.11827887140790923,0.48476202526941736,0.3972399034146484,0,0,0,4
