ID,Path,Gene,Chromosome,Start,End,Strand,Length,BioType,Description,Flg22_vs_Mock_pvalue,Flg22_vs_Mock_padj,Flg22_vs_Mock_log2FoldChange,Flg22_SynCom33_vs_Mock_pvalue,Flg22_SynCom33_vs_Mock_padj,Flg22_SynCom33_vs_Mock_log2FoldChange,Flg22_SynCom35_vs_Mock_pvalue,Flg22_SynCom35_vs_Mock_padj,Flg22_SynCom35_vs_Mock_log2FoldChange,Flg22_vs_Mock,Flg22_SynCom33_vs_Mock,Flg22_SynCom35_vs_Mock,cl
AT1G14290.1,GO:0046520,SBH2,1,4880030,4882265,-,2235,protein_coding,SBH2 [Source:UniProtKB/TrEMBL;Acc:A0A178WPE2],0.5673273325562307,0.9035882755187352,-0.11743800236623242,0.37407636242520215,0.7298534456898159,0.18160309607923172,0.47952944745579573,0.8218914924152978,0.14434461823018174,0,0,0,1
AT1G14290.2,GO:0046520,SBH2,1,4880039,4882003,-,1964,protein_coding,SBH2 [Source:UniProtKB/TrEMBL;Acc:A0A178WPE2],0.7486738574236095,0.9530196132125169,0.15878695127353099,0.6156512303114372,0.8751854830813912,0.24798856377683884,0.7734126196773237,NA,-0.14415519986325281,0,0,0,9
AT1G69640.1,GO:0046520,SBH1,1,26193618,26195726,-,2108,protein_coding,Sphinganine C4-monooxygenase 1 [Source:UniProtKB/Swiss-Prot;Acc:Q8VYI1],0.2193482558220152,0.6956418816822175,-0.24372141565748762,0.1419538362196711,0.4797589923632384,-0.29153431433362226,0.2501641328807567,0.6588820711183246,-0.22802698516421155,0,0,0,8
