ID,Path,Gene,Chromosome,Start,End,Strand,Length,BioType,Description,Flg22_vs_Mock_pvalue,Flg22_vs_Mock_padj,Flg22_vs_Mock_log2FoldChange,Flg22_SynCom33_vs_Mock_pvalue,Flg22_SynCom33_vs_Mock_padj,Flg22_SynCom33_vs_Mock_log2FoldChange,Flg22_SynCom35_vs_Mock_pvalue,Flg22_SynCom35_vs_Mock_padj,Flg22_SynCom35_vs_Mock_log2FoldChange,Flg22_vs_Mock,Flg22_SynCom33_vs_Mock,Flg22_SynCom35_vs_Mock,cl
AT3G49500.1,GO:0016246,RDR6,3,18348981,18353673,-,4692,protein_coding,RNA-dependent RNA polymerase 6 [Source:UniProtKB/Swiss-Prot;Acc:Q9SG02],0.9170488092831112,0.9882005320039144,-0.14204832343057702,0.6920414646844273,0.9086092371321851,-0.5402989752609223,0.9714088277290269,0.9933333437116899,-0.048879665083134474,0,0,0,3
AT3G49500.3,GO:0016246,RDR6,3,18348981,18353673,-,4692,protein_coding,RNA-dependent RNA polymerase 6 [Source:UniProtKB/Swiss-Prot;Acc:Q9SG02],0.6285375020608026,0.9235876599509517,0.34018442192871456,0.863146740911097,0.9636957279087651,-0.12177567433452831,0.9288343873604299,0.9840973132125435,-0.0629939205835163,0,0,0,7
AT4G15950.1,GO:0016246,NRPD4,4,9040683,9042129,+,1446,nontranslating_CDS,"RNA polymerase II, Rpb4, core protein [Source:TAIR;Acc:AT4G15950]",0.20833042737776633,0.6837339260234317,-0.43381153843046943,0.28174393799992914,0.651569213808852,-0.37028743818587934,0.35910321629434366,0.746053987703741,0.3073473445604023,0,0,0,4
AT5G47010.1,GO:0016246,UPF1,5,19071824,19079453,+,7629,protein_coding,Regulator of nonsense transcripts 1 homolog [Source:UniProtKB/Swiss-Prot;Acc:Q9FJR0],0.6233012465207467,0.9219184294166562,0.03462984903253257,0.22198574897663734,0.5899570704583981,-0.08628350092879845,0.7248998672481937,0.9256393518353461,-0.024804606277056458,0,0,0,3
