ID,Path,Gene,Chromosome,Start,End,Strand,Length,BioType,Description,Flg22_vs_Mock_pvalue,Flg22_vs_Mock_padj,Flg22_vs_Mock_log2FoldChange,Flg22_SynCom33_vs_Mock_pvalue,Flg22_SynCom33_vs_Mock_padj,Flg22_SynCom33_vs_Mock_log2FoldChange,Flg22_SynCom35_vs_Mock_pvalue,Flg22_SynCom35_vs_Mock_padj,Flg22_SynCom35_vs_Mock_log2FoldChange,Flg22_vs_Mock,Flg22_SynCom33_vs_Mock,Flg22_SynCom35_vs_Mock,cl
AT1G05530.1,GO:0010294,UGT75B2,1,1636249,1637914,-,1665,protein_coding,UGT75B2 [Source:UniProtKB/TrEMBL;Acc:A0A384L0M1],0.5201177436153761,0.8882709865235044,0.21122189050810813,0.40013038794697553,0.74899415700791,-0.27930931083882454,0.46048507310817915,0.8110659556948953,-0.24426837865231488,0,0,0,7
AT1G05560.1,GO:0010294,UGT1,1,1645308,1647147,-,1839,protein_coding,UDP-glucosyltransferase 75B1 [Source:TAIR;Acc:AT1G05560],0.0032303594321305366,0.07463999051373689,-1.089581486611771,2.1603568240410656e-8,4.399599404838782e-6,-2.081522659654652,4.767391104538076e-9,1.318320634402035e-6,-2.176964116500878,-0,-1,-1,2
AT1G07240.1,GO:0010294,UGT71C5,1,2223625,2225524,+,1899,protein_coding,UDP-glycosyltransferase 71C5 [Source:UniProtKB/Swiss-Prot;Acc:Q9FE68],0.09379378718041646,0.5039819245560417,0.2940870476191795,0.91724687069497,0.9796804330442195,0.018288307865736528,0.009019658069854808,0.11896652074811785,-0.4619385756891359,0,0,0,7
AT3G21780.1,GO:0010294,UGT71B6,3,7674904,7676519,-,1615,protein_coding,UDP-glycosyltransferase 71B6 [Source:UniProtKB/Swiss-Prot;Acc:Q9LSY6],0.9155887148730456,0.9881103985285892,-0.0567674708878383,0.86585481969695,0.964733376511446,-0.0906654765121166,0.10488791656841623,NA,-0.9093236699777084,0,0,0,2
AT4G34138.1,GO:0010294,UGT73B1,4,16347997,16350203,-,2206,protein_coding,Glycosyltransferase (Fragment) [Source:UniProtKB/TrEMBL;Acc:W8PUI6],4.9148572757895044e-5,0.0037867784203222295,-1.1551141162394314,2.1496461551141733e-4,0.007418072906518512,-1.0527581525290104,0.28730405632730044,0.6933454696681908,-0.30222753422140447,-1,-1,0,8
