ID,Path,Gene,Chromosome,Start,End,Strand,Length,BioType,Description,Flg22_vs_Mock_pvalue,Flg22_vs_Mock_padj,Flg22_vs_Mock_log2FoldChange,Flg22_SynCom33_vs_Mock_pvalue,Flg22_SynCom33_vs_Mock_padj,Flg22_SynCom33_vs_Mock_log2FoldChange,Flg22_SynCom35_vs_Mock_pvalue,Flg22_SynCom35_vs_Mock_padj,Flg22_SynCom35_vs_Mock_log2FoldChange,Flg22_vs_Mock,Flg22_SynCom33_vs_Mock,Flg22_SynCom35_vs_Mock,cl
AT2G47910.2,GO:0010275,CRR6,2,19614564,19615769,+,1205,protein_coding,"Protein CHLORORESPIRATORY REDUCTION 6, chloroplastic [Source:UniProtKB/Swiss-Prot;Acc:O82258]",0.44992265364457196,0.8613956255147585,0.3175832745317538,0.44158338680692494,0.7781988071419795,0.32353707205285037,0.11778090194185745,NA,0.6429440506689263,0,0,0,6
AT5G13120.1,GO:0010275,PNSL5,5,4162374,4164923,-,2549,protein_coding,Peptidyl-prolyl cis-trans isomerase [Source:UniProtKB/TrEMBL;Acc:A0A178UN74],0.12483934800048282,0.5666626117066156,0.8757002538521302,0.5276735241987638,0.829188032823474,-0.3722918109298635,0.9161788592099351,0.9809537893625957,-0.06122031534347471,0,0,0,7
AT5G13120.2,GO:0010275,PNSL5,5,4162519,4164794,-,2275,protein_coding,Peptidyl-prolyl cis-trans isomerase [Source:UniProtKB/TrEMBL;Acc:A0A178UN74],0.8700152117537328,0.9800661732755555,-0.018965676092390422,0.6806507278627711,0.9044613379341084,-0.047753011713937955,0.7782401918453892,0.9432717055549571,-0.03258258445476518,0,0,0,4
