ID,Path,Gene,Chromosome,Start,End,Strand,Length,BioType,Description,Flg22_vs_Mock_pvalue,Flg22_vs_Mock_padj,Flg22_vs_Mock_log2FoldChange,Flg22_SynCom33_vs_Mock_pvalue,Flg22_SynCom33_vs_Mock_padj,Flg22_SynCom33_vs_Mock_log2FoldChange,Flg22_SynCom35_vs_Mock_pvalue,Flg22_SynCom35_vs_Mock_padj,Flg22_SynCom35_vs_Mock_log2FoldChange,Flg22_vs_Mock,Flg22_SynCom33_vs_Mock,Flg22_SynCom35_vs_Mock,cl
AT3G26830.1,GO:0009700,CYP71B15,3,9887917,9889791,+,1874,protein_coding,Bifunctional dihydrocamalexate synthase/camalexin synthase [Source:UniProtKB/Swiss-Prot;Acc:Q9LW27],0.6425145722746362,0.9273392630027173,-0.21296595274094196,0.18584406909624057,0.5446419716583855,-0.6075392240811666,0.005742515482949303,0.08984554041781262,-1.270785686152475,0,0,-0,2
AT4G23100.3,GO:0009700,GSH1,4,12102135,12107695,-,5560,protein_coding,"Glutamate--cysteine ligase, chloroplastic [Source:UniProtKB/Swiss-Prot;Acc:P46309]",0.12650708803912644,0.5688187366652343,-0.8986015101094835,0.26907810296313506,0.6398936273757074,-0.6477285329117094,0.6075815740623661,0.8840965041395863,-0.29947523052116,0,0,0,8
AT4G23100.1,GO:0009700,GSH1,4,12103099,12107565,-,4466,protein_coding,"Glutamate--cysteine ligase, chloroplastic [Source:UniProtKB/Swiss-Prot;Acc:P46309]",0.3408761782822844,0.7995570717716297,-0.1608371399202183,0.16382789219647806,0.5127128041719556,-0.23515344197399127,0.5303172780058882,0.8492532788991428,0.10591519460643238,0,0,0,4
AT4G23100.2,GO:0009700,GSH1,4,12103161,12107299,-,4138,protein_coding,"Glutamate--cysteine ligase, chloroplastic [Source:UniProtKB/Swiss-Prot;Acc:P46309]",0.17066130516237926,0.6396291270073657,-1.5543779640102462,0.20790613870213687,0.5720504422303831,-1.428493259943469,0.349980226887698,0.7407653644032445,-1.0595490965178525,-0,-0,-0,8
