ID,Path,Gene,Chromosome,Start,End,Strand,Length,BioType,Description,Flg22_vs_Mock_pvalue,Flg22_vs_Mock_padj,Flg22_vs_Mock_log2FoldChange,Flg22_SynCom33_vs_Mock_pvalue,Flg22_SynCom33_vs_Mock_padj,Flg22_SynCom33_vs_Mock_log2FoldChange,Flg22_SynCom35_vs_Mock_pvalue,Flg22_SynCom35_vs_Mock_padj,Flg22_SynCom35_vs_Mock_log2FoldChange,Flg22_vs_Mock,Flg22_SynCom33_vs_Mock,Flg22_SynCom35_vs_Mock,cl
AT2G45430.1,GO:0042826,AHL22,2,18727504,18729272,+,1768,protein_coding,AT-hook motif nuclear-localized protein [Source:UniProtKB/TrEMBL;Acc:A0A178VXD2],0.7583145830694762,0.9545451499051282,-0.029636280117078563,0.9649187272810626,0.9919792330357876,-0.004234977107449672,0.0017578329006569923,0.03941280887605398,0.29910667556424164,0,0,0,4
AT5G37055.1,GO:0042826,SWC6,5,14641442,14642513,-,1071,protein_coding,SWR1 complex subunit 6 [Source:UniProtKB/Swiss-Prot;Acc:Q9FHW2],0.965601325729578,0.9946629527453268,0.009040457435302712,0.2814424668558018,0.6513202818541378,0.22286285390533678,0.17563864103134674,0.5718783943750684,0.2778637417544203,0,0,0,1
