ID,Path,Gene,Chromosome,Start,End,Strand,Length,BioType,Description,Flg22_vs_Mock_pvalue,Flg22_vs_Mock_padj,Flg22_vs_Mock_log2FoldChange,Flg22_SynCom33_vs_Mock_pvalue,Flg22_SynCom33_vs_Mock_padj,Flg22_SynCom33_vs_Mock_log2FoldChange,Flg22_SynCom35_vs_Mock_pvalue,Flg22_SynCom35_vs_Mock_padj,Flg22_SynCom35_vs_Mock_log2FoldChange,Flg22_vs_Mock,Flg22_SynCom33_vs_Mock,Flg22_SynCom35_vs_Mock,cl
AT2G45400.1,GO:0010422,BEN1,2,18703772,18706401,-,2629,protein_coding,Protein BRI1-5 ENHANCED 1 [Source:UniProtKB/Swiss-Prot;Acc:O22133],0.289344291839637,0.7628068667030656,1.4917567732594255,0.443768752182616,0.7789940206457894,1.080178425878063,0.2779712628642628,0.6839033438284114,1.5268079915405768,0,0,0,6
AT2G45400.2,GO:0010422,BEN1,2,18703772,18706401,-,2629,protein_coding,Protein BRI1-5 ENHANCED 1 [Source:UniProtKB/Swiss-Prot;Acc:O22133],0.10510574073310239,0.5264975754650482,0.725272335538671,0.3945345755070635,0.7458279615213422,0.38321991540398703,0.9254100733026591,0.9829763484029571,-0.04242560464134659,0,0,0,7
AT2G45400.3,GO:0010422,BEN1,2,18703820,18705625,-,1805,protein_coding,Protein BRI1-5 ENHANCED 1 [Source:UniProtKB/Swiss-Prot;Acc:O22133],0.17043221711875867,0.6394289892463902,0.3047712503258388,0.9726532608777047,0.9938629403020719,-0.007634250203460386,0.5888671360921847,0.8768429950258712,-0.12037988762001721,0,0,0,7
AT2G45400.4,GO:0010422,BEN1,2,18704881,18706266,-,1385,protein_coding,Protein BRI1-5 ENHANCED 1 [Source:UniProtKB/Swiss-Prot;Acc:O22133],1.9225343281387532e-4,0.010178701511019187,0.6091011996947849,0.5812167036580695,0.8589068967986313,0.09141495601337635,0.5187420570467591,0.842845268405734,-0.10732773082763615,0,0,0,7
AT4G15400.1,GO:0010422,BIA1,4,8811917,8813593,-,1676,protein_coding,BAHD acyltransferase BIA1 [Source:UniProtKB/Swiss-Prot;Acc:O23393],0.0019385573934674945,0.05318406576730459,-0.7148261189658218,0.3733622624963003,0.7292504528467283,-0.20349740536955196,0.9977652442051669,0.9995917337656474,6.377354132213672e-4,0,0,0,1
