ID,Path,Gene,Chromosome,Start,End,Strand,Length,BioType,Description,Flg22_vs_Mock_pvalue,Flg22_vs_Mock_padj,Flg22_vs_Mock_log2FoldChange,Flg22_SynCom33_vs_Mock_pvalue,Flg22_SynCom33_vs_Mock_padj,Flg22_SynCom33_vs_Mock_log2FoldChange,Flg22_SynCom35_vs_Mock_pvalue,Flg22_SynCom35_vs_Mock_padj,Flg22_SynCom35_vs_Mock_log2FoldChange,Flg22_vs_Mock,Flg22_SynCom33_vs_Mock,Flg22_SynCom35_vs_Mock,cl
AT3G54640.1,GO:0033984,TSA1,3,20223034,20225523,-,2489,protein_coding,"Tryptophan synthase alpha chain, chloroplastic [Source:UniProtKB/Swiss-Prot;Acc:Q42529]",4.7395974878186315e-4,0.01996403988440416,0.4974234115253637,3.5921989884854576e-4,0.010729499245385118,0.5078582517896034,0.10772038376418208,0.46468298235587097,-0.22962119044892412,0,0,0,9
AT4G02610.1,GO:0033984,TRPA1,4,1147608,1149336,+,1728,protein_coding,Tryptophan synthase alpha chain [Source:UniProtKB/Swiss-Prot;Acc:O22765],0.17518105999621053,0.6461851535306946,0.3620515980805496,0.4761901398652395,0.7985353566695758,0.1912616495292508,0.1977123372857727,0.5990407892669095,0.343431067867099,0,0,0,6
