ID,Path,Gene,Chromosome,Start,End,Strand,Length,BioType,Description,Flg22_vs_Mock_pvalue,Flg22_vs_Mock_padj,Flg22_vs_Mock_log2FoldChange,Flg22_SynCom33_vs_Mock_pvalue,Flg22_SynCom33_vs_Mock_padj,Flg22_SynCom33_vs_Mock_log2FoldChange,Flg22_SynCom35_vs_Mock_pvalue,Flg22_SynCom35_vs_Mock_padj,Flg22_SynCom35_vs_Mock_log2FoldChange,Flg22_vs_Mock,Flg22_SynCom33_vs_Mock,Flg22_SynCom35_vs_Mock,cl
AT2G48070.1,GO:0010729,RPH1,2,19662715,19664042,+,1327,protein_coding,Resistance to phytophthora 1 [Source:UniProtKB/TrEMBL;Acc:F4IN59],0.4867479393779669,0.8752403418423143,-0.20322321574832317,0.6718938579534068,0.9006468276875402,-0.12332049231145191,0.579045225785018,0.8729664834554492,0.1588421783621673,0,0,0,4
AT2G48070.2,GO:0010729,RPH1,2,19662844,19664465,+,1621,protein_coding,Resistance to phytophthora 1 [Source:UniProtKB/TrEMBL;Acc:F4IN59],0.8748456003661149,0.9814284423641337,0.18470330304398136,0.4332916673144769,0.7713228660848797,-0.9358413729681567,0.6756918222671553,NA,-0.4945385248372951,0,0,0,3
AT4G20860.1,GO:0010729,FAD-OXR,4,11172622,11174467,+,1845,protein_coding,Berberine bridge enzyme-like 22 [Source:UniProtKB/Swiss-Prot;Acc:Q9SUC6],0.9874793718938831,0.9975578931739252,0.004227767919268859,0.7240147657509582,0.9214248088866843,-0.09513092886580975,6.097447849367607e-5,0.003303882890992925,-1.0806443579455913,0,0,-1,2
AT4G23450.1,GO:0010729,AIRP1,4,12240803,12242736,-,1933,protein_coding,RING/U-box superfamily protein [Source:UniProtKB/TrEMBL;Acc:F4JNK0],0.184738836719371,0.6592417277371496,-0.3988962493504708,0.27642646558836126,0.6462320418092624,-0.32699037995013736,0.24523125408115168,0.6537488549885354,-0.34871436400733796,0,0,0,8
AT4G23450.4,GO:0010729,AIRP1,4,12240804,12242706,-,1902,protein_coding,RING/U-box superfamily protein [Source:UniProtKB/TrEMBL;Acc:F4JNK0],0.8725918077001392,0.9807526575733545,0.1544578875983547,0.5114915349476861,0.8196182309527716,0.6262747626639494,0.938404498687237,NA,0.07443017626548389,0,0,0,5
