ID,Path,Gene,Chromosome,Start,End,Strand,Length,BioType,Description,Flg22_vs_Mock_pvalue,Flg22_vs_Mock_padj,Flg22_vs_Mock_log2FoldChange,Flg22_SynCom33_vs_Mock_pvalue,Flg22_SynCom33_vs_Mock_padj,Flg22_SynCom33_vs_Mock_log2FoldChange,Flg22_SynCom35_vs_Mock_pvalue,Flg22_SynCom35_vs_Mock_padj,Flg22_SynCom35_vs_Mock_log2FoldChange,Flg22_vs_Mock,Flg22_SynCom33_vs_Mock,Flg22_SynCom35_vs_Mock,cl
AT1G69850.1,GO:0090440,NPF4.6,1,26296540,26300684,-,4144,protein_coding,Protein NRT1/ PTR FAMILY 4.6 [Source:UniProtKB/Swiss-Prot;Acc:Q8H157],0.23597141824917842,0.713877891411355,0.2984051887641176,0.21613577022061717,0.5825998324344815,0.31143492865789046,0.7677222024322443,0.9395280424555993,0.07439848359014652,0,0,0,9
AT5G52050.1,GO:0090440,DTX50,5,21138703,21140876,+,2173,protein_coding,Protein DETOXIFICATION 50 [Source:UniProtKB/Swiss-Prot;Acc:Q9FJ87],0.012101757190076126,0.1736589757434541,1.2997073158188908,0.524102902498343,0.827185498948002,-0.3463273434247504,0.29148970576106464,0.6966627307374968,-0.5774199443968759,0,0,0,7
