ID,Path,Gene,Chromosome,Start,End,Strand,Length,BioType,Description,Flg22_vs_Mock_pvalue,Flg22_vs_Mock_padj,Flg22_vs_Mock_log2FoldChange,Flg22_SynCom33_vs_Mock_pvalue,Flg22_SynCom33_vs_Mock_padj,Flg22_SynCom33_vs_Mock_log2FoldChange,Flg22_SynCom35_vs_Mock_pvalue,Flg22_SynCom35_vs_Mock_padj,Flg22_SynCom35_vs_Mock_log2FoldChange,Flg22_vs_Mock,Flg22_SynCom33_vs_Mock,Flg22_SynCom35_vs_Mock,cl
AT3G47630.4,GO:0032049,,3,17562992,17565496,-,2504,protein_coding,At3g47630 [Source:UniProtKB/TrEMBL;Acc:Q9SN75],0.8661408571362078,0.9788377127911853,-0.19323102180198323,0.9255779161471795,0.9816279670947842,0.10667954165966025,0.4814166127935195,NA,-0.8146179148933743,0,0,0,10
AT3G47630.5,GO:0032049,,3,17562994,17565598,-,2604,protein_coding,At3g47630 [Source:UniProtKB/TrEMBL;Acc:Q9SN75],0.3730194621340497,0.8210380963194857,-1.1752617992261543,0.24003199600580216,0.6100842100092208,-1.5530115822682395,0.46572721315318716,0.813915701280733,-0.96125989333156,-0,-0,0,8
AT3G47630.6,GO:0032049,,3,17562996,17565685,-,2689,protein_coding,At3g47630 [Source:UniProtKB/TrEMBL;Acc:Q9SN75],0.4440135722134917,0.8585274690318654,0.685898104914822,0.3461524366957285,0.7076352911419275,0.8437214572763249,0.4756545216807238,0.8202937397506208,0.6391133344707628,0,0,0,6
AT4G04870.1,GO:0032049,CLS,4,2461674,2464150,-,2476,protein_coding,"Cardiolipin synthase (CMP-forming), mitochondrial [Source:UniProtKB/Swiss-Prot;Acc:Q93YW7]",0.6999005898930297,0.9416035876156477,-0.07861001399688286,0.5922689876723186,0.8649634356718711,-0.10937870232200764,0.4886792609090574,0.8268720857566432,0.1398977281332738,0,0,0,4
