ID,Path,Gene,Chromosome,Start,End,Strand,Length,BioType,Description,Flg22_vs_Mock_pvalue,Flg22_vs_Mock_padj,Flg22_vs_Mock_log2FoldChange,Flg22_SynCom33_vs_Mock_pvalue,Flg22_SynCom33_vs_Mock_padj,Flg22_SynCom33_vs_Mock_log2FoldChange,Flg22_SynCom35_vs_Mock_pvalue,Flg22_SynCom35_vs_Mock_padj,Flg22_SynCom35_vs_Mock_log2FoldChange,Flg22_vs_Mock,Flg22_SynCom33_vs_Mock,Flg22_SynCom35_vs_Mock,cl
AT3G16240.1,GO:0015200,TIP2-1,3,5505360,5507050,+,1690,protein_coding,Aquaporin TIP2-1 [Source:UniProtKB/Swiss-Prot;Acc:Q41951],0.2939784184507477,0.7659813944947316,-0.18536606090465205,0.012845994821307494,0.1270697048525822,0.43857398718926305,5.528833550463863e-5,0.0031005286143836737,0.7101462275040007,0,0,0,1
AT5G47450.1,GO:0015200,TIP2-3,5,19248249,19249622,-,1373,protein_coding,Aquaporin TIP2-3 [Source:UniProtKB/Swiss-Prot;Acc:Q9FGL2],0.004429046186167268,0.09189778720054173,-0.9613931592144823,6.732066192057243e-6,4.6762636530977463e-4,-1.5260108232926215,0.005136352666824345,0.08321748280912288,-0.9449311345465081,0,-1,0,8
