ID,Path,Gene,Chromosome,Start,End,Strand,Length,BioType,Description,Flg22_vs_Mock_pvalue,Flg22_vs_Mock_padj,Flg22_vs_Mock_log2FoldChange,Flg22_SynCom33_vs_Mock_pvalue,Flg22_SynCom33_vs_Mock_padj,Flg22_SynCom33_vs_Mock_log2FoldChange,Flg22_SynCom35_vs_Mock_pvalue,Flg22_SynCom35_vs_Mock_padj,Flg22_SynCom35_vs_Mock_log2FoldChange,Flg22_vs_Mock,Flg22_SynCom33_vs_Mock,Flg22_SynCom35_vs_Mock,cl
AT1G70710.1,GO:0042547,CEL1,1,26659129,26663337,-,4208,protein_coding,Endoglucanase 8 [Source:UniProtKB/Swiss-Prot;Acc:Q9CAC1],0.599497227019109,0.9139779473157493,0.10322356954952491,0.19151292032615963,0.5516179496633262,-0.2577377731414326,0.029111616370818987,0.23919647085012402,0.4275333596318026,0,0,0,4
AT3G54920.1,GO:0042547,PMR6,3,20344785,20348659,+,3874,protein_coding,Probable pectate lyase 13 [Source:UniProtKB/Swiss-Prot;Acc:Q93Z04],0.8848603945796365,0.9836697919951837,0.027190751183900505,0.8342160258054323,0.9540705688831187,-0.03933122761538935,0.07092769416364142,0.3799551249585583,0.3379215842856308,0,0,0,4
