ID,Path,Gene,Chromosome,Start,End,Strand,Length,BioType,Description,Flg22_vs_Mock_pvalue,Flg22_vs_Mock_padj,Flg22_vs_Mock_log2FoldChange,Flg22_SynCom33_vs_Mock_pvalue,Flg22_SynCom33_vs_Mock_padj,Flg22_SynCom33_vs_Mock_log2FoldChange,Flg22_SynCom35_vs_Mock_pvalue,Flg22_SynCom35_vs_Mock_padj,Flg22_SynCom35_vs_Mock_log2FoldChange,Flg22_vs_Mock,Flg22_SynCom33_vs_Mock,Flg22_SynCom35_vs_Mock,cl
AT1G20930.1,GO:0009755,CDKB2-2,1,7292389,7294746,-,2357,protein_coding,Cyclin-dependent kinase B2-2 [Source:UniProtKB/Swiss-Prot;Acc:Q8LG64],0.0054128409271305645,0.10493599074529018,-0.5696525355675205,1.3616374423357248e-7,1.916415587689474e-5,-1.1031614735920594,0.14843440404264216,0.5331494315404427,0.28901798682401725,0,-1,0,4
AT1G76540.1,GO:0009755,CDKB2-1,1,28720328,28722550,-,2222,protein_coding,CDKB2 [Source:UniProtKB/TrEMBL;Acc:A0A178WJF2],3.0120795900555515e-4,0.014251919154906428,-0.5848683155782662,4.6283804030369225e-8,7.924848534677615e-6,-0.8945817110068827,0.0013163092355315926,0.03208487091025233,0.5061627535669159,0,0,0,4
AT3G24860.1,GO:0009755,,3,9073623,9074682,+,1059,protein_coding,Homeodomain-like superfamily protein [Source:UniProtKB/TrEMBL;Acc:Q9LRX5],0.9812113083543382,0.9960032599497507,0.004385817497044331,0.29912029758081804,0.6670774713429194,-0.1952646620895524,0.474879232533829,0.8202186618164239,0.13194893799558086,0,0,0,4
AT4G15900.1,GO:0009755,PRL1,4,9023666,9027808,+,4142,protein_coding,Protein pleiotropic regulatory locus 1 [Source:UniProtKB/Swiss-Prot;Acc:Q42384],0.9653921950170663,0.9946629527453268,0.005472298286695055,0.17393653522421604,0.5283943880548508,-0.17199546861586953,0.3477480792986454,0.7395141246147626,0.11811458920844906,0,0,0,4
AT5G46210.1,GO:0009755,CUL4,5,18731371,18736815,-,5444,protein_coding,Cullin-4 [Source:UniProtKB/Swiss-Prot;Acc:Q8LGH4],0.46163868210912734,0.8657571523940272,-0.0509555926206374,0.11573443825616392,0.43327833684348915,-0.10902924487823189,0.011430036213979675,0.137195621820206,-0.17523464624622137,0,0,0,2
