ID,Path,Gene,Chromosome,Start,End,Strand,Length,BioType,Description,Flg22_vs_Mock_pvalue,Flg22_vs_Mock_padj,Flg22_vs_Mock_log2FoldChange,Flg22_SynCom33_vs_Mock_pvalue,Flg22_SynCom33_vs_Mock_padj,Flg22_SynCom33_vs_Mock_log2FoldChange,Flg22_SynCom35_vs_Mock_pvalue,Flg22_SynCom35_vs_Mock_padj,Flg22_SynCom35_vs_Mock_log2FoldChange,Flg22_vs_Mock,Flg22_SynCom33_vs_Mock,Flg22_SynCom35_vs_Mock,cl
AT1G51630.1,GO:0097502,MSR2,1,19141823,19144320,-,2497,protein_coding,Protein MANNAN SYNTHESIS-RELATED 2 [Source:UniProtKB/Swiss-Prot;Acc:Q0WPA5],0.03217560989577409,0.29727839384828997,-0.1993359346056697,0.7355101385985913,0.9243032388390197,-0.031325764000034555,0.004861979373675319,0.08011609573416494,0.25932899507808854,0,0,0,4
AT2G47760.1,GO:0097502,ALG3,2,19564795,19568265,-,3470,protein_coding,"Dol-P-Man:Man(5)GlcNAc(2)-PP-Dol alpha-1,3-mannosyltransferase [Source:UniProtKB/Swiss-Prot;Acc:O82244]",0.2172642867888939,0.693312875743762,1.1253496635545377,0.14334708313739966,0.4813811728793976,1.3305503222258726,0.1465811492390015,NA,1.318374392281395,0,0,0,6
AT2G47760.5,GO:0097502,ALG3,2,19565534,19568438,-,2904,protein_coding,"Dol-P-Man:Man(5)GlcNAc(2)-PP-Dol alpha-1,3-mannosyltransferase [Source:UniProtKB/Swiss-Prot;Acc:O82244]",0.4545779620459535,0.8634684115895739,-0.15420860013415297,0.6279082333849444,0.8808964868383612,0.09939477113838653,0.7318184924270694,0.9284653968817665,-0.07040314809582944,0,0,0,1
AT3G21190.1,GO:0097502,MSR1,3,7432193,7434743,-,2550,protein_coding,Protein MANNAN SYNTHESIS-RELATED 1 [Source:UniProtKB/Swiss-Prot;Acc:Q9LU40],0.061683969144221085,0.41440674099298985,-0.2707723328765403,1.4825352469659987e-5,8.976016330842336e-4,-0.6318848568062013,0.4989877158445604,0.8324183798508498,0.09736863349335159,0,0,0,4
AT5G22130.3,GO:0097502,PNT1,5,7337158,7339622,-,2464,protein_coding,Mannosyltransferase family protein [Source:UniProtKB/TrEMBL;Acc:F4K8F7],0.45509873340274154,0.8634684115895739,0.5279275144325911,0.9555256649319402,0.9902070573278723,0.039526108414288504,0.9478954800341092,0.9880619349506325,-0.04631538300097335,0,0,0,7
AT5G22130.1,GO:0097502,PNT1,5,7337158,7340052,-,2894,protein_coding,Mannosyltransferase family protein [Source:UniProtKB/TrEMBL;Acc:F4K8F7],0.9053990179170486,0.9869002016097549,-0.0663673316399581,0.81082514881281,0.9480272905165109,0.13336629915392775,0.13025161713099012,0.5044905826578769,0.8372351674348086,0,0,0,4
