ID,Path,Gene,Chromosome,Start,End,Strand,Length,BioType,Description,Flg22_vs_Mock_pvalue,Flg22_vs_Mock_padj,Flg22_vs_Mock_log2FoldChange,Flg22_SynCom33_vs_Mock_pvalue,Flg22_SynCom33_vs_Mock_padj,Flg22_SynCom33_vs_Mock_log2FoldChange,Flg22_SynCom35_vs_Mock_pvalue,Flg22_SynCom35_vs_Mock_padj,Flg22_SynCom35_vs_Mock_log2FoldChange,Flg22_vs_Mock,Flg22_SynCom33_vs_Mock,Flg22_SynCom35_vs_Mock,cl
AT1G18040.1,GO:0070985,CDKD-3,1,6206871,6209528,-,2657,protein_coding,Cyclin-dependent kinase D-3 [Source:UniProtKB/Swiss-Prot;Acc:Q9LMT0],0.09879218101684722,0.5138844535678566,-0.31774268966000896,0.009633241263026494,0.10614475780995726,-0.5042013188157641,0.021776784765844614,0.2027031912284517,0.42561408523680155,0,0,0,4
AT1G66750.1,GO:0070985,CDKD-2,1,24894523,24897259,+,2736,protein_coding,CDKD [Source:UniProtKB/TrEMBL;Acc:A0A178WBE6],0.03498065345959704,0.31225278857660743,0.28936288215540307,0.8944909740851965,0.9722076748625585,0.018535890346949833,0.2409461048660764,0.6491244558642851,0.1613765318489262,0,0,0,6
AT1G73690.1,GO:0070985,CDKD-1,1,27714910,27717420,+,2510,protein_coding,Cyclin-dependent kinase D-1 [Source:UniProtKB/Swiss-Prot;Acc:Q9C9U2],0.803413577975338,0.9662426756893417,0.0689647750723281,0.2076934596010156,0.5716407884708202,-0.35768979357159025,0.1563054677777687,0.5441176304149268,0.3859867234630748,0,0,0,4
AT5G27620.1,GO:0070985,CYCH;1,5,9771287,9774920,+,3633,protein_coding,cyclin H;1 [Source:TAIR;Acc:AT5G27620],0.3000351915122052,0.7699715599584773,-0.21880482289931547,0.3840369117480898,0.7374892225714976,-0.18367024751958794,0.5628034723362776,0.8656134725397114,0.12103050701742826,0,0,0,4
