ID,Path,Gene,Chromosome,Start,End,Strand,Length,BioType,Description,Flg22_vs_Mock_pvalue,Flg22_vs_Mock_padj,Flg22_vs_Mock_log2FoldChange,Flg22_SynCom33_vs_Mock_pvalue,Flg22_SynCom33_vs_Mock_padj,Flg22_SynCom33_vs_Mock_log2FoldChange,Flg22_SynCom35_vs_Mock_pvalue,Flg22_SynCom35_vs_Mock_padj,Flg22_SynCom35_vs_Mock_log2FoldChange,Flg22_vs_Mock,Flg22_SynCom33_vs_Mock,Flg22_SynCom35_vs_Mock,cl
AT1G78020.1,GO:0044432,FLZ6,1,29338530,29339760,+,1230,protein_coding,FCS-Like Zinc finger 6 [Source:UniProtKB/Swiss-Prot;Acc:Q9SGZ8],0.0023786968382626433,0.0604625019388157,-0.8142878202670334,0.6188465037759444,0.8767656861711218,-0.131016678596277,0.02663349787912696,0.22713530378448651,0.5763511441898815,0,0,0,1
AT5G11460.1,GO:0044432,FLZ10,5,3656582,3659025,-,2443,protein_coding,FCS-Like Zinc finger 10 [Source:UniProtKB/Swiss-Prot;Acc:Q9LYE4],0.4838547587922231,0.8747422001115891,-0.20027021374113976,0.1250728487532078,0.44913282396256105,-0.4447603973551735,0.9911637302257117,0.9987190912116841,0.003127389226400463,0,0,0,4
