ID,Path,Gene,Chromosome,Start,End,Strand,Length,BioType,Description,Flg22_vs_Mock_pvalue,Flg22_vs_Mock_padj,Flg22_vs_Mock_log2FoldChange,Flg22_SynCom33_vs_Mock_pvalue,Flg22_SynCom33_vs_Mock_padj,Flg22_SynCom33_vs_Mock_log2FoldChange,Flg22_SynCom35_vs_Mock_pvalue,Flg22_SynCom35_vs_Mock_padj,Flg22_SynCom35_vs_Mock_log2FoldChange,Flg22_vs_Mock,Flg22_SynCom33_vs_Mock,Flg22_SynCom35_vs_Mock,cl
AT1G62580.1,GO:0070026,,1,23173286,23176931,+,3645,protein_coding,Flavin-binding monooxygenase family protein [Source:TAIR;Acc:AT1G62580],0.5979706307179729,0.912842952588214,-0.6747035560394248,0.5147142099859874,NA,0.8154890139112619,0.3938429609817784,NA,-1.1008906979397703,0,0,-0,10
AT1G62580.2,GO:0070026,,1,23173333,23176931,+,3598,protein_coding,Flavin-binding monooxygenase family protein [Source:TAIR;Acc:AT1G62580],0.8743448336727628,0.9813781509860457,0.09215318896764899,0.058106661740564274,0.30374595977143937,-1.1318174292406613,0.007530577763669179,0.10545438873012405,-1.6171666563585763,0,-0,-0,2
