ID,Path,Gene,Chromosome,Start,End,Strand,Length,BioType,Description,Flg22_vs_Mock_pvalue,Flg22_vs_Mock_padj,Flg22_vs_Mock_log2FoldChange,Flg22_SynCom33_vs_Mock_pvalue,Flg22_SynCom33_vs_Mock_padj,Flg22_SynCom33_vs_Mock_log2FoldChange,Flg22_SynCom35_vs_Mock_pvalue,Flg22_SynCom35_vs_Mock_padj,Flg22_SynCom35_vs_Mock_log2FoldChange,Flg22_vs_Mock,Flg22_SynCom33_vs_Mock,Flg22_SynCom35_vs_Mock,cl
AT3G60860.1,GO:0043001,BIG2,3,22484397,22491935,+,7538,protein_coding,Brefeldin A-inhibited guanine nucleotide-exchange protein 2 [Source:UniProtKB/Swiss-Prot;Acc:Q9LZX8],0.6641911683185786,0.9325383080246943,-0.032426603095911714,0.7977914554502412,0.9441023906239384,-0.01913610298524245,0.3815738498848179,0.7625138035159855,-0.06531093975333369,0,0,0,8
AT4G04910.1,GO:0043001,NSF,4,2489364,2495863,-,6499,protein_coding,NSF [Source:UniProtKB/TrEMBL;Acc:A0A178UTB9],0.03032653847218066,0.28678624859661317,-0.15954427554315087,0.3702985262406897,0.7269143407625399,-0.0658855130823098,0.8717940359753222,0.969992734333449,-0.011835329735069858,0,0,0,4
AT5G52210.1,GO:0043001,ATARLB1,5,21204991,21207097,+,2106,protein_coding,At5g52210 [Source:UniProtKB/TrEMBL;Acc:Q38921],0.044924954632976556,0.3558178290187302,0.28897041553990865,0.0010603007824078496,0.023286769307751483,0.46867360129536634,0.8457677954931324,0.9626020259236342,-0.0283258759556818,0,0,0,9
AT5G52210.2,GO:0043001,ATARLB1,5,21205038,21207098,+,2060,protein_coding,At5g52210 [Source:UniProtKB/TrEMBL;Acc:Q38921],0.9269148089911106,0.989829441166455,0.053004218517267124,0.46321588165411903,0.7905287377712255,0.4204303107787478,0.6844487916020512,0.91252252858753935,-0.23619854393073805,0,0,0,9
