ID,Path,Gene,Chromosome,Start,End,Strand,Length,BioType,Description,Flg22_vs_Mock_pvalue,Flg22_vs_Mock_padj,Flg22_vs_Mock_log2FoldChange,Flg22_SynCom33_vs_Mock_pvalue,Flg22_SynCom33_vs_Mock_padj,Flg22_SynCom33_vs_Mock_log2FoldChange,Flg22_SynCom35_vs_Mock_pvalue,Flg22_SynCom35_vs_Mock_padj,Flg22_SynCom35_vs_Mock_log2FoldChange,Flg22_vs_Mock,Flg22_SynCom33_vs_Mock,Flg22_SynCom35_vs_Mock,cl
AT1G09610.1,GO:0030775,GXM1,1,3111694,3112873,+,1179,protein_coding,GXM3 [Source:UniProtKB/TrEMBL;Acc:A0A178W7U8],0.23396471754339365,0.7105698474583106,-0.5205835934552374,0.9390885761534234,0.9860075367110414,0.03203651685219567,0.13119079288575286,NA,0.6096824407094423,0,0,0,1
AT1G33800.1,GO:0030775,GXM3,1,12261165,12262750,+,1585,protein_coding,GXMT1 [Source:UniProtKB/TrEMBL;Acc:A0A178W7W0],0.6283292400076786,0.9235876599509517,0.05594120068158281,1.7051941339528238e-6,1.580656162376545e-4,0.55032265540484,0.07323735601856254,0.3858468702486129,0.20649153499411343,0,0,0,5
AT4G09990.1,GO:0030775,GXM2,4,6258880,6260259,-,1379,protein_coding,Glucuronoxylan 4-O-methyltransferase 2 [Source:UniProtKB/Swiss-Prot;Acc:Q9T0F7],0.11766808519633683,0.5532058970182261,-0.3059382876299554,0.20469022069273826,0.5681946839014328,0.24688059458907344,0.8541223736141549,0.9647624801356561,0.03582078272582145,0,0,0,1
