ID,Path,Gene,Chromosome,Start,End,Strand,Length,BioType,Description,Flg22_vs_Mock_pvalue,Flg22_vs_Mock_padj,Flg22_vs_Mock_log2FoldChange,Flg22_SynCom33_vs_Mock_pvalue,Flg22_SynCom33_vs_Mock_padj,Flg22_SynCom33_vs_Mock_log2FoldChange,Flg22_SynCom35_vs_Mock_pvalue,Flg22_SynCom35_vs_Mock_padj,Flg22_SynCom35_vs_Mock_log2FoldChange,Flg22_vs_Mock,Flg22_SynCom33_vs_Mock,Flg22_SynCom35_vs_Mock,cl
AT1G48760.2,GO:0030123,DELTA-ADR,1,18035967,18039405,-,3438,protein_coding,AP-3 complex subunit delta [Source:UniProtKB/Swiss-Prot;Acc:Q9C744],0.42864168128799257,0.8498645737550804,-0.054731777103598146,0.1583171839973253,0.5042514858075946,-0.09789077419068791,0.6019959432678734,0.8814486944696075,-0.03583604575011792,0,0,0,4
AT3G50860.1,GO:0030123,,3,18901997,18904197,+,2200,protein_coding,AP-3 complex subunit sigma [Source:UniProtKB/Swiss-Prot;Acc:Q8VZ37],0.6408254947762946,0.9273392630027173,0.08557733668312578,0.4845970686058989,0.803041449775846,0.12807840881092303,0.48856301449445155,0.8268720857566432,-0.1275909567326896,0,0,0,9
AT3G50860.2,GO:0030123,,3,18901997,18904197,+,2200,protein_coding,AP-3 complex subunit sigma [Source:UniProtKB/Swiss-Prot;Acc:Q8VZ37],0.16818661754525052,0.6353061755757411,1.0918171255367277,0.18422355443924118,0.5428882454134855,1.0534353044044524,0.47246068973462535,NA,0.5768079104250127,0,0,0,9
AT3G55480.1,GO:0030123,PAT2,3,20566248,20571248,-,5000,protein_coding,AP-3 complex subunit beta [Source:UniProtKB/TrEMBL;Acc:F4IWW1],0.9298917721459689,0.990882914792884,0.049901983274437116,0.6078289774773675,0.8720556827804652,0.29062290669806,0.966108201445948,0.9919482887818643,-0.024099223767576092,0,0,0,5
AT3G55480.2,GO:0030123,PAT2,3,20566248,20571248,-,5000,protein_coding,AP-3 complex subunit beta [Source:UniProtKB/TrEMBL;Acc:F4IWW1],0.5526151044988664,0.8981318069113866,0.08054203215734318,0.5735640629558809,0.8545920153187002,0.07635712676147213,0.9928078383165327,0.9987511922657519,-0.0012226542733164575,0,0,0,6
