ID,Path,Gene,Chromosome,Start,End,Strand,Length,BioType,Description,Flg22_vs_Mock_pvalue,Flg22_vs_Mock_padj,Flg22_vs_Mock_log2FoldChange,Flg22_SynCom33_vs_Mock_pvalue,Flg22_SynCom33_vs_Mock_padj,Flg22_SynCom33_vs_Mock_log2FoldChange,Flg22_SynCom35_vs_Mock_pvalue,Flg22_SynCom35_vs_Mock_padj,Flg22_SynCom35_vs_Mock_log2FoldChange,Flg22_vs_Mock,Flg22_SynCom33_vs_Mock,Flg22_SynCom35_vs_Mock,cl
AT1G16350.1,GO:0006177,,1,5590756,5593098,+,2342,protein_coding,Inosine-5'-monophosphate dehydrogenase 2 [Source:UniProtKB/Swiss-Prot;Acc:Q9SA34],0.13518151235802878,0.5834450378793907,0.2164315923593623,0.9076226554028693,0.9760191297736925,0.01683027579453146,0.3374307329700994,0.7310796626255991,0.13896660342143002,0,0,0,6
AT1G63660.1,GO:0006177,,1,23603791,23607275,-,3484,protein_coding,At1g63660 [Source:UniProtKB/TrEMBL;Acc:Q9CAD1],0.15667937912905416,0.6177030419449453,-0.38402192388765477,0.01302814810244006,0.12800536450650354,-0.6746588213925125,0.1913195552403757,0.5909315521855126,0.3529044088291169,0,0,0,4
AT1G63660.2,GO:0006177,,1,23603939,23607275,-,3336,protein_coding,At1g63660 [Source:UniProtKB/TrEMBL;Acc:Q9CAD1],0.006995649724374927,0.12245586646845459,-0.9370655644441667,0.5768008874720665,0.856306166620317,-0.19218794209269788,0.9577829209811143,0.9901780099456383,-0.018189363283338738,0,0,0,1
AT1G79470.1,GO:0006177,IMPDH,1,29894569,29897166,-,2597,protein_coding,Inosine-5'-monophosphate dehydrogenase 1 [Source:UniProtKB/Swiss-Prot;Acc:P47996],0.9148141410137656,0.9879654124970733,-0.024236795661244197,0.20730096220928082,0.5715553298574243,-0.28622362348875646,0.14088083707839572,0.5214324889895452,-0.3341335460049474,0,0,0,2
