ID,Path,Gene,Chromosome,Start,End,Strand,Length,BioType,Description,Flg22_vs_Mock_pvalue,Flg22_vs_Mock_padj,Flg22_vs_Mock_log2FoldChange,Flg22_SynCom33_vs_Mock_pvalue,Flg22_SynCom33_vs_Mock_padj,Flg22_SynCom33_vs_Mock_log2FoldChange,Flg22_SynCom35_vs_Mock_pvalue,Flg22_SynCom35_vs_Mock_padj,Flg22_SynCom35_vs_Mock_log2FoldChange,Flg22_vs_Mock,Flg22_SynCom33_vs_Mock,Flg22_SynCom35_vs_Mock,cl
AT1G47720.1,GO:0000002,OSB1,1,17561286,17562934,-,1648,protein_coding,"Protein OSB1, mitochondrial [Source:UniProtKB/Swiss-Prot;Acc:Q9SX99]",0.4696047649667541,0.8691621949206019,0.19159367246936632,0.8229358558021804,0.9516514829217881,0.05980539678583772,0.05416235478278828,0.3341979818836421,0.49984850240803425,0,0,0,6
AT3G10140.1,GO:0000002,RECA3,3,3134873,3137417,+,2544,protein_coding,"DNA repair protein recA homolog 2, mitochondrial [Source:UniProtKB/Swiss-Prot;Acc:Q8RY99]",0.42439474562856994,0.8486655110011069,-0.17540277694125278,0.7009819458452631,0.9122117791924481,-0.0840787500943363,0.6993142387698927,0.9180268837973876,0.08388680135026301,0,0,0,4
AT3G24320.1,GO:0000002,MSH1,3,8822924,8829728,-,6804,protein_coding,"DNA mismatch repair protein MSH1, mitochondrial [Source:UniProtKB/Swiss-Prot;Acc:Q84LK0]",0.041341201783569106,0.3420909013434641,-0.43563693571210516,0.30730146179474216,0.6745987113710903,-0.21492262283314617,0.17778014802464065,0.5736816041801492,0.2749543756111079,0,0,0,4
