ID,Path,Gene,Chromosome,Start,End,Strand,Length,BioType,Description,Flg22_vs_Mock_pvalue,Flg22_vs_Mock_padj,Flg22_vs_Mock_log2FoldChange,Flg22_SynCom33_vs_Mock_pvalue,Flg22_SynCom33_vs_Mock_padj,Flg22_SynCom33_vs_Mock_log2FoldChange,Flg22_SynCom35_vs_Mock_pvalue,Flg22_SynCom35_vs_Mock_padj,Flg22_SynCom35_vs_Mock_log2FoldChange,Flg22_vs_Mock,Flg22_SynCom33_vs_Mock,Flg22_SynCom35_vs_Mock,cl
AT4G11640.1,GO:0070179,SR,4,7021422,7023318,+,1896,protein_coding,Serine racemase [Source:UniProtKB/Swiss-Prot;Acc:Q2PGG3],0.6625015353988033,0.9322409450010015,-0.20584717720779816,0.6864702975526271,0.9067708976860951,0.18570478345445063,0.3743166766324509,NA,0.40208730661205333,0,0,0,1
AT5G04120.1,GO:0070179,IPSP,5,1119937,1121813,+,1876,protein_coding,Metal-independent phosphoserine phosphatase [Source:UniProtKB/Swiss-Prot;Acc:F4KI56],8.641297554164779e-8,2.1420476618558373e-5,4.137605738572118,1.87485484055519e-5,0.001079225863464767,3.308492092447979,0.26464244107927576,0.6730775544710309,0.8646805877694407,1,1,0,7
