ID,Path,Gene,Chromosome,Start,End,Strand,Length,BioType,Description,Flg22_vs_Mock_pvalue,Flg22_vs_Mock_padj,Flg22_vs_Mock_log2FoldChange,Flg22_SynCom33_vs_Mock_pvalue,Flg22_SynCom33_vs_Mock_padj,Flg22_SynCom33_vs_Mock_log2FoldChange,Flg22_SynCom35_vs_Mock_pvalue,Flg22_SynCom35_vs_Mock_padj,Flg22_SynCom35_vs_Mock_log2FoldChange,Flg22_vs_Mock,Flg22_SynCom33_vs_Mock,Flg22_SynCom35_vs_Mock,cl
AT1G69370.1,GO:0004106,CM3,1,26079956,26081727,+,1771,protein_coding,"Chorismate mutase 3, chloroplastic [Source:UniProtKB/Swiss-Prot;Acc:Q9C544]",0.7920989015546949,0.9638115017678341,-0.06595506960426085,0.25777016718767415,0.6283440002121016,0.28062638928722494,0.03643867638734065,0.2698189216764055,0.5151209593005948,0,0,0,1
AT3G29200.1,GO:0004106,CM1,3,11163839,11166458,-,2619,protein_coding,"Chorismate mutase 1, chloroplastic [Source:UniProtKB/Swiss-Prot;Acc:P42738]",0.6324163790126822,0.924610636908202,0.11691901239762606,0.3505330119406863,0.7109573281265679,-0.22851830738973733,0.14686887875896398,0.5304572994972169,-0.35516293485757794,0,0,0,2
AT5G10870.1,GO:0004106,CM2,5,3430497,3432468,-,1971,protein_coding,Chorismate mutase 2 [Source:UniProtKB/Swiss-Prot;Acc:Q9S7H4],0.9466934541454506,0.9933269717125698,0.01012783321852591,0.6967235014399633,0.9108458439597523,0.05894826097428256,0.646738160796048,0.8996538221849382,-0.06942167602377353,0,0,0,5
