ID,Path,Gene,Chromosome,Start,End,Strand,Length,BioType,Description,Flg22_vs_Mock_pvalue,Flg22_vs_Mock_padj,Flg22_vs_Mock_log2FoldChange,Flg22_SynCom33_vs_Mock_pvalue,Flg22_SynCom33_vs_Mock_padj,Flg22_SynCom33_vs_Mock_log2FoldChange,Flg22_SynCom35_vs_Mock_pvalue,Flg22_SynCom35_vs_Mock_padj,Flg22_SynCom35_vs_Mock_log2FoldChange,Flg22_vs_Mock,Flg22_SynCom33_vs_Mock,Flg22_SynCom35_vs_Mock,cl
AT2G22370.1,GO:0048833,MED18,2,9500784,9502210,-,1426,protein_coding,MED18 [Source:UniProtKB/TrEMBL;Acc:A0A178VRQ8],0.7745952477144016,0.9593789929619458,-0.059159297453412425,0.7142858704670861,0.9172366852916886,0.07517805719520651,0.17304334595816842,0.567758393564953,-0.2835992725014563,0,0,0,10
AT5G53400.1,GO:0048833,BOB1,5,21661444,21663843,+,2399,protein_coding,Protein BOBBER 1 [Source:UniProtKB/Swiss-Prot;Acc:Q9LV09],0.4252057984022705,0.8486655110011069,-0.11817268678227806,0.17858605023581092,0.5352078509783106,-0.19953933773539148,0.8276040962235688,0.9572355455262798,-0.032220116087190345,0,0,0,4
