ID,Path,Gene,Chromosome,Start,End,Strand,Length,BioType,Description,Flg22_vs_Mock_pvalue,Flg22_vs_Mock_padj,Flg22_vs_Mock_log2FoldChange,Flg22_SynCom33_vs_Mock_pvalue,Flg22_SynCom33_vs_Mock_padj,Flg22_SynCom33_vs_Mock_log2FoldChange,Flg22_SynCom35_vs_Mock_pvalue,Flg22_SynCom35_vs_Mock_padj,Flg22_SynCom35_vs_Mock_log2FoldChange,Flg22_vs_Mock,Flg22_SynCom33_vs_Mock,Flg22_SynCom35_vs_Mock,cl
AT1G74340.1,GO:0019348,DPMS2,1,27948045,27951668,-,3623,protein_coding,Dolichol-phosphate mannose synthase subunit 2 [Source:UniProtKB/Swiss-Prot;Acc:Q9CA79],0.03528245358338977,0.3140441078247,0.3485571076810147,0.4531569159327618,0.7848443049934436,0.12550852346819308,0.6808384394969474,0.9113454168707261,-0.0691699588486593,0,0,0,7
AT1G74340.2,GO:0019348,DPMS2,1,27948072,27949018,-,946,protein_coding,Dolichol-phosphate mannose synthase subunit 2 [Source:UniProtKB/Swiss-Prot;Acc:Q9CA79],0.1486363382832011,0.606130904138038,1.4332750240996746,0.018554172937778675,0.1585924568881928,2.303299684289624,0.1601704624993863,NA,1.3925819898966894,0,0,0,5
