ID,Path,Gene,Chromosome,Start,End,Strand,Length,BioType,Description,Flg22_vs_Mock_pvalue,Flg22_vs_Mock_padj,Flg22_vs_Mock_log2FoldChange,Flg22_SynCom33_vs_Mock_pvalue,Flg22_SynCom33_vs_Mock_padj,Flg22_SynCom33_vs_Mock_log2FoldChange,Flg22_SynCom35_vs_Mock_pvalue,Flg22_SynCom35_vs_Mock_padj,Flg22_SynCom35_vs_Mock_log2FoldChange,Flg22_vs_Mock,Flg22_SynCom33_vs_Mock,Flg22_SynCom35_vs_Mock,cl
AT3G09820.1,GO:0004001,ADK1,3,3011780,3014944,+,3164,protein_coding,Adenosine kinase 1 [Source:UniProtKB/Swiss-Prot;Acc:Q9SF85],0.9370240520412952,0.991619555940246,-0.013369870822129691,0.7353744441877383,0.9243032388390197,-0.05719748653494419,0.27125973171792267,0.6786570950155765,0.18609178247478855,0,0,0,4
AT5G03300.3,GO:0004001,ADK2,5,796397,799718,+,3321,protein_coding,Adenosine kinase 2 [Source:UniProtKB/Swiss-Prot;Acc:Q9LZG0],0.7394414872000534,0.9527081225971279,-0.4689653009265812,0.6708814672728467,0.9003275380419903,-0.5997207780187475,0.497491025058868,NA,-0.9594077347435856,0,0,0,2
AT5G03300.1,GO:0004001,ADK2,5,796442,799810,+,3368,protein_coding,Adenosine kinase 2 [Source:UniProtKB/Swiss-Prot;Acc:Q9LZG0],0.15943380790497166,0.6208993744442141,0.1986036772426118,0.5768487601862704,0.856306166620317,-0.07884428911297724,0.522558027577362,0.8446087127447718,-0.09032165225703044,0,0,0,7
