ID,Path,Gene,Chromosome,Start,End,Strand,Length,BioType,Description,Flg22_vs_Mock_pvalue,Flg22_vs_Mock_padj,Flg22_vs_Mock_log2FoldChange,Flg22_SynCom33_vs_Mock_pvalue,Flg22_SynCom33_vs_Mock_padj,Flg22_SynCom33_vs_Mock_log2FoldChange,Flg22_SynCom35_vs_Mock_pvalue,Flg22_SynCom35_vs_Mock_padj,Flg22_SynCom35_vs_Mock_log2FoldChange,Flg22_vs_Mock,Flg22_SynCom33_vs_Mock,Flg22_SynCom35_vs_Mock,cl
AT1G01510.1,GO:0048530,AN,1,187145,190472,+,3327,protein_coding,C-terminal binding protein AN [Source:UniProtKB/Swiss-Prot;Acc:O23702],0.5921471869910877,0.910141178910532,0.04098784951753882,0.6258834244409188,0.8796924718090965,-0.037452561991363695,3.091864501798275e-4,0.01118557536605457,0.27252989471071226,0,0,0,4
AT2G31090.1,GO:0048530,,2,13256091,13257068,+,977,protein_coding,At2g31090 [Source:UniProtKB/TrEMBL;Acc:O82275],0.41597278009503075,0.8456074432281361,0.16851307829226111,0.38275586197540745,0.7370010942332171,0.1808151019498825,0.41018366526245204,0.7784286625074588,-0.17149954854987734,0,0,0,9
AT5G13680.1,GO:0048530,ELP1,5,4410314,4415622,-,5308,protein_coding,Elongator complex protein 1 [Source:UniProtKB/Swiss-Prot;Acc:Q9FNA4],0.5052230880225221,0.8822321017809445,-0.09400716712170883,0.02949666202378181,0.20872052343335157,-0.30820356424291145,0.7258509473206427,0.9257062176972022,-0.049388860918932104,0,0,0,3
AT5G45710.1,GO:0048530,HSFA4C,5,18540665,18542863,+,2198,protein_coding,RHA1 [Source:UniProtKB/TrEMBL;Acc:A0A178UPK9],0.9326600279168749,0.9914951924265751,-0.017210196771595663,0.0011379688681025044,0.024578268679994856,0.6550948070440645,0.7353807567399323,0.9294601026665407,0.06860532767878276,0,0,0,5
AT5G45710.2,GO:0048530,HSFA4C,5,18540860,18542863,+,2003,protein_coding,RHA1 [Source:UniProtKB/TrEMBL;Acc:A0A178UPK9],0.9353180297679147,0.9915020266177292,0.05968297951736315,0.2672316829964318,0.6381560009158815,-0.8203111240636282,0.05174799408982664,0.3268154217550061,-1.44575323525957,0,0,-0,2
AT5G45710.3,GO:0048530,HSFA4C,5,18540865,18542864,+,1999,protein_coding,RHA1 [Source:UniProtKB/TrEMBL;Acc:A0A178UPK9],0.9629326538246958,0.9944633830616663,0.024317871652833636,0.16220980139013,0.5099431506220881,-0.7461968029763052,0.10787052884427943,0.4649138629408231,-0.8590427001801962,0,0,0,2
