ID,Path,Gene,Chromosome,Start,End,Strand,Length,BioType,Description,Flg22_vs_Mock_pvalue,Flg22_vs_Mock_padj,Flg22_vs_Mock_log2FoldChange,Flg22_SynCom33_vs_Mock_pvalue,Flg22_SynCom33_vs_Mock_padj,Flg22_SynCom33_vs_Mock_log2FoldChange,Flg22_SynCom35_vs_Mock_pvalue,Flg22_SynCom35_vs_Mock_padj,Flg22_SynCom35_vs_Mock_log2FoldChange,Flg22_vs_Mock,Flg22_SynCom33_vs_Mock,Flg22_SynCom35_vs_Mock,cl
AT1G04010.1,GO:0016127,PSAT,1,1030957,1036264,-,5307,protein_coding,PSAT1 [Source:UniProtKB/TrEMBL;Acc:A0A178W9Q7],0.04944586931368923,0.37404640272737566,0.2502018094265167,0.03229145015690888,0.2192621275872757,0.2724420691887729,0.20868691818548132,0.6107030626087228,0.16017739852075089,0,0,0,6
AT3G51970.1,GO:0016127,ASAT1,3,19284339,19285582,+,1243,protein_coding,Acyl-CoA--sterol O-acyltransferase 1 [Source:UniProtKB/Swiss-Prot;Acc:Q9SV07],0.1445104976545221,0.6007016705546269,0.3808129558772653,7.466874289063412e-5,0.0033287647535423324,1.0150489345025167,0.10140636695113918,0.45376326576764714,0.42569327416375735,0,1,0,5
