ID,Path,Gene,Chromosome,Start,End,Strand,Length,BioType,Description,Flg22_vs_Mock_pvalue,Flg22_vs_Mock_padj,Flg22_vs_Mock_log2FoldChange,Flg22_SynCom33_vs_Mock_pvalue,Flg22_SynCom33_vs_Mock_padj,Flg22_SynCom33_vs_Mock_log2FoldChange,Flg22_SynCom35_vs_Mock_pvalue,Flg22_SynCom35_vs_Mock_padj,Flg22_SynCom35_vs_Mock_log2FoldChange,Flg22_vs_Mock,Flg22_SynCom33_vs_Mock,Flg22_SynCom35_vs_Mock,cl
AT1G03190.1,GO:0043141,XPD,1,775527,780044,+,4517,protein_coding,UVH6 [Source:UniProtKB/TrEMBL;Acc:A0A178W4P7],0.11323043333502734,0.5439371751238983,-0.2420851137019161,0.009805283902424888,0.10746713343628896,-0.3981699111613133,0.0248986831836747,0.21932952867059705,-0.34318333490493763,0,0,0,8
AT3G49830.1,GO:0043141,,3,18482249,18483980,+,1731,protein_coding,RuvB-like helicase [Source:UniProtKB/TrEMBL;Acc:Q9M2X5],0.27602587819678315,0.7514834604600173,-0.4013194132212102,0.1402874274670841,0.4765008022885381,-0.5486946036881113,0.027461349268772164,0.230840370617792,-0.8312381948418915,0,0,0,2
AT5G22330.1,GO:0043141,RIN1,5,7390796,7394280,-,3484,protein_coding,RuvB-like protein 1 [Source:UniProtKB/Swiss-Prot;Acc:Q9FMR9],0.2518792732064977,0.7311802552145866,-0.14805188257381183,0.14076104836899944,0.477287903917185,-0.1905769199819695,0.8757008827843722,0.9706647146335132,0.02010038491358942,0,0,0,4
AT5G67630.1,GO:0043141,,5,26967378,26969400,-,2022,protein_coding,RuvB-like helicase [Source:UniProtKB/TrEMBL;Acc:Q9FJW0],0.25630433562183247,0.7349943874387103,-0.22053899393266313,0.2548857968628208,0.6252950974424943,-0.22122826989316316,0.35087062713867717,0.7410451714250106,0.18040482369022603,0,0,0,4
