ID,Path,Gene,Chromosome,Start,End,Strand,Length,BioType,Description,Flg22_vs_Mock_pvalue,Flg22_vs_Mock_padj,Flg22_vs_Mock_log2FoldChange,Flg22_SynCom33_vs_Mock_pvalue,Flg22_SynCom33_vs_Mock_padj,Flg22_SynCom33_vs_Mock_log2FoldChange,Flg22_SynCom35_vs_Mock_pvalue,Flg22_SynCom35_vs_Mock_padj,Flg22_SynCom35_vs_Mock_log2FoldChange,Flg22_vs_Mock,Flg22_SynCom33_vs_Mock,Flg22_SynCom35_vs_Mock,cl
AT2G38010.3,GO:0042759,,2,15906645,15909867,+,3222,protein_coding,,0.9308879730781289,0.990882914792884,0.0270401222357114,0.021278735749145426,0.17133536514520348,-0.725121964411167,0.3510327456712107,0.7410868394546415,-0.29151409084188856,0,0,0,3
AT2G38010.1,GO:0042759,,2,15906862,15909931,+,3069,protein_coding,,0.2551536321525288,0.7340908371224819,0.35520523671185833,0.720018764802199,0.9202027401070986,-0.11275007960678493,0.7530479298010849,0.9352149304812711,0.09846494797755183,0,0,0,3
AT3G19260.1,GO:0042759,LAG2,3,6669065,6671638,-,2573,protein_coding,LOH2 [Source:UniProtKB/TrEMBL;Acc:A0A178VL39],0.7293072441829382,0.949925804980956,0.0452718821842322,0.6624144131490353,0.8969137590793711,0.05711426408035925,0.44394094639674164,0.8015258002561209,-0.10036578441906208,0,0,0,9
AT5G02890.1,GO:0042759,,5,669990,671687,-,1697,protein_coding,At5g02890 [Source:UniProtKB/TrEMBL;Acc:Q9LYZ6],0.13473306524960166,0.5827683586637727,-0.35126649363261436,0.0037354047153835097,0.056989301679307325,-0.6874646839031409,0.7340351297212777,0.9291357234957873,0.07895741046506358,0,0,0,4
AT5G58980.1,GO:0042759,NCER3,5,23811449,23814683,-,3234,protein_coding,Neutral ceramidase 3 [Source:UniProtKB/Swiss-Prot;Acc:F4KHQ8],0.4822279012226818,0.8737748716701299,0.1652417948816405,0.4132430500268354,0.757946328195356,-0.19421318300046408,0.7532558699440071,0.9352149304812711,0.07393870653538372,0,0,0,3
