ID,Path,Gene,Chromosome,Start,End,Strand,Length,BioType,Description,Flg22_vs_Mock_pvalue,Flg22_vs_Mock_padj,Flg22_vs_Mock_log2FoldChange,Flg22_SynCom33_vs_Mock_pvalue,Flg22_SynCom33_vs_Mock_padj,Flg22_SynCom33_vs_Mock_log2FoldChange,Flg22_SynCom35_vs_Mock_pvalue,Flg22_SynCom35_vs_Mock_padj,Flg22_SynCom35_vs_Mock_log2FoldChange,Flg22_vs_Mock,Flg22_SynCom33_vs_Mock,Flg22_SynCom35_vs_Mock,cl
AT4G35790.2,GO:0046473,PLDDELTA,4,16955415,16960407,-,4992,protein_coding,Phospholipase D delta [Source:UniProtKB/Swiss-Prot;Acc:Q9C5Y0],0.6982565120935895,0.9413708986019894,-0.12502842394333236,0.4445354456574361,0.7794157220299502,0.2463945215960613,0.9353141746051964,0.9851661236325965,0.02616222138267331,0,0,0,5
AT4G35790.3,GO:0046473,PLDDELTA,4,16955518,16960170,-,4652,protein_coding,Phospholipase D delta [Source:UniProtKB/Swiss-Prot;Acc:Q9C5Y0],0.5727509394861723,0.9050310490075865,-0.12925065469505304,0.007742920177482495,0.09246787215063725,-0.6115919470171264,4.4188955692230084e-5,0.0025866128857510253,-0.9392495906075407,0,0,0,2
AT4G35790.1,GO:0046473,PLDDELTA,4,16955518,16960170,-,4652,protein_coding,Phospholipase D delta [Source:UniProtKB/Swiss-Prot;Acc:Q9C5Y0],0.19946143314127163,0.6730106420396088,0.2072653493239595,0.31883307753564216,0.6835915449284681,-0.1613169058205908,0.03498476319104821,0.26351391134947955,-0.3413855275410883,0,0,0,7
