ID,Path,Gene,Chromosome,Start,End,Strand,Length,BioType,Description,Flg22_vs_Mock_pvalue,Flg22_vs_Mock_padj,Flg22_vs_Mock_log2FoldChange,Flg22_SynCom33_vs_Mock_pvalue,Flg22_SynCom33_vs_Mock_padj,Flg22_SynCom33_vs_Mock_log2FoldChange,Flg22_SynCom35_vs_Mock_pvalue,Flg22_SynCom35_vs_Mock_padj,Flg22_SynCom35_vs_Mock_log2FoldChange,Flg22_vs_Mock,Flg22_SynCom33_vs_Mock,Flg22_SynCom35_vs_Mock,cl
AT3G51770.2,GO:0017145,ETO1,3,19199750,19204464,-,4714,protein_coding,ETO1 [Source:UniProtKB/TrEMBL;Acc:A0A384KPH2],0.9453496035690221,0.9933269717125698,0.00839690111441835,0.015480050838326037,0.14218950368359026,0.295255965394224,0.11562759848002453,0.4796444809912888,0.1919286927090472,0,0,0,1
AT3G51770.1,GO:0017145,ETO1,3,19199781,19204464,-,4683,protein_coding,ETO1 [Source:UniProtKB/TrEMBL;Acc:A0A384KPH2],0.5503134947386082,0.897534498232069,-0.21445792970252023,0.5077773503779539,0.8174184521743911,-0.2378638080072753,0.4215026253990661,0.7860684293334614,0.28757028746222424,0,0,0,4
