ID,Path,Gene,Chromosome,Start,End,Strand,Length,BioType,Description,Flg22_vs_Mock_pvalue,Flg22_vs_Mock_padj,Flg22_vs_Mock_log2FoldChange,Flg22_SynCom33_vs_Mock_pvalue,Flg22_SynCom33_vs_Mock_padj,Flg22_SynCom33_vs_Mock_log2FoldChange,Flg22_SynCom35_vs_Mock_pvalue,Flg22_SynCom35_vs_Mock_padj,Flg22_SynCom35_vs_Mock_log2FoldChange,Flg22_vs_Mock,Flg22_SynCom33_vs_Mock,Flg22_SynCom35_vs_Mock,cl
AT1G62540.1,GO:0080103,FMO GS-OX2,1,23151645,23155728,+,4083,protein_coding,flavin-monooxygenase glucosinolate S-oxygenase 2 [Source:TAIR;Acc:AT1G62540],0.40251984872060204,0.8393016186172841,0.4546240330333894,0.8347851294806873,0.9540705688831187,-0.11400015949695831,0.919532735731699,0.9815039955735931,0.05504201938240314,0,0,0,7
AT1G62540.3,GO:0080103,FMO GS-OX2,1,23151750,23155717,+,3967,protein_coding,flavin-monooxygenase glucosinolate S-oxygenase 2 [Source:TAIR;Acc:AT1G62540],0.7469752327595917,0.9530196132125169,-0.4159029049218342,0.7811070702804268,0.9388232255780397,0.355838757119629,0.4981749596603958,NA,0.8645679157305991,0,0,0,1
AT1G62560.1,GO:0080103,FMOGS-OX3,1,23159734,23162881,+,3147,protein_coding,Flavin-containing monooxygenase FMO GS-OX3 [Source:UniProtKB/Swiss-Prot;Acc:Q9SXE1],0.0029023629922341854,0.06924879878660287,1.3718218602345198,0.7673194705216564,0.9343647351319592,0.13870577917715757,0.6355737733588325,0.8954694872764858,0.22141275680148492,0,0,0,7
AT1G62570.1,GO:0080103,FMOGS-OX4,1,23168767,23172175,+,3408,protein_coding,Flavin-containing monooxygenase FMO GS-OX4 [Source:UniProtKB/Swiss-Prot;Acc:Q93Y23],0.30516172206237535,0.7731230056636059,-0.19836737475199154,0.015267293618252794,0.1414250127656346,-0.46949901431514657,0.009410116157932023,0.12243838535831725,-0.5025105025453027,0,0,0,2
AT1G65860.1,GO:0080103,FMOGS-OX1,1,24498954,24502776,-,3822,protein_coding,Flavin-containing monooxygenase FMO GS-OX1 [Source:UniProtKB/Swiss-Prot;Acc:Q9SS04],0.14173407605674188,0.595934134558,0.9676873420968624,0.9170592367436537,0.9796804330442195,0.07035482562118597,0.07444271484087223,NA,1.1686316343274468,0,0,0,6
