ID,Path,Gene,Chromosome,Start,End,Strand,Length,BioType,Description,Flg22_vs_Mock_pvalue,Flg22_vs_Mock_padj,Flg22_vs_Mock_log2FoldChange,Flg22_SynCom33_vs_Mock_pvalue,Flg22_SynCom33_vs_Mock_padj,Flg22_SynCom33_vs_Mock_log2FoldChange,Flg22_SynCom35_vs_Mock_pvalue,Flg22_SynCom35_vs_Mock_padj,Flg22_SynCom35_vs_Mock_log2FoldChange,Flg22_vs_Mock,Flg22_SynCom33_vs_Mock,Flg22_SynCom35_vs_Mock,cl
AT2G11810.4,GO:0019374,MGD3,2,4744267,4746813,+,2546,protein_coding,"Monogalactosyldiacylglycerol synthase 3, chloroplastic [Source:UniProtKB/Swiss-Prot;Acc:Q9SI93]",0.054466413429793435,0.39281377499150544,-1.5989422349243245,0.9262947941605191,0.9816285881880196,0.07358111205151328,0.32397864417618905,NA,-0.7964830465593377,-0,0,0,10
AT3G54950.1,GO:0019374,PLP7,3,20358896,20361560,-,2664,protein_coding,Patatin-like protein 7 [Source:UniProtKB/Swiss-Prot;Acc:Q9SV43],0.24663680118259707,0.7260239293101869,-0.2639619687681191,0.20215592896485876,0.5647844192925934,-0.2906421222007439,0.012088081635268205,0.14226041028062084,-0.5724265586202164,0,0,0,2
AT5G20410.1,GO:0019374,MGD2,5,6896463,6898783,+,2320,protein_coding,"Monogalactosyldiacylglycerol synthase 2, chloroplastic [Source:UniProtKB/Swiss-Prot;Acc:O82730]",0.8246350166713748,0.968944803618052,0.10112792100274116,0.12824307620865363,0.45479262275966603,-0.7211245745821675,0.7845663458531632,0.9447307258150499,-0.1254375477130127,0,0,0,3
