ID,Path,Gene,Chromosome,Start,End,Strand,Length,BioType,Description,Flg22_vs_Mock_pvalue,Flg22_vs_Mock_padj,Flg22_vs_Mock_log2FoldChange,Flg22_SynCom33_vs_Mock_pvalue,Flg22_SynCom33_vs_Mock_padj,Flg22_SynCom33_vs_Mock_log2FoldChange,Flg22_SynCom35_vs_Mock_pvalue,Flg22_SynCom35_vs_Mock_padj,Flg22_SynCom35_vs_Mock_log2FoldChange,Flg22_vs_Mock,Flg22_SynCom33_vs_Mock,Flg22_SynCom35_vs_Mock,cl
AT2G20610.1,GO:0080108,SUR1,2,8877887,8880440,-,2553,protein_coding,S-alkyl-thiohydroximate lyase SUR1 [Source:UniProtKB/Swiss-Prot;Acc:Q9SIV0],0.008939815391946243,0.14339373106189396,0.3754593164978479,0.7410053585793347,0.9256080095786465,-0.04761784354661528,0.6393762286189035,0.8972379407862664,0.06739868071222287,0,0,0,7
AT2G20610.2,GO:0080108,SUR1,2,8877961,8880388,-,2427,protein_coding,S-alkyl-thiohydroximate lyase SUR1 [Source:UniProtKB/Swiss-Prot;Acc:Q9SIV0],0.0398278765596574,0.335265933445642,0.8139870820860884,0.010830928930895576,0.11426885067517067,1.006731034824982,0.16461717937791528,0.5549051489141392,0.5517738868301124,0,0,0,9
