ID,Path,Gene,Chromosome,Start,End,Strand,Length,BioType,Description,Flg22_vs_Mock_pvalue,Flg22_vs_Mock_padj,Flg22_vs_Mock_log2FoldChange,Flg22_SynCom33_vs_Mock_pvalue,Flg22_SynCom33_vs_Mock_padj,Flg22_SynCom33_vs_Mock_log2FoldChange,Flg22_SynCom35_vs_Mock_pvalue,Flg22_SynCom35_vs_Mock_padj,Flg22_SynCom35_vs_Mock_log2FoldChange,Flg22_vs_Mock,Flg22_SynCom33_vs_Mock,Flg22_SynCom35_vs_Mock,cl
AT1G29800.1,GO:0032587,,1,10432599,10435441,+,2842,protein_coding,RING/FYVE/PHD-type zinc finger family protein [Source:UniProtKB/TrEMBL;Acc:Q84WW7],0.4630009411160565,0.8661670581447846,0.12372009186235061,0.34212955154457453,0.7038976430905597,0.16003789953606745,0.16126224985146909,0.5511112565777467,-0.23802655899440783,0,0,0,9
AT1G29800.2,GO:0032587,,1,10432601,10435336,+,2735,protein_coding,RING/FYVE/PHD-type zinc finger family protein [Source:UniProtKB/TrEMBL;Acc:Q84WW7],0.36453536721936175,0.8145469697356371,-0.3618599463482648,0.37187140445065436,0.7281939899797851,-0.35639662508122383,0.4875439152735656,0.8263988694314448,-0.2762482564644883,0,0,0,8
AT3G43230.1,GO:0032587,,3,15207367,15209853,+,2486,protein_coding,RING/FYVE/PHD-type zinc finger family protein [Source:UniProtKB/TrEMBL;Acc:Q9LXL1],0.9820200883046847,0.9963617291384252,-0.002902292193444447,0.33459081005976626,0.6972341319287901,-0.12450550713050357,7.975402166266955e-4,0.02231072387395935,-0.4343083594061172,0,0,0,2
