ID,Path,Gene,Chromosome,Start,End,Strand,Length,BioType,Description,Flg22_vs_Mock_pvalue,Flg22_vs_Mock_padj,Flg22_vs_Mock_log2FoldChange,Flg22_SynCom33_vs_Mock_pvalue,Flg22_SynCom33_vs_Mock_padj,Flg22_SynCom33_vs_Mock_log2FoldChange,Flg22_SynCom35_vs_Mock_pvalue,Flg22_SynCom35_vs_Mock_padj,Flg22_SynCom35_vs_Mock_log2FoldChange,Flg22_vs_Mock,Flg22_SynCom33_vs_Mock,Flg22_SynCom35_vs_Mock,cl
AT3G11220.1,GO:0031538,ELP4,3,3513350,3516447,-,3097,protein_coding,Elongator complex protein 4 [Source:UniProtKB/Swiss-Prot;Acc:Q9C778],0.666848671832757,0.933115103742,0.15640274134928986,0.7785393979830331,0.9375395823401825,0.10229307122792333,0.35180757791598793,0.7413605419034982,0.33689786917039305,0,0,0,6
AT3G11220.2,GO:0031538,ELP4,3,3513531,3516408,-,2877,protein_coding,Elongator complex protein 4 [Source:UniProtKB/Swiss-Prot;Acc:Q9C778],0.7350223161210292,0.9513375365248583,-0.20124638175794504,0.15403939555106927,0.49699598733590866,-0.8559124229988785,0.02366688295705255,0.21309052027723438,-1.3707314714823913,0,0,-0,2
AT4G10090.1,GO:0031538,ELP6,4,6305320,6307552,+,2232,protein_coding,ELP6 [Source:UniProtKB/TrEMBL;Acc:A0A178V2M9],0.4963555665420003,0.8785309318814698,0.17574490325276168,0.7699722437920857,0.9353515232328099,-0.07649731038260545,0.3684345802155418,0.7538803947266617,0.2310475601749577,0,0,0,4
AT5G13680.1,GO:0031538,ELP1,5,4410314,4415622,-,5308,protein_coding,Elongator complex protein 1 [Source:UniProtKB/Swiss-Prot;Acc:Q9FNA4],0.5052230880225221,0.8822321017809445,-0.09400716712170883,0.02949666202378181,0.20872052343335157,-0.30820356424291145,0.7258509473206427,0.9257062176972022,-0.049388860918932104,0,0,0,3
