ID,Path,Gene,Chromosome,Start,End,Strand,Length,BioType,Description,Flg22_vs_Mock_pvalue,Flg22_vs_Mock_padj,Flg22_vs_Mock_log2FoldChange,Flg22_SynCom33_vs_Mock_pvalue,Flg22_SynCom33_vs_Mock_padj,Flg22_SynCom33_vs_Mock_log2FoldChange,Flg22_SynCom35_vs_Mock_pvalue,Flg22_SynCom35_vs_Mock_padj,Flg22_SynCom35_vs_Mock_log2FoldChange,Flg22_vs_Mock,Flg22_SynCom33_vs_Mock,Flg22_SynCom35_vs_Mock,cl
AT1G64090.1,GO:0009510,RTNLB3,1,23789128,23791229,+,2101,protein_coding,Reticulon-like protein [Source:UniProtKB/TrEMBL;Acc:F4I596],0.7322897798350254,0.9502176053942513,-0.049937114294363295,0.847064522747988,0.9587528858455282,-0.028151896406904235,0.27876981894845915,0.6848406314982161,0.157741870634253,0,0,0,4
AT3G61560.1,GO:0009510,RTNLB6,3,22777741,22780191,+,2450,protein_coding,Reticulon-like protein B6 [Source:UniProtKB/Swiss-Prot;Acc:Q6DBN4],0.2693753730528318,0.7458212488467799,-0.3093253588500143,0.31725746793124526,0.6826088724930154,0.2791684044444358,0.9356238484023996,0.9851868880707652,0.022564988960861256,0,0,0,5
AT3G61560.3,GO:0009510,RTNLB6,3,22777803,22779431,+,1628,protein_coding,Reticulon-like protein B6 [Source:UniProtKB/Swiss-Prot;Acc:Q6DBN4],0.937790501200741,0.9917117038653237,-0.02722065224731708,0.5703981590099352,0.8529170267842161,0.19682436102516776,0.6664554586852238,0.9064938314007508,-0.15051424995873325,0,0,0,5
