ID,Path,Gene,Chromosome,Start,End,Strand,Length,BioType,Description,Flg22_vs_Mock_pvalue,Flg22_vs_Mock_padj,Flg22_vs_Mock_log2FoldChange,Flg22_SynCom33_vs_Mock_pvalue,Flg22_SynCom33_vs_Mock_padj,Flg22_SynCom33_vs_Mock_log2FoldChange,Flg22_SynCom35_vs_Mock_pvalue,Flg22_SynCom35_vs_Mock_padj,Flg22_SynCom35_vs_Mock_log2FoldChange,Flg22_vs_Mock,Flg22_SynCom33_vs_Mock,Flg22_SynCom35_vs_Mock,cl
AT1G47710.2,GO:0010951,,1,17557091,17560325,+,3234,protein_coding,Serine protease inhibitor (SERPIN) family protein [Source:TAIR;Acc:AT1G47710],0.5552129288126597,0.8993594881597695,-0.121472751878782,0.8251197642492814,0.9517644068890444,0.04546437320550032,0.9293004599597472,0.9843869559731707,-0.018253575482700846,0,0,0,1
AT2G25240.1,GO:0010951,,2,10751656,10753380,-,1724,protein_coding,Serpin-Z10 [Source:UniProtKB/Swiss-Prot;Acc:Q9SIR9],0.17229767331564166,0.6420420549746493,0.5354381292781896,1.9293803060251138e-4,0.006915413518208948,1.4586465628244258,0.21220693969402535,0.614805793362752,0.4893465328756688,0,1,0,5
AT2G26390.1,GO:0010951,,2,11228825,11230598,-,1773,protein_coding,Serpin-Z3 [Source:UniProtKB/Swiss-Prot;Acc:O48706],0.09539312478996577,0.5072241492960765,0.6352846098413248,2.192090071925935e-4,0.007525895953194505,1.3725701525540464,0.894517888456466,0.9761254508997602,0.05181202131852963,0,1,0,9
