ID,Path,Gene,Chromosome,Start,End,Strand,Length,BioType,Description,Flg22_vs_Mock_pvalue,Flg22_vs_Mock_padj,Flg22_vs_Mock_log2FoldChange,Flg22_SynCom33_vs_Mock_pvalue,Flg22_SynCom33_vs_Mock_padj,Flg22_SynCom33_vs_Mock_log2FoldChange,Flg22_SynCom35_vs_Mock_pvalue,Flg22_SynCom35_vs_Mock_padj,Flg22_SynCom35_vs_Mock_log2FoldChange,Flg22_vs_Mock,Flg22_SynCom33_vs_Mock,Flg22_SynCom35_vs_Mock,cl
AT1G66740.1,GO:0031567,ASF1A,1,24892340,24893876,+,1536,protein_coding,SP7 [Source:UniProtKB/TrEMBL;Acc:A0A178WM99],0.061418355173382996,0.4139055804888866,-0.27107584005518304,0.2799470780155239,0.6500785741047298,-0.15538343678693564,0.42152919736521327,0.7860684293334614,-0.11456174741344378,0,0,0,8
AT5G38110.1,GO:0031567,ASF1B,5,15208358,15210335,+,1977,protein_coding,Histone chaperone ASF1B [Source:UniProtKB/Swiss-Prot;Acc:Q9LS09],0.14875626009942133,0.6063136556765946,-0.41641032620631857,0.2274045963757552,0.5965146271752689,-0.34747173446351487,0.951101584670433,0.9886623714138125,0.017441174164212057,0,0,0,4
