ID,Path,Gene,Chromosome,Start,End,Strand,Length,BioType,Description,Flg22_vs_Mock_pvalue,Flg22_vs_Mock_padj,Flg22_vs_Mock_log2FoldChange,Flg22_SynCom33_vs_Mock_pvalue,Flg22_SynCom33_vs_Mock_padj,Flg22_SynCom33_vs_Mock_log2FoldChange,Flg22_SynCom35_vs_Mock_pvalue,Flg22_SynCom35_vs_Mock_padj,Flg22_SynCom35_vs_Mock_log2FoldChange,Flg22_vs_Mock,Flg22_SynCom33_vs_Mock,Flg22_SynCom35_vs_Mock,cl
AT5G07660.1,GO:0010165,SMC6A,5,2422783,2430136,+,7353,protein_coding,Structural maintenance of chromosomes protein 6A [Source:UniProtKB/Swiss-Prot;Acc:Q9FLR5],0.3713890847243474,0.8197146182071812,-0.29428262497685687,0.3995118872442718,0.748488715751132,-0.2772859272693397,0.15806971650008278,0.5468848822165213,0.451525411233767,0,0,0,4
AT5G48720.4,GO:0010165,XRI1,5,19759119,19761962,+,2843,protein_coding,XRI1 [Source:UniProtKB/TrEMBL;Acc:A0A178UAQ4],0.9967787551741778,0.9993324120936764,-8.440825248005977e-4,0.24221123014636026,0.6122335538838329,-0.24707514525019125,0.9371990032030424,0.9852328950155615,-0.016434320895850583,0,0,0,3
AT5G57160.1,GO:0010165,LIG4,5,23154965,23161826,-,6861,protein_coding,DNA ligase 4 [Source:UniProtKB/Swiss-Prot;Acc:Q9LL84],0.6199312887421258,0.9204588106753944,-0.06275275158591591,0.47570553364836154,0.7982469510321633,0.0899097603659743,0.28462423537051323,0.6909893831817527,0.13444910343464092,0,0,0,1
AT5G57160.2,GO:0010165,LIG4,5,23155150,23159747,-,4597,protein_coding,DNA ligase 4 [Source:UniProtKB/Swiss-Prot;Acc:Q9LL84],0.784643313930887,0.9622832696452184,-0.08368269516654087,0.7231426568423889,0.9214248088866843,0.10831425438746728,0.4067996809106752,0.7765678857774441,-0.2542478490784046,0,0,0,10
AT5G61460.1,GO:0010165,SMC6B,5,24714076,24721970,-,7894,protein_coding,Structural maintenance of chromosomes protein 6B [Source:UniProtKB/Swiss-Prot;Acc:Q9FII7],0.7988459340885289,0.9656771389215525,-0.037240296539736185,0.033088061723980385,0.22231274063085246,-0.3144584932301557,0.819651247587265,0.9545998796753847,-0.03323381206453091,0,0,0,3
