ID,Path,Gene,Chromosome,Start,End,Strand,Length,BioType,Description,Flg22_vs_Mock_pvalue,Flg22_vs_Mock_padj,Flg22_vs_Mock_log2FoldChange,Flg22_SynCom33_vs_Mock_pvalue,Flg22_SynCom33_vs_Mock_padj,Flg22_SynCom33_vs_Mock_log2FoldChange,Flg22_SynCom35_vs_Mock_pvalue,Flg22_SynCom35_vs_Mock_padj,Flg22_SynCom35_vs_Mock_log2FoldChange,Flg22_vs_Mock,Flg22_SynCom33_vs_Mock,Flg22_SynCom35_vs_Mock,cl
AT1G29810.1,GO:0006729,PDL2,1,10435374,10437558,-,2184,protein_coding,"Pterin-4-alpha-carbinolamine dehydratase 2, mitochondrial [Source:UniProtKB/Swiss-Prot;Acc:Q6QJ72]",0.8351290625053818,0.9708464311967683,-0.048894128081959753,0.7644584387970464,0.9330904264303362,0.0700549358308611,0.45205064888066276,0.806136064054151,0.17445184013603657,0,0,0,1
AT3G07270.2,GO:0006729,GCH1,3,2313998,2317188,+,3190,protein_coding,GTP cyclohydrolase 1 [Source:UniProtKB/Swiss-Prot;Acc:Q9SFV7],0.5741714655908157,0.9052820905612992,0.08346869059618384,0.8521548602961069,0.9604994301496065,-0.027741441117176188,0.30277338634358936,0.7057095522962933,0.15272296801041108,0,0,0,4
AT3G07270.1,GO:0006729,GCH1,3,2314432,2317364,+,2932,protein_coding,GTP cyclohydrolase 1 [Source:UniProtKB/Swiss-Prot;Acc:Q9SFV7],0.4625429055156782,0.8657727581957676,0.15207569711655117,0.5584240774812352,0.8460391686070422,-0.1219785723996887,0.22040409475732253,0.6244631467171435,0.25271693207270224,0,0,0,4
AT5G51110.1,GO:0006729,ATP1,5,20777501,20779488,-,1987,protein_coding,"Probable pterin-4-alpha-carbinolamine dehydratase, chloroplastic [Source:UniProtKB/Swiss-Prot;Acc:Q9LU63]",0.49383895388878146,NA,-0.8400984991487845,0.6694233824573359,NA,-0.5151271497629023,0.8204832733466377,NA,-0.269616521330594,0,0,0,8
AT5G51110.2,GO:0006729,ATP1,5,20778132,20779464,-,1332,protein_coding,"Probable pterin-4-alpha-carbinolamine dehydratase, chloroplastic [Source:UniProtKB/Swiss-Prot;Acc:Q9LU63]",0.33953095414514145,0.7992102148369375,0.4116152088846613,0.471336857577081,0.7952348839130793,-0.32287780481491823,0.5167374675357963,0.8414742602550911,0.2800458582200276,0,0,0,3
