ID,Path,Gene,Chromosome,Start,End,Strand,Length,BioType,Description,Flg22_vs_Mock_pvalue,Flg22_vs_Mock_padj,Flg22_vs_Mock_log2FoldChange,Flg22_SynCom33_vs_Mock_pvalue,Flg22_SynCom33_vs_Mock_padj,Flg22_SynCom33_vs_Mock_log2FoldChange,Flg22_SynCom35_vs_Mock_pvalue,Flg22_SynCom35_vs_Mock_padj,Flg22_SynCom35_vs_Mock_log2FoldChange,Flg22_vs_Mock,Flg22_SynCom33_vs_Mock,Flg22_SynCom35_vs_Mock,cl
AT1G54490.1,GO:0009961,XRN4,1,20350109,20356916,+,6807,protein_coding,XRN4 [Source:UniProtKB/TrEMBL;Acc:A0A384KRW9],0.5924966762141142,0.910141178910532,0.05127588763251636,0.43629975906652696,0.7738088795620645,-0.07471800976602429,0.0021578871945425316,0.04557897289403356,-0.29500897756481154,0,0,0,2
AT1G61340.2,GO:0009961,,1,22628409,22630010,+,1601,protein_coding,F-box protein At1g61340 [Source:UniProtKB/Swiss-Prot;Acc:Q8GX77],0.5617969004144567,0.9019231720578516,0.5921655896358179,0.656387704946926,0.8948229770466689,0.4543996523614732,0.3764227201186766,0.7583771104691772,-0.9119299338695399,0,0,0,9
AT4G26640.6,GO:0009961,WRKY20,4,13437005,13439893,-,2888,protein_coding,Probable WRKY transcription factor 20 [Source:UniProtKB/Swiss-Prot;Acc:Q93WV0],0.06972757390075986,0.43896065960693614,1.4862315570980404,0.025937412533971,0.19427771182187825,1.8232500856666287,0.7357945823154568,0.9296481887657518,-0.27949638403709226,0,0,0,9
AT4G26640.2,GO:0009961,WRKY20,4,13437005,13440996,-,3991,protein_coding,Probable WRKY transcription factor 20 [Source:UniProtKB/Swiss-Prot;Acc:Q93WV0],0.263414163295548,0.7407588956671178,0.2375034675635279,0.11384114394728283,0.43029775472312387,-0.33944169147349185,0.38446460022115586,0.7649079996594348,0.18462683757689943,0,0,0,3
AT4G26640.1,GO:0009961,WRKY20,4,13437071,13440489,-,3418,protein_coding,Probable WRKY transcription factor 20 [Source:UniProtKB/Swiss-Prot;Acc:Q93WV0],0.2992851032461152,0.7694394319159354,-1.3205956473055327,0.9679845305600289,0.9930431033162803,0.050228879187115605,0.8252844653963478,NA,0.2756837884716977,-0,0,0,1
AT5G66400.1,GO:0009961,RAB18,5,26518297,26519447,-,1150,protein_coding,RAB18 [Source:UniProtKB/TrEMBL;Acc:A0A178UN24],0.3146605235463753,0.7798390031592615,1.375237401718595,0.27133933046342795,0.641275227668354,1.5042848872731638,0.4797840269133113,0.8218914924152978,-0.9725340668881034,0,0,0,9
