ID,Path,Gene,Chromosome,Start,End,Strand,Length,BioType,Description,Flg22_vs_Mock_pvalue,Flg22_vs_Mock_padj,Flg22_vs_Mock_log2FoldChange,Flg22_SynCom33_vs_Mock_pvalue,Flg22_SynCom33_vs_Mock_padj,Flg22_SynCom33_vs_Mock_log2FoldChange,Flg22_SynCom35_vs_Mock_pvalue,Flg22_SynCom35_vs_Mock_padj,Flg22_SynCom35_vs_Mock_log2FoldChange,Flg22_vs_Mock,Flg22_SynCom33_vs_Mock,Flg22_SynCom35_vs_Mock,cl
AT1G66400.1,GO:0080164,CML23,1,24770419,24771393,-,974,protein_coding,Probable calcium-binding protein CML23 [Source:UniProtKB/Swiss-Prot;Acc:Q9C8Y1],0.6602558450556765,0.9317012434959575,0.10889765677466472,0.12215335651730981,0.44458396992192867,0.38028868030290025,0.1436582270646,0.5261687613146909,-0.3670621610997394,0,0,0,9
AT5G37770.1,GO:0080164,CML24,5,14997514,14999619,-,2105,protein_coding,TCH2 [Source:UniProtKB/TrEMBL;Acc:A0A178UBB8],0.7860837372959774,0.9625698712091247,0.19054492338360565,0.7694722010787741,NA,0.20567770643558209,0.7959557825068168,NA,0.18065271859993462,0,0,0,6
AT5G37770.2,GO:0080164,CML24,5,14998710,14999619,-,909,protein_coding,TCH2 [Source:UniProtKB/TrEMBL;Acc:A0A178UBB8],0.04503160345677419,0.35622147541025184,0.383146746793302,0.1960043251142692,0.5573388189748218,-0.25047987516493997,5.44005536958538e-5,0.0030650316646717813,-0.7922146907968904,0,0,0,2
