ID,Path,Gene,Chromosome,Start,End,Strand,Length,BioType,Description,Flg22_vs_Mock_pvalue,Flg22_vs_Mock_padj,Flg22_vs_Mock_log2FoldChange,Flg22_SynCom33_vs_Mock_pvalue,Flg22_SynCom33_vs_Mock_padj,Flg22_SynCom33_vs_Mock_log2FoldChange,Flg22_SynCom35_vs_Mock_pvalue,Flg22_SynCom35_vs_Mock_padj,Flg22_SynCom35_vs_Mock_log2FoldChange,Flg22_vs_Mock,Flg22_SynCom33_vs_Mock,Flg22_SynCom35_vs_Mock,cl
AT1G53310.2,GO:0051262,PPC1,1,19883935,19888413,-,4478,protein_coding,Phosphoenolpyruvate carboxylase 1 [Source:UniProtKB/Swiss-Prot;Acc:Q9MAH0],0.24570112022258858,0.725773082763871,1.5626741663371282,0.5400790131277018,0.8365545393776364,0.8248993358874784,0.7964810511795191,0.9482724367435479,0.3472696185906542,0,0,0,7
AT1G53310.3,GO:0051262,PPC1,1,19884027,19888328,-,4301,protein_coding,Phosphoenolpyruvate carboxylase 1 [Source:UniProtKB/Swiss-Prot;Acc:Q9MAH0],0.41242813865797695,0.8440593840274345,1.2135818648062675,0.6759157969911438,0.9022489366972807,-0.6204722056056776,0.644110827510529,0.8995989390309564,-0.6856166065095668,0,0,0,7
AT1G53310.1,GO:0051262,PPC1,1,19884027,19888398,-,4371,protein_coding,Phosphoenolpyruvate carboxylase 1 [Source:UniProtKB/Swiss-Prot;Acc:Q9MAH0],0.05276907735807029,0.3861323474077604,0.4296118540555044,0.40040098829254067,0.7491048285796983,0.1865454941992388,0.19021552937552716,0.5894560516626285,-0.2906567369665796,0,0,0,7
AT1G73010.1,GO:0051262,PS2,1,27464528,27466348,-,1820,protein_coding,Inorganic pyrophosphatase 1 [Source:UniProtKB/Swiss-Prot;Acc:Q67YC0],3.5235367279193963e-7,6.999843069911362e-5,2.3408714343624504,0.04903854802849528,0.27818867398875524,0.9217513590899558,0.23761577497592012,0.6457476614212736,-0.5792059103049285,1,0,0,7
AT4G04340.1,GO:0051262,OSCA1,4,2122507,2126910,+,4403,protein_coding,Protein OSCA1 [Source:UniProtKB/Swiss-Prot;Acc:Q9XEA1],0.7426522856538778,0.9529854144178901,-0.10517662462565455,0.3023999417216861,0.6704186917927306,-0.33103444637393137,0.0878880814713218,0.4223754422766799,0.5441714346909727,0,0,0,4
AT4G04340.2,GO:0051262,OSCA1,4,2122875,2126844,+,3969,protein_coding,Protein OSCA1 [Source:UniProtKB/Swiss-Prot;Acc:Q9XEA1],0.1616772450700224,0.6248403248911029,-0.5761802102308574,0.683739567416569,0.9057898211754488,-0.1674473507841908,0.3982667661896786,0.7716602788403089,0.3466122900618798,0,0,0,4
