ID,Path,Gene,Chromosome,Start,End,Strand,Length,BioType,Description,Flg22_vs_Mock_pvalue,Flg22_vs_Mock_padj,Flg22_vs_Mock_log2FoldChange,Flg22_SynCom33_vs_Mock_pvalue,Flg22_SynCom33_vs_Mock_padj,Flg22_SynCom33_vs_Mock_log2FoldChange,Flg22_SynCom35_vs_Mock_pvalue,Flg22_SynCom35_vs_Mock_padj,Flg22_SynCom35_vs_Mock_log2FoldChange,Flg22_vs_Mock,Flg22_SynCom33_vs_Mock,Flg22_SynCom35_vs_Mock,cl
AT3G27240.1,GO:0045153,CYC11,3,10055730,10058773,-,3043,protein_coding,"Cytochrome c1 1, heme protein, mitochondrial [Source:UniProtKB/Swiss-Prot;Acc:Q9LK29]",0.07779927093087027,0.4618981301493445,-0.27071420046884065,0.05647731928692251,0.299216258784204,-0.29280194118741143,0.3369397658487235,0.7307650872372893,-0.14732816565979176,0,0,0,8
AT5G40810.1,GO:0045153,CYC12,5,16339863,16342927,+,3064,protein_coding,"Cytochrome c1 2, heme protein, mitochondrial [Source:UniProtKB/Swiss-Prot;Acc:Q9FKS5]",0.5150367720674333,0.886043035602738,-0.05142147274665973,0.020793819880059506,0.16918930614189187,-0.18316454162297693,0.5605624254926003,0.8648143781705099,-0.045892432755079836,0,0,0,3
