ID,Path,Gene,Chromosome,Start,End,Strand,Length,BioType,Description,Flg22_vs_Mock_pvalue,Flg22_vs_Mock_padj,Flg22_vs_Mock_log2FoldChange,Flg22_SynCom33_vs_Mock_pvalue,Flg22_SynCom33_vs_Mock_padj,Flg22_SynCom33_vs_Mock_log2FoldChange,Flg22_SynCom35_vs_Mock_pvalue,Flg22_SynCom35_vs_Mock_padj,Flg22_SynCom35_vs_Mock_log2FoldChange,Flg22_vs_Mock,Flg22_SynCom33_vs_Mock,Flg22_SynCom35_vs_Mock,cl
AT1G30010.1,GO:0032885,NMAT1,1,10513151,10516385,+,3234,protein_coding,"Nuclear intron maturase 1, mitochondrial [Source:UniProtKB/Swiss-Prot;Acc:Q9C8R8]",0.549171783955198,0.8973379852096153,-0.141147963242376,0.33975453210088014,0.7013193067600291,-0.2259361879580891,0.046828552792571795,0.30993158819358796,0.4569928449173813,0,0,0,4
AT1G74350.1,GO:0032885,,1,27949022,27951413,-,2391,protein_coding,,0.6280907223177223,0.9235876599509517,0.14780172379629325,0.06961665806232936,0.3345432609995599,0.5406406552090607,0.49415133517078463,0.829905914496632,0.20668101048730825,0,0,0,5
