ID,Path,Gene,Chromosome,Start,End,Strand,Length,BioType,Description,Flg22_vs_Mock_pvalue,Flg22_vs_Mock_padj,Flg22_vs_Mock_log2FoldChange,Flg22_SynCom33_vs_Mock_pvalue,Flg22_SynCom33_vs_Mock_padj,Flg22_SynCom33_vs_Mock_log2FoldChange,Flg22_SynCom35_vs_Mock_pvalue,Flg22_SynCom35_vs_Mock_padj,Flg22_SynCom35_vs_Mock_log2FoldChange,Flg22_vs_Mock,Flg22_SynCom33_vs_Mock,Flg22_SynCom35_vs_Mock,cl
AT1G01600.1,GO:0018685,CYP86A4,1,218834,221286,+,2452,protein_coding,Cytochrome P450 86A4 [Source:UniProtKB/Swiss-Prot;Acc:Q9LMM1],0.7889699999924877,0.9630058379178377,-0.09567440911469888,0.0031799810884990663,0.05088348310775708,-1.0592023928078511,2.0883612337433674e-4,0.008429831302247975,-1.333154003795221,0,-0,-1,2
AT2G27690.1,GO:0018685,CYP94C1,2,11809279,11811280,+,2001,protein_coding,Cytochrome P450 94C1 [Source:UniProtKB/Swiss-Prot;Acc:Q9ZUX1],0.33697957217181024,0.7972191398918141,0.4455587389433508,0.7071869008353067,0.9145872586142415,0.1755316605818503,0.9007040827043111,0.9773437111267989,0.058348348434914925,0,0,0,7
AT2G45970.1,GO:0018685,CYP86A8,2,18912095,18914739,-,2644,protein_coding,Cytochrome P450 86A8 [Source:UniProtKB/Swiss-Prot;Acc:O80823],0.5686414847229573,0.9039337511250641,0.12184648411506738,0.25195060495898014,0.6223797027882546,-0.24549231926962622,0.6116231826928731,0.8852279259750058,-0.10863356221569866,0,0,0,3
AT4G00360.1,GO:0018685,CYP86A2,4,160643,163023,+,2380,protein_coding,Cytochrome P450 86A2 [Source:UniProtKB/Swiss-Prot;Acc:O23066],0.9467907706589231,0.9933269717125698,-0.021043121326645615,0.011980502146732797,0.12123153935713529,-0.7933525452300821,2.97228940590698e-5,0.0019017909182795245,-1.319865500240713,0,0,-1,2
AT5G58860.1,GO:0018685,CYP86A1,5,23765791,23768111,-,2320,protein_coding,Cytochrome P450 86A1 [Source:UniProtKB/Swiss-Prot;Acc:P48422],0.2499054728977879,0.7297845081796973,-0.3733053547166358,0.03778203008938773,0.23988108948108666,-0.6740510442893165,0.012922499998941862,0.1483251455031218,-0.8066879353369057,0,0,0,2
