ID,Path,Gene,Chromosome,Start,End,Strand,Length,BioType,Description,Flg22_vs_Mock_pvalue,Flg22_vs_Mock_padj,Flg22_vs_Mock_log2FoldChange,Flg22_SynCom33_vs_Mock_pvalue,Flg22_SynCom33_vs_Mock_padj,Flg22_SynCom33_vs_Mock_log2FoldChange,Flg22_SynCom35_vs_Mock_pvalue,Flg22_SynCom35_vs_Mock_padj,Flg22_SynCom35_vs_Mock_log2FoldChange,Flg22_vs_Mock,Flg22_SynCom33_vs_Mock,Flg22_SynCom35_vs_Mock,cl
AT1G05900.2,GO:0000703,NTH2,1,1786849,1789737,+,2888,protein_coding,Endonuclease III homolog [Source:UniProtKB/TrEMBL;Acc:A0A178W393],0.8530369823617122,0.9758798820883774,0.04218812261097582,0.24441538226934328,0.6144996528416775,0.2632104067251292,0.3065934935629925,0.7077813522520477,-0.23461668382588033,0,0,0,9
AT2G31450.1,GO:0000703,NTH1,2,13401132,13404193,-,3061,protein_coding,"Endonuclease III homolog 1, chloroplastic [Source:UniProtKB/Swiss-Prot;Acc:Q9SIC4]",0.5398337313775042,0.8933136046755455,0.6148966010216258,0.840365549512213,0.9560362545880232,0.20226620496657385,0.9309011408195536,0.9845959573479653,-0.08713287555171073,0,0,0,7
