ID,Path,Gene,Chromosome,Start,End,Strand,Length,BioType,Description,Flg22_vs_Mock_pvalue,Flg22_vs_Mock_padj,Flg22_vs_Mock_log2FoldChange,Flg22_SynCom33_vs_Mock_pvalue,Flg22_SynCom33_vs_Mock_padj,Flg22_SynCom33_vs_Mock_log2FoldChange,Flg22_SynCom35_vs_Mock_pvalue,Flg22_SynCom35_vs_Mock_padj,Flg22_SynCom35_vs_Mock_log2FoldChange,Flg22_vs_Mock,Flg22_SynCom33_vs_Mock,Flg22_SynCom35_vs_Mock,cl
AT2G32800.1,GO:0071395,LECRKS2,2,13916440,13919179,+,2739,protein_coding,Receptor like protein kinase S.2 [Source:UniProtKB/Swiss-Prot;Acc:O48837],0.5106913698580049,0.8839818232185205,0.1482868138503539,0.002883822956973073,0.04770641767960009,-0.6788827588956164,5.184070704832272e-5,0.002947803934809079,-0.9245270880369498,0,0,0,2
AT3G15356.1,GO:0071395,LEC,3,5174402,5175523,-,1121,protein_coding,Lectin-like protein LEC [Source:UniProtKB/Swiss-Prot;Acc:Q9LJR2],0.051901780920841224,0.3830017034574341,0.6784197181171444,0.20903595554058246,0.5735154681406346,0.4394847206808236,0.060776012740437625,0.3511405654441519,0.6540921420156627,0,0,0,6
AT4G00830.1,GO:0071395,LIF2,4,351969,355248,+,3279,protein_coding,Heterogeneous nuclear ribonucleoprotein Q [Source:UniProtKB/Swiss-Prot;Acc:Q9ASP6],0.22957645395496212,0.7056585154979089,0.45858210469909855,0.807374525144593,0.9465500717889356,-0.09393513387030672,0.0849088869253259,0.41519065074176636,0.6553564268694407,0,0,0,6
AT4G00830.2,GO:0071395,LIF2,4,351973,355235,+,3262,protein_coding,Heterogeneous nuclear ribonucleoprotein Q [Source:UniProtKB/Swiss-Prot;Acc:Q9ASP6],0.7995020028350892,0.9656926372445539,-0.16377037349457865,0.9964755541479323,0.9987211920411031,-0.002840663461425444,0.4602631789913148,0.8109285170668659,0.4711292265023389,0,0,0,4
AT4G00830.6,GO:0071395,LIF2,4,352752,355230,+,2478,protein_coding,Heterogeneous nuclear ribonucleoprotein Q [Source:UniProtKB/Swiss-Prot;Acc:Q9ASP6],0.09477601456598655,0.5056546158409972,-0.19238227766357788,0.24466110090658175,0.6147938775771542,-0.13385105839500297,0.6771060610014409,0.9102434995108876,0.047697245117467736,0,0,0,4
AT5G54060.1,GO:0071395,A3G2XYLT,5,21936746,21938396,-,1650,protein_coding,Glycosyltransferase (Fragment) [Source:UniProtKB/TrEMBL;Acc:W8Q6A1],0.581534668294642,0.9078270129595561,-0.39573498498636783,0.1710977019541619,NA,-1.0260793992984723,0.33031327867224186,NA,-0.708746286288205,0,-0,0,8
