ID,Path,Gene,Chromosome,Start,End,Strand,Length,BioType,Description,Flg22_vs_Mock_pvalue,Flg22_vs_Mock_padj,Flg22_vs_Mock_log2FoldChange,Flg22_SynCom33_vs_Mock_pvalue,Flg22_SynCom33_vs_Mock_padj,Flg22_SynCom33_vs_Mock_log2FoldChange,Flg22_SynCom35_vs_Mock_pvalue,Flg22_SynCom35_vs_Mock_padj,Flg22_SynCom35_vs_Mock_log2FoldChange,Flg22_vs_Mock,Flg22_SynCom33_vs_Mock,Flg22_SynCom35_vs_Mock,cl
AT1G56260.1,GO:0010521,TEN1,1,21064223,21065875,-,1652,protein_coding,CST complex subunit TEN1 [Source:UniProtKB/Swiss-Prot;Acc:Q6NME7],0.029737080798147013,0.2843855821908146,0.9326536906753008,0.1696552490991957,0.5215177136974932,0.6021536772065621,0.23410778350861752,NA,0.5213015058749706,0,0,0,7
AT2G05210.2,GO:0010521,POT1A,2,1890684,1894514,+,3830,protein_coding,Protection of telomeres protein 1a [Source:UniProtKB/Swiss-Prot;Acc:Q56Y52],0.5006532711356046,0.8803389063263918,0.2672366968438169,0.6779053574051469,0.9030004369340051,-0.16664858500178295,0.08805180038218123,0.42282439393104115,0.6708488686256678,0,0,0,4
AT2G05210.1,GO:0010521,POT1A,2,1890710,1894367,+,3657,protein_coding,Protection of telomeres protein 1a [Source:UniProtKB/Swiss-Prot;Acc:Q56Y52],0.8946168440458101,0.9850342389027601,0.14093571089308163,0.5589353270594251,0.8461702952586861,-0.6239902767905637,0.13350319260225152,0.509226278208963,-1.6136710382744284,0,0,-0,2
AT2G05210.3,GO:0010521,POT1A,2,1890784,1894391,+,3607,protein_coding,Protection of telomeres protein 1a [Source:UniProtKB/Swiss-Prot;Acc:Q56Y52],0.3334253408429377,0.7944070226707352,-0.5207771104641362,0.11873719138513633,0.43808580549207177,0.8284104081235661,0.23413150021262571,0.6418340510614573,0.6322234142445776,0,0,0,1
AT5G06310.1,GO:0010521,POT1B,5,1928343,1930951,+,2608,protein_coding,Protection of telomeres protein 1b [Source:UniProtKB/Swiss-Prot;Acc:Q6NKX5],0.5553548879750729,0.8993594881597695,-0.16191730123499648,0.38199388183725225,0.7366926990134884,-0.24105311788211387,0.9670564595496917,0.9922144448928045,0.011215261072962343,0,0,0,4
