ID,Path,Gene,Chromosome,Start,End,Strand,Length,BioType,Description,Flg22_vs_Mock_pvalue,Flg22_vs_Mock_padj,Flg22_vs_Mock_log2FoldChange,Flg22_SynCom33_vs_Mock_pvalue,Flg22_SynCom33_vs_Mock_padj,Flg22_SynCom33_vs_Mock_log2FoldChange,Flg22_SynCom35_vs_Mock_pvalue,Flg22_SynCom35_vs_Mock_padj,Flg22_SynCom35_vs_Mock_log2FoldChange,Flg22_vs_Mock,Flg22_SynCom33_vs_Mock,Flg22_SynCom35_vs_Mock,cl
AT1G07360.1,GO:0036002,,1,2260317,2262923,-,2606,protein_coding,Zinc finger CCCH domain-containing protein 4 [Source:UniProtKB/Swiss-Prot;Acc:Q9LNV5],0.7869735702363099,0.9626793429420232,0.029807750604339565,0.1262669783257827,0.4512951378923217,-0.1694843929611989,0.15226870191279857,0.5383218854692297,-0.15829552332053967,0,0,0,3
AT1G77180.1,GO:0036002,SKIP,1,28999577,29002135,-,2558,protein_coding,SNW/SKI-interacting protein [Source:UniProtKB/Swiss-Prot;Acc:O80653],0.06919931314802352,0.4376822822965801,-0.11867082498349044,0.2765004793684862,0.6462320418092624,-0.07101475307549122,0.23151456583440214,0.6394307531603938,0.07772988086588077,0,0,0,4
AT1G77180.2,GO:0036002,SKIP,1,28999608,29002143,-,2535,protein_coding,SNW/SKI-interacting protein [Source:UniProtKB/Swiss-Prot;Acc:O80653],0.9603034244754811,0.9942094621695396,0.02759530151070426,0.8995931480642572,0.9738588517341882,0.06994364537985183,0.31494324504915605,0.7142104926270563,-0.5589087565511711,0,0,0,2
AT2G29580.1,GO:0036002,,2,12651826,12654336,+,2510,protein_coding,Zinc finger CCCH domain-containing protein 25 [Source:UniProtKB/Swiss-Prot;Acc:Q9ZW36],0.7165871867555607,0.9461471715028442,-0.09047232622296948,0.29674609008947533,0.6644838312190983,-0.26123585323805426,0.897096659118362,0.9768142970711574,-0.03213138415985773,0,0,0,8
AT5G04210.1,GO:0036002,,5,1155049,1155724,-,675,protein_coding,CCCH-type zinc fingerfamily protein with RNA-binding domain-containing protein [Source:UniProtKB/TrEMBL;Acc:Q9FYE0],0.8070833292955276,NA,-0.31889241273241475,0.11880577317707526,NA,-2.4740397965024177,0.3648736258120708,NA,-1.2459981323090188,0,-0,-0,2
AT5G07060.1,GO:0036002,,5,2194219,2195883,-,1664,protein_coding,Zinc finger CCCH domain-containing protein 53 [Source:UniProtKB/Swiss-Prot;Acc:Q9FL40],0.9757090767994048,NA,-0.036714157027355324,0.7916115873773089,NA,0.3138089794551979,0.9334891624384746,NA,0.09962951078359142,0,0,0,5
