ID,Path,Gene,Chromosome,Start,End,Strand,Length,BioType,Description,Flg22_vs_Mock_pvalue,Flg22_vs_Mock_padj,Flg22_vs_Mock_log2FoldChange,Flg22_SynCom33_vs_Mock_pvalue,Flg22_SynCom33_vs_Mock_padj,Flg22_SynCom33_vs_Mock_log2FoldChange,Flg22_SynCom35_vs_Mock_pvalue,Flg22_SynCom35_vs_Mock_padj,Flg22_SynCom35_vs_Mock_log2FoldChange,Flg22_vs_Mock,Flg22_SynCom33_vs_Mock,Flg22_SynCom35_vs_Mock,cl
AT2G34590.1,GO:0004802,E1-BETA-2,2,14568802,14571143,-,2341,protein_coding,"Pyruvate dehydrogenase E1 component subunit beta-3, chloroplastic [Source:UniProtKB/Swiss-Prot;Acc:O64688]",0.38143039050611094,0.8269442062381076,0.12010359456271903,0.9848897219700924,0.9963989557859209,-0.002601610496122973,0.8597538428292806,0.9663190627783723,0.02424845724730052,0,0,0,3
AT2G45290.1,GO:0004802,TKL-2,2,18672497,18676451,+,3954,protein_coding,"Transketolase-2, chloroplastic [Source:UniProtKB/Swiss-Prot;Acc:F4IW47]",3.9384470087271053e-4,0.017428094654258285,0.4333780860773524,0.015223593775318216,0.14111746478210493,0.2972592330136528,0.6693857569851459,0.9068250161690296,-0.05247139758777947,0,0,0,7
AT2G45290.2,GO:0004802,TKL-2,2,18672563,18676484,+,3921,protein_coding,"Transketolase-2, chloroplastic [Source:UniProtKB/Swiss-Prot;Acc:F4IW47]",0.005753872373761962,0.10898289496060544,0.39105297240352865,0.9169158508933666,0.9796804330442195,-0.014829847379714477,0.2504054723425218,0.6589590855159625,-0.16349705317759056,0,0,0,7
AT3G60750.1,GO:0004802,TKL-1,3,22453668,22457458,+,3790,protein_coding,"Transketolase-1, chloroplastic [Source:UniProtKB/Swiss-Prot;Acc:Q8RWV0]",0.3289369419469967,0.7912936594604264,0.19579607123037815,0.011018731421759066,0.11521146428699869,-0.5100729141254853,7.338662482817287e-4,0.020943480665672396,-0.6775597263745333,0,0,0,2
AT3G60750.2,GO:0004802,TKL-1,3,22453696,22456935,+,3239,protein_coding,"Transketolase-1, chloroplastic [Source:UniProtKB/Swiss-Prot;Acc:Q8RWV0]",0.4208666330774065,0.847485068038761,0.210367674113631,1.8919352754725018e-4,0.0068335412768937434,-0.9776294705966736,0.08336391475679279,0.41106150055727014,-0.45288790728229117,0,0,0,3
