ID,Path,Gene,Chromosome,Start,End,Strand,Length,BioType,Description,Flg22_vs_Mock_pvalue,Flg22_vs_Mock_padj,Flg22_vs_Mock_log2FoldChange,Flg22_SynCom33_vs_Mock_pvalue,Flg22_SynCom33_vs_Mock_padj,Flg22_SynCom33_vs_Mock_log2FoldChange,Flg22_SynCom35_vs_Mock_pvalue,Flg22_SynCom35_vs_Mock_padj,Flg22_SynCom35_vs_Mock_log2FoldChange,Flg22_vs_Mock,Flg22_SynCom33_vs_Mock,Flg22_SynCom35_vs_Mock,cl
AT3G03200.1,GO:0090602,NAC045,3,734892,738629,-,3737,protein_coding,NAC045 [Source:UniProtKB/TrEMBL;Acc:A0A178VIZ2],0.39024025494080383,0.8325091972215397,-0.3526618515877139,0.07271742272823514,0.34317374632177233,-0.7536498300728345,0.6180353862685125,0.8884258677609868,0.19945538666349655,0,0,0,4
AT5G17260.1,GO:0090602,NAC086,5,5675184,5678175,-,2991,protein_coding,NAC domain-containing protein 86 [Source:UniProtKB/Swiss-Prot;Acc:Q9FFI5],0.7190621393088885,0.9462889924032919,0.20922580305126393,0.39961849218337786,0.7485050381043453,-0.5033756342738678,0.5892255730501503,NA,0.3124673395442666,0,0,0,3
