ID,Path,Gene,Chromosome,Start,End,Strand,Length,BioType,Description,Flg22_vs_Mock_pvalue,Flg22_vs_Mock_padj,Flg22_vs_Mock_log2FoldChange,Flg22_SynCom33_vs_Mock_pvalue,Flg22_SynCom33_vs_Mock_padj,Flg22_SynCom33_vs_Mock_log2FoldChange,Flg22_SynCom35_vs_Mock_pvalue,Flg22_SynCom35_vs_Mock_padj,Flg22_SynCom35_vs_Mock_log2FoldChange,Flg22_vs_Mock,Flg22_SynCom33_vs_Mock,Flg22_SynCom35_vs_Mock,cl
AT1G10390.2,GO:0034398,NUP98A,1,3406956,3412874,-,5918,protein_coding,Nuclear pore complex protein NUP98A [Source:UniProtKB/Swiss-Prot;Acc:Q8RY25],0.5376836844138173,0.8923728131932488,0.29409727963343585,0.8120325404596747,0.9485533721217126,-0.11360568449906597,0.3810505726177485,0.7619744556593627,0.41781072273597436,0,0,0,6
AT1G10390.3,GO:0034398,NUP98A,1,3407024,3412838,-,5814,protein_coding,Nuclear pore complex protein NUP98A [Source:UniProtKB/Swiss-Prot;Acc:Q8RY25],0.9768572649845951,0.9953174703137344,-0.00406559527894391,0.753707482603728,0.9296516923285209,0.043960334206022716,0.42613380916004656,0.7897761139752689,-0.11155895791019273,0,0,0,10
AT1G59660.2,GO:0034398,NUP98B,1,21923986,21929424,+,5438,protein_coding,Nuclear pore complex protein NUP98B [Source:UniProtKB/Swiss-Prot;Acc:F4ID16],0.5501304208950937,0.8975201655813958,0.5362134853875254,0.604828621948844,0.8706293448583039,-0.4656055834276568,0.7548254452466157,0.9352899959694623,0.280320210419469,0,0,0,3
AT1G59660.1,GO:0034398,NUP98B,1,21924678,21929424,+,4746,protein_coding,Nuclear pore complex protein NUP98B [Source:UniProtKB/Swiss-Prot;Acc:F4ID16],0.45082120703310163,0.8615646332949587,-0.9008382639710598,0.9071604589528356,0.9760191297736925,-0.13897127460892938,0.9461895260445021,0.9874773717690081,-0.08039850897591744,0,0,0,1
AT1G63540.1,GO:0034398,,1,23566958,23569495,+,2537,protein_coding,F2K11.10 [Source:UniProtKB/TrEMBL;Acc:Q9SH38],0.12365468491580973,NA,-1.8424264404375954,0.47135244043211216,NA,0.6683210302732342,0.3650128031516366,NA,-0.9456899046986819,-0,0,0,10
AT1G80680.1,GO:0034398,NUP96,1,30323882,30328880,+,4998,protein_coding,Nuclear pore complex protein NUP96 [Source:UniProtKB/Swiss-Prot;Acc:Q8LLD0],0.7462570617068667,0.9529854144178901,-0.04255593262398675,0.18806841686116338,0.5470304243737063,-0.1735399053916821,0.2717557489363816,0.6789801441386923,0.14396721113995586,0,0,0,4
