ID,Path,Gene,Chromosome,Start,End,Strand,Length,BioType,Description,Flg22_vs_Mock_pvalue,Flg22_vs_Mock_padj,Flg22_vs_Mock_log2FoldChange,Flg22_SynCom33_vs_Mock_pvalue,Flg22_SynCom33_vs_Mock_padj,Flg22_SynCom33_vs_Mock_log2FoldChange,Flg22_SynCom35_vs_Mock_pvalue,Flg22_SynCom35_vs_Mock_padj,Flg22_SynCom35_vs_Mock_log2FoldChange,Flg22_vs_Mock,Flg22_SynCom33_vs_Mock,Flg22_SynCom35_vs_Mock,cl
AT1G34350.1,GO:0005640,,1,12534429,12536162,+,1733,protein_coding,unknown protein; Has 192 Blast hits to 192 proteins in 79 species: Archae - 0; Bacteria - 0; Metazoa - 104; Fungi - 0; Plants - 60; Viruses - 0; Other Eukaryotes - 28 (source: NCBI BLink). [Source:TAIR;Acc:AT1G34350],0.21027260462356318,0.6865469221994704,0.23727132643660706,0.544267939723996,0.8388267468702958,0.11542919019458157,0.31544082582964694,0.7147179683376951,0.1898986350764522,0,0,0,6
AT1G47200.1,GO:0005640,WPP2,1,17297831,17298829,-,998,protein_coding,WPP domain-containing protein 2 [Source:UniProtKB/Swiss-Prot;Acc:Q9C500],0.7670241472033428,0.9571733012705728,-0.04331353269554445,0.8720766845575624,0.9658224642998717,-0.023537178448017795,0.5200403662636328,0.8436238896805505,0.09371799767137372,0,0,0,4
AT4G09550.1,GO:0005640,GIP1,4,6039055,6040226,+,1171,protein_coding,Mitotic-spindle organizing protein 1B [Source:UniProtKB/Swiss-Prot;Acc:Q9M0N8],0.22206553860946424,0.698986155971424,0.5470056084904178,0.7731509976603751,0.9362514130864544,-0.1335283930685844,0.9252825586765794,NA,-0.04300336483585097,0,0,0,7
AT4G09550.2,GO:0005640,GIP1,4,6039068,6040215,+,1147,protein_coding,Mitotic-spindle organizing protein 1B [Source:UniProtKB/Swiss-Prot;Acc:Q9M0N8],0.4582759836220643,0.8643297983803209,0.9606151357278973,0.18206609073154473,NA,1.7072212796009323,0.15997376342522873,NA,1.7938646899624882,0,0,0,6
AT5G43070.1,GO:0005640,WPP1,5,17288965,17289958,-,993,protein_coding,WPP domain-containing protein 1 [Source:UniProtKB/Swiss-Prot;Acc:Q9FMH6],0.3421878543872711,0.8007252269899245,0.18988995970501843,0.9320935684325738,0.9836122833714551,0.017208183433189982,0.055240922633790206,0.3370494843326718,0.3782725427690672,0,0,0,6
