ID,Path,Gene,Chromosome,Start,End,Strand,Length,BioType,Description,Flg22_vs_Mock_pvalue,Flg22_vs_Mock_padj,Flg22_vs_Mock_log2FoldChange,Flg22_SynCom33_vs_Mock_pvalue,Flg22_SynCom33_vs_Mock_padj,Flg22_SynCom33_vs_Mock_log2FoldChange,Flg22_SynCom35_vs_Mock_pvalue,Flg22_SynCom35_vs_Mock_padj,Flg22_SynCom35_vs_Mock_log2FoldChange,Flg22_vs_Mock,Flg22_SynCom33_vs_Mock,Flg22_SynCom35_vs_Mock,cl
AT1G10840.2,GO:0016282,TIF3H1,1,3607631,3610386,-,2755,protein_coding,Eukaryotic translation initiation factor 3 subunit H [Source:UniProtKB/Swiss-Prot;Acc:Q9C5Z2],0.011077167945624867,0.16425757084430817,-0.503249285116253,0.09896886973455805,0.40261518707693544,-0.32640707138346187,0.6293273129707238,0.8937109081783645,0.0951682966524749,0,0,0,4
AT1G10840.1,GO:0016282,TIF3H1,1,3607631,3610616,-,2985,protein_coding,Eukaryotic translation initiation factor 3 subunit H [Source:UniProtKB/Swiss-Prot;Acc:Q9C5Z2],0.007881994325961582,0.13236363493076134,0.7217361186327212,0.47375830442788774,0.796819792256177,0.1952997375985692,0.04909059558806697,0.31759645329727476,0.5348508009043412,0,0,0,6
