ID,Path,Gene,Chromosome,Start,End,Strand,Length,BioType,Description,Flg22_vs_Mock_pvalue,Flg22_vs_Mock_padj,Flg22_vs_Mock_log2FoldChange,Flg22_SynCom33_vs_Mock_pvalue,Flg22_SynCom33_vs_Mock_padj,Flg22_SynCom33_vs_Mock_log2FoldChange,Flg22_SynCom35_vs_Mock_pvalue,Flg22_SynCom35_vs_Mock_padj,Flg22_SynCom35_vs_Mock_log2FoldChange,Flg22_vs_Mock,Flg22_SynCom33_vs_Mock,Flg22_SynCom35_vs_Mock,cl
AT1G32350.1,GO:0010230,AOX3,1,11666886,11668690,-,1804,protein_coding,AOX1D [Source:UniProtKB/TrEMBL;Acc:A0A384LFI3],0.05511224809617858,0.3947252286559375,1.047352684370478,0.01779266053958432,0.15404260889697446,1.2906054430742349,0.7350018237885065,0.929395242126768,-0.18894986619920912,0,0,0,9
AT2G18660.1,GO:0010230,EGC2,2,8089411,8091736,-,2325,protein_coding,EG45-like domain containing protein 2 [Source:UniProtKB/Swiss-Prot;Acc:Q9ZV52],0.7388539109303025,0.9525492198218211,0.17738134108329592,0.6019279142036823,0.8692933377900176,0.27654932632803825,0.0036802608625925437,NA,-1.7758644672712425,0,0,-0,9
AT3G22370.1,GO:0010230,AOX1A,3,7906521,7908746,+,2225,protein_coding,"Ubiquinol oxidase 1a, mitochondrial [Source:UniProtKB/Swiss-Prot;Acc:Q39219]",0.9736942515302285,0.9946817906507939,-0.008286203925537172,0.008725636498127099,0.10002667818450008,-0.6600284694457423,2.2146257027176698e-9,7.010455941576538e-7,-1.5095830310533893,0,0,-1,2
AT3G27620.1,GO:0010230,AOX1C,3,10229045,10230707,-,1662,protein_coding,"Ubiquinol oxidase 1c, mitochondrial [Source:UniProtKB/Swiss-Prot;Acc:O22048]",0.8403205102204768,NA,-0.24946423967970102,0.9087127852209926,NA,0.13951234438599489,0.7419506230782655,NA,0.3955436892218987,0,0,0,1
