ID,Path,Gene,Chromosome,Start,End,Strand,Length,BioType,Description,Flg22_vs_Mock_pvalue,Flg22_vs_Mock_padj,Flg22_vs_Mock_log2FoldChange,Flg22_SynCom33_vs_Mock_pvalue,Flg22_SynCom33_vs_Mock_padj,Flg22_SynCom33_vs_Mock_log2FoldChange,Flg22_SynCom35_vs_Mock_pvalue,Flg22_SynCom35_vs_Mock_padj,Flg22_SynCom35_vs_Mock_log2FoldChange,Flg22_vs_Mock,Flg22_SynCom33_vs_Mock,Flg22_SynCom35_vs_Mock,cl
AT1G08030.1,GO:0015015,TPST,1,2489409,2493327,-,3918,protein_coding,Protein-tyrosine sulfotransferase [Source:UniProtKB/Swiss-Prot;Acc:Q3EDG5],0.645894501096686,0.9273604099470842,-0.2250622992650004,0.8983315742611899,0.9734765520044915,0.06244600575020417,0.7444958631248931,0.932480293370402,0.1590802546079934,0,0,0,1
AT1G08030.2,GO:0015015,TPST,1,2489501,2492968,-,3467,protein_coding,Protein-tyrosine sulfotransferase [Source:UniProtKB/Swiss-Prot;Acc:Q3EDG5],0.6682343443373113,0.9338895948726792,-0.10878549722870763,0.7435868032382906,0.9261931445024432,-0.08300922959148728,0.8662810619993948,0.968441315187411,-0.0426388168096616,0,0,0,8
