ID,Path,Gene,Chromosome,Start,End,Strand,Length,BioType,Description,Flg22_vs_Mock_pvalue,Flg22_vs_Mock_padj,Flg22_vs_Mock_log2FoldChange,Flg22_SynCom33_vs_Mock_pvalue,Flg22_SynCom33_vs_Mock_padj,Flg22_SynCom33_vs_Mock_log2FoldChange,Flg22_SynCom35_vs_Mock_pvalue,Flg22_SynCom35_vs_Mock_padj,Flg22_SynCom35_vs_Mock_log2FoldChange,Flg22_vs_Mock,Flg22_SynCom33_vs_Mock,Flg22_SynCom35_vs_Mock,cl
AT3G63520.1,GO:0016124,CCD1,3,23452808,23456078,+,3270,protein_coding,"Carotenoid 9,10(9',10')-cleavage dioxygenase 1 [Source:UniProtKB/Swiss-Prot;Acc:O65572]",0.03435285036243348,0.30940761784634224,-0.3306140992636719,0.001169289358269421,0.025042621222920752,-0.507749036851044,0.10662800747708827,0.4623628573447783,-0.2519303784648079,0,0,0,8
AT4G32810.1,GO:0016124,CCD8,4,15828228,15831492,+,3264,protein_coding,carotenoid cleavage dioxygenase 8 [Source:TAIR;Acc:AT4G32810],0.010083821190217128,0.15519665679075384,1.279976059329934,0.7438147555606898,0.9262907947023474,-0.16447647975907553,0.12699895574726885,0.4986210571793818,-0.7740311990817895,0,0,0,7
