ID,Path,Gene,Chromosome,Start,End,Strand,Length,BioType,Description,Flg22_vs_Mock_pvalue,Flg22_vs_Mock_padj,Flg22_vs_Mock_log2FoldChange,Flg22_SynCom33_vs_Mock_pvalue,Flg22_SynCom33_vs_Mock_padj,Flg22_SynCom33_vs_Mock_log2FoldChange,Flg22_SynCom35_vs_Mock_pvalue,Flg22_SynCom35_vs_Mock_padj,Flg22_SynCom35_vs_Mock_log2FoldChange,Flg22_vs_Mock,Flg22_SynCom33_vs_Mock,Flg22_SynCom35_vs_Mock,cl
AT1G51160.3,GO:0030008,,1,18949590,18951872,+,2282,protein_coding,At1g51160 [Source:UniProtKB/TrEMBL;Acc:Q9SYB8],0.5072884736324732,0.8829164555063507,0.40302013044019436,0.2659580558571124,0.6364834749009358,-0.6901772296613226,0.6996816419198977,0.9180268837973876,-0.23648919467991403,0,0,0,3
AT1G51160.1,GO:0030008,,1,18949595,18951866,+,2271,protein_coding,At1g51160 [Source:UniProtKB/TrEMBL;Acc:Q9SYB8],0.33989496864854546,0.7994521433043211,-0.08114395540374945,0.12063290705837194,0.4412577580113793,0.13017657313244915,0.31162302539117276,0.711803627841136,0.08461597758896577,0,0,0,1
AT5G02280.1,GO:0030008,,5,469298,470285,+,987,protein_coding,SNARE-like superfamily protein [Source:UniProtKB/TrEMBL;Acc:Q9LZ97],0.1736395217545785,0.6440764222553211,-0.24754251345644343,0.08889898067460994,0.3813776807007799,-0.3103106481296829,0.5182702203717724,0.8424123344168705,-0.11674684433722791,0,0,0,8
AT5G58030.1,GO:0030008,,5,23486777,23488620,-,1843,protein_coding,Trafficking protein particle complex subunit [Source:UniProtKB/TrEMBL;Acc:A0A178UEK1],0.6656155547333326,0.9329325225788251,0.05395644463986303,0.29108362208864064,0.6591304022856707,0.131568737971722,0.8478664744052749,0.9629406430270548,0.02391902794048762,0,0,0,5
