ID,Path,Gene,Chromosome,Start,End,Strand,Length,BioType,Description,Flg22_vs_Mock_pvalue,Flg22_vs_Mock_padj,Flg22_vs_Mock_log2FoldChange,Flg22_SynCom33_vs_Mock_pvalue,Flg22_SynCom33_vs_Mock_padj,Flg22_SynCom33_vs_Mock_log2FoldChange,Flg22_SynCom35_vs_Mock_pvalue,Flg22_SynCom35_vs_Mock_padj,Flg22_SynCom35_vs_Mock_log2FoldChange,Flg22_vs_Mock,Flg22_SynCom33_vs_Mock,Flg22_SynCom35_vs_Mock,cl
AT1G05470.1,GO:0046030,IP5P6,1,1607202,1611840,-,4638,protein_coding,CVP2 [Source:UniProtKB/TrEMBL;Acc:A0A178WIE4],0.09818335749432346,0.5125997651556637,-0.4432099863432308,0.1880579625463081,0.5470304243737063,-0.3521782052928393,0.2551993131339592,0.6636056553719152,0.30065740118121315,0,0,0,4
AT1G05470.2,GO:0046030,IP5P6,1,1607227,1611815,-,4588,protein_coding,CVP2 [Source:UniProtKB/TrEMBL;Acc:A0A178WIE4],0.8294968020986422,0.9698597075340092,0.13439542345234787,0.7240623227058752,0.9214248088866843,-0.2225700132774026,0.684857259579758,NA,-0.2554206638199587,0,0,0,2
AT1G34120.1,GO:0046030,IP5P1,1,12426700,12429714,+,3014,protein_coding,Type I inositol polyphosphate 5-phosphatase 1 [Source:UniProtKB/Swiss-Prot;Acc:Q84MA2],0.5402566044315273,0.8935978022148108,0.4573264193912276,0.6225551802482411,0.8784593121323403,0.367809370521141,0.8799184986157895,0.9720585648617837,0.11301626751922253,0,0,0,9
AT1G34120.5,GO:0046030,IP5P1,1,12427475,12429710,+,2235,protein_coding,Type I inositol polyphosphate 5-phosphatase 1 [Source:UniProtKB/Swiss-Prot;Acc:Q84MA2],0.754550041987213,0.9539224720473695,-0.08029266038650781,0.891700590547815,0.9713780149575055,0.034902777560029914,0.9445978468676441,0.986847967688978,0.017793147545834605,0,0,0,1
