ID,Path,Gene,Chromosome,Start,End,Strand,Length,BioType,Description,Flg22_vs_Mock_pvalue,Flg22_vs_Mock_padj,Flg22_vs_Mock_log2FoldChange,Flg22_SynCom33_vs_Mock_pvalue,Flg22_SynCom33_vs_Mock_padj,Flg22_SynCom33_vs_Mock_log2FoldChange,Flg22_SynCom35_vs_Mock_pvalue,Flg22_SynCom35_vs_Mock_padj,Flg22_SynCom35_vs_Mock_log2FoldChange,Flg22_vs_Mock,Flg22_SynCom33_vs_Mock,Flg22_SynCom35_vs_Mock,cl
AT5G11770.1,GO:0015990,,5,3790708,3793026,-,2318,protein_coding,"NADH dehydrogenase [ubiquinone] iron-sulfur protein 7, mitochondrial [Source:UniProtKB/Swiss-Prot;Acc:Q42577]",0.8286540496268939,0.9698597075340092,-0.019226931556664772,0.019947294914723745,0.16478893113017937,-0.2070614658097481,0.22315447302347516,0.628616847056244,-0.10822898177330165,0,0,0,3
ATMG00580.1,GO:0015990,NAD4,Mt,161693,169674,+,7981,protein_coding,NADH-ubiquinone oxidoreductase chain 4 [Source:UniProtKB/TrEMBL;Acc:G1C2U9],0.27176499013028294,0.7473527271377223,0.5568312394089574,0.300060229470466,0.6681758688390546,-0.5526010159148154,0.5221810421038064,NA,-0.33531101158489407,0,0,0,7
ATMG01360.1,GO:0015990,COX1,Mt,349830,351413,-,1583,protein_coding,Cytochrome c oxidase subunit 1 [Source:UniProtKB/Swiss-Prot;Acc:P60620],0.10144802082358821,0.5190247509204621,0.8006614439688128,0.6148819686709106,0.8748281288282088,0.2503904030999004,0.544475056095804,0.856534420947679,-0.3078591612321435,0,0,0,7
ATCG00430.1,GO:0015990,NDHK,Pt,49257,49934,-,677,protein_coding,"NAD(P)H-quinone oxidoreductase subunit K, chloroplastic [Source:UniProtKB/TrEMBL;Acc:A0A1B1W4U5]",0.5742082361573169,0.9052820905612992,0.3335370526159582,0.6216788460476045,0.8780062382815857,0.2935795045887681,0.4658681107677938,NA,0.4297984316231926,0,0,0,6
ATCG01050.1,GO:0015990,NDHD,Pt,115665,117185,-,1520,protein_coding,NADH-Ubiquinone/plastoquinone (complex I) protein [Source:TAIR;Acc:ATCG01050],0.9545007783299604,0.99359763643049,-0.03335231917728618,0.15660556033741266,0.5010272447874752,-0.8642127346164107,0.7689022920055456,NA,-0.17215250235015933,0,0,0,3
