ID,Path,Gene,Chromosome,Start,End,Strand,Length,BioType,Description,Flg22_vs_Mock_pvalue,Flg22_vs_Mock_padj,Flg22_vs_Mock_log2FoldChange,Flg22_SynCom33_vs_Mock_pvalue,Flg22_SynCom33_vs_Mock_padj,Flg22_SynCom33_vs_Mock_log2FoldChange,Flg22_SynCom35_vs_Mock_pvalue,Flg22_SynCom35_vs_Mock_padj,Flg22_SynCom35_vs_Mock_log2FoldChange,Flg22_vs_Mock,Flg22_SynCom33_vs_Mock,Flg22_SynCom35_vs_Mock,cl
AT1G66500.1,GO:0006369,PCFS1,1,24811080,24812661,-,1581,protein_coding,Polyadenylation and cleavage factor homolog 1 [Source:UniProtKB/Swiss-Prot;Acc:Q9C710],0.09700844267267301,0.5105280555082332,0.5246526522733599,0.8217076971773871,0.9515815329046756,-0.07215933694035873,0.45354160368957497,0.8068104038423392,-0.24049831076854536,0,0,0,7
AT2G22370.1,GO:0006369,MED18,2,9500784,9502210,-,1426,protein_coding,MED18 [Source:UniProtKB/TrEMBL;Acc:A0A178VRQ8],0.7745952477144016,0.9593789929619458,-0.059159297453412425,0.7142858704670861,0.9172366852916886,0.07517805719520651,0.17304334595816842,0.567758393564953,-0.2835992725014563,0,0,0,10
AT2G36480.2,GO:0006369,,2,15302867,15307809,-,4942,protein_coding,ENTH/VHS family protein [Source:TAIR;Acc:AT2G36480],0.8084390037566326,0.966254819317097,0.24965905522886034,0.6535159567611608,0.8933873331087104,-0.46348846627453477,0.7617066116085143,0.9377309211993469,0.312150910188103,0,0,0,3
AT2G36480.1,GO:0006369,,2,15302867,15307809,-,4942,protein_coding,ENTH/VHS family protein [Source:TAIR;Acc:AT2G36480],0.677640519331815,0.9361198520858621,-0.0831270940277735,0.9513673064718291,0.9893064642111318,-0.012185845484933682,0.746607185226211,0.9334238768472787,-0.06452527122617145,0,0,0,8
AT4G04885.1,GO:0006369,PCFS4,4,2471866,2476025,+,4159,protein_coding,Polyadenylation and cleavage factor homolog 4 [Source:UniProtKB/Swiss-Prot;Acc:Q0WPF2],0.3661566546953281,0.8157685009246681,-0.11891985245404996,0.1522415310684632,0.4948748557609475,-0.1888258516852862,0.5151322076812732,0.8407964737282665,0.08504245642474528,0,0,0,4
AT5G43620.1,GO:0006369,PCFS5,5,17522486,17524003,+,1517,protein_coding,Polyadenylation and cleavage factor homolog 5 [Source:UniProtKB/Swiss-Prot;Acc:Q9FIX8],0.3806750270834224,0.826310284892453,0.3814182309261788,0.5755620073859362,0.8556718218420937,-0.250451754701097,0.6817519800731858,0.9114488123045532,-0.18199409236357064,0,0,0,7
