ID,Path,Gene,Chromosome,Start,End,Strand,Length,BioType,Description,Flg22_vs_Mock_pvalue,Flg22_vs_Mock_padj,Flg22_vs_Mock_log2FoldChange,Flg22_SynCom33_vs_Mock_pvalue,Flg22_SynCom33_vs_Mock_padj,Flg22_SynCom33_vs_Mock_log2FoldChange,Flg22_SynCom35_vs_Mock_pvalue,Flg22_SynCom35_vs_Mock_padj,Flg22_SynCom35_vs_Mock_log2FoldChange,Flg22_vs_Mock,Flg22_SynCom33_vs_Mock,Flg22_SynCom35_vs_Mock,cl
AT3G54220.1,GO:0009956,SCR,3,20069987,20072878,+,2891,protein_coding,Protein SCARECROW [Source:UniProtKB/Swiss-Prot;Acc:Q9M384],0.002149827941091765,0.05688306082529203,0.5819061504915657,1.5764303270633353e-4,0.005926937070226095,0.7156789541521742,0.09246194256372513,0.4346325545521882,0.31969555077433304,0,0,0,9
AT4G37650.1,GO:0009956,SHR,4,17691687,17693859,+,2172,protein_coding,SHR [Source:UniProtKB/TrEMBL;Acc:A0A178UYJ6],0.28341295423041896,0.7579924576516822,-0.18579883092734661,0.04004790390788026,0.2479606339952288,-0.357183919970139,0.690673887619392,0.9150539021954867,0.06846799963686302,0,0,0,4
AT5G16560.1,GO:0009956,KAN1,5,5406863,5411766,-,4903,protein_coding,Transcription repressor KAN1 [Source:UniProtKB/Swiss-Prot;Acc:Q93WJ9],0.0019862459952814963,0.05422683876591618,-0.6770396866032529,0.0047682939943044155,0.06669161246352305,-0.6166281500525008,0.8863087946656693,0.9741032737064127,0.030481507676014645,0,0,0,4
AT5G46700.1,GO:0009956,TRN2,5,18950843,18953127,+,2284,protein_coding,TRN2 [Source:UniProtKB/TrEMBL;Acc:A0A178ULL6],0.6228603513088735,0.9218275465641622,-0.11702289916444664,0.43358653145428827,0.7716269310608568,-0.1865264101419743,0.5859148347471814,0.8756021219492602,0.1291463726872861,0,0,0,4
AT5G55540.1,GO:0009956,TRN1,5,22496196,22500714,-,4518,protein_coding,Protein TORNADO 1 [Source:UniProtKB/Swiss-Prot;Acc:Q9FJ57],0.1329648759034045,0.5801664929371876,-0.38023706345147074,0.1437778123118992,0.4818682436955481,-0.3699560310145358,0.10984424380906374,0.46893943328262455,0.4006683673574195,0,0,0,4
AT5G60690.1,GO:0009956,REV,5,24396981,24402195,+,5214,protein_coding,Homeobox-leucine zipper protein REVOLUTA [Source:UniProtKB/Swiss-Prot;Acc:Q9SE43],0.9323055071997735,0.9914882613431455,0.015364265236495001,0.23800954429998156,0.6074330901598898,-0.213905194338507,0.9340323859903588,0.9851661236325965,-0.014965452098549301,0,0,0,3
