ID,Path,Gene,Chromosome,Start,End,Strand,Length,BioType,Description,Flg22_vs_Mock_pvalue,Flg22_vs_Mock_padj,Flg22_vs_Mock_log2FoldChange,Flg22_SynCom33_vs_Mock_pvalue,Flg22_SynCom33_vs_Mock_padj,Flg22_SynCom33_vs_Mock_log2FoldChange,Flg22_SynCom35_vs_Mock_pvalue,Flg22_SynCom35_vs_Mock_padj,Flg22_SynCom35_vs_Mock_log2FoldChange,Flg22_vs_Mock,Flg22_SynCom33_vs_Mock,Flg22_SynCom35_vs_Mock,cl
AT2G43980.1,GO:0052726,ITPK4,2,18208253,18211644,-,3391,protein_coding,"Inositol 1,3,4-trisphosphate 5/6-kinase 4 [Source:UniProtKB/Swiss-Prot;Acc:O80568]",0.29105996398194844,0.7642370314115445,0.11355554029034914,0.10632101677466971,0.4163323485705275,0.1733469853330429,0.6903300105229517,0.9148930974108805,-0.04298902387787424,0,0,0,9
AT4G08170.2,GO:0052726,ITPK3,4,5163220,5167192,-,3972,protein_coding,Inositol-tetrakisphosphate 1-kinase 3 [Source:UniProtKB/Swiss-Prot;Acc:Q9SUG3],0.11373907531746809,0.5445129445765851,0.33031827032465694,0.16355552128875406,0.5123164207975165,0.29139811472818045,0.04555123368031656,0.3042397501057901,0.4157166343801904,0,0,0,6
AT4G08170.6,GO:0052726,ITPK3,4,5163276,5167175,-,3899,protein_coding,Inositol-tetrakisphosphate 1-kinase 3 [Source:UniProtKB/Swiss-Prot;Acc:Q9SUG3],0.820781911976669,0.968100901259091,-0.35984425790862734,0.608858080385084,NA,0.8026788100002588,0.9862663800982878,NA,-0.02718942138803966,0,0,0,5
AT4G33770.3,GO:0052726,ITPK2,4,16193373,16196642,-,3269,protein_coding,Inositol-tetrakisphosphate 1-kinase 2 [Source:UniProtKB/Swiss-Prot;Acc:O81893],0.908719074646346,0.9869002016097549,0.15849612720548228,0.6323139461473403,0.8830449851701418,0.6584784614796055,0.7326427094925938,NA,0.47050224897655185,0,0,0,5
AT4G33770.1,GO:0052726,ITPK2,4,16193373,16196642,-,3269,protein_coding,Inositol-tetrakisphosphate 1-kinase 2 [Source:UniProtKB/Swiss-Prot;Acc:O81893],0.5203727249581476,0.8884052993987572,-0.1871522206648893,0.43255834469692583,0.7707465991526484,0.22639287303031572,0.18196647556188142,0.5797781570800671,0.38325088673631247,0,0,0,1
AT5G16760.1,GO:0052726,ITPK1,5,5509625,5511322,+,1697,protein_coding,Inositol-tetrakisphosphate 1-kinase [Source:UniProtKB/TrEMBL;Acc:A0A178U6K3],0.68168184026223555,0.9372497927445875,-0.04327767647685702,0.5618112716900729,0.8472712822200583,-0.06125354815672741,0.8686401310484231,0.9692831295344603,-0.01741031676268493,0,0,0,4
