ID,Path,Gene,Chromosome,Start,End,Strand,Length,BioType,Description,Flg22_vs_Mock_pvalue,Flg22_vs_Mock_padj,Flg22_vs_Mock_log2FoldChange,Flg22_SynCom33_vs_Mock_pvalue,Flg22_SynCom33_vs_Mock_padj,Flg22_SynCom33_vs_Mock_log2FoldChange,Flg22_SynCom35_vs_Mock_pvalue,Flg22_SynCom35_vs_Mock_padj,Flg22_SynCom35_vs_Mock_log2FoldChange,Flg22_vs_Mock,Flg22_SynCom33_vs_Mock,Flg22_SynCom35_vs_Mock,cl
AT1G10430.2,GO:0032000,PP2A2,1,3428478,3430924,-,2446,protein_coding,Serine/threonine-protein phosphatase PP2A-2 catalytic subunit [Source:UniProtKB/Swiss-Prot;Acc:Q07098],0.5472212377667721,0.8969112984836193,-0.252286693374591,0.7953896949795795,0.942922646147661,-0.10863758877568626,0.6163062772708028,0.8875312114558227,-0.20993409419151193,0,0,0,8
AT1G13460.2,GO:0032000,B'THETA,1,4615767,4618449,+,2682,protein_coding,Serine/threonine protein phosphatase 2A 57 kDa regulatory subunit B' theta isoform [Source:UniProtKB/Swiss-Prot;Acc:Q8LF36],0.12604510449882625,0.5683595335023539,0.7840815853327128,0.5361568336717351,0.8340777186323988,-0.3194499681901399,0.97679041531225,0.9949609030678502,-0.014973213038530567,0,0,0,7
AT1G13460.1,GO:0032000,B'THETA,1,4615767,4618449,+,2682,protein_coding,Serine/threonine protein phosphatase 2A 57 kDa regulatory subunit B' theta isoform [Source:UniProtKB/Swiss-Prot;Acc:Q8LF36],0.013006961933617169,0.17947685257268498,-0.5180289142751527,0.9564805295775124,0.9902715145230347,-0.011309110397689776,0.08242436056807595,0.4089431360170698,-0.3610578070575218,0,0,0,10
