ID,Path,Gene,Chromosome,Start,End,Strand,Length,BioType,Description,Flg22_vs_Mock_pvalue,Flg22_vs_Mock_padj,Flg22_vs_Mock_log2FoldChange,Flg22_SynCom33_vs_Mock_pvalue,Flg22_SynCom33_vs_Mock_padj,Flg22_SynCom33_vs_Mock_log2FoldChange,Flg22_SynCom35_vs_Mock_pvalue,Flg22_SynCom35_vs_Mock_padj,Flg22_SynCom35_vs_Mock_log2FoldChange,Flg22_vs_Mock,Flg22_SynCom33_vs_Mock,Flg22_SynCom35_vs_Mock,cl
AT5G45190.1,GO:0050792,,5,18277080,18281909,-,4829,protein_coding,Cyclin family protein [Source:UniProtKB/TrEMBL;Acc:F4KD43],0.0064594118657542955,0.11688280734602298,-0.561769837042821,0.7186117375530421,0.91954116188599,-0.07352623993157148,0.3086249890530544,0.7094305357002085,-0.20793912286871497,0,0,0,10
AT5G45190.3,GO:0050792,,5,18277177,18281888,-,4711,protein_coding,Cyclin family protein [Source:UniProtKB/TrEMBL;Acc:F4KD43],0.6838600730534947,0.9378699614636201,0.41108656196878346,0.6778455254196932,0.902981335588673,0.4193772531715832,0.40833113054558856,0.7776018144104359,-0.8450321514499832,0,0,0,9
AT5G45190.2,GO:0050792,,5,18277620,18281874,-,4254,protein_coding,Cyclin family protein [Source:UniProtKB/TrEMBL;Acc:F4KD43],0.18366646276542203,0.6580559335536246,0.14873126860984495,0.04043787989733351,0.24943806502985758,0.22886558007623883,0.7822120366674068,0.944294516674606,0.030953510119160418,0,0,0,5
AT5G64960.1,GO:0050792,CDKC-2,5,25955374,25958995,+,3621,protein_coding,Cyclin-dependent kinase C-2 [Source:UniProtKB/Swiss-Prot;Acc:Q8W4P1],0.08128368633936714,0.47159016943910786,-0.17887594420230835,0.01315635717019527,0.1287202022916567,-0.2548173888813367,0.9045262712012992,0.978301969851137,-0.012258914784883368,0,0,0,4
AT5G64960.2,GO:0050792,CDKC-2,5,25955374,25958995,+,3621,protein_coding,Cyclin-dependent kinase C-2 [Source:UniProtKB/Swiss-Prot;Acc:Q8W4P1],0.9367621078429844,0.9916021071540454,0.04038192519046402,0.9392108462037451,0.9860075367110414,0.03882027871857443,0.6330294115146066,0.8948830559132714,0.2423838336888083,0,0,0,4
