ID,Path,Gene,Chromosome,Start,End,Strand,Length,BioType,Description,Flg22_vs_Mock_pvalue,Flg22_vs_Mock_padj,Flg22_vs_Mock_log2FoldChange,Flg22_SynCom33_vs_Mock_pvalue,Flg22_SynCom33_vs_Mock_padj,Flg22_SynCom33_vs_Mock_log2FoldChange,Flg22_SynCom35_vs_Mock_pvalue,Flg22_SynCom35_vs_Mock_padj,Flg22_SynCom35_vs_Mock_log2FoldChange,Flg22_vs_Mock,Flg22_SynCom33_vs_Mock,Flg22_SynCom35_vs_Mock,cl
AT1G77890.4,GO:0035493,,1,29292090,29295967,+,3877,protein_coding,At1g77890 [Source:UniProtKB/TrEMBL;Acc:Q147F2],0.9724549924008566,0.9946629527453268,0.026750910011957927,0.2596930006413133,0.630344672075827,0.8560027824525285,0.9062155878885375,NA,-0.09138556175562115,0,0,0,5
AT1G77890.2,GO:0035493,,1,29292090,29296160,+,4070,protein_coding,At1g77890 [Source:UniProtKB/TrEMBL;Acc:Q147F2],0.7242650416737789,0.9478918693135155,0.5967137384519318,0.8070793143428849,0.9465500717889356,-0.41538079278126905,0.5430721881779335,NA,-1.0395819774917359,0,0,-0,2
AT1G77890.3,GO:0035493,,1,29292190,29295776,+,3586,protein_coding,At1g77890 [Source:UniProtKB/TrEMBL;Acc:Q147F2],0.25174833421381076,0.7311436631564789,1.408923446416722,0.32843660180370604,0.6916052584746378,1.2027540164521033,0.8513098690817015,NA,0.23229781518701645,0,0,0,9
AT1G77890.5,GO:0035493,,1,29292405,29295813,+,3408,protein_coding,At1g77890 [Source:UniProtKB/TrEMBL;Acc:Q147F2],0.28492092534100305,0.759305318991195,0.22996117298847277,0.0826851141695116,0.36757751597565913,0.3724347918670282,0.10315467300686154,0.45678172707511044,-0.3538446631518444,0,0,0,9
AT2G45990.1,GO:0035493,,2,18919316,18921229,+,1913,protein_coding,AT2G45990 protein [Source:UniProtKB/TrEMBL;Acc:O82790],0.2534142959858454,0.732018958941891,0.1744374355824324,0.19196005528874913,0.552285670515207,0.19923345702054784,0.23484474589609838,0.6427639245470232,-0.18256397149089076,0,0,0,9
AT2G45990.4,GO:0035493,,2,18919363,18921229,+,1866,protein_coding,AT2G45990 protein [Source:UniProtKB/TrEMBL;Acc:O82790],0.46749170896817405,0.8680173843237123,0.23353183635937153,0.9185775161461144,0.9801673242646731,-0.03314490254967104,0.9143333991164939,0.9806731285188788,-0.0347765540902516,0,0,0,7
AT4G08540.1,GO:0035493,,4,5433621,5436524,+,2903,protein_coding,DNA-directed RNA polymerase II protein [Source:UniProtKB/TrEMBL;Acc:Q8H1E1],0.1690852578314126,0.6369691784548467,0.1899292876804844,0.9269383104630072,0.9819497029424086,0.012750745309759863,0.301204441587184,0.7037568298726021,-0.14413218125254865,0,0,0,7
