ID,Path,Gene,Chromosome,Start,End,Strand,Length,BioType,Description,Flg22_vs_Mock_pvalue,Flg22_vs_Mock_padj,Flg22_vs_Mock_log2FoldChange,Flg22_SynCom33_vs_Mock_pvalue,Flg22_SynCom33_vs_Mock_padj,Flg22_SynCom33_vs_Mock_log2FoldChange,Flg22_SynCom35_vs_Mock_pvalue,Flg22_SynCom35_vs_Mock_padj,Flg22_SynCom35_vs_Mock_log2FoldChange,Flg22_vs_Mock,Flg22_SynCom33_vs_Mock,Flg22_SynCom35_vs_Mock,cl
AT3G10690.1,GO:0009330,GYRA,3,3339392,3346360,-,6968,protein_coding,"DNA gyrase subunit A, chloroplastic/mitochondrial [Source:UniProtKB/Swiss-Prot;Acc:Q9CAF6]",0.16089147396428657,0.6233610798690785,-0.38901430724044306,0.2023400083079412,0.5648877456988343,-0.35367970693349426,0.21245539771772814,0.6150239121784736,0.3446203800241857,0,0,0,4
AT3G20780.1,GO:0009330,TOP6B,3,7263900,7268750,-,4850,protein_coding,DNA topoisomerase 6 subunit B [Source:UniProtKB/Swiss-Prot;Acc:Q9C5V6],0.9049693414962111,0.9868673762789351,0.01762486233374215,0.2949068449628112,0.6626837587804305,0.15377223401684934,0.7331926946747962,0.9289141001888592,0.05007325651342994,0,0,0,5
AT3G23890.1,GO:0009330,TOP2,3,8624636,8631392,+,6756,protein_coding,DNA topoisomerase 2 [Source:UniProtKB/Swiss-Prot;Acc:P30182],0.012560409867878793,0.17698435540671387,-0.49462162802702514,0.006252247553421852,0.07961767822410527,-0.5420550271990345,0.022288825703847843,0.20585818851828175,0.45064748764107526,0,0,0,4
AT5G24630.4,GO:0009330,BIN4,5,8432384,8436170,-,3786,protein_coding,DNA-binding protein BIN4 [Source:UniProtKB/Swiss-Prot;Acc:Q9FLU1],0.7403507006652992,0.9527081225971279,-0.3498440781679778,0.7963927395254664,0.9434055072292965,-0.2723549458876962,0.9308362788061862,0.9845959573479653,0.09155231227592817,0,0,0,4
