ID,Path,Gene,Chromosome,Start,End,Strand,Length,BioType,Description,Flg22_vs_Mock_pvalue,Flg22_vs_Mock_padj,Flg22_vs_Mock_log2FoldChange,Flg22_SynCom33_vs_Mock_pvalue,Flg22_SynCom33_vs_Mock_padj,Flg22_SynCom33_vs_Mock_log2FoldChange,Flg22_SynCom35_vs_Mock_pvalue,Flg22_SynCom35_vs_Mock_padj,Flg22_SynCom35_vs_Mock_log2FoldChange,Flg22_vs_Mock,Flg22_SynCom33_vs_Mock,Flg22_SynCom35_vs_Mock,cl
AT2G23140.2,GO:0034614,,2,9845410,9849379,-,3969,protein_coding,RING-type E3 ubiquitin transferase [Source:UniProtKB/TrEMBL;Acc:F4ILG6],0.6097174928018632,0.9163410558399375,0.23659607389584952,0.282303363975366,0.6522570472891258,0.4969532706501841,0.661416137720124,0.9044977177612626,0.20288009273168492,0,0,0,5
AT2G23140.1,GO:0034614,,2,9845410,9849379,-,3969,protein_coding,RING-type E3 ubiquitin transferase [Source:UniProtKB/TrEMBL;Acc:F4ILG6],0.8851091586221516,0.9837238678794226,0.019017890453242578,0.10193449353355077,0.40795043250988716,0.21407788235124992,0.8323856098199504,0.9588476418984135,-0.027827203194710225,0,0,0,5
AT2G23140.5,GO:0034614,,2,9845489,9849357,-,3868,protein_coding,RING-type E3 ubiquitin transferase [Source:UniProtKB/TrEMBL;Acc:F4ILG6],0.08329830449645154,0.4765605479222098,-1.0201090884652135,0.39103434054923153,0.7440800216692717,-0.502717790368172,0.933484725315093,0.9851661236325965,-0.04873276511968795,-0,0,0,8
AT3G01420.1,GO:0034614,DOX1,3,159450,162905,-,3455,protein_coding,Alpha-dioxygenase 1 [Source:UniProtKB/Swiss-Prot;Acc:Q9SGH6],0.571620351742428,0.904829312885771,-0.09503693568323252,0.554834677074252,0.844193070941522,-0.09921462818892386,2.2613383634977334e-16,4.1848675653098823e-13,-1.3793553177959847,0,0,-1,2
