ID,Path,Gene,Chromosome,Start,End,Strand,Length,BioType,Description,Flg22_vs_Mock_pvalue,Flg22_vs_Mock_padj,Flg22_vs_Mock_log2FoldChange,Flg22_SynCom33_vs_Mock_pvalue,Flg22_SynCom33_vs_Mock_padj,Flg22_SynCom33_vs_Mock_log2FoldChange,Flg22_SynCom35_vs_Mock_pvalue,Flg22_SynCom35_vs_Mock_padj,Flg22_SynCom35_vs_Mock_log2FoldChange,Flg22_vs_Mock,Flg22_SynCom33_vs_Mock,Flg22_SynCom35_vs_Mock,cl
AT1G61000.1,GO:0031262,NUF2,1,22470828,22474187,-,3359,protein_coding,Kinetochore protein NUF2 homolog [Source:UniProtKB/Swiss-Prot;Acc:Q8RXJ0],0.3164349808019599,0.7814988973440758,-0.16747527057440795,0.8910283334532789,0.9713780149575055,0.02271202940197379,0.34296580381136826,0.7351815516808665,0.15576826911366046,0,0,0,1
AT3G48210.1,GO:0031262,SPC25,3,17849351,17851785,+,2434,protein_coding,Kinetochore protein SPC25 homolog [Source:UniProtKB/Swiss-Prot;Acc:Q93VK9],0.48293670209811795,0.8743580836341232,0.14046229970778365,0.8603604597651042,0.9626814797451045,-0.03543152024058815,0.7435437574663242,0.9320641786746992,0.06549205393797579,0,0,0,3
