ID,Path,Gene,Chromosome,Start,End,Strand,Length,BioType,Description,Flg22_vs_Mock_pvalue,Flg22_vs_Mock_padj,Flg22_vs_Mock_log2FoldChange,Flg22_SynCom33_vs_Mock_pvalue,Flg22_SynCom33_vs_Mock_padj,Flg22_SynCom33_vs_Mock_log2FoldChange,Flg22_SynCom35_vs_Mock_pvalue,Flg22_SynCom35_vs_Mock_padj,Flg22_SynCom35_vs_Mock_log2FoldChange,Flg22_vs_Mock,Flg22_SynCom33_vs_Mock,Flg22_SynCom35_vs_Mock,cl
AT1G18830.2,GO:0090114,SEC31A,1,6489233,6494634,+,5401,protein_coding,Protein transport protein SEC31 homolog A [Source:UniProtKB/Swiss-Prot;Acc:F4ICD9],0.021311815322865583,0.237156414720275,2.031657715945429,0.3173657571162236,0.6826089404715453,0.8861173567117939,0.0640332336798547,0.359932601838772,-1.6994772428685434,0,0,-0,7
AT2G30050.1,GO:0090114,SEC13B,2,12824372,12826684,+,2312,protein_coding,Protein transport protein SEC13 homolog B [Source:UniProtKB/Swiss-Prot;Acc:O64740],0.7678441383646293,0.9572750461864241,0.03821242216769153,0.7816741568245487,0.9388896367571284,0.03588025127752574,0.2660871629359228,0.6737905341698517,0.14368859871415027,0,0,0,4
AT3G01340.2,GO:0090114,SEC13A,3,127348,128966,-,1618,protein_coding,Protein transport protein SEC13 homolog A [Source:UniProtKB/Swiss-Prot;Acc:Q9SRI1],0.7942928140404946,0.9644516890237241,0.02873822948276446,0.7688462721492418,0.9347914639037542,-0.032444800464200375,0.8737182513960499,0.9703028948521568,-0.017505215878223335,0,0,0,3
AT3G63460.1,GO:0090114,SEC31B,3,23430623,23437367,-,6744,protein_coding,Protein transport protein SEC31 homolog B [Source:UniProtKB/Swiss-Prot;Acc:Q8L611],0.10289441446420067,0.522417154895183,0.0915891960206169,0.7401162333728184,0.925332985568439,0.018653252327606187,0.123432130812406,0.4929499009105019,0.08640888365876538,0,0,0,6
AT3G63460.2,GO:0090114,SEC31B,3,23430644,23437344,-,6700,protein_coding,Protein transport protein SEC31 homolog B [Source:UniProtKB/Swiss-Prot;Acc:Q8L611],0.7843014179027524,0.9622238642164921,0.07121228234155551,0.5335348109206947,0.8327033666494493,-0.16216511484710996,0.08605964529681427,0.41841942773850876,-0.44755317796158695,0,0,0,2
