ID,Path,Gene,Chromosome,Start,End,Strand,Length,BioType,Description,Flg22_vs_Mock_pvalue,Flg22_vs_Mock_padj,Flg22_vs_Mock_log2FoldChange,Flg22_SynCom33_vs_Mock_pvalue,Flg22_SynCom33_vs_Mock_padj,Flg22_SynCom33_vs_Mock_log2FoldChange,Flg22_SynCom35_vs_Mock_pvalue,Flg22_SynCom35_vs_Mock_padj,Flg22_SynCom35_vs_Mock_log2FoldChange,Flg22_vs_Mock,Flg22_SynCom33_vs_Mock,Flg22_SynCom35_vs_Mock,cl
AT2G28060.1,GO:0031588,KINB3,2,11949871,11952253,-,2382,protein_coding,SNF1-related protein kinase regulatory subunit beta-3 [Source:UniProtKB/Swiss-Prot;Acc:Q9ZUU8],0.41813774335105763,0.8465117461374367,-0.1678743954265492,0.7133621772486489,0.9171627778970177,-0.07588424665234642,0.4098026943906048,0.7783242458079395,0.16800836908815703,0,0,0,4
AT2G28060.2,GO:0031588,KINB3,2,11949871,11952253,-,2382,protein_coding,SNF1-related protein kinase regulatory subunit beta-3 [Source:UniProtKB/Swiss-Prot;Acc:Q9ZUU8],0.8907423945124676,0.9844044153324688,-0.11949838749470981,0.839331558091289,0.9557137875273545,0.1755394757272295,0.19048845290203323,NA,-1.167436663076932,0,0,-0,10
AT4G16360.1,GO:0031588,,4,9245127,9247203,+,2076,nontranslating_CDS,5'-AMP-activated protein kinase beta-2 subunit protein [Source:TAIR;Acc:AT4G16360],0.013668863178114804,0.18561976004099062,0.2184877288772287,0.6499591743995752,0.8918029055843906,0.04045610408699018,0.8744368119382453,0.9703324235733632,0.014057321428316337,0,0,0,7
AT5G21170.1,GO:0031588,AKINBETA1,5,7205477,7208613,+,3136,protein_coding,5'-AMP-activated protein kinase beta-2 subunit protein [Source:UniProtKB/TrEMBL;Acc:Q2V357],0.846752636408222,0.9743510961054258,0.07233091875191441,0.09630627546696076,0.3971115727502938,0.6188869927980021,0.0025607653262091044,0.05168363441102235,1.1176326069147087,0,0,0,1
AT5G21170.2,GO:0031588,AKINBETA1,5,7205667,7208496,+,2829,protein_coding,5'-AMP-activated protein kinase beta-2 subunit protein [Source:UniProtKB/TrEMBL;Acc:Q2V357],0.7147887833851139,0.94581248599283,0.4038279691478428,0.6997720312939905,0.9117922473549788,-0.43147319992814176,0.5339300041030324,NA,0.6849829603101435,0,0,0,4
AT5G21170.3,GO:0031588,AKINBETA1,5,7207166,7208496,+,1330,protein_coding,5'-AMP-activated protein kinase beta-2 subunit protein [Source:UniProtKB/TrEMBL;Acc:Q2V357],0.0012219120675641734,0.03916880508913731,-0.48017698302675155,0.05952148350287511,0.30670050211314714,0.273682047283598,9.262983630597899e-6,7.255898610483127e-4,0.6380951572108882,0,0,0,1
