ID,Path,Gene,Chromosome,Start,End,Strand,Length,BioType,Description,Flg22_vs_Mock_pvalue,Flg22_vs_Mock_padj,Flg22_vs_Mock_log2FoldChange,Flg22_SynCom33_vs_Mock_pvalue,Flg22_SynCom33_vs_Mock_padj,Flg22_SynCom33_vs_Mock_log2FoldChange,Flg22_SynCom35_vs_Mock_pvalue,Flg22_SynCom35_vs_Mock_padj,Flg22_SynCom35_vs_Mock_log2FoldChange,Flg22_vs_Mock,Flg22_SynCom33_vs_Mock,Flg22_SynCom35_vs_Mock,cl
AT1G15310.1,GO:0006617,SRP-54A,1,5268891,5272058,-,3167,protein_coding,Signal recognition particle 54 kDa protein [Source:UniProtKB/TrEMBL;Acc:Q56XJ0],1.5537042277378988e-4,0.008899960965882676,0.7172389019932355,0.7432575414772578,0.9261274524306632,0.0630223991436631,0.00782562057616821,0.1085122650267751,-0.5197351778282376,0,0,0,7
AT1G48160.2,GO:0006617,SRP19,1,17786530,17788747,-,2217,protein_coding,Signal recognition particle 19 kDa protein [Source:UniProtKB/Swiss-Prot;Acc:Q943Z6],0.6827417851378983,0.9375438556150877,0.04912257447293872,0.3460510880864585,0.7075732553286063,0.11304656303399667,0.3309349982487919,0.726765369981379,0.11629437334553927,0,0,0,1
AT1G48900.1,GO:0006617,SRP-54C,1,18084715,18087934,-,3219,protein_coding,Signal recognition particle 54 kDa protein 3 [Source:UniProtKB/Swiss-Prot;Acc:P49967],0.25218696763035425,0.7311802552145866,0.062279942911879195,0.9428281145842778,0.9873613349407674,0.003914414964654877,0.09951265601333323,0.44940034120166017,-0.08992290645916706,0,0,0,7
AT5G03940.1,GO:0006617,FFC,5,1060106,1063425,-,3319,protein_coding,SRP54CP [Source:UniProtKB/TrEMBL;Acc:A0A178UD49],0.0976679724288554,0.5119344265914425,-0.3611644810187259,0.1172104537468097,0.4355883759207305,-0.34154299039393254,0.2876712065883474,0.693621668949736,0.22900873545408243,0,0,0,4
AT5G49500.2,GO:0006617,SRP-54B,5,20077304,20080329,-,3025,protein_coding,Signal recognition particle 54 kDa protein 2 [Source:UniProtKB/Swiss-Prot;Acc:P49966],0.057516012245783794,0.401881384945018,0.5353950396950903,0.11736012155856305,0.4356960071450479,0.442479102207992,0.20294756315598028,0.6052662769543383,0.3596986616385733,0,0,0,6
