ID,Path,Gene,Chromosome,Start,End,Strand,Length,BioType,Description,Flg22_vs_Mock_pvalue,Flg22_vs_Mock_padj,Flg22_vs_Mock_log2FoldChange,Flg22_SynCom33_vs_Mock_pvalue,Flg22_SynCom33_vs_Mock_padj,Flg22_SynCom33_vs_Mock_log2FoldChange,Flg22_SynCom35_vs_Mock_pvalue,Flg22_SynCom35_vs_Mock_padj,Flg22_SynCom35_vs_Mock_log2FoldChange,Flg22_vs_Mock,Flg22_SynCom33_vs_Mock,Flg22_SynCom35_vs_Mock,cl
AT1G51340.1,GO:0015137,DTX42,1,19032013,19034979,+,2966,protein_coding,Protein DETOXIFICATION [Source:UniProtKB/TrEMBL;Acc:A0A178W9H8],0.5904166970537538,0.910141178910532,0.6403652417811398,0.8126023406734425,0.948731513008521,0.2826124921369734,0.9017276078780195,0.977498099651652,-0.14754209083160982,0,0,0,7
AT3G08040.1,GO:0015137,DTX43,3,2566196,2569700,-,3504,protein_coding,Protein DETOXIFICATION 43 [Source:UniProtKB/Swiss-Prot;Acc:Q9SFB0],0.12179157938136836,0.5621765012543151,0.5036566201315898,0.07673622917162079,0.35393714262812304,-0.5816475683714413,0.20452925841641012,0.6065037469471212,-0.41574410385331856,0,0,0,7
