ID,Path,Gene,Chromosome,Start,End,Strand,Length,BioType,Description,Flg22_vs_Mock_pvalue,Flg22_vs_Mock_padj,Flg22_vs_Mock_log2FoldChange,Flg22_SynCom33_vs_Mock_pvalue,Flg22_SynCom33_vs_Mock_padj,Flg22_SynCom33_vs_Mock_log2FoldChange,Flg22_SynCom35_vs_Mock_pvalue,Flg22_SynCom35_vs_Mock_padj,Flg22_SynCom35_vs_Mock_log2FoldChange,Flg22_vs_Mock,Flg22_SynCom33_vs_Mock,Flg22_SynCom35_vs_Mock,cl
AT1G52530.2,GO:0031573,,1,19568588,19570004,+,1416,protein_coding,Hus1 protein [Source:UniProtKB/TrEMBL;Acc:Q709F6],0.3950906750320278,0.8349215313709641,-0.9029350958179848,0.16473188163093422,NA,-1.5008545614712367,0.25232215904187405,NA,-1.22280087581345,0,-0,-0,8
AT4G30870.1,GO:0031573,MUS81,4,15028380,15032645,+,4265,protein_coding,Crossover junction endonuclease MUS81 [Source:UniProtKB/Swiss-Prot;Acc:Q5W9E7],0.3787898097378787,0.8246518809986704,0.14281311526651227,0.8261733189855562,0.9520061656139795,0.035843810348749304,0.08122015922695588,0.40613759946321265,0.28016996726075,0,0,0,6
