ID,Path,Gene,Chromosome,Start,End,Strand,Length,BioType,Description,Flg22_vs_Mock_pvalue,Flg22_vs_Mock_padj,Flg22_vs_Mock_log2FoldChange,Flg22_SynCom33_vs_Mock_pvalue,Flg22_SynCom33_vs_Mock_padj,Flg22_SynCom33_vs_Mock_log2FoldChange,Flg22_SynCom35_vs_Mock_pvalue,Flg22_SynCom35_vs_Mock_padj,Flg22_SynCom35_vs_Mock_log2FoldChange,Flg22_vs_Mock,Flg22_SynCom33_vs_Mock,Flg22_SynCom35_vs_Mock,cl
AT1G31170.1,GO:0032542,ATSRX,1,11133460,11135189,+,1729,protein_coding,Sulfiredoxin [Source:UniProtKB/TrEMBL;Acc:F4I7W2],0.3917153922299089,0.8335110795922195,0.22473945251849486,0.34308637009516596,0.704803359253558,0.2485743992530332,0.17154684467672326,0.5652751663104517,-0.37105961668954934,0,0,0,9
AT1G31170.2,GO:0032542,ATSRX,1,11133485,11134361,+,876,protein_coding,Sulfiredoxin [Source:UniProtKB/TrEMBL;Acc:F4I7W2],0.02922129527829722,0.28231193917187763,0.8461534701649277,0.030870422096243046,0.21355087153659436,0.838251226083833,0.8483544124200992,0.9629717420337648,0.07643098050882077,0,0,0,9
AT1G31170.5,GO:0032542,ATSRX,1,11133485,11135103,+,1618,protein_coding,Sulfiredoxin [Source:UniProtKB/TrEMBL;Acc:F4I7W2],0.5253270495455395,0.889562413930571,0.6484088850979749,0.6290854543098284,NA,-0.5095678317986579,0.5311308881505603,NA,-0.6623815486404848,0,0,0,7
