ID,Path,Gene,Chromosome,Start,End,Strand,Length,BioType,Description,Flg22_vs_Mock_pvalue,Flg22_vs_Mock_padj,Flg22_vs_Mock_log2FoldChange,Flg22_SynCom33_vs_Mock_pvalue,Flg22_SynCom33_vs_Mock_padj,Flg22_SynCom33_vs_Mock_log2FoldChange,Flg22_SynCom35_vs_Mock_pvalue,Flg22_SynCom35_vs_Mock_padj,Flg22_SynCom35_vs_Mock_log2FoldChange,Flg22_vs_Mock,Flg22_SynCom33_vs_Mock,Flg22_SynCom35_vs_Mock,cl
AT1G72550.1,GO:0004826,,1,27319688,27324112,-,4424,protein_coding,"Phenylalanine--tRNA ligase beta subunit, cytoplasmic [Source:UniProtKB/Swiss-Prot;Acc:Q9SGE9]",0.6472402981561407,0.9273604099470842,-0.07137479879459649,0.4120155461954193,0.7572136179525351,-0.12805084486945928,0.4687548816796181,0.8161905582578166,0.1127165751574971,0,0,0,4
AT3G58140.1,GO:0004826,,3,21529731,21532572,-,2841,protein_coding,"Phenylalanine--tRNA ligase, chloroplastic/mitochondrial [Source:UniProtKB/Swiss-Prot;Acc:Q94K73]",0.2953997143569102,0.767359862640398,-0.14008732686365077,0.2538752521180651,0.6245126763760822,-0.15287497659310878,0.5995106725655803,0.8804078946347427,0.06970298920425733,0,0,0,4
AT4G39280.1,GO:0004826,,4,18281418,18284931,-,3513,protein_coding,"Phenylalanine--tRNA ligase alpha subunit, cytoplasmic [Source:UniProtKB/Swiss-Prot;Acc:Q9T034]",0.608360277225223,0.9158842337776384,-0.06681197874158273,0.40049011658572325,0.7491048285796983,-0.1096967345724147,0.38475495800807136,0.7649079996594348,0.11299597305461094,0,0,0,4
