ID,Path,Gene,Chromosome,Start,End,Strand,Length,BioType,Description,Flg22_vs_Mock_pvalue,Flg22_vs_Mock_padj,Flg22_vs_Mock_log2FoldChange,Flg22_SynCom33_vs_Mock_pvalue,Flg22_SynCom33_vs_Mock_padj,Flg22_SynCom33_vs_Mock_log2FoldChange,Flg22_SynCom35_vs_Mock_pvalue,Flg22_SynCom35_vs_Mock_padj,Flg22_SynCom35_vs_Mock_log2FoldChange,Flg22_vs_Mock,Flg22_SynCom33_vs_Mock,Flg22_SynCom35_vs_Mock,cl
AT2G31170.2,GO:0006423,SYCO,2,13282355,13285666,-,3311,protein_coding,SYCO ARATH [Source:UniProtKB/TrEMBL;Acc:A0A178VWT1],0.4947110829503733,0.8783390011488378,1.1797538408223147,0.4476993899768182,0.7813448679709684,1.3112010296063008,0.4146897891267246,NA,1.407744559647526,0,0,0,6
AT2G31170.1,GO:0006423,SYCO,2,13282355,13285678,-,3323,protein_coding,SYCO ARATH [Source:UniProtKB/TrEMBL;Acc:A0A178VWT1],0.5156286763557401,0.886043035602738,-0.26456455131807727,0.09777755724737794,0.39988685439282123,-0.6795599467789443,0.85482249870447935,0.9650040540703506,-0.07414529198906716,0,0,0,8
AT3G56300.3,GO:0006423,,3,20880063,20882366,+,2303,protein_coding,"Cysteine--tRNA ligase 1, cytoplasmic [Source:UniProtKB/Swiss-Prot;Acc:Q9LYL3]",0.46412389590198677,0.8666631267785107,-0.3005346571902755,0.8062161451723991,0.9464888817592991,-0.0995316057135373,0.15802819590725725,NA,-0.5877860600933155,0,0,0,10
AT5G38830.1,GO:0006423,,5,15545519,15548293,-,2774,protein_coding,"Cysteine--tRNA ligase 2, cytoplasmic [Source:UniProtKB/Swiss-Prot;Acc:B3LFA4]",0.657722176952583,0.9306655838865832,-0.045208668727459767,0.18979821490923957,0.5490912196717798,-0.13398007413702362,0.0158687592101084,0.16832919271463312,-0.24654291602970402,0,0,0,2
