ID,Path,Gene,Chromosome,Start,End,Strand,Length,BioType,Description,Flg22_vs_Mock_pvalue,Flg22_vs_Mock_padj,Flg22_vs_Mock_log2FoldChange,Flg22_SynCom33_vs_Mock_pvalue,Flg22_SynCom33_vs_Mock_padj,Flg22_SynCom33_vs_Mock_log2FoldChange,Flg22_SynCom35_vs_Mock_pvalue,Flg22_SynCom35_vs_Mock_padj,Flg22_SynCom35_vs_Mock_log2FoldChange,Flg22_vs_Mock,Flg22_SynCom33_vs_Mock,Flg22_SynCom35_vs_Mock,cl
AT2G39990.1,GO:0071541,TIF3F1,2,16698041,16700309,-,2268,protein_coding,Eukaryotic translation initiation factor 3 subunit F [Source:UniProtKB/Swiss-Prot;Acc:O04202],0.4694907889208039,0.8691621949206019,-0.13601550133293383,0.2816301567716801,0.6514258720110214,-0.2025933642561103,0.3697305633026927,0.7544510510548075,0.16821800993125224,0,0,0,4
AT4G11420.1,GO:0071541,TIF3A1,4,6947476,6952479,-,5003,protein_coding,Eukaryotic translation initiation factor 3 subunit A [Source:UniProtKB/Swiss-Prot;Acc:Q9LD55],0.30936217139978384,0.7759069427000195,-0.13532868183900396,0.08970984873425675,0.38303369658104985,-0.2259659711277131,0.40939184274423807,0.7781582486166453,0.10973777239091993,0,0,0,4
