ID,Path,Gene,Chromosome,Start,End,Strand,Length,BioType,Description,Flg22_vs_Mock_pvalue,Flg22_vs_Mock_padj,Flg22_vs_Mock_log2FoldChange,Flg22_SynCom33_vs_Mock_pvalue,Flg22_SynCom33_vs_Mock_padj,Flg22_SynCom33_vs_Mock_log2FoldChange,Flg22_SynCom35_vs_Mock_pvalue,Flg22_SynCom35_vs_Mock_padj,Flg22_SynCom35_vs_Mock_log2FoldChange,Flg22_vs_Mock,Flg22_SynCom33_vs_Mock,Flg22_SynCom35_vs_Mock,cl
AT1G25250.3,GO:0010601,AtIDD16,1,8849034,8851790,+,2756,protein_coding,IDD16 [Source:UniProtKB/TrEMBL;Acc:A0A178WG74],4.758555711271943e-4,0.019983793707412052,-2.7903290617860432,0.2050256925792817,NA,-0.7787080629102193,0.22064938325729924,NA,-0.7453627722440611,-1,0,0,8
AT1G25250.1,GO:0010601,AtIDD16,1,8849549,8851612,+,2063,protein_coding,IDD16 [Source:UniProtKB/TrEMBL;Acc:A0A178WG74],0.49976040857220894,0.8799266331020134,0.8271657031082393,0.7486336660791859,NA,-0.40257353043139776,0.3325734801696393,NA,1.1818811377747194,0,0,0,6
AT1G68130.1,GO:0010601,IDD14,1,25532008,25534678,+,2670,protein_coding,Protein indeterminate-domain 14 [Source:UniProtKB/Swiss-Prot;Acc:Q9C9X7],0.4337873125215851,0.8538110953629116,-0.4332040896851427,0.01458307711272589,0.1372627027115887,-1.372467029124102,0.16706484601979726,0.5583837268052629,-0.7671497980039219,0,-0,0,8
AT1G68130.2,GO:0010601,IDD14,1,25532244,25534698,+,2454,protein_coding,Protein indeterminate-domain 14 [Source:UniProtKB/Swiss-Prot;Acc:Q9C9X7],0.499428997228965,0.8799266331020134,0.8939398039350875,0.17239340236443285,0.5258458461773158,1.8032027979800627,0.24090162941318008,0.6490773211358816,1.5500740104775494,0,0,0,5
AT2G01940.1,GO:0010601,SGR5,2,432195,435100,+,2905,protein_coding,C2H2-like zinc finger protein [Source:TAIR;Acc:AT2G01940],0.21452727586576872,0.6909933818000447,1.641364767160483,0.3043555565657994,NA,1.3653160083561007,0.06277853772247491,NA,2.434180222756508,0,0,0,6
AT2G01940.2,GO:0010601,SGR5,2,432847,435077,+,2230,protein_coding,C2H2-like zinc finger protein [Source:TAIR;Acc:AT2G01940],0.15231037770933015,0.6097370072006495,-0.7879844601626912,0.43009232572989625,0.7687294887474815,-0.4271479605527563,0.9603920985643803,NA,0.026357068867005843,0,0,0,8
AT3G08510.1,GO:0010601,PLC2,3,2582362,2585898,-,3536,protein_coding,Phosphoinositide phospholipase C [Source:UniProtKB/TrEMBL;Acc:C0Z2P3],0.08222542370949347,0.47329859774270405,-0.15882182547546717,0.4909973737751478,0.8070608081747135,-0.06286018095516414,0.6501291639175021,0.9010895534638393,-0.04133459147761194,0,0,0,4
