ID,Path,Gene,Chromosome,Start,End,Strand,Length,BioType,Description,Flg22_vs_Mock_pvalue,Flg22_vs_Mock_padj,Flg22_vs_Mock_log2FoldChange,Flg22_SynCom33_vs_Mock_pvalue,Flg22_SynCom33_vs_Mock_padj,Flg22_SynCom33_vs_Mock_log2FoldChange,Flg22_SynCom35_vs_Mock_pvalue,Flg22_SynCom35_vs_Mock_padj,Flg22_SynCom35_vs_Mock_log2FoldChange,Flg22_vs_Mock,Flg22_SynCom33_vs_Mock,Flg22_SynCom35_vs_Mock,cl
AT3G02260.3,GO:0048283,BIG,3,430978,448605,-,17627,protein_coding,Auxin transport protein BIG [Source:UniProtKB/Swiss-Prot;Acc:Q9SRU2],0.02971594213733255,0.28437760683594876,-0.7772236050765151,0.43195287378923125,0.7701443058654251,-0.28078932120251027,0.6557060729518884,0.9027684962273396,-0.15926954961569972,0,0,0,8
AT3G02260.4,GO:0048283,BIG,3,430984,448521,-,17537,protein_coding,Auxin transport protein BIG [Source:UniProtKB/Swiss-Prot;Acc:Q9SRU2],0.17544082508947373,0.646387892180006,0.2424338244351815,0.846198063857913,0.9584753867032577,-0.03472581533808128,0.90081571924300885,0.9773437111267989,0.02230563769078214,0,0,0,3
