ID,Path,Gene,Chromosome,Start,End,Strand,Length,BioType,Description,Flg22_vs_Mock_pvalue,Flg22_vs_Mock_padj,Flg22_vs_Mock_log2FoldChange,Flg22_SynCom33_vs_Mock_pvalue,Flg22_SynCom33_vs_Mock_padj,Flg22_SynCom33_vs_Mock_log2FoldChange,Flg22_SynCom35_vs_Mock_pvalue,Flg22_SynCom35_vs_Mock_padj,Flg22_SynCom35_vs_Mock_log2FoldChange,Flg22_vs_Mock,Flg22_SynCom33_vs_Mock,Flg22_SynCom35_vs_Mock,cl
AT5G65000.1,GO:0015789,,5,25964929,25967449,-,2520,protein_coding,CMP-sialic acid transporter 5 [Source:UniProtKB/Swiss-Prot;Acc:Q8LES0],0.6331253415192977,0.9250116965096203,0.08622689114331204,0.23039236617647016,0.599323358579047,-0.21916965171040775,0.11070552496436839,0.47047403631739526,0.285708278282825,0,0,0,4
AT5G65000.2,GO:0015789,,5,25964966,25967393,-,2427,protein_coding,CMP-sialic acid transporter 5 [Source:UniProtKB/Swiss-Prot;Acc:Q8LES0],0.6170194101835313,0.9190515323520648,-0.6371264072435157,0.684495877585519,0.9060327037891537,0.5112652694197458,0.1733045426189156,NA,-1.776938374825464,0,0,-0,10
