ID,Path,Gene,Chromosome,Start,End,Strand,Length,BioType,Description,Flg22_vs_Mock_pvalue,Flg22_vs_Mock_padj,Flg22_vs_Mock_log2FoldChange,Flg22_SynCom33_vs_Mock_pvalue,Flg22_SynCom33_vs_Mock_padj,Flg22_SynCom33_vs_Mock_log2FoldChange,Flg22_SynCom35_vs_Mock_pvalue,Flg22_SynCom35_vs_Mock_padj,Flg22_SynCom35_vs_Mock_log2FoldChange,Flg22_vs_Mock,Flg22_SynCom33_vs_Mock,Flg22_SynCom35_vs_Mock,cl
AT3G45780.1,GO:0010362,PHOT1,3,16816721,16824210,+,7489,protein_coding,RPT1 [Source:UniProtKB/TrEMBL;Acc:A0A178VFT4],0.09856748732439338,0.5131921723872831,1.0973840703091422,0.010904264698698308,0.11476203250411449,1.689236439728072,0.0011685377455961184,0.0293451785840829,2.1525375803060953,0,0,1,6
AT3G45780.2,GO:0010362,PHOT1,3,16818347,16824210,+,5863,protein_coding,RPT1 [Source:UniProtKB/TrEMBL;Acc:A0A178VFT4],4.519369104085801e-4,0.019327030225121736,-1.6947185056679908,0.03338075605439293,0.22328422522613792,-1.0223746103939495,0.19941983422233162,0.6012135536187362,-0.6149908436623777,-1,-0,0,8
AT5G58140.1,GO:0010362,PHOT2,5,23524130,23533111,+,8981,protein_coding,Phototropin-2 [Source:UniProtKB/Swiss-Prot;Acc:P93025],0.10196565563434301,0.5201529739525736,0.8485499360768396,0.3429979195343903,0.704803359253558,0.49279480269486137,0.8125268024984522,0.9534559573633798,-0.12363308485691878,0,0,0,7
AT5G58140.3,GO:0010362,PHOT2,5,23524522,23533111,+,8589,protein_coding,Phototropin-2 [Source:UniProtKB/Swiss-Prot;Acc:P93025],0.9648547020971405,0.9946629527453268,-0.08632203821681346,0.9759742129084876,0.9947867070519628,0.05898710278391051,0.5078376022680202,0.8370097542257843,1.2951743338710726,0,0,0,4
