ID,Path,Gene,Chromosome,Start,End,Strand,Length,BioType,Description,Flg22_vs_Mock_pvalue,Flg22_vs_Mock_padj,Flg22_vs_Mock_log2FoldChange,Flg22_SynCom33_vs_Mock_pvalue,Flg22_SynCom33_vs_Mock_padj,Flg22_SynCom33_vs_Mock_log2FoldChange,Flg22_SynCom35_vs_Mock_pvalue,Flg22_SynCom35_vs_Mock_padj,Flg22_SynCom35_vs_Mock_log2FoldChange,Flg22_vs_Mock,Flg22_SynCom33_vs_Mock,Flg22_SynCom35_vs_Mock,cl
AT2G44510.1,GO:0019207,,2,18377048,18379265,+,2217,protein_coding,Protein BCCIP homolog [Source:UniProtKB/TrEMBL;Acc:A0A178VXZ2],0.06905312126784914,0.4376124388764077,-0.422140867264292,0.013538208065305967,0.1310816283883459,-0.5776263710645956,0.6368568337486027,0.8958960644225933,-0.1079963816317155,0,0,0,8
AT5G03830.3,GO:0019207,,5,1018338,1020460,+,2122,protein_coding,CDK inhibitor P21 binding protein [Source:UniProtKB/TrEMBL;Acc:F4KI15],0.36928527538467726,0.8173883720900984,0.2795019678899222,0.5631142193869421,0.8479518510844598,0.18068258839591567,0.24263887776028173,0.650581467115928,0.3619061854227633,0,0,0,6
