ID,Path,Gene,Chromosome,Start,End,Strand,Length,BioType,Description,Flg22_vs_Mock_pvalue,Flg22_vs_Mock_padj,Flg22_vs_Mock_log2FoldChange,Flg22_SynCom33_vs_Mock_pvalue,Flg22_SynCom33_vs_Mock_padj,Flg22_SynCom33_vs_Mock_log2FoldChange,Flg22_SynCom35_vs_Mock_pvalue,Flg22_SynCom35_vs_Mock_padj,Flg22_SynCom35_vs_Mock_log2FoldChange,Flg22_vs_Mock,Flg22_SynCom33_vs_Mock,Flg22_SynCom35_vs_Mock,cl
AT1G65520.1,GO:0004165,ECI1,1,24361032,24362054,-,1022,protein_coding,"Enoyl-CoA delta isomerase 1, peroxisomal [Source:UniProtKB/Swiss-Prot;Acc:O04469]",0.6168725702796767,0.9190515323520648,-0.09231396977172192,0.7193551584629073,0.919780187502129,-0.06628489588570882,0.020629826760484474,0.19619619841128938,-0.42927072945978173,0,0,0,2
AT3G06860.1,GO:0004165,MFP2,3,2161735,2166357,+,4622,protein_coding,Peroxisomal fatty acid beta-oxidation multifunctional protein MFP2 [Source:UniProtKB/Swiss-Prot;Acc:Q9ZPI5],0.024517290051087416,0.25679815900478314,0.18886298679616717,0.019689632172917287,0.16366626223635203,-0.19643500609011624,1.6139764057509159e-6,1.7053645930870803e-4,-0.4044253800870146,0,0,0,2
AT4G14430.1,GO:0004165,ECI2,4,8304442,8305857,-,1415,protein_coding,PEC12 [Source:UniProtKB/TrEMBL;Acc:A0A178UV55],0.43780052033170125,0.8558179835157044,0.07136507326535253,0.44918996187223537,0.7823716829758605,-0.07002346620102182,0.015031326129439219,0.16245446721565532,-0.2256172354666714,0,0,0,2
AT4G14440.1,GO:0004165,ECI3,4,8306590,8307934,-,1344,protein_coding,Enoyl-CoA delta isomerase 3 [Source:UniProtKB/Swiss-Prot;Acc:O23300],0.06382286796462516,0.42163734777290457,0.5479552324355734,0.8504259990243613,0.9597863766645485,0.05583032044863887,0.5945878500244874,0.8788225407562278,-0.15763343388776677,0,0,0,7
AT4G29010.1,GO:0004165,AIM1,4,14297044,14302287,-,5243,protein_coding,Peroxisomal fatty acid beta-oxidation multifunctional protein AIM1 [Source:UniProtKB/Swiss-Prot;Acc:Q9ZPI6],0.04136317050960807,0.3420909013434641,0.19373815884325082,0.5353938612923872,0.8336204421532891,-0.05896315327047275,7.496304223418268e-8,1.3260741691690934e-5,-0.513168025514051,0,0,0,2
