ID,Path,Gene,Chromosome,Start,End,Strand,Length,BioType,Description,Flg22_vs_Mock_pvalue,Flg22_vs_Mock_padj,Flg22_vs_Mock_log2FoldChange,Flg22_SynCom33_vs_Mock_pvalue,Flg22_SynCom33_vs_Mock_padj,Flg22_SynCom33_vs_Mock_log2FoldChange,Flg22_SynCom35_vs_Mock_pvalue,Flg22_SynCom35_vs_Mock_padj,Flg22_SynCom35_vs_Mock_log2FoldChange,Flg22_vs_Mock,Flg22_SynCom33_vs_Mock,Flg22_SynCom35_vs_Mock,cl
AT1G54150.2,GO:0006996,SPL2,1,20215395,20217000,+,1605,protein_coding,E3 ubiquitin-protein ligase SPL2 [Source:UniProtKB/Swiss-Prot;Acc:Q9SYH3],0.39023021987228546,0.8325091972215397,1.0336516696395177,0.7767661049950183,NA,-0.3549338823659601,0.5624661444877244,NA,0.70017393034728,0,0,0,3
AT1G54150.1,GO:0006996,SPL2,1,20215432,20217489,+,2057,protein_coding,E3 ubiquitin-protein ligase SPL2 [Source:UniProtKB/Swiss-Prot;Acc:Q9SYH3],0.49190823254537946,0.8772573329163172,0.10726595455264232,0.10487401777319677,0.4131803004703776,0.25143074298066814,0.33107641216174827,0.726765369981379,0.15076602861862268,0,0,0,5
AT1G59560.1,GO:0006996,SPL1,1,21881534,21883792,+,2258,protein_coding,E3 ubiquitin-protein ligase SPL1 [Source:UniProtKB/Swiss-Prot;Acc:Q94HV7],0.14857998688514196,0.606130904138038,-0.32103971344514765,0.19679824328021706,0.5584051483912598,-0.2863096257799015,0.3191471554034062,0.7172724041488998,-0.21847121152471036,0,0,0,8
AT1G59560.3,GO:0006996,SPL1,1,21881576,21883806,+,2230,protein_coding,E3 ubiquitin-protein ligase SPL1 [Source:UniProtKB/Swiss-Prot;Acc:Q94HV7],0.2801959288054131,0.7554567521578405,1.6891964336303518,0.33275356651964577,NA,1.517739231844913,0.6967365714298245,NA,0.6173800650113851,0,0,0,9
AT1G59560.4,GO:0006996,SPL1,1,21881599,21883147,+,1548,protein_coding,E3 ubiquitin-protein ligase SPL1 [Source:UniProtKB/Swiss-Prot;Acc:Q94HV7],0.4311868840357594,0.851834391018572,1.3449487660016026,0.18746328812180338,NA,2.2398276647997974,0.4279571482624231,NA,1.3534622113308217,0,0,0,5
AT1G63900.1,GO:0006996,SP1,1,23716654,23719337,+,2683,protein_coding,E3 ubiquitin-protein ligase SP1 [Source:UniProtKB/Swiss-Prot;Acc:Q8L7N4],0.9755157456956989,0.9950537690791385,-0.004821257940861161,0.3355658508101615,0.698078868526115,-0.15191998283623598,0.1933022395911724,0.5936833558674346,-0.20501732217820104,0,0,0,2
