ID,Path,Gene,Chromosome,Start,End,Strand,Length,BioType,Description,Flg22_vs_Mock_pvalue,Flg22_vs_Mock_padj,Flg22_vs_Mock_log2FoldChange,Flg22_SynCom33_vs_Mock_pvalue,Flg22_SynCom33_vs_Mock_padj,Flg22_SynCom33_vs_Mock_log2FoldChange,Flg22_SynCom35_vs_Mock_pvalue,Flg22_SynCom35_vs_Mock_padj,Flg22_SynCom35_vs_Mock_log2FoldChange,Flg22_vs_Mock,Flg22_SynCom33_vs_Mock,Flg22_SynCom35_vs_Mock,cl
AT2G36305.1,GO:0071586,FACE2,2,15214386,15216613,+,2227,protein_coding,CAAX prenyl protease 2 [Source:UniProtKB/Swiss-Prot;Acc:Q8GW19],0.8483813403679022,0.9748667926838857,-0.05847219670140862,0.823591657645885,0.9516514829217881,0.06796459513828045,0.6691188339950278,0.9068250161690296,0.12979266308061954,0,0,0,1
AT3G27110.2,GO:0071586,,3,9997808,10000175,+,2367,protein_coding,AT3G27110 protein [Source:UniProtKB/TrEMBL;Acc:Q9LSC4],0.8808166924071531,0.9827118127411333,-0.15582302541243795,0.10486726635226298,0.4131803004703776,-1.742955288855506,0.2418542207808706,NA,-1.2370782235267805,0,-0,-0,2
AT3G27110.1,GO:0071586,,3,9997808,10000230,+,2422,protein_coding,AT3G27110 protein [Source:UniProtKB/TrEMBL;Acc:Q9LSC4],0.7333654215127781,0.9502176053942513,-0.09666071424383228,0.8910799220304343,0.9713780149575055,-0.03883814013209265,0.1660491507463907,0.5573033553065408,-0.39395347249605606,0,0,0,10
AT3G27110.4,GO:0071586,,3,9997881,9999554,+,1673,protein_coding,AT3G27110 protein [Source:UniProtKB/TrEMBL;Acc:Q9LSC4],0.7867419517550591,0.9626793429420232,-0.4510755318280753,0.41688591453996127,0.7602935654452673,1.334951073735427,0.9026308267799515,NA,0.20240323800091237,0,0,0,5
AT4G01320.1,GO:0071586,FACE1,4,545796,549413,+,3617,protein_coding,CAAX prenyl protease 1 homolog [Source:UniProtKB/Swiss-Prot;Acc:Q8RX88],0.4345572776977391,0.8541424395194281,-0.07863642170120262,0.42150041433884333,0.7633559737881263,-0.08091839853145794,0.5833247741204647,0.8745327734648307,0.054921608076489756,0,0,0,4
