ID,Path,Gene,Chromosome,Start,End,Strand,Length,BioType,Description,Flg22_vs_Mock_pvalue,Flg22_vs_Mock_padj,Flg22_vs_Mock_log2FoldChange,Flg22_SynCom33_vs_Mock_pvalue,Flg22_SynCom33_vs_Mock_padj,Flg22_SynCom33_vs_Mock_log2FoldChange,Flg22_SynCom35_vs_Mock_pvalue,Flg22_SynCom35_vs_Mock_padj,Flg22_SynCom35_vs_Mock_log2FoldChange,Flg22_vs_Mock,Flg22_SynCom33_vs_Mock,Flg22_SynCom35_vs_Mock,cl
AT1G14350.1,GO:0010376,MYB124,1,4908249,4911168,+,2919,protein_coding,MYB124 [Source:UniProtKB/TrEMBL;Acc:A0A178W3Z3],1.5167934944292237e-5,0.0015228280491920065,-0.881450080654503,2.1211348779557124e-4,0.00735692561353346,-0.7516915693386511,0.9716311439781854,0.9933917836822569,0.007065638819120906,0,0,0,8
AT1G14350.4,GO:0010376,MYB124,1,4908255,4910647,+,2392,protein_coding,MYB124 [Source:UniProtKB/TrEMBL;Acc:A0A178W3Z3],0.798790542355524,0.9656771389215525,0.17222400762081297,0.2942738285074928,0.6617591649605504,-0.7168815936594728,0.8016108459282494,0.9497736385787651,0.16964108412373152,0,0,0,3
AT1G80080.1,GO:0010376,TMM,1,30127819,30129649,-,1830,protein_coding,TMM [Source:UniProtKB/TrEMBL;Acc:A0A178WJY8],0.4041756282600926,NA,1.5295250350728375,0.774454782483702,NA,0.5521284011645861,0.40486770673145067,NA,1.5232220768109848,0,0,0,6
AT2G46410.1,GO:0010376,CPC,2,19049021,19050369,-,1348,protein_coding,Transcription factor CPC [Source:UniProtKB/Swiss-Prot;Acc:O22059],0.6561301905516943,0.929775017329059,-0.16162489377726771,0.09220854587502979,0.3882124239222692,-0.6188357327702507,0.03479828497428481,0.26275298452282636,-0.7773665027905454,0,0,0,2
AT3G54180.1,GO:0010376,CDKB1-1,3,20059671,20061488,+,1817,protein_coding,Cyclin-dependent kinase B1-1 [Source:UniProtKB/Swiss-Prot;Acc:P25859],0.7071464702767298,0.9443243561526651,-0.10314755743998864,0.015630686138118695,0.14277407569313857,-0.6725095611140571,0.4204405188975106,0.7855173401213235,0.21974562914790516,0,0,0,4
