ID,Path,Gene,Chromosome,Start,End,Strand,Length,BioType,Description,Flg22_vs_Mock_pvalue,Flg22_vs_Mock_padj,Flg22_vs_Mock_log2FoldChange,Flg22_SynCom33_vs_Mock_pvalue,Flg22_SynCom33_vs_Mock_padj,Flg22_SynCom33_vs_Mock_log2FoldChange,Flg22_SynCom35_vs_Mock_pvalue,Flg22_SynCom35_vs_Mock_padj,Flg22_SynCom35_vs_Mock_log2FoldChange,Flg22_vs_Mock,Flg22_SynCom33_vs_Mock,Flg22_SynCom35_vs_Mock,cl
AT1G65620.5,GO:0009954,AS2,1,24399550,24400969,+,1419,protein_coding,AS2 [Source:UniProtKB/TrEMBL;Acc:A0A178WIA0],0.7193031621213047,0.9462889924032919,0.3459862123910873,0.1823693693927609,NA,1.2582424822181824,0.7655524022464583,NA,-0.2927720666788854,0,0,0,5
AT2G41370.1,GO:0009954,NPR5,2,17237727,17240609,-,2882,protein_coding,Regulatory protein NPR5 [Source:UniProtKB/Swiss-Prot;Acc:Q9ZVC2],0.7492656626818115,0.953104244259399,0.07385818603663821,0.9853108863501313,0.9964309399918828,0.004259318944273403,0.31497687262441026,0.7142104926270563,0.23153615745834774,0,0,0,4
AT3G57130.1,GO:0009954,NPR6,3,21147615,21150238,+,2623,protein_coding,Regulatory protein NPR6 [Source:UniProtKB/Swiss-Prot;Acc:Q9M1I7],0.2779185486663976,NA,-0.9386619429672545,0.22220386885957405,NA,-1.069450018708061,0.547770275307072,NA,0.47617160241435397,0,-0,0,4
AT5G66870.1,GO:0009954,LBD36,5,26705785,26708741,+,2956,protein_coding,LOB domain-containing protein 36 [Source:UniProtKB/Swiss-Prot;Acc:Q9FKZ3],0.48010517150392923,0.8729213266906765,-0.14578758416746676,0.01031965127903723,0.11100955009326884,-0.5320139829742813,0.011611941900031906,0.1385182887239724,-0.5228052988899459,0,0,0,2
