ID,Path,Gene,Chromosome,Start,End,Strand,Length,BioType,Description,Flg22_vs_Mock_pvalue,Flg22_vs_Mock_padj,Flg22_vs_Mock_log2FoldChange,Flg22_SynCom33_vs_Mock_pvalue,Flg22_SynCom33_vs_Mock_padj,Flg22_SynCom33_vs_Mock_log2FoldChange,Flg22_SynCom35_vs_Mock_pvalue,Flg22_SynCom35_vs_Mock_padj,Flg22_SynCom35_vs_Mock_log2FoldChange,Flg22_vs_Mock,Flg22_SynCom33_vs_Mock,Flg22_SynCom35_vs_Mock,cl
AT3G05630.1,GO:0048017,PLPZETA2,3,1635194,1640357,+,5163,protein_coding,Phospholipase D zeta 2 [Source:UniProtKB/Swiss-Prot;Acc:Q9M9W8],0.0015284869858231632,0.04530629519565357,0.7532245074075444,0.8335194934858644,0.9538215972492172,0.050927261132759125,0.012483886420522578,0.1455122768919245,-0.6196153752886007,0,0,0,7
AT3G16785.1,GO:0048017,PLDP1,3,5710889,5719162,+,8273,protein_coding,Phospholipase [Source:UniProtKB/TrEMBL;Acc:A0A1I9LQ40],0.8016420503974828,0.9660818513594794,-0.029444599325986292,0.9641851194271946,0.9919129069235779,-0.005261626720401806,0.006682522486779942,0.0988126158493865,-0.31912517112326966,0,0,0,2
AT3G16785.3,GO:0048017,PLDP1,3,5710889,5719162,+,8273,protein_coding,Phospholipase [Source:UniProtKB/TrEMBL;Acc:A0A1I9LQ40],0.9600639183910946,0.9942094621695396,0.042907852533686806,0.6647922186058457,0.8975874915400042,-0.37188939748397437,0.6917920947664933,0.915503045304761,-0.34006600275420973,0,0,0,2
