ID,Path,Gene,Chromosome,Start,End,Strand,Length,BioType,Description,Flg22_vs_Mock_pvalue,Flg22_vs_Mock_padj,Flg22_vs_Mock_log2FoldChange,Flg22_SynCom33_vs_Mock_pvalue,Flg22_SynCom33_vs_Mock_padj,Flg22_SynCom33_vs_Mock_log2FoldChange,Flg22_SynCom35_vs_Mock_pvalue,Flg22_SynCom35_vs_Mock_padj,Flg22_SynCom35_vs_Mock_log2FoldChange,Flg22_vs_Mock,Flg22_SynCom33_vs_Mock,Flg22_SynCom35_vs_Mock,cl
AT1G15520.2,GO:0015692,ABCG40,1,5331858,5338326,-,6468,protein_coding,ABC transporter G family member 40 [Source:UniProtKB/Swiss-Prot;Acc:Q9M9E1],0.33578963041451804,0.7961763289794269,-0.9732391512659563,0.6973212864829892,0.9110174594529885,0.3880800652430389,0.9194081215560992,0.9815039955735931,-0.10123617372576307,0,0,0,10
AT1G80830.1,GO:0015692,NRAMP1,1,30372668,30376065,-,3397,protein_coding,Metal transporter Nramp1 [Source:UniProtKB/Swiss-Prot;Acc:Q9SAH8],0.7837515100472883,0.9619773702231068,-0.31703488711906425,0.8319190160572012,0.95339272096686,0.24447950933396265,0.4054514099966271,0.7759406587939587,-0.9653023002096606,0,0,0,10
AT1G80830.2,GO:0015692,NRAMP1,1,30372784,30376072,-,3288,protein_coding,Metal transporter Nramp1 [Source:UniProtKB/Swiss-Prot;Acc:Q9SAH8],0.6063573019113877,0.9153247884940598,-0.10399361441999881,0.6571076834867013,0.8952596800714361,0.08955832271588737,0.40006583399681084,0.772211721483533,-0.16982798490859705,0,0,0,10
AT2G23150.1,GO:0015692,NRAMP3,2,9856149,9858778,-,2629,protein_coding,Metal transporter Nramp3 [Source:UniProtKB/Swiss-Prot;Acc:Q9SNV9],2.1608323767098857e-4,0.01118799920591878,1.0591129091198606,0.962591800594342,0.9916986465173457,0.013489296274294611,0.020090248472884095,0.1937627496571013,-0.6715995024828593,1,0,0,7
AT5G67330.1,GO:0015692,NRAMP4,5,26861266,26863897,+,2631,protein_coding,Metal transporter Nramp4 [Source:UniProtKB/Swiss-Prot;Acc:Q9FN18],0.0058105206570565416,0.10938070841721155,0.7971345952643214,0.1438524585590327,0.4819240950599561,0.422787846952747,0.18891198022203348,0.5875732305370117,-0.38100028616962056,0,0,0,7
