ID,Path,Gene,Chromosome,Start,End,Strand,Length,BioType,Description,Flg22_vs_Mock_pvalue,Flg22_vs_Mock_padj,Flg22_vs_Mock_log2FoldChange,Flg22_SynCom33_vs_Mock_pvalue,Flg22_SynCom33_vs_Mock_padj,Flg22_SynCom33_vs_Mock_log2FoldChange,Flg22_SynCom35_vs_Mock_pvalue,Flg22_SynCom35_vs_Mock_padj,Flg22_SynCom35_vs_Mock_log2FoldChange,Flg22_vs_Mock,Flg22_SynCom33_vs_Mock,Flg22_SynCom35_vs_Mock,cl
AT3G12810.1,GO:0000812,PIE1,3,4065042,4074194,+,9152,protein_coding,Protein PHOTOPERIOD-INDEPENDENT EARLY FLOWERING 1 [Source:UniProtKB/Swiss-Prot;Acc:Q7X9V2],0.8544405089537557,0.9766526746740126,-0.01932334999562903,0.6602140181439868,0.8964642420146048,-0.04634285054851852,0.08348149464763145,0.41138832409519,-0.18264694972724826,0,0,0,2
AT3G49830.1,GO:0000812,,3,18482249,18483980,+,1731,protein_coding,RuvB-like helicase [Source:UniProtKB/TrEMBL;Acc:Q9M2X5],0.27602587819678315,0.7514834604600173,-0.4013194132212102,0.1402874274670841,0.4765008022885381,-0.5486946036881113,0.027461349268772164,0.230840370617792,-0.8312381948418915,0,0,0,2
AT5G22330.1,GO:0000812,RIN1,5,7390796,7394280,-,3484,protein_coding,RuvB-like protein 1 [Source:UniProtKB/Swiss-Prot;Acc:Q9FMR9],0.2518792732064977,0.7311802552145866,-0.14805188257381183,0.14076104836899944,0.477287903917185,-0.1905769199819695,0.8757008827843722,0.9706647146335132,0.02010038491358942,0,0,0,4
AT5G37055.1,GO:0000812,SWC6,5,14641442,14642513,-,1071,protein_coding,SWR1 complex subunit 6 [Source:UniProtKB/Swiss-Prot;Acc:Q9FHW2],0.965601325729578,0.9946629527453268,0.009040457435302712,0.2814424668558018,0.6513202818541378,0.22286285390533678,0.17563864103134674,0.5718783943750684,0.2778637417544203,0,0,0,1
AT5G67630.1,GO:0000812,,5,26967378,26969400,-,2022,protein_coding,RuvB-like helicase [Source:UniProtKB/TrEMBL;Acc:Q9FJW0],0.25630433562183247,0.7349943874387103,-0.22053899393266313,0.2548857968628208,0.6252950974424943,-0.22122826989316316,0.35087062713867717,0.7410451714250106,0.18040482369022603,0,0,0,4
