ID,Path,Gene,Chromosome,Start,End,Strand,Length,BioType,Description,Flg22_vs_Mock_pvalue,Flg22_vs_Mock_padj,Flg22_vs_Mock_log2FoldChange,Flg22_SynCom33_vs_Mock_pvalue,Flg22_SynCom33_vs_Mock_padj,Flg22_SynCom33_vs_Mock_log2FoldChange,Flg22_SynCom35_vs_Mock_pvalue,Flg22_SynCom35_vs_Mock_padj,Flg22_SynCom35_vs_Mock_log2FoldChange,Flg22_vs_Mock,Flg22_SynCom33_vs_Mock,Flg22_SynCom35_vs_Mock,cl
AT4G26700.1,GO:0032432,FIM1,4,13463488,13467599,+,4111,protein_coding,Fimbrin-1 [Source:UniProtKB/Swiss-Prot;Acc:Q7G188],0.0025621906751979325,0.06345669584701086,0.784013362056161,0.04382443334853053,0.2608600365787545,0.5265489258345966,0.036563448451992206,0.27016076254853455,-0.5612394318403898,0,0,0,9
AT5G35700.1,GO:0032432,FIM5,5,13872479,13876876,-,4397,protein_coding,Fimbrin-5 [Source:UniProtKB/Swiss-Prot;Acc:Q9FKI0],0.9139840134108019,0.9876628186425592,-0.016424412654987255,0.39061138007941415,0.7438252020819546,0.13039626478505398,0.2761132070694806,0.6827062215495956,-0.16570953383771328,0,0,0,10
AT5G48460.1,GO:0032432,FIM2,5,19636045,19639529,-,3484,protein_coding,Fimbrin-2 [Source:UniProtKB/Swiss-Prot;Acc:O50064],0.001276186670138124,0.040095501249543655,-0.571913487810554,8.172448778991578e-5,0.003566424806442396,-0.7033873188539993,0.23712594997670922,0.6452636697816616,0.20462198455937236,0,0,0,4
AT5G55400.1,GO:0032432,FIM3,5,22455369,22459501,-,4132,protein_coding,Fimbrin-3 [Source:UniProtKB/Swiss-Prot;Acc:Q9FJ70],0.6342329059859046,0.9253214416817163,0.292272662250349,0.0041660846176830284,0.061433179754555776,1.7193952336693612,0.02332954350966262,0.21128738406593683,1.3649116026245454,0,0,0,5
AT5G55400.2,GO:0032432,FIM3,5,22455382,22459598,-,4216,protein_coding,Fimbrin-3 [Source:UniProtKB/Swiss-Prot;Acc:Q9FJ70],0.819662954355712,0.9680612780538831,-0.1068987853671197,0.25215685522020054,0.6224500075325465,0.5349922558426186,0.2480344809243222,0.6570037563711275,-0.5432094948310383,0,0,0,10
AT5G55400.3,GO:0032432,FIM3,5,22455418,22459468,-,4050,protein_coding,Fimbrin-3 [Source:UniProtKB/Swiss-Prot;Acc:Q9FJ70],0.7166075509084451,0.9461471715028442,-0.10298538744788908,0.16124984753995789,0.5083521052620087,0.3965527757898867,0.5245650156874551,0.8454883909649753,-0.1805311453050383,0,0,0,5
