ID,Path,Gene,Chromosome,Start,End,Strand,Length,BioType,Description,Flg22_vs_Mock_pvalue,Flg22_vs_Mock_padj,Flg22_vs_Mock_log2FoldChange,Flg22_SynCom33_vs_Mock_pvalue,Flg22_SynCom33_vs_Mock_padj,Flg22_SynCom33_vs_Mock_log2FoldChange,Flg22_SynCom35_vs_Mock_pvalue,Flg22_SynCom35_vs_Mock_padj,Flg22_SynCom35_vs_Mock_log2FoldChange,Flg22_vs_Mock,Flg22_SynCom33_vs_Mock,Flg22_SynCom35_vs_Mock,cl
AT1G70895.1,GO:0048731,CLE17,1,26727555,26729374,+,1819,protein_coding,CLAVATA3/ESR (CLE)-related protein 17 [Source:UniProtKB/Swiss-Prot;Acc:Q8L9H6],0.41052116488308654,0.8438674149004016,-0.2736469137580687,0.8415588195831933,0.9563596048671941,-0.06601132648516786,0.6669445728054809,0.9064938314007508,-0.14204414063765916,0,0,0,1
AT1G70895.2,GO:0048731,CLE17,1,26727555,26729374,+,1819,protein_coding,CLAVATA3/ESR (CLE)-related protein 17 [Source:UniProtKB/Swiss-Prot;Acc:Q8L9H6],0.2076684400417026,0.6826664328140044,0.6876664358833121,0.4031181089369568,0.7503717268052971,0.45954920060582555,0.8218377662173775,NA,-0.12609246247526398,0,0,0,7
AT2G01505.1,GO:0048731,CLE16,2,228577,229899,-,1322,protein_coding,CLAVATA3/ESR (CLE)-related protein 16 [Source:UniProtKB/Swiss-Prot;Acc:Q8S8M2],4.4861261217908925e-4,0.019214201650991542,0.7302855192022861,3.4820949428880727e-6,2.737008077623309e-4,0.9554929693912605,0.02422390047607295,0.21584392505680117,0.47340645705312673,0,0,0,9
