ID,Path,Gene,Chromosome,Start,End,Strand,Length,BioType,Description,Flg22_vs_Mock_pvalue,Flg22_vs_Mock_padj,Flg22_vs_Mock_log2FoldChange,Flg22_SynCom33_vs_Mock_pvalue,Flg22_SynCom33_vs_Mock_padj,Flg22_SynCom33_vs_Mock_log2FoldChange,Flg22_SynCom35_vs_Mock_pvalue,Flg22_SynCom35_vs_Mock_padj,Flg22_SynCom35_vs_Mock_log2FoldChange,Flg22_vs_Mock,Flg22_SynCom33_vs_Mock,Flg22_SynCom35_vs_Mock,cl
AT1G50030.1,GO:0031932,TOR,1,18522248,18539995,-,17747,protein_coding,Serine/threonine-protein kinase TOR [Source:UniProtKB/TrEMBL;Acc:A0A178WN52],0.6305398565642562,0.9243611989086742,-0.048562174654481365,0.8352387087422063,0.9541832887853466,-0.02099597199719667,0.13149104895925517,0.5059839500738581,-0.15233193813179868,0,0,0,10
AT3G18140.1,GO:0031932,LST8-1,3,6212585,6214804,-,2219,protein_coding,LST8-1 [Source:UniProtKB/TrEMBL;Acc:A0A178VME6],0.8793671647511593,0.9824498541769295,0.017502895609431832,0.8268534870233173,0.9520342045549075,0.025228055093260735,0.3121804176442301,0.711803627841136,-0.1167376171303981,0,0,0,2
AT3G18140.2,GO:0031932,LST8-1,3,6212639,6214785,-,2146,protein_coding,LST8-1 [Source:UniProtKB/TrEMBL;Acc:A0A178VME6],0.2915996292447684,0.7644304769689092,-0.6803756156611795,0.3891048031571673,0.7422064371298497,0.5340818557128593,0.6074322064789409,NA,0.31949523382573874,0,0,0,1
