ID,Path,Gene,Chromosome,Start,End,Strand,Length,BioType,Description,Flg22_vs_Mock_pvalue,Flg22_vs_Mock_padj,Flg22_vs_Mock_log2FoldChange,Flg22_SynCom33_vs_Mock_pvalue,Flg22_SynCom33_vs_Mock_padj,Flg22_SynCom33_vs_Mock_log2FoldChange,Flg22_SynCom35_vs_Mock_pvalue,Flg22_SynCom35_vs_Mock_padj,Flg22_SynCom35_vs_Mock_log2FoldChange,Flg22_vs_Mock,Flg22_SynCom33_vs_Mock,Flg22_SynCom35_vs_Mock,cl
AT3G25530.1,GO:0003858,GLYR1,3,9271515,9273751,-,2236,protein_coding,GR1 [Source:UniProtKB/TrEMBL;Acc:A0A178VK60],0.4408799369996188,0.8571866395013759,-0.9061547416201795,0.09388468981236937,0.39174441929454284,-1.9751366011233793,0.2022424210610009,0.6044229928648853,-1.5009075600186768,0,-0,-0,8
AT3G25530.3,GO:0003858,GLYR1,3,9271684,9273635,-,1951,protein_coding,GR1 [Source:UniProtKB/TrEMBL;Acc:A0A178VK60],0.025140169783394783,0.26031619769174125,0.5903120178653215,0.041686070361828705,0.2542784078662762,0.537175108309943,0.06294591086983733,0.35690613332702015,0.49030866817866775,0,0,0,6
AT3G25530.2,GO:0003858,GLYR1,3,9271800,9273593,-,1793,protein_coding,GR1 [Source:UniProtKB/TrEMBL;Acc:A0A178VK60],0.6211999603467984,0.9209771357449588,0.06548074384911394,0.31065527288474754,0.6766354760725801,-0.1348462056936182,0.253457323458625,0.6618429519262039,0.1509442386872517,0,0,0,4
