ID,Path,Gene,Chromosome,Start,End,Strand,Length,BioType,Description,Flg22_vs_Mock_pvalue,Flg22_vs_Mock_padj,Flg22_vs_Mock_log2FoldChange,Flg22_SynCom33_vs_Mock_pvalue,Flg22_SynCom33_vs_Mock_padj,Flg22_SynCom33_vs_Mock_log2FoldChange,Flg22_SynCom35_vs_Mock_pvalue,Flg22_SynCom35_vs_Mock_padj,Flg22_SynCom35_vs_Mock_log2FoldChange,Flg22_vs_Mock,Flg22_SynCom33_vs_Mock,Flg22_SynCom35_vs_Mock,cl
AT1G21770.1,GO:0016410,,1,7651646,7652288,-,642,protein_coding,Acyl-CoA N-acyltransferases (NAT) superfamily protein [Source:UniProtKB/TrEMBL;Acc:Q8H0Y9],0.10868404191020595,0.5343568349422656,0.279323091827267,0.6993782131751158,0.9115483697732589,0.06737098610853193,0.012092548799728556,0.14226041028062084,-0.4397814101038639,0,0,0,7
AT1G77540.1,GO:0016410,,1,29137626,29138282,-,656,protein_coding,Acetyltransferase At1g77540 [Source:UniProtKB/Swiss-Prot;Acc:Q9CAQ2],7.329610301172728e-4,0.027429027355273927,0.7922737423260525,0.10825836899290482,0.420367106062006,0.38383315515658534,0.9818089050110504,0.9960269684187426,0.005534882426123458,0,0,0,7
