ID,Path,Gene,Chromosome,Start,End,Strand,Length,BioType,Description,Flg22_vs_Mock_pvalue,Flg22_vs_Mock_padj,Flg22_vs_Mock_log2FoldChange,Flg22_SynCom33_vs_Mock_pvalue,Flg22_SynCom33_vs_Mock_padj,Flg22_SynCom33_vs_Mock_log2FoldChange,Flg22_SynCom35_vs_Mock_pvalue,Flg22_SynCom35_vs_Mock_padj,Flg22_SynCom35_vs_Mock_log2FoldChange,Flg22_vs_Mock,Flg22_SynCom33_vs_Mock,Flg22_SynCom35_vs_Mock,cl
AT3G10520.1,GO:0015671,AHB2,3,3276163,3277930,-,1767,protein_coding,Non-symbiotic hemoglobin 2 [Source:UniProtKB/Swiss-Prot;Acc:O24521],0.44137575655383726,0.857317545026665,0.1880999005157487,0.41732333539443994,0.7604507532166859,-0.2007456803562838,0.04343601855434826,0.2965173949030817,-0.5040108958402468,0,0,0,2
AT4G32690.1,GO:0015671,GLB3,4,15765112,15767106,+,1994,protein_coding,GLB3 [Source:UniProtKB/TrEMBL;Acc:A0A178V2G3],0.5134609119387561,0.8851639187262633,0.12424912760921075,0.8797039305934599,0.968058511713338,-0.02892751684936997,0.9871035653744961,0.997510714318462,-0.003077980503068212,0,0,0,3
