ID,Path,Gene,Chromosome,Start,End,Strand,Length,BioType,Description,Flg22_vs_Mock_pvalue,Flg22_vs_Mock_padj,Flg22_vs_Mock_log2FoldChange,Flg22_SynCom33_vs_Mock_pvalue,Flg22_SynCom33_vs_Mock_padj,Flg22_SynCom33_vs_Mock_log2FoldChange,Flg22_SynCom35_vs_Mock_pvalue,Flg22_SynCom35_vs_Mock_padj,Flg22_SynCom35_vs_Mock_log2FoldChange,Flg22_vs_Mock,Flg22_SynCom33_vs_Mock,Flg22_SynCom35_vs_Mock,cl
AT2G41850.1,GO:0009830,ADPG2,2,17461655,17464242,-,2587,protein_coding,Polygalacturonase ADPG2 [Source:UniProtKB/Swiss-Prot;Acc:Q8RY29],0.1540812196242318,0.613366131039664,0.7180412853412643,0.008405296959233892,0.09779395548215969,1.314905030864138,0.010650985154564837,0.13146628194386623,1.2734837649560584,0,0,0,6
AT3G07970.1,GO:0009830,QRT2,3,2540913,2543613,+,2700,protein_coding,Polygalacturonase QRT2 [Source:UniProtKB/Swiss-Prot;Acc:Q9SFB7],0.4868945411042421,0.8752403418423143,-0.24582772046588572,0.09382518210726828,0.39174441929454284,-0.5936615461001039,0.07090301202537432,0.37990749739564705,-0.6397391189744346,0,0,0,2
