ID,Path,Gene,Chromosome,Start,End,Strand,Length,BioType,Description,Flg22_vs_Mock_pvalue,Flg22_vs_Mock_padj,Flg22_vs_Mock_log2FoldChange,Flg22_SynCom33_vs_Mock_pvalue,Flg22_SynCom33_vs_Mock_padj,Flg22_SynCom33_vs_Mock_log2FoldChange,Flg22_SynCom35_vs_Mock_pvalue,Flg22_SynCom35_vs_Mock_padj,Flg22_SynCom35_vs_Mock_log2FoldChange,Flg22_vs_Mock,Flg22_SynCom33_vs_Mock,Flg22_SynCom35_vs_Mock,cl
AT2G26800.1,GO:0006551,HMGCL,2,11429019,11432797,-,3778,protein_coding,"Hydroxymethylglutaryl-CoA lyase, mitochondrial [Source:UniProtKB/Swiss-Prot;Acc:O81027]",0.8017738137043069,0.9660818513594794,0.0650413716023165,0.3676725972519145,0.7248145540307072,-0.23390419532927167,0.6051934509870096,0.8828367720013023,-0.1340371001242852,0,0,0,3
AT2G26800.2,GO:0006551,HMGCL,2,11429019,11432797,-,3778,protein_coding,"Hydroxymethylglutaryl-CoA lyase, mitochondrial [Source:UniProtKB/Swiss-Prot;Acc:O81027]",0.7128454567996177,0.9455991857907444,-0.45743371742035543,0.8370552499206542,0.9548018203667008,0.2555259558645636,0.5903090115677977,0.8770011161049346,-0.6692236420173752,0,0,0,10
AT2G26800.4,GO:0006551,HMGCL,2,11429040,11432560,-,3520,protein_coding,"Hydroxymethylglutaryl-CoA lyase, mitochondrial [Source:UniProtKB/Swiss-Prot;Acc:O81027]",0.7724465662238233,0.9590410368163412,0.5106005482462498,0.7637379774476305,0.9330264863201652,-0.5310887394576765,0.8321367784409972,0.9588257101960915,0.3742725787660181,0,0,0,3
AT4G20930.1,GO:0006551,,4,11198251,11201106,-,2855,protein_coding,"Probable 3-hydroxyisobutyrate dehydrogenase, mitochondrial [Source:UniProtKB/Swiss-Prot;Acc:Q9SUC0]",0.33357895095457274,0.7944125144693537,0.6149610887233642,0.8222508740279209,0.9516081857693248,-0.14455420286735624,0.3859077677252005,0.7651433502461973,-0.5618724087808824,0,0,0,7
AT5G16290.1,GO:0006551,VAT1,5,5333750,5337784,+,4034,protein_coding,"Acetolactate synthase small subunit 1, chloroplastic [Source:UniProtKB/Swiss-Prot;Acc:Q9FFF4]",0.7279634959283503,0.9493423950728156,-0.08786160620797667,0.45660648243131385,0.7865283401477016,-0.18841597324413423,0.3466751932803605,0.73821134713568,0.23627748785458982,0,0,0,4
