ID,Path,Gene,Chromosome,Start,End,Strand,Length,BioType,Description,Flg22_vs_Mock_pvalue,Flg22_vs_Mock_padj,Flg22_vs_Mock_log2FoldChange,Flg22_SynCom33_vs_Mock_pvalue,Flg22_SynCom33_vs_Mock_padj,Flg22_SynCom33_vs_Mock_log2FoldChange,Flg22_SynCom35_vs_Mock_pvalue,Flg22_SynCom35_vs_Mock_padj,Flg22_SynCom35_vs_Mock_log2FoldChange,Flg22_vs_Mock,Flg22_SynCom33_vs_Mock,Flg22_SynCom35_vs_Mock,cl
AT3G21390.1,GO:0035461,,3,7531353,7534600,+,3247,protein_coding,Mitochondrial substrate carrier family protein [Source:UniProtKB/TrEMBL;Acc:A0A1I9LRT1],0.4612382124840423,0.8656653288357122,1.0058305524778126,0.7817500227462901,0.9388896367571284,-0.3806940557789656,0.617137260867848,0.8879306394329698,-0.6881398722337361,0,0,0,7
AT3G21390.2,GO:0035461,,3,7531747,7534544,+,2797,protein_coding,Mitochondrial substrate carrier family protein [Source:UniProtKB/TrEMBL;Acc:A0A1I9LRT1],0.7979406805830851,0.9655126569861232,-0.24242052219060425,0.9711390224971188,0.9934333636020988,0.03421823007945015,0.9113361090100605,0.9799497625680698,0.10525120096149239,0,0,0,1
AT5G48970.1,GO:0035461,,5,19856830,19859763,-,2933,protein_coding,Mitochondrial thiamine diphosphate carrier 2 [Source:UniProtKB/Swiss-Prot;Acc:Q9FI73],0.6658882232616273,0.9329325225788251,-0.07873870830961752,0.03955739403297994,0.24623700897457806,-0.3797711990549115,0.09435491944640678,0.43846255922529115,-0.306670156844119,0,0,0,2
