ID,Path,Gene,Chromosome,Start,End,Strand,Length,BioType,Description,Flg22_vs_Mock_pvalue,Flg22_vs_Mock_padj,Flg22_vs_Mock_log2FoldChange,Flg22_SynCom33_vs_Mock_pvalue,Flg22_SynCom33_vs_Mock_padj,Flg22_SynCom33_vs_Mock_log2FoldChange,Flg22_SynCom35_vs_Mock_pvalue,Flg22_SynCom35_vs_Mock_padj,Flg22_SynCom35_vs_Mock_log2FoldChange,Flg22_vs_Mock,Flg22_SynCom33_vs_Mock,Flg22_SynCom35_vs_Mock,cl
AT2G41630.1,GO:0001174,TFIIB1,2,17355299,17357622,-,2323,protein_coding,TFIIB1 [Source:UniProtKB/TrEMBL;Acc:A0A178VYM4],0.31796224443373433,0.7829149462757852,-0.0860891853853896,0.0022479103129723617,0.0402587108816276,-0.26478770410658586,0.012540865610850965,0.14597619668836492,-0.21550626561040945,0,0,0,8
AT3G10330.1,GO:0001174,TFIIB2,3,3199712,3201966,+,2254,protein_coding,Transcription initiation factor IIB-2 [Source:UniProtKB/Swiss-Prot;Acc:Q9SS44],0.4148396698407167,0.8453375429330725,-0.08490465096400193,0.5539265939760278,0.8434720006380185,-0.061603020039465016,0.5864000272552439,0.8756021219492602,-0.056441647039314535,0,0,0,4
AT3G57370.1,GO:0001174,,3,21226733,21228475,-,1742,protein_coding,Cyclin family protein [Source:UniProtKB/TrEMBL;Acc:Q1PEE4],0.6525852517961696,NA,-0.9201886440160164,0.9430342892044126,NA,0.13635788821977396,0.9704688189924042,NA,0.070560572201473,0,0,0,1
AT4G36650.1,GO:0001174,PBRP1,4,17283033,17285656,-,2623,protein_coding,Plant-specific TFIIB-related protein 1 [Source:UniProtKB/Swiss-Prot;Acc:O23215],0.08753553571330855,0.48727303077612993,0.2382184639047513,0.13005162297657633,0.4590398803645384,0.21152322742737062,0.37992486017653837,0.7611571336257656,0.12266298310501635,0,0,0,6
