ID,Path,Gene,Chromosome,Start,End,Strand,Length,BioType,Description,Flg22_vs_Mock_pvalue,Flg22_vs_Mock_padj,Flg22_vs_Mock_log2FoldChange,Flg22_SynCom33_vs_Mock_pvalue,Flg22_SynCom33_vs_Mock_padj,Flg22_SynCom33_vs_Mock_log2FoldChange,Flg22_SynCom35_vs_Mock_pvalue,Flg22_SynCom35_vs_Mock_padj,Flg22_SynCom35_vs_Mock_log2FoldChange,Flg22_vs_Mock,Flg22_SynCom33_vs_Mock,Flg22_SynCom35_vs_Mock,cl
AT1G08750.2,GO:0034394,,1,2801078,2804537,+,3459,protein_coding,Peptidase C13 family [Source:UniProtKB/TrEMBL;Acc:Q8GYI6],0.9914540488674736,0.9981690165484822,0.001748112684301411,0.9550815042631364,0.9901465868724117,0.009194078965634222,0.382600870680218,0.7637414326937175,-0.14286700187864668,0,0,0,2
AT1G12730.1,GO:0034394,,1,4334499,4337957,+,3458,protein_coding,GPI transamidase subunit PIG-U [Source:UniProtKB/TrEMBL;Acc:Q94K70],0.5365496528838439,0.8922801703152878,-0.19910623595036117,0.30569174466243804,0.6733001394292079,-0.33130494293907925,0.5090414271096331,0.837740409532945,0.2103753688337564,0,0,0,4
