ID,Path,Gene,Chromosome,Start,End,Strand,Length,BioType,Description,Flg22_vs_Mock_pvalue,Flg22_vs_Mock_padj,Flg22_vs_Mock_log2FoldChange,Flg22_SynCom33_vs_Mock_pvalue,Flg22_SynCom33_vs_Mock_padj,Flg22_SynCom33_vs_Mock_log2FoldChange,Flg22_SynCom35_vs_Mock_pvalue,Flg22_SynCom35_vs_Mock_padj,Flg22_SynCom35_vs_Mock_log2FoldChange,Flg22_vs_Mock,Flg22_SynCom33_vs_Mock,Flg22_SynCom35_vs_Mock,cl
AT1G55325.3,GO:0040034,GCT,1,20637333,20647282,+,9949,protein_coding,RNA polymerase II transcription mediators [Source:TAIR;Acc:AT1G55325],0.9918766805723365,0.9981690165484822,-0.00118829679996452,0.11639934756924289,0.4345101917234724,-0.18405704444041118,0.8468790876465627,0.9628749675356895,0.022490396615345888,0,0,0,3
AT1G55325.4,GO:0040034,GCT,1,20637340,20648434,+,11094,protein_coding,RNA polymerase II transcription mediators [Source:TAIR;Acc:AT1G55325],0.14112990414928636,0.5946434634665555,0.48832545974989394,0.30751234726601295,0.6745987113710903,0.33917607434220054,0.7458824402406714,0.9329541305661886,-0.10818431043203029,0,0,0,9
AT1G69440.1,GO:0040034,AGO7,1,26101407,26105328,-,3921,protein_coding,Protein argonaute 7 [Source:UniProtKB/Swiss-Prot;Acc:Q9C793],8.625292632573336e-4,0.030582667333039458,-0.9330336945086822,0.47493816295620733,0.7977327029240971,-0.19348862099318254,0.351803990497937,0.7413605419034982,0.24803294772088455,0,0,0,1
AT4G00450.2,GO:0040034,MED12,4,200874,211030,+,10156,protein_coding,Mediator of RNA polymerase II transcription subunit 12 [Source:UniProtKB/Swiss-Prot;Acc:H3K2Y6],0.22420540088502403,0.7011207330947224,0.36690992940721784,0.6306953334813057,0.8823919851234698,-0.14543819418868625,0.8662925980002929,0.968441315187411,0.05087190472835677,0,0,0,3
AT4G00450.3,GO:0040034,MED12,4,200874,211030,+,10156,protein_coding,Mediator of RNA polymerase II transcription subunit 12 [Source:UniProtKB/Swiss-Prot;Acc:H3K2Y6],0.2864969591390016,0.7604292142542469,-1.3055552612719175,0.4206589333227895,0.7630036339847066,-0.9861438308181601,0.9196713331902071,0.9815185128103092,-0.1234345496104655,-0,0,0,8
AT4G00450.1,GO:0040034,MED12,4,202250,211309,+,9059,protein_coding,Mediator of RNA polymerase II transcription subunit 12 [Source:UniProtKB/Swiss-Prot;Acc:H3K2Y6],0.6006213852881624,0.9142238114278536,0.10796608488546691,0.22385360184563705,0.5919953295439662,0.2506711952554852,0.7877672128168396,0.9459025556971216,-0.055549676720272535,0,0,0,9
