ID,Path,Gene,Chromosome,Start,End,Strand,Length,BioType,Description,Flg22_vs_Mock_pvalue,Flg22_vs_Mock_padj,Flg22_vs_Mock_log2FoldChange,Flg22_SynCom33_vs_Mock_pvalue,Flg22_SynCom33_vs_Mock_padj,Flg22_SynCom33_vs_Mock_log2FoldChange,Flg22_SynCom35_vs_Mock_pvalue,Flg22_SynCom35_vs_Mock_padj,Flg22_SynCom35_vs_Mock_log2FoldChange,Flg22_vs_Mock,Flg22_SynCom33_vs_Mock,Flg22_SynCom35_vs_Mock,cl
AT3G27700.1,GO:0046833,,3,10256895,10261975,-,5080,protein_coding,Uncharacterized protein At3g27700 (Fragment) [Source:UniProtKB/TrEMBL;Acc:C0SVD1],0.51851727933764,0.8874714830489849,-0.1378575839614818,0.8006560453055926,0.9450776806024497,-0.05387337397255682,0.40323959193248216,0.7744183046788262,-0.17840320392666956,0,0,0,10
AT3G27700.2,GO:0046833,,3,10257117,10261974,-,4857,protein_coding,Uncharacterized protein At3g27700 (Fragment) [Source:UniProtKB/TrEMBL;Acc:C0SVD1],0.8491133154026567,0.9749709850800186,-0.08307282842111176,0.2995605833399259,0.6677269984530587,-0.4540508054890386,0.7900891374447012,0.946297758513792,-0.11620667138134445,0,0,0,3
