ID,Path,Gene,Chromosome,Start,End,Strand,Length,BioType,Description,Flg22_vs_Mock_pvalue,Flg22_vs_Mock_padj,Flg22_vs_Mock_log2FoldChange,Flg22_SynCom33_vs_Mock_pvalue,Flg22_SynCom33_vs_Mock_padj,Flg22_SynCom33_vs_Mock_log2FoldChange,Flg22_SynCom35_vs_Mock_pvalue,Flg22_SynCom35_vs_Mock_padj,Flg22_SynCom35_vs_Mock_log2FoldChange,Flg22_vs_Mock,Flg22_SynCom33_vs_Mock,Flg22_SynCom35_vs_Mock,cl
AT1G30230.1,GO:0005853,,1,10638878,10640941,+,2063,protein_coding,Translation elongation factor EF1B/ribosomal protein S6 family protein [Source:UniProtKB/TrEMBL;Acc:A8MRC4],0.5386666672182917,0.8927104493818229,-0.10100518335247594,0.028163694308159834,0.2032429061195769,-0.3609137415102292,0.3033195127724313,0.7062776653386713,0.16894806343696242,0,0,0,4
AT2G18110.1,GO:0005853,,2,7872201,7874010,+,1809,protein_coding,Elongation factor 1-delta 2 [Source:UniProtKB/Swiss-Prot;Acc:Q9SI20],0.6162766513622471,0.9190515323520648,-0.06792512678572507,0.09190077465037087,0.38759549274534805,-0.2290641984525595,0.7862293006930712,0.9453770749737058,-0.036703794155959084,0,0,0,3
AT5G12110.1,GO:0005853,,5,3914468,3916896,+,2428,protein_coding,At5g12110 [Source:UniProtKB/TrEMBL;Acc:Q29PY2],0.4097804449439715,0.8434330656828528,-0.22597295669061615,0.02067518671907186,0.16882642028710745,-0.6401582588620649,0.3698850425037131,0.7545102893466449,-0.24555967932090453,0,0,0,8
AT5G19510.1,GO:0005853,,5,6581658,6583248,-,1590,protein_coding,Elongation factor 1-beta 2 [Source:UniProtKB/Swiss-Prot;Acc:Q9SCX3],0.19454761525321565,0.668982780652327,-0.2369658191762512,0.14516321687761283,0.48385339071345174,-0.2661387142241436,0.044221610189033374,0.2990116632736832,0.36714056903846115,0,0,0,4
