ID,Path,Gene,Chromosome,Start,End,Strand,Length,BioType,Description,Flg22_vs_Mock_pvalue,Flg22_vs_Mock_padj,Flg22_vs_Mock_log2FoldChange,Flg22_SynCom33_vs_Mock_pvalue,Flg22_SynCom33_vs_Mock_padj,Flg22_SynCom33_vs_Mock_log2FoldChange,Flg22_SynCom35_vs_Mock_pvalue,Flg22_SynCom35_vs_Mock_padj,Flg22_SynCom35_vs_Mock_log2FoldChange,Flg22_vs_Mock,Flg22_SynCom33_vs_Mock,Flg22_SynCom35_vs_Mock,cl
AT1G31500.2,GO:0000289,,1,11273605,11276572,-,2967,protein_coding,DNAse I-like superfamily protein [Source:TAIR;Acc:AT1G31500],0.8939412001417846,0.9850342389027601,0.031936020073829695,0.9861618645286504,0.9964995084572393,0.004158752883784836,0.6036194271638253,0.8820562909131257,-0.12461474394123094,0,0,0,7
AT3G44260.1,GO:0000289,CAF1-9,3,15952008,15953346,-,1338,protein_coding,Probable CCR4-associated factor 1 homolog 9 [Source:UniProtKB/Swiss-Prot;Acc:Q9LXM2],0.4539556406094228,0.8634684115895739,-0.6383661041965559,0.363819104958405,0.7220054550705698,-0.7748828953615275,0.7059429562046013,0.9203194776400944,-0.3209672953337557,0,0,0,8
AT5G22250.1,GO:0000289,CAF1-11,5,7365477,7366799,-,1322,protein_coding,Probable CCR4-associated factor 1 homolog 11 [Source:UniProtKB/Swiss-Prot;Acc:Q9FMS6],0.8295787307077356,0.9698597075340092,-0.06043517392907337,0.1870945036753115,0.5458377578019908,0.3675378673696755,0.028390336503205583,0.2362555225161259,-0.6229150682150976,0,0,0,10
