ID,Path,Gene,Chromosome,Start,End,Strand,Length,BioType,Description,Flg22_vs_Mock_pvalue,Flg22_vs_Mock_padj,Flg22_vs_Mock_log2FoldChange,Flg22_SynCom33_vs_Mock_pvalue,Flg22_SynCom33_vs_Mock_padj,Flg22_SynCom33_vs_Mock_log2FoldChange,Flg22_SynCom35_vs_Mock_pvalue,Flg22_SynCom35_vs_Mock_padj,Flg22_SynCom35_vs_Mock_log2FoldChange,Flg22_vs_Mock,Flg22_SynCom33_vs_Mock,Flg22_SynCom35_vs_Mock,cl
AT3G03520.1,GO:0052642,NPC3,3,837805,840645,-,2840,protein_coding,NPC3 [Source:UniProtKB/TrEMBL;Acc:A0A178VBD6],0.22161077053488995,0.6982467525378236,0.1097425974850534,0.37055014315398355,0.727068907363286,-0.08082307859903044,0.051286216958002895,0.32555245582470543,0.17441672014612988,0,0,0,4
AT3G03520.2,GO:0052642,NPC3,3,837877,840628,-,2751,protein_coding,NPC3 [Source:UniProtKB/TrEMBL;Acc:A0A178VBD6],0.49293543933408723,0.8777627133784738,0.267180226733022,0.8215328365503313,0.9515056317167603,-0.0883335598453334,0.9143852781834702,0.9806731285188788,0.04197033956902927,0,0,0,3
