ID,Path,Gene,Chromosome,Start,End,Strand,Length,BioType,Description,Flg22_vs_Mock_pvalue,Flg22_vs_Mock_padj,Flg22_vs_Mock_log2FoldChange,Flg22_SynCom33_vs_Mock_pvalue,Flg22_SynCom33_vs_Mock_padj,Flg22_SynCom33_vs_Mock_log2FoldChange,Flg22_SynCom35_vs_Mock_pvalue,Flg22_SynCom35_vs_Mock_padj,Flg22_SynCom35_vs_Mock_log2FoldChange,Flg22_vs_Mock,Flg22_SynCom33_vs_Mock,Flg22_SynCom35_vs_Mock,cl
AT2G19080.2,GO:0001401,MTX1,2,8262696,8264967,+,2271,protein_coding,Mitochondrial outer membrane import complex protein METAXIN [Source:UniProtKB/Swiss-Prot;Acc:O64471],0.49051459078697485,0.8768902716239193,0.323227483800448,0.7080211746933716,0.9151812866330342,0.1761011769336642,0.22747047551318927,0.6355299817731125,-0.5770260686696044,0,0,0,9
AT2G19080.1,GO:0001401,MTX1,2,8262700,8265138,+,2438,protein_coding,Mitochondrial outer membrane import complex protein METAXIN [Source:UniProtKB/Swiss-Prot;Acc:O64471],0.6482628071458529,0.9273604099470842,-0.04458328828589255,0.6316761457445195,0.8826715931927959,-0.046878115163681414,0.2618763856639902,0.6700644923890766,-0.10957305304031202,0,0,0,8
