ID,Path,Gene,Chromosome,Start,End,Strand,Length,BioType,Description,Flg22_vs_Mock_pvalue,Flg22_vs_Mock_padj,Flg22_vs_Mock_log2FoldChange,Flg22_SynCom33_vs_Mock_pvalue,Flg22_SynCom33_vs_Mock_padj,Flg22_SynCom33_vs_Mock_log2FoldChange,Flg22_SynCom35_vs_Mock_pvalue,Flg22_SynCom35_vs_Mock_padj,Flg22_SynCom35_vs_Mock_log2FoldChange,Flg22_vs_Mock,Flg22_SynCom33_vs_Mock,Flg22_SynCom35_vs_Mock,cl
AT2G47210.3,GO:0043968,SWC4,2,19378467,19382418,+,3951,protein_coding,SWR1-complex protein 4 [Source:UniProtKB/Swiss-Prot;Acc:Q8VZL6],0.534119905706367,0.8914843502979181,0.07335546276895924,0.7867610089079484,0.9408233737305814,0.03195722771227833,0.4695796164174651,0.816990324682404,-0.08548727100219036,0,0,0,7
AT4G14385.1,GO:0043968,,4,8286812,8288952,-,2140,protein_coding,Histone acetyltransferase subunit NuA4-domain protein [Source:UniProtKB/TrEMBL;Acc:Q93VF4],0.5193054878646581,0.8876169160713289,0.21000126376928172,0.37988268971631634,0.7352932607317105,0.2858118448232811,0.5435640583320822,0.8564453543357937,0.1977049391404017,0,0,0,6
AT4G14385.7,GO:0043968,,4,8286812,8288952,-,2140,protein_coding,Histone acetyltransferase subunit NuA4-domain protein [Source:UniProtKB/TrEMBL;Acc:Q93VF4],0.6340415740905623,0.9253214416817163,-0.4413477728578268,0.7369124351433342,0.9246921570985908,0.30894689991947105,0.9337257156686375,0.9851661236325965,0.07657269224158429,0,0,0,1
