ID,Path,Gene,Chromosome,Start,End,Strand,Length,BioType,Description,Flg22_vs_Mock_pvalue,Flg22_vs_Mock_padj,Flg22_vs_Mock_log2FoldChange,Flg22_SynCom33_vs_Mock_pvalue,Flg22_SynCom33_vs_Mock_padj,Flg22_SynCom33_vs_Mock_log2FoldChange,Flg22_SynCom35_vs_Mock_pvalue,Flg22_SynCom35_vs_Mock_padj,Flg22_SynCom35_vs_Mock_log2FoldChange,Flg22_vs_Mock,Flg22_SynCom33_vs_Mock,Flg22_SynCom35_vs_Mock,cl
AT2G18300.2,GO:0043425,,2,7952620,7954785,-,2165,protein_coding,Basic helix-loop-helix (BHLH) DNA-binding superfamily protein [Source:UniProtKB/TrEMBL;Acc:F4IQH8],0.2263782309793224,0.7035482778166869,0.5445459177597842,1.425483159676205e-4,0.0054586664242757465,1.6349299594050648,2.751534355097368e-5,0.0017939407456621268,1.7900389062809996,0,1,1,1
AT4G17880.1,GO:0043425,MYC4,4,9933326,9935685,-,2359,protein_coding,Transcription factor MYC4 [Source:UniProtKB/Swiss-Prot;Acc:O49687],0.2290524624473387,0.7050312733390545,-0.15522354279321143,0.3924863491248276,0.7447711188479,-0.11027544529974022,0.27533951354741737,0.682150388870844,-0.1405053086187008,0,0,0,8
AT5G46760.1,GO:0043425,MYC3,5,18974022,18976590,+,2568,protein_coding,Transcription factor MYC3 [Source:UniProtKB/Swiss-Prot;Acc:Q9FIP9],0.05183683143251958,0.38281083186298603,-0.1760952757646464,0.4353106291294364,0.7733804991248107,-0.07053399968014568,0.466186074405669,0.8143700681129526,-0.0657819695721745,0,0,0,8
