ID,Path,Gene,Chromosome,Start,End,Strand,Length,BioType,Description,Flg22_vs_Mock_pvalue,Flg22_vs_Mock_padj,Flg22_vs_Mock_log2FoldChange,Flg22_SynCom33_vs_Mock_pvalue,Flg22_SynCom33_vs_Mock_padj,Flg22_SynCom33_vs_Mock_log2FoldChange,Flg22_SynCom35_vs_Mock_pvalue,Flg22_SynCom35_vs_Mock_padj,Flg22_SynCom35_vs_Mock_log2FoldChange,Flg22_vs_Mock,Flg22_SynCom33_vs_Mock,Flg22_SynCom35_vs_Mock,cl
AT1G20780.1,GO:0090359,PUB44,1,7217021,7220842,+,3821,protein_coding,RING-type E3 ubiquitin transferase [Source:UniProtKB/TrEMBL;Acc:A0A178W875],0.5161773369093452,0.886043035602738,-0.0857212715383435,0.6357147865014108,0.8849371983615784,0.06241304072734636,0.11402524215168523,0.477081613162651,-0.20880799794805127,0,0,0,10
AT1G20780.3,GO:0090359,PUB44,1,7217128,7220819,+,3691,protein_coding,RING-type E3 ubiquitin transferase [Source:UniProtKB/TrEMBL;Acc:A0A178W875],0.9872852135952287,0.9975578931739252,-0.015927508944263154,0.9559166154248591,0.9902070573278723,-0.05526421185077626,0.7126998133916996,0.9230912813229423,-0.3686632436489225,0,0,0,2
AT5G04760.1,GO:0090359,,5,1373530,1374787,-,1257,protein_coding,Duplicated homeodomain-like superfamily protein [Source:UniProtKB/TrEMBL;Acc:Q9LZ21],0.5831627359537165,0.9078270129595561,0.10679453060895604,0.840700581124715,0.9561564148669228,-0.03926680296659465,0.02723160746759551,0.22926654337860886,-0.4351735479240739,0,0,0,2
