ID,Path,Gene,Chromosome,Start,End,Strand,Length,BioType,Description,Flg22_vs_Mock_pvalue,Flg22_vs_Mock_padj,Flg22_vs_Mock_log2FoldChange,Flg22_SynCom33_vs_Mock_pvalue,Flg22_SynCom33_vs_Mock_padj,Flg22_SynCom33_vs_Mock_log2FoldChange,Flg22_SynCom35_vs_Mock_pvalue,Flg22_SynCom35_vs_Mock_padj,Flg22_SynCom35_vs_Mock_log2FoldChange,Flg22_vs_Mock,Flg22_SynCom33_vs_Mock,Flg22_SynCom35_vs_Mock,cl
AT1G19270.1,GO:0046621,DA1,1,6662417,6666032,+,3615,protein_coding,DA1 [Source:UniProtKB/TrEMBL;Acc:A0A178WC71],0.20586834459838796,0.6809042626691989,-0.6155504596200305,0.6152162885898171,0.8749005062620465,-0.2438362912030145,0.022776238663952158,0.20798132039365252,-1.113223523135468,0,0,-0,10
AT1G19270.2,GO:0046621,DA1,1,6662501,6666028,+,3527,protein_coding,DA1 [Source:UniProtKB/TrEMBL;Acc:A0A178WC71],0.04805503475563353,0.367879086783288,0.21680042264870075,2.0560859235150528e-4,0.00723451594187587,0.4045811492201922,0.9616550503114978,0.9904777929830886,-0.005301450262894002,0,0,0,9
AT1G32310.1,GO:0046621,SAMBA,1,11653500,11654833,+,1333,protein_coding,Protein SAMBA [Source:UniProtKB/Swiss-Prot;Acc:Q9C613],0.8784189544221694,0.9824498541769295,0.041360063758059146,0.41566197354362916,0.7597018883314889,-0.22269250863496637,0.38661334349529536,0.7654002483385299,-0.23603251065267775,0,0,0,2
AT3G63530.2,GO:0046621,BB,3,23456055,23458732,-,2677,protein_coding,BB2 [Source:UniProtKB/TrEMBL;Acc:A0A178VG02],0.6570983174975517,0.9304609576638452,0.43159137604055314,0.9001818437953428,0.9740657047234694,-0.12296323072043204,0.9479707592554077,NA,0.06368807627007518,0,0,0,3
AT3G63530.1,GO:0046621,BB,3,23456157,23458459,-,2302,protein_coding,BB2 [Source:UniProtKB/TrEMBL;Acc:A0A178VG02],0.3614818648665453,0.8130947174798683,-0.36952839106605584,0.6752227321109723,0.9019528576568492,-0.16883476519977744,0.35771425658927053,0.7447118020962851,0.3660048042846891,0,0,0,4
AT5G03680.1,GO:0046621,PTL,5,957611,961047,+,3436,protein_coding,Trihelix transcription factor PTL [Source:UniProtKB/Swiss-Prot;Acc:Q9LZS0],0.13369065207516004,0.5815823660936958,0.3632024011883232,0.9481478931292407,0.9888237073336088,-0.01599462126096333,0.16261125643208937,0.55271285776253265,0.3375433651953544,0,0,0,6
