ID,Path,Gene,Chromosome,Start,End,Strand,Length,BioType,Description,Flg22_vs_Mock_pvalue,Flg22_vs_Mock_padj,Flg22_vs_Mock_log2FoldChange,Flg22_SynCom33_vs_Mock_pvalue,Flg22_SynCom33_vs_Mock_padj,Flg22_SynCom33_vs_Mock_log2FoldChange,Flg22_SynCom35_vs_Mock_pvalue,Flg22_SynCom35_vs_Mock_padj,Flg22_SynCom35_vs_Mock_log2FoldChange,Flg22_vs_Mock,Flg22_SynCom33_vs_Mock,Flg22_SynCom35_vs_Mock,cl
AT1G17160.1,GO:0004747,,1,5867535,5869436,+,1901,protein_coding,Ribokinase [Source:UniProtKB/TrEMBL;Acc:A1A6H3],0.1258030536995842,0.5678165222653969,0.21038623423064803,0.7265935366964895,0.9220166820777135,0.04836381947829798,0.47527844492888316,0.8202186618164239,0.09822749359335796,0,0,0,6
AT1G17160.2,GO:0004747,,1,5867635,5869356,+,1721,protein_coding,Ribokinase [Source:UniProtKB/TrEMBL;Acc:A1A6H3],0.7340974540987081,0.9507052469720705,-0.7068055514179292,0.6167993749451712,0.8758137019485452,-1.042579840507684,0.6123412925009437,NA,-1.0554636421935675,0,-0,-0,2
