ID,Path,Gene,Chromosome,Start,End,Strand,Length,BioType,Description,Flg22_vs_Mock_pvalue,Flg22_vs_Mock_padj,Flg22_vs_Mock_log2FoldChange,Flg22_SynCom33_vs_Mock_pvalue,Flg22_SynCom33_vs_Mock_padj,Flg22_SynCom33_vs_Mock_log2FoldChange,Flg22_SynCom35_vs_Mock_pvalue,Flg22_SynCom35_vs_Mock_padj,Flg22_SynCom35_vs_Mock_log2FoldChange,Flg22_vs_Mock,Flg22_SynCom33_vs_Mock,Flg22_SynCom35_vs_Mock,cl
AT1G10760.3,GO:0010353,GWD1,1,3581034,3590928,-,9894,protein_coding,"Alpha-glucan water dikinase 1, chloroplastic [Source:UniProtKB/Swiss-Prot;Acc:Q9SAC6]",0.09059244971707231,0.4954275224162252,-0.4362032637365341,0.006212349396492974,0.079486138256318,-0.7059126442656071,0.8365298286891492,0.9598070688002456,-0.0531285505847928,0,0,0,8
AT3G29160.1,GO:0010353,KIN11,3,11128620,11132105,-,3485,protein_coding,Non-specific serine/threonine protein kinase [Source:UniProtKB/TrEMBL;Acc:A0A178V9G9],0.08044394437342973,0.46885462460344157,0.7324813330970761,0.11779803622221766,0.4362373343057797,0.6558835353526107,0.03751647226530394,0.27408784991153423,0.8700769008611582,0,0,0,6
AT3G29160.2,GO:0010353,KIN11,3,11128620,11132105,-,3485,protein_coding,Non-specific serine/threonine protein kinase [Source:UniProtKB/TrEMBL;Acc:A0A178V9G9],0.10639473397285407,0.5290155340641652,-0.5391534751618092,0.6450914713730213,0.8895463041737953,0.1534686433766902,0.2734230715188967,0.6804605621807818,0.36467730652655445,0,0,0,1
AT3G29160.3,GO:0010353,KIN11,3,11128706,11131883,-,3177,protein_coding,Non-specific serine/threonine protein kinase [Source:UniProtKB/TrEMBL;Acc:A0A178V9G9],0.6169047196345161,0.9190515323520648,-0.3270772760886736,0.6619851019965942,0.8967235450861547,0.2852807633741523,0.608609436015578,0.8845300807693148,0.33403205159132987,0,0,0,1
AT5G16150.1,GO:0010353,GLT1,5,5272557,5275815,+,3258,protein_coding,Plastidic glucose transporter 4 [Source:UniProtKB/Swiss-Prot;Acc:Q56ZZ7],0.007066396407776783,0.12301853932767896,0.20772240766828134,0.021238975188358912,0.1712866667509775,0.17787373349441385,0.2588599603243313,0.6666554374973956,0.0871810257304412,0,0,0,6
AT5G16150.3,GO:0010353,GLT1,5,5272630,5275815,+,3185,protein_coding,Plastidic glucose transporter 4 [Source:UniProtKB/Swiss-Prot;Acc:Q56ZZ7],0.4392088122871925,0.856399220595203,0.5138934060613831,0.38029778782036056,0.7353736967477292,0.5826866315525564,0.604249060900496,0.8820562909131257,0.3445091802619093,0,0,0,6
