ID,Path,Gene,Chromosome,Start,End,Strand,Length,BioType,Description,Flg22_vs_Mock_pvalue,Flg22_vs_Mock_padj,Flg22_vs_Mock_log2FoldChange,Flg22_SynCom33_vs_Mock_pvalue,Flg22_SynCom33_vs_Mock_padj,Flg22_SynCom33_vs_Mock_log2FoldChange,Flg22_SynCom35_vs_Mock_pvalue,Flg22_SynCom35_vs_Mock_padj,Flg22_SynCom35_vs_Mock_log2FoldChange,Flg22_vs_Mock,Flg22_SynCom33_vs_Mock,Flg22_SynCom35_vs_Mock,cl
AT1G05010.1,GO:0071398,ACO4,1,1431177,1433010,-,1833,protein_coding,1-aminocyclopropane-1-carboxylate oxidase 4 [Source:UniProtKB/Swiss-Prot;Acc:Q06588],0.19149114493234534,0.6667061162661273,0.5267514526940084,0.9975792709835868,0.9990286684015095,-0.001224170443956264,0.009966808360473036,0.12674938467380822,-1.0414552946293674,0,0,-0,7
AT1G12010.1,GO:0071398,,1,4056165,4057968,+,1803,protein_coding,1-aminocyclopropane-1-carboxylate oxidase 3 [Source:UniProtKB/Swiss-Prot;Acc:O65378],0.007532293511734214,0.12872914799096222,-1.148639920589413,0.6541348130462477,0.8934491277040644,-0.1919738323247737,0.028535718951393313,0.23699724396161195,0.9365162199386197,-0,0,0,4
AT1G62380.1,GO:0071398,ACO2,1,23082036,23084253,+,2217,protein_coding,1-aminocyclopropane-1-carboxylate oxidase 2 [Source:UniProtKB/Swiss-Prot;Acc:Q41931],6.140380663882294e-13,4.526268494105446e-10,1.0793263532680175,8.217948970487755e-5,0.0035804684639327683,0.5910116562054545,0.11393850170131303,0.4770204804962151,0.2373674449364428,1,0,0,7
AT2G19590.1,GO:0071398,ACO1,2,8475276,8477733,-,2457,protein_coding,1-aminocyclopropane-1-carboxylate oxidase 1 [Source:UniProtKB/Swiss-Prot;Acc:Q9ZUN4],0.14492841044497892,0.6013441985866732,0.6841167321256223,0.006966140659804292,0.08594024470714041,1.264221414291964,0.36793740076903375,0.7535715658330242,0.4228560192628109,0,0,0,5
AT2G19590.2,GO:0071398,ACO1,2,8475412,8477687,-,2275,protein_coding,1-aminocyclopropane-1-carboxylate oxidase 1 [Source:UniProtKB/Swiss-Prot;Acc:Q9ZUN4],0.9424956558517631,0.9929652781840381,-0.13159761902084177,0.8475326506740521,0.9588862889603867,0.3506958665055637,0.7036901617451501,0.9193259900373077,-0.6940827333921744,0,0,0,10
