ID,Path,Gene,Chromosome,Start,End,Strand,Length,BioType,Description,Flg22_vs_Mock_pvalue,Flg22_vs_Mock_padj,Flg22_vs_Mock_log2FoldChange,Flg22_SynCom33_vs_Mock_pvalue,Flg22_SynCom33_vs_Mock_padj,Flg22_SynCom33_vs_Mock_log2FoldChange,Flg22_SynCom35_vs_Mock_pvalue,Flg22_SynCom35_vs_Mock_padj,Flg22_SynCom35_vs_Mock_log2FoldChange,Flg22_vs_Mock,Flg22_SynCom33_vs_Mock,Flg22_SynCom35_vs_Mock,cl
AT2G11810.4,GO:0046509,MGD3,2,4744267,4746813,+,2546,protein_coding,"Monogalactosyldiacylglycerol synthase 3, chloroplastic [Source:UniProtKB/Swiss-Prot;Acc:Q9SI93]",0.054466413429793435,0.39281377499150544,-1.5989422349243245,0.9262947941605191,0.9816285881880196,0.07358111205151328,0.32397864417618905,NA,-0.7964830465593377,-0,0,0,10
AT4G31780.3,GO:0046509,MGD1,4,15373988,15377134,+,3146,protein_coding,monogalactosyl diacylglycerol synthase 1 [Source:TAIR;Acc:AT4G31780],0.215499858128888,0.6912925476463905,-1.2867252824206723,0.2596103424423396,0.6302826160221248,-1.1680263576955405,0.3152968352359907,NA,-1.0353284817728412,-0,-0,-0,8
AT4G31780.2,GO:0046509,MGD1,4,15373999,15377172,+,3173,protein_coding,monogalactosyl diacylglycerol synthase 1 [Source:TAIR;Acc:AT4G31780],0.26212994665318884,0.7399435951320353,0.39590485991907914,0.8404171092987716,0.9560362545880232,0.07137149318344874,0.7452041668551479,0.9328332299391825,0.1149931368237425,0,0,0,7
AT5G20410.1,GO:0046509,MGD2,5,6896463,6898783,+,2320,protein_coding,"Monogalactosyldiacylglycerol synthase 2, chloroplastic [Source:UniProtKB/Swiss-Prot;Acc:O82730]",0.8246350166713748,0.968944803618052,0.10112792100274116,0.12824307620865363,0.45479262275966603,-0.7211245745821675,0.7845663458531632,0.9447307258150499,-0.1254375477130127,0,0,0,3
