ID,Path,Gene,Chromosome,Start,End,Strand,Length,BioType,Description,Flg22_vs_Mock_pvalue,Flg22_vs_Mock_padj,Flg22_vs_Mock_log2FoldChange,Flg22_SynCom33_vs_Mock_pvalue,Flg22_SynCom33_vs_Mock_padj,Flg22_SynCom33_vs_Mock_log2FoldChange,Flg22_SynCom35_vs_Mock_pvalue,Flg22_SynCom35_vs_Mock_padj,Flg22_SynCom35_vs_Mock_log2FoldChange,Flg22_vs_Mock,Flg22_SynCom33_vs_Mock,Flg22_SynCom35_vs_Mock,cl
AT4G11980.1,GO:0080042,NUDT14,4,7183650,7185581,-,1931,protein_coding,"Nudix hydrolase 14, chloroplastic [Source:UniProtKB/Swiss-Prot;Acc:Q9SZ63]",0.46837766938887704,0.8684580465793126,0.16132382667936065,0.625588955439653,0.8796570984880254,0.10900684824688235,0.869682680990994,0.9697717700709771,0.0366038961115932,0,0,0,6
AT4G12720.5,GO:0080042,AtNUDT7,4,7487248,7490077,+,2829,protein_coding,MutT/nudix family protein [Source:UniProtKB/TrEMBL;Acc:F4JRE7],0.2642106520941766,0.7414150045892587,0.891332851282815,0.9939566399693525,0.9980610969050794,-0.006158306116581686,0.7513969472827302,NA,0.2554284196717529,0,0,0,7
AT4G12720.4,GO:0080042,AtNUDT7,4,7487301,7489655,+,2354,protein_coding,MutT/nudix family protein [Source:UniProtKB/TrEMBL;Acc:F4JRE7],0.655064449190109,0.9293565154053939,0.26486995451937306,0.7734767118068401,0.9362787688891273,0.17088132815992324,0.5101780444853641,0.8385849710254357,0.38955751502490227,0,0,0,6
AT4G12720.3,GO:0080042,AtNUDT7,4,7487543,7490077,+,2534,protein_coding,MutT/nudix family protein [Source:UniProtKB/TrEMBL;Acc:F4JRE7],0.07843891203032645,0.4636320668667386,0.5281209667350723,0.7260347853875369,0.9220166820777135,0.10531781299339936,0.317544957794777,0.7162302297568277,-0.3008493796951714,0,0,0,7
AT4G12720.6,GO:0080042,AtNUDT7,4,7487918,7490077,+,2159,protein_coding,MutT/nudix family protein [Source:UniProtKB/TrEMBL;Acc:F4JRE7],0.30638429416756174,0.7736081364700135,-0.4494910102793528,0.15241624589402028,0.4950242104161674,0.6268770742915301,0.1777601739725786,0.5736816041801492,-0.5924136021686814,0,0,0,10
