ID,Path,Gene,Chromosome,Start,End,Strand,Length,BioType,Description,Flg22_vs_Mock_pvalue,Flg22_vs_Mock_padj,Flg22_vs_Mock_log2FoldChange,Flg22_SynCom33_vs_Mock_pvalue,Flg22_SynCom33_vs_Mock_padj,Flg22_SynCom33_vs_Mock_log2FoldChange,Flg22_SynCom35_vs_Mock_pvalue,Flg22_SynCom35_vs_Mock_padj,Flg22_SynCom35_vs_Mock_log2FoldChange,Flg22_vs_Mock,Flg22_SynCom33_vs_Mock,Flg22_SynCom35_vs_Mock,cl
AT1G09000.2,GO:0000186,ANP1,1,2891019,2894395,+,3376,protein_coding,Mitogen-activated protein kinase kinase kinase ANP1 [Source:UniProtKB/Swiss-Prot;Acc:O22040],0.9717274045235478,0.9946629527453268,0.04177883296765023,0.9544326142756365,0.9899894011752799,-0.06742709478834447,0.5030229017636372,0.8342389538959561,0.7854537145614721,0,0,0,4
AT1G09000.1,GO:0000186,ANP1,1,2891021,2895182,+,4161,protein_coding,Mitogen-activated protein kinase kinase kinase ANP1 [Source:UniProtKB/Swiss-Prot;Acc:O22040],0.6383049630602574,0.9261336031885353,-0.07364679451751611,0.2486631523904309,0.6193998204743851,0.1793377729481635,0.020096357766321266,0.1937627496571013,0.3587267003450092,0,0,0,1
AT1G54960.2,GO:0000186,ANP2,1,20499800,20503852,+,4052,protein_coding,NP2 [Source:UniProtKB/TrEMBL;Acc:A0A178WKE3],0.557923362403637,0.9008973223824984,-0.16562046365285021,0.22266205806137657,0.5909954033181206,-0.3466812967512015,0.42208833166500703,0.7863386000206334,0.2243604652349183,0,0,0,4
