ID,Path,Gene,Chromosome,Start,End,Strand,Length,BioType,Description,Flg22_vs_Mock_pvalue,Flg22_vs_Mock_padj,Flg22_vs_Mock_log2FoldChange,Flg22_SynCom33_vs_Mock_pvalue,Flg22_SynCom33_vs_Mock_padj,Flg22_SynCom33_vs_Mock_log2FoldChange,Flg22_SynCom35_vs_Mock_pvalue,Flg22_SynCom35_vs_Mock_padj,Flg22_SynCom35_vs_Mock_log2FoldChange,Flg22_vs_Mock,Flg22_SynCom33_vs_Mock,Flg22_SynCom35_vs_Mock,cl
AT1G20780.1,GO:0010271,PUB44,1,7217021,7220842,+,3821,protein_coding,RING-type E3 ubiquitin transferase [Source:UniProtKB/TrEMBL;Acc:A0A178W875],0.5161773369093452,0.886043035602738,-0.0857212715383435,0.6357147865014108,0.8849371983615784,0.06241304072734636,0.11402524215168523,0.477081613162651,-0.20880799794805127,0,0,0,10
AT1G20780.3,GO:0010271,PUB44,1,7217128,7220819,+,3691,protein_coding,RING-type E3 ubiquitin transferase [Source:UniProtKB/TrEMBL;Acc:A0A178W875],0.9872852135952287,0.9975578931739252,-0.015927508944263154,0.9559166154248591,0.9902070573278723,-0.05526421185077626,0.7126998133916996,0.9230912813229423,-0.3686632436489225,0,0,0,2
AT1G27320.1,GO:0010271,AHK3,1,9486889,9492632,+,5743,protein_coding,HK3 [Source:UniProtKB/TrEMBL;Acc:A0A178WL02],0.7475251941553025,0.9530196132125169,-0.042580441803837216,0.23291418160189914,0.6020383682521396,-0.1578851962029941,1.1677900118090203e-4,0.005383897123335033,-0.5106641296696895,0,0,0,2
AT5G35750.1,GO:0010271,AHK2,5,13911283,13916805,-,5522,protein_coding,Histidine kinase 2 [Source:UniProtKB/Swiss-Prot;Acc:Q9C5U2],0.09994010077332835,0.5155266073263529,0.3077374324583807,0.005251131958459705,0.07100650367571115,0.5213740412888876,0.029473980398313095,0.2403590505580736,0.4067307800237781,0,0,0,6
