ID,Path,Gene,Chromosome,Start,End,Strand,Length,BioType,Description,Flg22_vs_Mock_pvalue,Flg22_vs_Mock_padj,Flg22_vs_Mock_log2FoldChange,Flg22_SynCom33_vs_Mock_pvalue,Flg22_SynCom33_vs_Mock_padj,Flg22_SynCom33_vs_Mock_log2FoldChange,Flg22_SynCom35_vs_Mock_pvalue,Flg22_SynCom35_vs_Mock_padj,Flg22_SynCom35_vs_Mock_log2FoldChange,Flg22_vs_Mock,Flg22_SynCom33_vs_Mock,Flg22_SynCom35_vs_Mock,cl
AT5G10480.2,GO:0102344,PAS2,5,3297804,3300151,-,2347,protein_coding,Very-long-chain (3R)-3-hydroxyacyl-CoA dehydratase [Source:UniProtKB/TrEMBL;Acc:F4KGW0],0.002247167849803742,0.05885306424979222,-0.8514205469835947,0.20526264284661766,0.5688526149487398,-0.35172215430569564,0.7422104658555532,0.9314635992484758,-0.09115876646655789,0,0,0,8
AT5G10480.1,GO:0102344,PAS2,5,3297804,3300165,-,2361,protein_coding,Very-long-chain (3R)-3-hydroxyacyl-CoA dehydratase [Source:UniProtKB/TrEMBL;Acc:F4KGW0],7.80340474717602e-4,0.028722887039835415,1.2255448595570908,0.010309199040492887,0.11094804786464824,0.9364200642005804,0.2180491458148375,0.6215344728754634,0.4501560416520244,1,0,0,7
AT5G10480.3,GO:0102344,PAS2,5,3297806,3300151,-,2345,protein_coding,Very-long-chain (3R)-3-hydroxyacyl-CoA dehydratase [Source:UniProtKB/TrEMBL;Acc:F4KGW0],0.4285588738549787,0.8498645737550804,-1.6277335835153566,0.8433576470377551,NA,-0.4009960930582915,0.8146554389398812,NA,-0.4756771183252653,-0,0,0,8
AT5G59770.1,GO:0102344,,5,24079297,24081216,-,1919,protein_coding,Very-long-chain (3R)-3-hydroxyacyl-CoA dehydratase [Source:UniProtKB/TrEMBL;Acc:Q8GW27],0.24087740654968404,0.7186429619843681,0.22250480987852414,0.7420757644434401,0.9258960717144812,0.06279984163401842,0.2606708939629474,0.6690729080295091,-0.216173293022538,0,0,0,7
