ID,Path,Gene,Chromosome,Start,End,Strand,Length,BioType,Description,Flg22_vs_Mock_pvalue,Flg22_vs_Mock_padj,Flg22_vs_Mock_log2FoldChange,Flg22_SynCom33_vs_Mock_pvalue,Flg22_SynCom33_vs_Mock_padj,Flg22_SynCom33_vs_Mock_log2FoldChange,Flg22_SynCom35_vs_Mock_pvalue,Flg22_SynCom35_vs_Mock_padj,Flg22_SynCom35_vs_Mock_log2FoldChange,Flg22_vs_Mock,Flg22_SynCom33_vs_Mock,Flg22_SynCom35_vs_Mock,cl
AT2G01900.2,GO:0034595,,2,405762,409203,+,3441,protein_coding,DNAse I-like superfamily protein [Source:TAIR;Acc:AT2G01900],0.018415060678960808,0.21862893885537996,-1.2358044825560102,0.0612373876635817,0.3116546088082779,0.855501771459745,0.23780130000565894,NA,0.543902302551031,-0,0,0,1
AT2G01900.3,GO:0034595,,2,405762,409203,+,3441,protein_coding,DNAse I-like superfamily protein [Source:TAIR;Acc:AT2G01900],0.46153110483757626,0.8657571523940272,-0.22763067610660137,0.23070166401814912,0.5997217031366294,0.36879751135079564,0.0623785900320115,0.35529118826491085,-0.5777844427048439,0,0,0,10
