ID,Path,Gene,Chromosome,Start,End,Strand,Length,BioType,Description,Flg22_vs_Mock_pvalue,Flg22_vs_Mock_padj,Flg22_vs_Mock_log2FoldChange,Flg22_SynCom33_vs_Mock_pvalue,Flg22_SynCom33_vs_Mock_padj,Flg22_SynCom33_vs_Mock_log2FoldChange,Flg22_SynCom35_vs_Mock_pvalue,Flg22_SynCom35_vs_Mock_padj,Flg22_SynCom35_vs_Mock_log2FoldChange,Flg22_vs_Mock,Flg22_SynCom33_vs_Mock,Flg22_SynCom35_vs_Mock,cl
AT3G23580.1,GO:0009259,RNR2A,3,8459838,8462815,+,2977,protein_coding,Ribonucleoside-diphosphate reductase small chain A [Source:UniProtKB/Swiss-Prot;Acc:P50651],0.1466903782565674,0.6041042325132769,0.284904723704787,0.5771774994136858,0.8565734915516087,0.10993289065648398,0.12150029348031693,0.49006678750614113,-0.3081917791397485,0,0,0,7
AT4G20325.2,GO:0009259,,4,10979741,10981832,+,2091,protein_coding,Ribonuclease H2 subunit B [Source:UniProtKB/TrEMBL;Acc:A8MRG8],0.47103188188643974,NA,1.1577915261775034,0.7036609009359608,NA,0.6190730763280841,0.9483880624237113,NA,0.10680413398282772,0,0,0,7
AT4G20325.1,GO:0009259,,4,10979741,10982646,+,2905,protein_coding,Ribonuclease H2 subunit B [Source:UniProtKB/TrEMBL;Acc:A8MRG8],0.1978336806107374,0.6713218041521111,-0.4441129639702609,0.32212559776703215,0.6854571613372404,-0.34005370210815394,0.5811034524213858,0.8740962830469756,0.185393047793756,0,0,0,4
