ID,Path,Gene,Chromosome,Start,End,Strand,Length,BioType,Description,Flg22_vs_Mock_pvalue,Flg22_vs_Mock_padj,Flg22_vs_Mock_log2FoldChange,Flg22_SynCom33_vs_Mock_pvalue,Flg22_SynCom33_vs_Mock_padj,Flg22_SynCom33_vs_Mock_log2FoldChange,Flg22_SynCom35_vs_Mock_pvalue,Flg22_SynCom35_vs_Mock_padj,Flg22_SynCom35_vs_Mock_log2FoldChange,Flg22_vs_Mock,Flg22_SynCom33_vs_Mock,Flg22_SynCom35_vs_Mock,cl
AT3G23580.1,GO:0009186,RNR2A,3,8459838,8462815,+,2977,protein_coding,Ribonucleoside-diphosphate reductase small chain A [Source:UniProtKB/Swiss-Prot;Acc:P50651],0.1466903782565674,0.6041042325132769,0.284904723704787,0.5771774994136858,0.8565734915516087,0.10993289065648398,0.12150029348031693,0.49006678750614113,-0.3081917791397485,0,0,0,7
AT3G27060.1,GO:0009186,TSO2,3,9979841,9981620,-,1779,protein_coding,TSO2 [Source:UniProtKB/TrEMBL;Acc:A0A178VJE9],0.7201025900027849,0.9465549196851012,0.07745392606923661,0.4861051319163826,0.8042316656247226,-0.15088484059585927,0.1524560598040665,0.5385547176598339,0.3085833549118136,0,0,0,4
