ID,Path,Gene,Chromosome,Start,End,Strand,Length,BioType,Description,Flg22_vs_Mock_pvalue,Flg22_vs_Mock_padj,Flg22_vs_Mock_log2FoldChange,Flg22_SynCom33_vs_Mock_pvalue,Flg22_SynCom33_vs_Mock_padj,Flg22_SynCom33_vs_Mock_log2FoldChange,Flg22_SynCom35_vs_Mock_pvalue,Flg22_SynCom35_vs_Mock_padj,Flg22_SynCom35_vs_Mock_log2FoldChange,Flg22_vs_Mock,Flg22_SynCom33_vs_Mock,Flg22_SynCom35_vs_Mock,cl
AT1G63810.1,GO:0032545,,1,23669458,23675949,-,6491,protein_coding,Nucleolar protein [Source:UniProtKB/TrEMBL;Acc:Q0WVM5],0.19356571725610022,0.6681409358695782,-0.3894560699647056,0.1617886298216083,0.5091380104635633,-0.41921380852202944,0.7687628499509321,0.9398768494826469,0.08781756583185268,0,0,0,4
AT1G63810.2,GO:0032545,,1,23669458,23675949,-,6491,protein_coding,Nucleolar protein [Source:UniProtKB/TrEMBL;Acc:Q0WVM5],0.5226447955546353,0.8891510198690612,-0.8062599405368958,0.035465961816055144,0.23200605881500716,-2.6901478731279416,0.35341096594492943,0.7423049605991892,-1.171762314411832,0,-0,-0,8
