ID,Path,Gene,Chromosome,Start,End,Strand,Length,BioType,Description,Flg22_vs_Mock_pvalue,Flg22_vs_Mock_padj,Flg22_vs_Mock_log2FoldChange,Flg22_SynCom33_vs_Mock_pvalue,Flg22_SynCom33_vs_Mock_padj,Flg22_SynCom33_vs_Mock_log2FoldChange,Flg22_SynCom35_vs_Mock_pvalue,Flg22_SynCom35_vs_Mock_padj,Flg22_SynCom35_vs_Mock_log2FoldChange,Flg22_vs_Mock,Flg22_SynCom33_vs_Mock,Flg22_SynCom35_vs_Mock,cl
AT3G57630.1,GO:0010409,,3,21339274,21343965,-,4691,protein_coding,At3g57630 [Source:UniProtKB/TrEMBL;Acc:Q6NKR6],0.2570862582888752,0.7352708986042152,0.29251469646601946,0.7918449707185009,0.9418750664979973,-0.068342645629951,0.0058285039272861746,0.09030725760745746,-0.7188834183559208,0,0,0,7
AT3G57630.2,GO:0010409,,3,21339302,21343152,-,3850,protein_coding,At3g57630 [Source:UniProtKB/TrEMBL;Acc:Q6NKR6],0.1861381114480508,0.6614124876026071,0.33171015557300537,0.8877874984854269,0.9707738783124256,0.035445068579614755,0.10521234315706893,0.46021791848595717,-0.40766469626243057,0,0,0,7
AT3G57630.3,GO:0010409,,3,21339302,21343929,-,4627,protein_coding,At3g57630 [Source:UniProtKB/TrEMBL;Acc:Q6NKR6],0.28942064765445547,0.7628372997200498,1.2148380726874093,0.8100255561751452,0.9476945459305333,0.27726038562730854,0.9126638361214932,0.9802172575629858,0.12656556845911965,0,0,0,7
