ID,Path,Gene,Chromosome,Start,End,Strand,Length,BioType,Description,Flg22_vs_Mock_pvalue,Flg22_vs_Mock_padj,Flg22_vs_Mock_log2FoldChange,Flg22_SynCom33_vs_Mock_pvalue,Flg22_SynCom33_vs_Mock_padj,Flg22_SynCom33_vs_Mock_log2FoldChange,Flg22_SynCom35_vs_Mock_pvalue,Flg22_SynCom35_vs_Mock_padj,Flg22_SynCom35_vs_Mock_log2FoldChange,Flg22_vs_Mock,Flg22_SynCom33_vs_Mock,Flg22_SynCom35_vs_Mock,cl
AT3G10030.1,GO:0006225,,3,3092016,3095025,-,3009,protein_coding,AT3g10030/T22K18_15 [Source:UniProtKB/TrEMBL;Acc:Q94JR1],0.4956417971255431,0.8784752201520873,-0.09017791115916154,0.5070055003159715,0.816704696862302,-0.08783548315268781,0.948405683415433,0.988219306137685,-0.008528174700216423,0,0,0,4
AT3G10030.2,GO:0006225,,3,3092023,3094945,-,2922,protein_coding,AT3g10030/T22K18_15 [Source:UniProtKB/TrEMBL;Acc:Q94JR1],0.7889159015624565,0.9630058379178377,0.10820433940005961,0.5202750537479292,0.8248427692174941,0.25880299912550664,0.3402696050134598,0.7331843819320228,0.3817739306852368,0,0,0,1
