ID,Path,Gene,Chromosome,Start,End,Strand,Length,BioType,Description,Flg22_vs_Mock_pvalue,Flg22_vs_Mock_padj,Flg22_vs_Mock_log2FoldChange,Flg22_SynCom33_vs_Mock_pvalue,Flg22_SynCom33_vs_Mock_padj,Flg22_SynCom33_vs_Mock_log2FoldChange,Flg22_SynCom35_vs_Mock_pvalue,Flg22_SynCom35_vs_Mock_padj,Flg22_SynCom35_vs_Mock_log2FoldChange,Flg22_vs_Mock,Flg22_SynCom33_vs_Mock,Flg22_SynCom35_vs_Mock,cl
AT1G13900.1,GO:0045040,PAP2,1,4753099,4755656,-,2557,protein_coding,Probable inactive purple acid phosphatase 2 [Source:UniProtKB/Swiss-Prot;Acc:Q9LMG7],0.8580778934847402,0.9773835876364602,-0.019172827677659723,0.22745515856372356,0.5965146271752689,-0.1297712178806985,0.40482783277307033,0.7754431984853629,-0.08929875285817329,0,0,0,3
AT1G27390.1,GO:0045040,TOM20-2,1,9513081,9515050,-,1969,protein_coding,TOM20-2 [Source:UniProtKB/TrEMBL;Acc:A0A178W7F2],0.41383394490799963,0.8445825618824716,-0.14006102681998106,0.07363823735788216,0.34540971848797564,-0.30761212012772304,0.5811305468269781,0.8740962830469756,0.09410706573567341,0,0,0,4
AT3G27070.1,GO:0045040,TOM20-1,3,9982959,9984808,-,1849,protein_coding,Translocase outer membrane 20-1 [Source:UniProtKB/TrEMBL;Acc:F4JEW8],0.9335584481583143,0.9915020266177292,0.040755863070934185,0.7987088051320687,0.9445227036582908,0.12444298399414828,0.5415029356368536,0.8552703273077353,-0.30065760233218075,0,0,0,9
AT3G27080.1,GO:0045040,TOM20-3,3,9984947,9986738,-,1791,protein_coding,Mitochondrial import receptor subunit TOM20-3 [Source:UniProtKB/Swiss-Prot;Acc:P82874],0.5914061786797871,0.910141178910532,0.07466809302600524,0.9056796294932874,0.9756081444895488,0.016510827667416617,0.5557547227280749,0.8617690698931374,0.08178071242290282,0,0,0,4
AT5G40930.2,GO:0045040,TOM20-4,5,16404457,16406012,+,1555,protein_coding,Mitochondrial import receptor subunit TOM20-4 [Source:UniProtKB/Swiss-Prot;Acc:P82805],0.7702926730622415,0.9583532469749876,-0.14892259016721063,0.4391761158280139,0.7763996018472096,-0.40041169400584614,0.3247777082133985,NA,-0.5102595241946613,0,0,0,2
AT5G40930.1,GO:0045040,TOM20-4,5,16404457,16406079,+,1622,protein_coding,Mitochondrial import receptor subunit TOM20-4 [Source:UniProtKB/Swiss-Prot;Acc:P82805],0.1625524484181083,0.6259314614943956,0.18197276301888943,0.7035862701641526,0.9129361913172397,-0.049927751641769436,0.02049913580016967,0.19554647465522676,-0.3057142424564504,0,0,0,7
