ID,Path,Gene,Chromosome,Start,End,Strand,Length,BioType,Description,Flg22_vs_Mock_pvalue,Flg22_vs_Mock_padj,Flg22_vs_Mock_log2FoldChange,Flg22_SynCom33_vs_Mock_pvalue,Flg22_SynCom33_vs_Mock_padj,Flg22_SynCom33_vs_Mock_log2FoldChange,Flg22_SynCom35_vs_Mock_pvalue,Flg22_SynCom35_vs_Mock_padj,Flg22_SynCom35_vs_Mock_log2FoldChange,Flg22_vs_Mock,Flg22_SynCom33_vs_Mock,Flg22_SynCom35_vs_Mock,cl
AT3G16980.1,GO:0006283,NRPB9A,3,5794392,5795827,+,1435,protein_coding,"DNA-directed RNA polymerases II, IV and V subunit 9A [Source:UniProtKB/Swiss-Prot;Acc:Q6NLH0]",0.3207555591581763,NA,1.0413731998234854,0.507098855369189,NA,0.7128412265360623,0.12991596280465267,NA,1.5380710117139778,0,0,0,6
AT4G16265.1,GO:0006283,NRPB9B,4,9202250,9204147,-,1897,protein_coding,RNA polymerases M/15 Kd subunit [Source:TAIR;Acc:AT4G16265],0.2538669630237008,0.7324687787203411,0.6932174931010389,0.2312980893345219,0.6003731991406419,0.726846589158786,0.43053756571207263,NA,0.4805582458838781,0,0,0,6
AT4G16265.2,GO:0006283,NRPB9B,4,9202352,9203815,-,1463,protein_coding,RNA polymerases M/15 Kd subunit [Source:TAIR;Acc:AT4G16265],0.8222060601379753,0.9682181003350074,-0.0686195041723028,0.6705085387625779,0.9001953023530749,0.12880470922088014,0.06706732570248246,0.3688122999680309,0.5440121235833416,0,0,0,1
