ID,Path,Gene,Chromosome,Start,End,Strand,Length,BioType,Description,Flg22_vs_Mock_pvalue,Flg22_vs_Mock_padj,Flg22_vs_Mock_log2FoldChange,Flg22_SynCom33_vs_Mock_pvalue,Flg22_SynCom33_vs_Mock_padj,Flg22_SynCom33_vs_Mock_log2FoldChange,Flg22_SynCom35_vs_Mock_pvalue,Flg22_SynCom35_vs_Mock_padj,Flg22_SynCom35_vs_Mock_log2FoldChange,Flg22_vs_Mock,Flg22_SynCom33_vs_Mock,Flg22_SynCom35_vs_Mock,cl
AT4G18710.1,GO:0009729,ASK7,4,10296138,10299389,+,3251,protein_coding,Shaggy-related protein kinase eta [Source:UniProtKB/Swiss-Prot;Acc:Q39011],0.04342454944092894,0.35050794561120274,0.18524027482185562,0.5711140076942316,0.8534960392948818,0.0520355233294712,0.38739625989142024,0.7662566160049156,-0.07944647581889544,0,0,0,7
AT4G18710.2,GO:0009729,ASK7,4,10296273,10301228,+,4955,protein_coding,Shaggy-related protein kinase eta [Source:UniProtKB/Swiss-Prot;Acc:Q39011],0.9963804451432975,0.9993324120936764,0.004270674586499249,0.9567076753545429,0.9903429369202057,0.0510631756195502,0.6406374294323374,NA,-0.44371896737431493,0,0,0,9
AT4G39400.1,GO:0009729,BRI1,4,18324457,18328831,+,4374,protein_coding,Protein BRASSINOSTEROID INSENSITIVE 1 [Source:UniProtKB/Swiss-Prot;Acc:O22476],0.02809928772500428,0.2765597851247698,0.1906013796183471,0.3059727397945233,0.673466271650464,-0.08926587109524885,0.04286318024424105,0.2941239554846638,-0.1765741700235471,0,0,0,7
