ID,Path,Gene,Chromosome,Start,End,Strand,Length,BioType,Description,Flg22_vs_Mock_pvalue,Flg22_vs_Mock_padj,Flg22_vs_Mock_log2FoldChange,Flg22_SynCom33_vs_Mock_pvalue,Flg22_SynCom33_vs_Mock_padj,Flg22_SynCom33_vs_Mock_log2FoldChange,Flg22_SynCom35_vs_Mock_pvalue,Flg22_SynCom35_vs_Mock_padj,Flg22_SynCom35_vs_Mock_log2FoldChange,Flg22_vs_Mock,Flg22_SynCom33_vs_Mock,Flg22_SynCom35_vs_Mock,cl
AT1G02720.1,GO:0048363,GATL5,1,591682,594264,+,2582,protein_coding,Probable galacturonosyltransferase-like 5 [Source:UniProtKB/Swiss-Prot;Acc:Q9FWY9],0.11351357940066456,0.5443637857544966,-0.3155481550037032,0.11749458810556673,0.43595438474173154,-0.312207782994326,0.27449461543722176,0.6818413220256927,0.21335957983753212,0,0,0,4
AT1G02720.2,GO:0048363,GATL5,1,591826,593887,+,2061,protein_coding,Probable galacturonosyltransferase-like 5 [Source:UniProtKB/Swiss-Prot;Acc:Q9FWY9],0.2607473260433147,0.7383747076491852,-1.0913486169995883,0.9749520337424371,0.9945228463956359,-0.02939259901366656,0.7440400078044878,NA,0.3029454094370036,-0,0,0,1
AT4G28370.3,GO:0048363,FLY1,4,14034536,14039122,+,4586,protein_coding,Transmembrane E3 ubiquitin-protein ligase FLY1 [Source:UniProtKB/Swiss-Prot;Acc:Q5PP23],0.548536421798183,0.8971920945880493,0.9550740119528985,0.004205089219900836,0.061817647016211105,-4.81838770622898,0.4144398457100892,0.781394499066875,-1.3041785215169004,0,-0,-0,7
AT4G28370.4,GO:0048363,FLY1,4,14034614,14039668,+,5054,protein_coding,Transmembrane E3 ubiquitin-protein ligase FLY1 [Source:UniProtKB/Swiss-Prot;Acc:Q5PP23],0.748895275047412,0.9530196132125169,-0.058522774029946496,0.6928990636165858,0.9092313105604345,-0.07222792562262662,0.3364434809813225,0.7302782929529426,-0.17583246609060632,0,0,0,2
