ID,Path,Gene,Chromosome,Start,End,Strand,Length,BioType,Description,Flg22_vs_Mock_pvalue,Flg22_vs_Mock_padj,Flg22_vs_Mock_log2FoldChange,Flg22_SynCom33_vs_Mock_pvalue,Flg22_SynCom33_vs_Mock_padj,Flg22_SynCom33_vs_Mock_log2FoldChange,Flg22_SynCom35_vs_Mock_pvalue,Flg22_SynCom35_vs_Mock_padj,Flg22_SynCom35_vs_Mock_log2FoldChange,Flg22_vs_Mock,Flg22_SynCom33_vs_Mock,Flg22_SynCom35_vs_Mock,cl
AT1G78310.1,GO:0043433,VQ9,1,29463548,29465249,-,1701,protein_coding,VQ motif-containing protein 9 [Source:UniProtKB/Swiss-Prot;Acc:Q9M9F0],0.47397652069650736,0.8703814875828739,-0.11589146245408594,0.940478710265461,0.9863816741194695,-0.012051178487718766,0.1819298513768918,0.5797781570800671,-0.21619247925976912,0,0,0,10
AT3G52770.1,GO:0043433,ZPR3,3,19557516,19559323,-,1807,protein_coding,ZPR3 [Source:UniProtKB/TrEMBL;Acc:A0A178VBM1],0.7542507332175228,NA,-0.30683107647662394,0.6626211211208497,NA,-0.4317642220489724,0.316143485174874,NA,-1.0359920499814539,0,0,-0,2
AT4G26840.1,GO:0043433,SUMO1,4,13497287,13498820,+,1533,protein_coding,Small ubiquitin-related modifier 1 [Source:UniProtKB/Swiss-Prot;Acc:P55852],0.25377830378331173,0.7324687787203411,-0.22146782895437356,0.08720037103012845,0.37796595517758136,-0.33270089272348485,0.5901112773539476,0.8770011161049346,0.10385127284737863,0,0,0,4
AT5G08330.1,GO:0043433,TCP21,5,2680401,2681993,+,1592,protein_coding,Transcription factor TCP21 [Source:UniProtKB/Swiss-Prot;Acc:Q9FTA2],0.7914039449090855,0.9637823384300288,-0.05984046536832321,0.10989391228819403,0.4230560857609309,-0.3657993304573353,0.763728920116332,0.9383878150951668,0.06758537619576754,0,0,0,4
