ID,Path,Gene,Chromosome,Start,End,Strand,Length,BioType,Description,Flg22_vs_Mock_pvalue,Flg22_vs_Mock_padj,Flg22_vs_Mock_log2FoldChange,Flg22_SynCom33_vs_Mock_pvalue,Flg22_SynCom33_vs_Mock_padj,Flg22_SynCom33_vs_Mock_log2FoldChange,Flg22_SynCom35_vs_Mock_pvalue,Flg22_SynCom35_vs_Mock_padj,Flg22_SynCom35_vs_Mock_log2FoldChange,Flg22_vs_Mock,Flg22_SynCom33_vs_Mock,Flg22_SynCom35_vs_Mock,cl
AT1G80360.1,GO:0006569,ISS1,1,30208408,30211097,-,2689,protein_coding,Aromatic aminotransferase ISS1 [Source:UniProtKB/Swiss-Prot;Acc:Q9C969],0.07993924144442968,0.4675669434328502,1.034343983664426,0.5189567786297785,0.8241902224350794,0.38278306600463186,0.8921205838422972,0.9755861274846136,-0.08079608902532825,0,0,0,7
AT1G80360.3,GO:0006569,ISS1,1,30208408,30211097,-,2689,protein_coding,Aromatic aminotransferase ISS1 [Source:UniProtKB/Swiss-Prot;Acc:Q9C969],0.32103358675185023,0.7853934558500288,0.9603110233567751,0.39558214182949075,0.7462311599877905,0.8229447204143207,0.9353110798520106,0.9851661236325965,-0.07922896665072289,0,0,0,9
AT1G80360.4,GO:0006569,ISS1,1,30208437,30211075,-,2638,protein_coding,Aromatic aminotransferase ISS1 [Source:UniProtKB/Swiss-Prot;Acc:Q9C969],3.233079851904781e-4,0.01496889251763716,0.323122338458949,0.09262038417734068,0.38915616871761055,0.15137036057033282,0.010936334284116106,0.13335343649633313,-0.22975989346502437,0,0,0,7
AT2G22330.1,GO:0006569,CYP79B3,2,9488542,9491296,+,2754,protein_coding,"cytochrome P450, family 79, subfamily B, polypeptide 3 [Source:TAIR;Acc:AT2G22330]",0.05752357000794647,0.401881384945018,-0.5768576665292572,0.7250771758247397,0.9216800664656697,-0.10673026525078563,0.004027030903703097,0.07092409186038734,0.8718955442678686,0,0,0,4
AT4G39950.2,GO:0006569,CYP79B2,4,18525042,18527602,+,2560,protein_coding,"cytochrome P450, family 79, subfamily B, polypeptide 2 [Source:TAIR;Acc:AT4G39950]",0.26712243904634303,0.7438479610425603,0.590710166005323,0.5143485967933987,0.8212591458184928,0.34793707461170237,0.5940132707934733,0.8787290948010442,-0.28632900805680783,0,0,0,7
AT4G39950.1,GO:0006569,CYP79B2,4,18525246,18527579,+,2333,protein_coding,"cytochrome P450, family 79, subfamily B, polypeptide 2 [Source:TAIR;Acc:AT4G39950]",0.04956063988275908,0.3742701576103368,0.4587658385786957,0.1062805257006225,0.4163323485705275,0.37736764345871615,0.011984504028029466,0.14168216113333312,0.5868645587233415,0,0,0,6
