ID,Path,Gene,Chromosome,Start,End,Strand,Length,BioType,Description,Flg22_vs_Mock_pvalue,Flg22_vs_Mock_padj,Flg22_vs_Mock_log2FoldChange,Flg22_SynCom33_vs_Mock_pvalue,Flg22_SynCom33_vs_Mock_padj,Flg22_SynCom33_vs_Mock_log2FoldChange,Flg22_SynCom35_vs_Mock_pvalue,Flg22_SynCom35_vs_Mock_padj,Flg22_SynCom35_vs_Mock_log2FoldChange,Flg22_vs_Mock,Flg22_SynCom33_vs_Mock,Flg22_SynCom35_vs_Mock,cl
AT2G28880.1,GO:0008153,ADCS,2,12398745,12403621,-,4876,protein_coding,"Aminodeoxychorismate synthase, chloroplastic [Source:UniProtKB/Swiss-Prot;Acc:Q8LPN3]",0.3248680318943654,0.7880047143568644,-0.13567088640851133,0.1681395629750964,0.5191142450782752,-0.1909197545195467,0.44856774153965767,0.803944060999754,0.10202907763683,0,0,0,4
AT5G57850.2,GO:0008153,DAAT,5,23435291,23436747,-,1456,protein_coding,Branched-chain amino acid aminotransferase like protein [Source:UniProtKB/TrEMBL;Acc:Q0WW83],0.7672877277437522,0.9571733012705728,0.05969676570815664,0.558682914766826,0.8461312352443102,0.11776824707912846,0.2581822278158255,0.6659897456581476,0.22618763422520746,0,0,0,1
AT5G57850.1,GO:0008153,DAAT,5,23435291,23437347,-,2056,protein_coding,Branched-chain amino acid aminotransferase like protein [Source:UniProtKB/TrEMBL;Acc:Q0WW83],0.005582235372544654,0.10673310240296813,2.311267669642494,0.0045071425046263785,0.06444734298370548,2.367851808475822,0.026725382465605428,0.22751366051028504,1.8545630429767495,0,0,0,6
