ID,Path,Gene,Chromosome,Start,End,Strand,Length,BioType,Description,Flg22_vs_Mock_pvalue,Flg22_vs_Mock_padj,Flg22_vs_Mock_log2FoldChange,Flg22_SynCom33_vs_Mock_pvalue,Flg22_SynCom33_vs_Mock_padj,Flg22_SynCom33_vs_Mock_log2FoldChange,Flg22_SynCom35_vs_Mock_pvalue,Flg22_SynCom35_vs_Mock_padj,Flg22_SynCom35_vs_Mock_log2FoldChange,Flg22_vs_Mock,Flg22_SynCom33_vs_Mock,Flg22_SynCom35_vs_Mock,cl
AT1G52160.1,GO:0072684,TRZ3,1,19420715,19424474,-,3759,protein_coding,"tRNase Z TRZ3, mitochondrial [Source:UniProtKB/Swiss-Prot;Acc:Q8VYS2]",0.026273261844018545,0.26635553293984926,-0.3295442342035186,2.5079380054415275e-4,0.00825194485462413,-0.5485825962670151,0.2538367311132313,0.6622129516481687,-0.167648830213367,0,0,0,8
AT3G16260.1,GO:0072684,TRZ4,3,5509344,5513245,+,3901,protein_coding,TRZ4 [Source:UniProtKB/TrEMBL;Acc:A0A178V7J3],0.7669854120297228,0.9571733012705728,0.07270363762213775,0.6902486040524418,0.9079819021107044,-0.09820803831204142,0.34352788056968736,0.735867041699572,0.2312470032065476,0,0,0,4
