ID,Path,Gene,Chromosome,Start,End,Strand,Length,BioType,Description,Flg22_vs_Mock_pvalue,Flg22_vs_Mock_padj,Flg22_vs_Mock_log2FoldChange,Flg22_SynCom33_vs_Mock_pvalue,Flg22_SynCom33_vs_Mock_padj,Flg22_SynCom33_vs_Mock_log2FoldChange,Flg22_SynCom35_vs_Mock_pvalue,Flg22_SynCom35_vs_Mock_padj,Flg22_SynCom35_vs_Mock_log2FoldChange,Flg22_vs_Mock,Flg22_SynCom33_vs_Mock,Flg22_SynCom35_vs_Mock,cl
AT1G58360.1,GO:0015808,AAP1,1,21676388,21680519,+,4131,protein_coding,NAT2 [Source:UniProtKB/TrEMBL;Acc:A0A178WEG7],1.1540097449227869e-5,0.0012331310225449056,0.9163413953105973,0.5132658338141061,0.8202123495773868,-0.1376274685986394,0.0017638223006713517,0.03942440900798488,-0.6617045922344587,0,0,0,7
AT3G01760.1,GO:0015808,,3,273248,275304,+,2056,protein_coding,Lysine histidine transporter-like 4 [Source:UniProtKB/Swiss-Prot;Acc:Q9SS86],0.2393764772972451,0.7169569841498484,-0.46608384197371877,0.0025877580221893457,0.044280147137169955,1.1607495955020324,0.24991710239491977,0.6587243706904383,0.4465852634101782,0,1,0,5
