ID,Path,Gene,Chromosome,Start,End,Strand,Length,BioType,Description,Flg22_vs_Mock_pvalue,Flg22_vs_Mock_padj,Flg22_vs_Mock_log2FoldChange,Flg22_SynCom33_vs_Mock_pvalue,Flg22_SynCom33_vs_Mock_padj,Flg22_SynCom33_vs_Mock_log2FoldChange,Flg22_SynCom35_vs_Mock_pvalue,Flg22_SynCom35_vs_Mock_padj,Flg22_SynCom35_vs_Mock_log2FoldChange,Flg22_vs_Mock,Flg22_SynCom33_vs_Mock,Flg22_SynCom35_vs_Mock,cl
AT5G44930.1,GO:0035884,ARAD2,5,18138775,18142159,-,3384,protein_coding,Probable arabinosyltransferase ARAD2 [Source:UniProtKB/Swiss-Prot;Acc:Q9FLA5],0.8434007650607457,0.9732016728607761,0.14710110261241177,0.316874543787182,0.6820579298652436,-0.7569271297843738,0.7876258770908647,0.9458834692491825,-0.20133515567875535,0,0,0,3
AT5G44930.2,GO:0035884,ARAD2,5,18140230,18142159,-,1929,protein_coding,Probable arabinosyltransferase ARAD2 [Source:UniProtKB/Swiss-Prot;Acc:Q9FLA5],0.24532930028048291,0.7251919618147538,0.36793437330283435,0.12482526074085327,0.44887868761844196,0.4844225966930931,0.20399811477079147,0.6058647019930082,0.40083274237842836,0,0,0,6
