ID,Path,Gene,Chromosome,Start,End,Strand,Length,BioType,Description,Flg22_vs_Mock_pvalue,Flg22_vs_Mock_padj,Flg22_vs_Mock_log2FoldChange,Flg22_SynCom33_vs_Mock_pvalue,Flg22_SynCom33_vs_Mock_padj,Flg22_SynCom33_vs_Mock_log2FoldChange,Flg22_SynCom35_vs_Mock_pvalue,Flg22_SynCom35_vs_Mock_padj,Flg22_SynCom35_vs_Mock_log2FoldChange,Flg22_vs_Mock,Flg22_SynCom33_vs_Mock,Flg22_SynCom35_vs_Mock,cl
AT2G32080.1,GO:0001227,PURA1,2,13642237,13644166,-,1929,protein_coding,PUR ALPHA-1 [Source:UniProtKB/TrEMBL;Acc:A0A178VXA3],0.07040884547171558,0.44143556933669653,0.17107248177287193,0.22025621460156067,0.587520404668841,0.11608642670494732,0.01895653934051277,0.1876775405160725,-0.2236408126869971,0,0,0,9
AT2G32080.2,GO:0001227,PURA1,2,13642237,13644421,-,2184,protein_coding,PUR ALPHA-1 [Source:UniProtKB/TrEMBL;Acc:A0A178VXA3],0.551834699104308,0.8978838967355656,-0.07084012888820235,0.6888602427855551,0.9075642543893988,-0.04766357658813065,0.037121516505148326,0.2722772695368471,-0.24847593898351228,0,0,0,2
AT5G62430.1,GO:0001227,CDF1,5,25069093,25071111,-,2018,protein_coding,Cyclic dof factor 1 [Source:UniProtKB/Swiss-Prot;Acc:Q8W1E3],0.5771230558292154,0.9062875630636722,0.18518898314982274,0.5125516155849572,0.8198369791174135,-0.22003015859582362,0.20992094376594855,0.6117282150708543,-0.42281984674658546,0,0,0,2
