ID,Path,Gene,Chromosome,Start,End,Strand,Length,BioType,Description,Flg22_vs_Mock_pvalue,Flg22_vs_Mock_padj,Flg22_vs_Mock_log2FoldChange,Flg22_SynCom33_vs_Mock_pvalue,Flg22_SynCom33_vs_Mock_padj,Flg22_SynCom33_vs_Mock_log2FoldChange,Flg22_SynCom35_vs_Mock_pvalue,Flg22_SynCom35_vs_Mock_padj,Flg22_SynCom35_vs_Mock_log2FoldChange,Flg22_vs_Mock,Flg22_SynCom33_vs_Mock,Flg22_SynCom35_vs_Mock,cl
AT3G55410.1,GO:0004591,,3,20541269,20546053,+,4784,protein_coding,"2-oxoglutarate dehydrogenase, E1 component [Source:UniProtKB/TrEMBL;Acc:F4IWV2]",0.41357386469104745,0.8445661834165121,-0.10186890353031797,0.08164498688399036,0.3651881093869266,-0.21700333442143258,0.1118698822682795,0.47281443067943757,-0.1980898504104188,0,0,0,8
AT5G65750.1,GO:0004591,,5,26303673,26308237,+,4564,protein_coding,"2-oxoglutarate dehydrogenase, E1 component [Source:UniProtKB/TrEMBL;Acc:Q9FLH2]",0.915590779163693,0.9881103985285892,-0.03149595294248735,0.01688499872859928,0.14945753566750275,-0.7109952809524284,0.1821095556558456,0.5799062461903817,-0.39670310613575216,0,0,0,3
