ID,Path,Gene,Chromosome,Start,End,Strand,Length,BioType,Description,Flg22_vs_Mock_pvalue,Flg22_vs_Mock_padj,Flg22_vs_Mock_log2FoldChange,Flg22_SynCom33_vs_Mock_pvalue,Flg22_SynCom33_vs_Mock_padj,Flg22_SynCom33_vs_Mock_log2FoldChange,Flg22_SynCom35_vs_Mock_pvalue,Flg22_SynCom35_vs_Mock_padj,Flg22_SynCom35_vs_Mock_log2FoldChange,Flg22_vs_Mock,Flg22_SynCom33_vs_Mock,Flg22_SynCom35_vs_Mock,cl
AT3G12760.1,GO:0032182,,3,4054724,4058840,+,4116,protein_coding,Defective in cullin neddylation protein [Source:UniProtKB/TrEMBL;Acc:Q9LTV9],0.3574862201598362,0.8109479257536198,0.15162943976269777,0.6043947229960644,0.8703800453396482,-0.08559669943072841,0.6343893773116314,0.8954336834668395,0.07836143206839619,0,0,0,3
AT3G28970.1,GO:0032182,AAR3,3,10987787,10990016,-,2229,protein_coding,Defective in cullin neddylation protein [Source:UniProtKB/TrEMBL;Acc:Q9MBG8],0.597965072478327,0.912842952588214,0.10146636988611973,0.3885570677960771,0.7416879284594294,0.16558397365737348,0.9866681466061338,0.9974035201000954,0.0032174531792849193,0,0,0,5
