ID,Path,Gene,Chromosome,Start,End,Strand,Length,BioType,Description,Flg22_vs_Mock_pvalue,Flg22_vs_Mock_padj,Flg22_vs_Mock_log2FoldChange,Flg22_SynCom33_vs_Mock_pvalue,Flg22_SynCom33_vs_Mock_padj,Flg22_SynCom33_vs_Mock_log2FoldChange,Flg22_SynCom35_vs_Mock_pvalue,Flg22_SynCom35_vs_Mock_padj,Flg22_SynCom35_vs_Mock_log2FoldChange,Flg22_vs_Mock,Flg22_SynCom33_vs_Mock,Flg22_SynCom35_vs_Mock,cl
AT1G30620.1,GO:0019567,MUR4,1,10854517,10858280,+,3763,protein_coding,UXE1 [Source:UniProtKB/TrEMBL;Acc:A0A384K925],0.5921009077840693,0.910141178910532,0.31490623797540207,0.4687936771986443,0.7939792566014567,-0.4275386706909101,0.41036583214290484,0.7785333325206217,-0.4857476022285379,0,0,0,7
AT1G30620.2,GO:0019567,MUR4,1,10854913,10858237,+,3324,protein_coding,UXE1 [Source:UniProtKB/TrEMBL;Acc:A0A384K925],0.5256682449717474,0.889562413930571,0.12659302267398873,0.6769772417291302,0.9025244104424954,0.08319530242876993,0.021373105509207704,0.20055095870540907,-0.4648997247884652,0,0,0,9
AT1G30620.5,GO:0019567,MUR4,1,10855120,10858237,+,3117,protein_coding,UXE1 [Source:UniProtKB/TrEMBL;Acc:A0A384K925],0.806463010073449,0.9662426756893417,0.3927497073390116,0.41628323948407137,NA,1.2939147440891756,0.8365916730621459,NA,0.33059609247266336,0,0,0,5
AT5G15650.1,GO:0019567,RGP2,5,5092140,5095302,+,3162,protein_coding,UDP-arabinopyranose mutase 2 [Source:UniProtKB/Swiss-Prot;Acc:Q9LFW1],0.8615428355239518,0.9781417963176946,0.021379887912794625,0.025441491909010735,0.1920579010103978,0.27379006818124374,0.401214566414261,0.7731213487220098,0.10286790619309755,0,0,0,5
