ID,Path,Gene,Chromosome,Start,End,Strand,Length,BioType,Description,Flg22_vs_Mock_pvalue,Flg22_vs_Mock_padj,Flg22_vs_Mock_log2FoldChange,Flg22_SynCom33_vs_Mock_pvalue,Flg22_SynCom33_vs_Mock_padj,Flg22_SynCom33_vs_Mock_log2FoldChange,Flg22_SynCom35_vs_Mock_pvalue,Flg22_SynCom35_vs_Mock_padj,Flg22_SynCom35_vs_Mock_log2FoldChange,Flg22_vs_Mock,Flg22_SynCom33_vs_Mock,Flg22_SynCom35_vs_Mock,cl
AT1G08130.1,GO:0000012,LIG1,1,2542663,2547946,-,5283,protein_coding,DNA ligase 1 [Source:UniProtKB/Swiss-Prot;Acc:Q42572],0.3324622507035535,0.79345386942344,-0.15395962127465745,0.6920472945714508,0.9086092371321851,-0.06284241104773196,0.7797163076277105,0.9437522092315389,0.044253097025477264,0,0,0,4
AT5G01310.1,GO:0000012,APTX,5,126204,129150,+,2946,protein_coding,APRATAXIN-like [Source:TAIR;Acc:AT5G01310],0.5113996623901553,0.8845496104443527,0.11553038216294984,0.3874403678308905,0.7407639525857898,0.15189932382967233,0.3094929143081119,0.7096186311266015,0.17782515482193775,0,0,0,6
AT5G15170.1,GO:0000012,TDP1,5,4925850,4929502,-,3652,protein_coding,Tyrosyl-DNA phosphodiesterase 1 [Source:UniProtKB/Swiss-Prot;Acc:Q8H1D9],0.6424904809686829,0.9273392630027173,-0.07753719227541747,0.6092831077151581,0.8730603092000515,-0.08543826478656881,0.9972891074964376,0.9995751679663003,5.63622492699216e-4,0,0,0,4
