ID,Path,Gene,Chromosome,Start,End,Strand,Length,BioType,Description,Flg22_vs_Mock_pvalue,Flg22_vs_Mock_padj,Flg22_vs_Mock_log2FoldChange,Flg22_SynCom33_vs_Mock_pvalue,Flg22_SynCom33_vs_Mock_padj,Flg22_SynCom33_vs_Mock_log2FoldChange,Flg22_SynCom35_vs_Mock_pvalue,Flg22_SynCom35_vs_Mock_padj,Flg22_SynCom35_vs_Mock_log2FoldChange,Flg22_vs_Mock,Flg22_SynCom33_vs_Mock,Flg22_SynCom35_vs_Mock,cl
AT1G49430.1,GO:0031957,LACS2,1,18290942,18295905,+,4963,protein_coding,Long chain acyl-CoA synthetase 2 [Source:UniProtKB/Swiss-Prot;Acc:Q9XIA9],0.9223286357030334,0.9887850861454269,-0.035870744666208286,0.08198443720651181,0.3659477935480208,-0.6402457123287031,0.018728050573134855,0.18648983472205227,-0.8655246944722322,0,0,0,2
AT1G49430.2,GO:0031957,LACS2,1,18290979,18294644,+,3665,protein_coding,Long chain acyl-CoA synthetase 2 [Source:UniProtKB/Swiss-Prot;Acc:Q9XIA9],0.6244886569006944,0.9223468359331597,0.6687325859652469,0.883520860899498,NA,-0.20259653652038584,0.15207389796148532,NA,-2.1069383911646082,0,0,-0,7
AT2G47240.3,GO:0031957,LACS1,2,19393584,19397831,+,4247,protein_coding,Long chain acyl-CoA synthetase 1 [Source:UniProtKB/Swiss-Prot;Acc:O22898],0.17128408667134778,0.640028029730955,-0.5941646990692734,0.7305355528082473,0.9232868458236317,-0.14861009511692627,0.0015757798603061777,0.03645203065312118,-1.394503914355562,0,0,-1,10
AT2G47240.4,GO:0031957,LACS1,2,19394106,19397831,+,3725,protein_coding,Long chain acyl-CoA synthetase 1 [Source:UniProtKB/Swiss-Prot;Acc:O22898],0.8562051560519324,0.9767773977848947,0.048121885135520945,6.876893839323297e-4,0.017189186198307546,-0.9246648575673467,0.004439296901824261,0.07579886789502346,-0.7689203576788536,0,0,0,2
