ID,Path,Gene,Chromosome,Start,End,Strand,Length,BioType,Description,Flg22_vs_Mock_pvalue,Flg22_vs_Mock_padj,Flg22_vs_Mock_log2FoldChange,Flg22_SynCom33_vs_Mock_pvalue,Flg22_SynCom33_vs_Mock_padj,Flg22_SynCom33_vs_Mock_log2FoldChange,Flg22_SynCom35_vs_Mock_pvalue,Flg22_SynCom35_vs_Mock_padj,Flg22_SynCom35_vs_Mock_log2FoldChange,Flg22_vs_Mock,Flg22_SynCom33_vs_Mock,Flg22_SynCom35_vs_Mock,cl
AT1G12370.3,GO:0003904,PHR1,1,4206360,4208951,-,2591,protein_coding,Deoxyribodipyrimidine photo-lyase [Source:UniProtKB/Swiss-Prot;Acc:Q9SB00],0.870279722605382,0.9800661732755555,0.10312305972732491,0.7985347832046483,0.9444756388442851,0.16085725801435286,0.27486266677790827,NA,0.6737460577143529,0,0,0,4
AT1G12370.2,GO:0003904,PHR1,1,4206360,4208999,-,2639,protein_coding,Deoxyribodipyrimidine photo-lyase [Source:UniProtKB/Swiss-Prot;Acc:Q9SB00],0.6738668493105648,0.9355977356152779,-0.12101323716926575,0.005772926976335762,0.075644587355112,-0.8031309885409073,0.4151560037859862,0.7819481045238594,-0.23442097066457615,0,0,0,3
