ID,Path,Gene,Chromosome,Start,End,Strand,Length,BioType,Description,Flg22_vs_Mock_pvalue,Flg22_vs_Mock_padj,Flg22_vs_Mock_log2FoldChange,Flg22_SynCom33_vs_Mock_pvalue,Flg22_SynCom33_vs_Mock_padj,Flg22_SynCom33_vs_Mock_log2FoldChange,Flg22_SynCom35_vs_Mock_pvalue,Flg22_SynCom35_vs_Mock_padj,Flg22_SynCom35_vs_Mock_log2FoldChange,Flg22_vs_Mock,Flg22_SynCom33_vs_Mock,Flg22_SynCom35_vs_Mock,cl
AT2G20860.2,GO:0016992,LIP1,2,8979554,8981366,+,1812,protein_coding,"Lipoyl synthase, mitochondrial [Source:UniProtKB/Swiss-Prot;Acc:Q9ZWT1]",0.20591988617618837,0.680994324873815,0.13192133978775028,0.879482921554377,0.968058511713338,-0.015873387549805308,0.9367686572573015,0.9851868880707652,-0.008285722292137343,0,0,0,3
AT2G20860.3,GO:0016992,LIP1,2,8979579,8981923,+,2344,protein_coding,"Lipoyl synthase, mitochondrial [Source:UniProtKB/Swiss-Prot;Acc:Q9ZWT1]",0.9844191777883973,0.997019401563105,-0.021385493536642746,0.97778978984941,0.9950129631478605,0.03047155863207192,0.6282410817328088,NA,-0.5335518268167254,0,0,0,10
AT5G08415.1,GO:0016992,LIP1P,5,2710781,2713255,-,2474,protein_coding,"Lipoyl synthase, chloroplastic [Source:UniProtKB/TrEMBL;Acc:A0A178UNA7]",0.7141166991715417,0.94581248599283,0.060862362035503166,0.7929259266736525,0.9421568793178766,-0.04369539338882963,0.7344775226692537,0.9292632096261928,-0.05638516212386048,0,0,0,3
AT5G23440.1,GO:0016992,FTRA1,5,7902895,7903899,-,1004,protein_coding,At5g23440 [Source:UniProtKB/TrEMBL;Acc:Q9FHL4],0.7374664530986101,0.9522162274734305,0.07981428913599284,0.5501065273565788,0.8411332500085065,-0.14447598948943446,0.46768473647202713,0.81538947677687,-0.17484659092936503,0,0,0,2
