ID,Path,Gene,Chromosome,Start,End,Strand,Length,BioType,Description,Flg22_vs_Mock_pvalue,Flg22_vs_Mock_padj,Flg22_vs_Mock_log2FoldChange,Flg22_SynCom33_vs_Mock_pvalue,Flg22_SynCom33_vs_Mock_padj,Flg22_SynCom33_vs_Mock_log2FoldChange,Flg22_SynCom35_vs_Mock_pvalue,Flg22_SynCom35_vs_Mock_padj,Flg22_SynCom35_vs_Mock_log2FoldChange,Flg22_vs_Mock,Flg22_SynCom33_vs_Mock,Flg22_SynCom35_vs_Mock,cl
AT2G40490.1,GO:0004853,HEME2,2,16912805,16915202,+,2397,protein_coding,"Uroporphyrinogen decarboxylase 2, chloroplastic [Source:UniProtKB/Swiss-Prot;Acc:O22886]",0.08501815199543362,0.48129415027164335,-0.20112116307369324,0.06377844820533578,0.3187381008841488,0.21171515171791463,0.012830700180885828,0.14783685456814197,0.28208096285587125,0,0,0,1
AT3G14930.2,GO:0004853,HEME1,3,5020461,5023146,+,2685,protein_coding,"Uroporphyrinogen decarboxylase 1, chloroplastic [Source:UniProtKB/Swiss-Prot;Acc:Q93ZB6]",0.1464496270671306,0.603886427760547,-0.3604498606373001,0.9254418541251566,0.9815635400509946,0.0229676282502864,0.3343384919159412,0.7291076358333679,0.23520468119868043,0,0,0,1
AT3G14930.3,GO:0004853,HEME1,3,5020591,5022959,+,2368,protein_coding,"Uroporphyrinogen decarboxylase 1, chloroplastic [Source:UniProtKB/Swiss-Prot;Acc:Q93ZB6]",0.6030305780880163,0.91443312606026,-0.13007724427694992,0.32197965821986474,0.6853093564739828,0.2459291090683054,0.4029541135315695,0.7743463943116132,-0.20919692664850445,0,0,0,10
