ID,Path,Gene,Chromosome,Start,End,Strand,Length,BioType,Description,Flg22_vs_Mock_pvalue,Flg22_vs_Mock_padj,Flg22_vs_Mock_log2FoldChange,Flg22_SynCom33_vs_Mock_pvalue,Flg22_SynCom33_vs_Mock_padj,Flg22_SynCom33_vs_Mock_log2FoldChange,Flg22_SynCom35_vs_Mock_pvalue,Flg22_SynCom35_vs_Mock_padj,Flg22_SynCom35_vs_Mock_log2FoldChange,Flg22_vs_Mock,Flg22_SynCom33_vs_Mock,Flg22_SynCom35_vs_Mock,cl
AT3G29090.1,GO:0045488,PME31,3,11073646,11075478,+,1832,protein_coding,Pectinesterase 31 [Source:UniProtKB/Swiss-Prot;Acc:Q9LVQ0],0.19599624784312547,0.6706022537318397,0.16386776329905547,0.17479741168306795,0.5295136376903575,-0.17567798024348505,0.47918066871073817,0.8218527502561445,-0.0905826528084154,0,0,0,3
AT3G49720.1,GO:0045488,CGR2,3,18440003,18442211,-,2208,protein_coding,Probable pectin methylesterase CGR2 [Source:UniProtKB/Swiss-Prot;Acc:Q9M2Y6],0.3579564132789448,0.8109479257536198,0.17210111297340727,0.5375087279775048,0.8349556946759734,0.11548341350191235,0.5981928737830178,0.8801494806110844,0.09866049211687707,0,0,0,6
AT5G65810.1,GO:0045488,CGR3,5,26337665,26339865,-,2200,protein_coding,Probable pectin methylesterase CGR3 [Source:UniProtKB/Swiss-Prot;Acc:Q0WPN7],0.6884184320427124,0.9385568846082438,-0.06800097854700586,0.8359075616952232,0.9545341305346319,0.035076249376591824,0.07783284761732819,0.3975487918502765,0.2972588856732571,0,0,0,4
