ID,Path,Gene,Chromosome,Start,End,Strand,Length,BioType,Description,Flg22_vs_Mock_pvalue,Flg22_vs_Mock_padj,Flg22_vs_Mock_log2FoldChange,Flg22_SynCom33_vs_Mock_pvalue,Flg22_SynCom33_vs_Mock_padj,Flg22_SynCom33_vs_Mock_log2FoldChange,Flg22_SynCom35_vs_Mock_pvalue,Flg22_SynCom35_vs_Mock_padj,Flg22_SynCom35_vs_Mock_log2FoldChange,Flg22_vs_Mock,Flg22_SynCom33_vs_Mock,Flg22_SynCom35_vs_Mock,cl
AT1G62262.1,GO:0006873,SLAH4,1,23000157,23002096,-,1939,protein_coding,S-type anion channel SLAH4 [Source:UniProtKB/Swiss-Prot;Acc:A8MRV9],0.9588935202596772,0.9941081066718297,0.04028973112817988,0.06693843834738668,0.327937661232703,-1.4759902091549575,0.4107935203585304,0.7787489192962583,-0.6485096206477725,0,-0,0,3
AT1G62280.1,GO:0006873,SLAH1,1,23007044,23008610,-,1566,protein_coding,SLAH1 [Source:UniProtKB/TrEMBL;Acc:A0A178W8P4],0.7545628579184451,0.9539224720473695,0.13376099359031457,0.6822891014103776,0.9051459707696669,0.17506585600431238,0.05792772445673604,0.34339136298757883,0.8045195159760299,0,0,0,4
AT4G27970.1,GO:0006873,SLAH2,4,13918165,13920352,-,2187,protein_coding,S-type anion channel SLAH2 [Source:UniProtKB/Swiss-Prot;Acc:Q9ASQ7],4.2661614770737855e-4,0.01852704637741299,0.7746990172587107,0.04160408458218826,0.2540337324609203,0.4521536049469544,0.34119799767449227,0.7339539903480808,0.21223899805641516,0,0,0,7
AT4G27970.2,GO:0006873,SLAH2,4,13918165,13920352,-,2187,protein_coding,S-type anion channel SLAH2 [Source:UniProtKB/Swiss-Prot;Acc:Q9ASQ7],0.33378715170811096,0.7944595538033034,0.8765277411997546,0.8680120432415089,0.9652913419734153,-0.15329900300452884,0.5113845755462552,NA,-0.6114742071300332,0,0,0,7
AT5G24030.1,GO:0006873,SLAH3,5,8118317,8122914,-,4597,protein_coding,S-type anion channel SLAH3 [Source:UniProtKB/Swiss-Prot;Acc:Q9FLV9],0.0283653486658279,0.27820090387902846,0.44913114861652553,0.2411198273756743,0.6112287681481192,0.240375590435319,0.2326611464352784,0.6406575111586701,-0.24525167079596585,0,0,0,7
