ID,Path,Gene,Chromosome,Start,End,Strand,Length,BioType,Description,Flg22_vs_Mock_pvalue,Flg22_vs_Mock_padj,Flg22_vs_Mock_log2FoldChange,Flg22_SynCom33_vs_Mock_pvalue,Flg22_SynCom33_vs_Mock_padj,Flg22_SynCom33_vs_Mock_log2FoldChange,Flg22_SynCom35_vs_Mock_pvalue,Flg22_SynCom35_vs_Mock_padj,Flg22_SynCom35_vs_Mock_log2FoldChange,Flg22_vs_Mock,Flg22_SynCom33_vs_Mock,Flg22_SynCom35_vs_Mock,cl
AT3G08850.1,GO:0071902,RAPTOR1,3,2686457,2695400,-,8943,protein_coding,RAPTOR1B [Source:UniProtKB/TrEMBL;Acc:A0A178V9S6],0.3218708662438444,0.7860440134573955,-0.10252627489458858,0.5641003113678156,0.8486286065358788,-0.059671255559132504,0.6881551417168579,0.9141588384837848,0.041439250250491895,0,0,0,4
AT5G01770.2,GO:0071902,RAPTOR2,5,293675,302015,-,8340,protein_coding,Regulatory-associated protein of TOR 2 [Source:UniProtKB/Swiss-Prot;Acc:Q9LZW9],0.9083060573299142,0.9869002016097549,0.08095864049794901,0.355281107106624,0.714602822389844,-0.6539317842169042,0.9859980514790601,0.9972015497508793,-0.012337277815959068,0,0,0,3
AT5G01770.5,GO:0071902,RAPTOR2,5,294304,301984,-,7680,protein_coding,Regulatory-associated protein of TOR 2 [Source:UniProtKB/Swiss-Prot;Acc:Q9LZW9],0.9198450455342344,0.9884770655970441,-0.04821253758255315,0.026337003318233767,0.19533321048145713,-1.079367020294103,0.46384894264500987,0.812647674202858,0.3496242976206997,0,-0,0,4
