ID,Path,Gene,Chromosome,Start,End,Strand,Length,BioType,Description,Flg22_vs_Mock_pvalue,Flg22_vs_Mock_padj,Flg22_vs_Mock_log2FoldChange,Flg22_SynCom33_vs_Mock_pvalue,Flg22_SynCom33_vs_Mock_padj,Flg22_SynCom33_vs_Mock_log2FoldChange,Flg22_SynCom35_vs_Mock_pvalue,Flg22_SynCom35_vs_Mock_padj,Flg22_SynCom35_vs_Mock_log2FoldChange,Flg22_vs_Mock,Flg22_SynCom33_vs_Mock,Flg22_SynCom35_vs_Mock,cl
AT1G08750.2,GO:0016255,,1,2801078,2804537,+,3459,protein_coding,Peptidase C13 family [Source:UniProtKB/TrEMBL;Acc:Q8GYI6],0.9914540488674736,0.9981690165484822,0.001748112684301411,0.9550815042631364,0.9901465868724117,0.009194078965634222,0.382600870680218,0.7637414326937175,-0.14286700187864668,0,0,0,2
AT1G12730.1,GO:0016255,,1,4334499,4337957,+,3458,protein_coding,GPI transamidase subunit PIG-U [Source:UniProtKB/TrEMBL;Acc:Q94K70],0.5365496528838439,0.8922801703152878,-0.19910623595036117,0.30569174466243804,0.6733001394292079,-0.33130494293907925,0.5090414271096331,0.837740409532945,0.2103753688337564,0,0,0,4
AT3G07140.1,GO:0016255,,3,2261104,2264064,+,2960,protein_coding,GPI transamidase component Gpi16 subunit family protein [Source:UniProtKB/TrEMBL;Acc:Q949U5],0.08360161838990428,0.4770632469776421,0.4528762083062442,0.1182328923548973,0.4371575780279836,0.40936812747512863,0.1354108967608179,0.51189750268675,0.3907005130786741,0,0,0,6
AT3G07140.2,GO:0016255,,3,2261197,2263734,+,2537,protein_coding,GPI transamidase component Gpi16 subunit family protein [Source:UniProtKB/TrEMBL;Acc:Q949U5],0.07768385876489094,0.4616042782909122,-0.24414367434338902,0.1529144822504351,0.49552096596640804,-0.19757613142103206,0.7532109846237665,0.9352149304812711,-0.0431687113721518,0,0,0,8
AT3G07180.1,GO:0016255,,3,2282233,2285535,-,3302,protein_coding,GPI transamidase component PIG-S-like protein [Source:UniProtKB/TrEMBL;Acc:Q8W4D7],0.2240099929193089,0.7010103800315899,0.23471317429300334,0.18931224984905182,0.5486891536864917,0.2533617862580571,0.4236680500162437,0.7876820670240179,-0.1548505747574658,0,0,0,9
AT3G07180.3,GO:0016255,,3,2282335,2285549,-,3214,protein_coding,GPI transamidase component PIG-S-like protein [Source:UniProtKB/TrEMBL;Acc:Q8W4D7],0.6713887370208473,0.9348817855697953,-0.5930177903272998,0.5098153917075313,0.8188848804900727,-0.9215681216580388,0.87230791483875,0.9699951057830299,-0.2246143577340867,0,0,0,8
