ID,Path,Gene,Chromosome,Start,End,Strand,Length,BioType,Description,Flg22_vs_Mock_pvalue,Flg22_vs_Mock_padj,Flg22_vs_Mock_log2FoldChange,Flg22_SynCom33_vs_Mock_pvalue,Flg22_SynCom33_vs_Mock_padj,Flg22_SynCom33_vs_Mock_log2FoldChange,Flg22_SynCom35_vs_Mock_pvalue,Flg22_SynCom35_vs_Mock_padj,Flg22_SynCom35_vs_Mock_log2FoldChange,Flg22_vs_Mock,Flg22_SynCom33_vs_Mock,Flg22_SynCom35_vs_Mock,cl
AT3G47930.1,GO:0016633,GLDH,3,17684322,17687642,+,3320,protein_coding,GLDH [Source:UniProtKB/TrEMBL;Acc:A0A178VN92],0.9997938873870897,0.9999723837606145,-4.036430908407154e-5,0.4305747608458553,0.7692683350500924,-0.12343273735748474,0.8529910366997341,0.9644846649336434,0.028907759586862248,0,0,0,4
AT3G47930.2,GO:0016633,GLDH,3,17684373,17687661,+,3288,protein_coding,GLDH [Source:UniProtKB/TrEMBL;Acc:A0A178VN92],0.3589271438889673,0.8111712080952729,0.33328093368149486,0.4298460179532971,0.7686635890006928,-0.2945957440090911,0.3397317229286939,0.7330136526777749,0.3457638887021016,0,0,0,3
