ID,Path,Gene,Chromosome,Start,End,Strand,Length,BioType,Description,Flg22_vs_Mock_pvalue,Flg22_vs_Mock_padj,Flg22_vs_Mock_log2FoldChange,Flg22_SynCom33_vs_Mock_pvalue,Flg22_SynCom33_vs_Mock_padj,Flg22_SynCom33_vs_Mock_log2FoldChange,Flg22_SynCom35_vs_Mock_pvalue,Flg22_SynCom35_vs_Mock_padj,Flg22_SynCom35_vs_Mock_log2FoldChange,Flg22_vs_Mock,Flg22_SynCom33_vs_Mock,Flg22_SynCom35_vs_Mock,cl
AT1G62960.1,GO:0008793,ACS10,1,23318187,23320427,-,2240,protein_coding,Probable aminotransferase ACS10 [Source:UniProtKB/Swiss-Prot;Acc:Q9LQ10],0.9392574707761223,0.9921389627388929,0.014082178577617755,0.714711918876656,0.917389380854809,-0.06776461577302104,0.9161297634041055,0.9809537893625957,-0.019431850657469687,0,0,0,3
AT5G51690.1,GO:0008793,ACS12,5,20997413,21001050,-,3637,protein_coding,Probable aminotransferase ACS12 [Source:UniProtKB/Swiss-Prot;Acc:Q8GYY0],0.6659240325111793,0.9329325225788251,0.051215230476869496,0.3744495436131883,0.7301592577441729,-0.10603056394044956,0.9521135732039621,0.9888881750805465,0.007114642205612521,0,0,0,3
