ID,Path,Gene,Chromosome,Start,End,Strand,Length,BioType,Description,Flg22_vs_Mock_pvalue,Flg22_vs_Mock_padj,Flg22_vs_Mock_log2FoldChange,Flg22_SynCom33_vs_Mock_pvalue,Flg22_SynCom33_vs_Mock_padj,Flg22_SynCom33_vs_Mock_log2FoldChange,Flg22_SynCom35_vs_Mock_pvalue,Flg22_SynCom35_vs_Mock_padj,Flg22_SynCom35_vs_Mock_log2FoldChange,Flg22_vs_Mock,Flg22_SynCom33_vs_Mock,Flg22_SynCom35_vs_Mock,cl
AT4G24710.3,GO:0051598,,4,12745547,12749134,-,3587,protein_coding,P-loop containing nucleoside triphosphate hydrolases superfamily protein [Source:TAIR;Acc:AT4G24710],0.4123086300371986,0.8440593840274345,-0.7159795741519112,0.8374433710233997,0.9550783886916563,0.1770673358493393,0.7892589857031871,0.9461309288166431,0.2303617787838063,0,0,0,1
AT4G24710.1,GO:0051598,,4,12745752,12748971,-,3219,protein_coding,P-loop containing nucleoside triphosphate hydrolases superfamily protein [Source:TAIR;Acc:AT4G24710],0.6022284548919778,0.9142238114278536,-0.3563569708871821,0.2425485891572102,0.6126271891124799,-0.8039261476410298,0.8989942777479584,0.977316056667889,-0.0864810386721167,0,0,0,8
