ID,Path,Gene,Chromosome,Start,End,Strand,Length,BioType,Description,Flg22_vs_Mock_pvalue,Flg22_vs_Mock_padj,Flg22_vs_Mock_log2FoldChange,Flg22_SynCom33_vs_Mock_pvalue,Flg22_SynCom33_vs_Mock_padj,Flg22_SynCom33_vs_Mock_log2FoldChange,Flg22_SynCom35_vs_Mock_pvalue,Flg22_SynCom35_vs_Mock_padj,Flg22_SynCom35_vs_Mock_log2FoldChange,Flg22_vs_Mock,Flg22_SynCom33_vs_Mock,Flg22_SynCom35_vs_Mock,cl
AT1G69780.1,GO:0048826,ATHB-13,1,26258788,26260781,+,1993,protein_coding,Homeobox-leucine zipper protein ATHB-13 [Source:UniProtKB/Swiss-Prot;Acc:Q8LC03],0.15567876139813264,0.6156886768605895,-0.21908486881678474,0.0929055665021225,0.3897357968683477,-0.25967882483835664,0.957658731889427,0.9901780099456383,-0.00812992374104249,0,0,0,4
AT1G73590.1,GO:0048826,PIN1,1,27659673,27663253,+,3580,protein_coding,Auxin efflux carrier component [Source:UniProtKB/TrEMBL;Acc:A0A178WFG7],0.9526157435495939,0.99359763643049,0.012467688303660561,0.8710154429466509,0.9654724203072682,-0.03409376399402083,0.027709188145071135,0.2323554020195613,0.45920788923321426,0,0,0,4
AT3G15030.3,GO:0048826,TCP4,3,5061681,5064115,+,2434,protein_coding,TCP4 [Source:UniProtKB/TrEMBL;Acc:A0A384KY84],0.1269662199925904,0.5696252620138398,-0.6348183219865459,0.009869628259164284,0.10785176701742044,-1.0771846364647661,3.0859506656779045e-4,0.011180994143807082,-1.5115712495045344,0,-0,-1,2
AT3G23980.1,GO:0048826,BLI,3,8662413,8668040,-,5627,protein_coding,KOS1 [Source:UniProtKB/TrEMBL;Acc:A0A178VL19],0.7679798949663105,0.9572750461864241,-0.0230909773493108,0.4564773937996378,0.7865098862017523,-0.05840861934974486,0.6127045510454454,0.8855780167648739,-0.03950746612328563,0,0,0,4
