ID,Path,Gene,Chromosome,Start,End,Strand,Length,BioType,Description,Flg22_vs_Mock_pvalue,Flg22_vs_Mock_padj,Flg22_vs_Mock_log2FoldChange,Flg22_SynCom33_vs_Mock_pvalue,Flg22_SynCom33_vs_Mock_padj,Flg22_SynCom33_vs_Mock_log2FoldChange,Flg22_SynCom35_vs_Mock_pvalue,Flg22_SynCom35_vs_Mock_padj,Flg22_SynCom35_vs_Mock_log2FoldChange,Flg22_vs_Mock,Flg22_SynCom33_vs_Mock,Flg22_SynCom35_vs_Mock,cl
AT4G05400.1,GO:0005761,,4,2741124,2742949,+,1825,protein_coding,At4g05400 [Source:UniProtKB/TrEMBL;Acc:Q9M0V5],0.6781383686010318,0.9365611795130412,-0.10258535189801729,0.8119955418198256,0.9485513712498067,-0.05876092624227371,0.36787780216307187,0.7535715658330242,0.22118423916363877,0,0,0,4
AT4G05400.2,GO:0005761,,4,2741124,2742949,+,1825,protein_coding,At4g05400 [Source:UniProtKB/TrEMBL;Acc:Q9M0V5],0.016576599122296108,0.2070116442330077,-0.6053236534593899,0.023033291809820403,0.1801663608347864,-0.5736695108269831,0.6820773983314857,0.9116343360588268,0.1005615722328452,0,0,0,4
AT4G21140.1,GO:0005761,,4,11277185,11278318,-,1133,protein_coding,BEST Arabidopsis thaliana protein match is: copper ion binding (TAIR:AT4G05400.2); Has 41 Blast hits to 41 proteins in 16 species: Archae - 0; Bacteria - 0; Metazoa - 0; Fungi - 0; Plants - 40; Viruses - 0; Other Eukaryotes - 1 (source: NCBI BLink). [Source:TAIR;Acc:AT4G21140],0.3581038926445104,0.8109479257536198,-0.23811769969893104,0.1462827626712776,0.4855980768250536,-0.3779512787524573,0.8039656191772601,0.9503436662873722,0.06376569026274057,0,0,0,4
