ID,Path,Gene,Chromosome,Start,End,Strand,Length,BioType,Description,Flg22_vs_Mock_pvalue,Flg22_vs_Mock_padj,Flg22_vs_Mock_log2FoldChange,Flg22_SynCom33_vs_Mock_pvalue,Flg22_SynCom33_vs_Mock_padj,Flg22_SynCom33_vs_Mock_log2FoldChange,Flg22_SynCom35_vs_Mock_pvalue,Flg22_SynCom35_vs_Mock_padj,Flg22_SynCom35_vs_Mock_log2FoldChange,Flg22_vs_Mock,Flg22_SynCom33_vs_Mock,Flg22_SynCom35_vs_Mock,cl
AT1G16690.1,GO:0032777,,1,5705897,5709563,+,3666,protein_coding,Enhancer of polycomb-like protein [Source:UniProtKB/TrEMBL;Acc:A0A178W458],0.4529569078987241,0.8628774277117857,0.1881966087702133,0.479084093188213,0.8004188062825073,0.17764263529756488,0.04145997828405678,0.28882057607307177,0.5037767406406743,0,0,0,6
AT1G79020.1,GO:0032777,,1,29727044,29730593,-,3549,protein_coding,Enhancer of polycomb-like protein [Source:UniProtKB/TrEMBL;Acc:Q8GYQ9],0.1548659718356218,0.6141169250642117,0.18608473828798333,0.04657256994898523,0.26952934884146845,0.25961423856638244,0.4663595971171582,0.8144957667836364,0.09532922811824139,0,0,0,5
AT5G04670.1,GO:0032777,,5,1335873,1341534,-,5661,protein_coding,Enhancer of polycomb-like protein [Source:UniProtKB/TrEMBL;Acc:Q9LZ30],0.21592668998726358,0.6920277475095241,-0.1812047764575321,0.39062374288370943,0.7438252020819546,-0.12536840326270907,0.9082732105472195,0.9789980689670702,0.01661001439247633,0,0,0,4
AT5G04670.2,GO:0032777,,5,1337815,1341105,-,3290,protein_coding,Enhancer of polycomb-like protein [Source:UniProtKB/TrEMBL;Acc:Q9LZ30],0.09175972200944589,0.4986964635635601,-0.23917183668328165,0.12712077758316387,0.4528234913393496,-0.21629896663715995,0.90437944529285,0.978301969851137,0.01686675482871412,0,0,0,4
