ID,Path,Gene,Chromosome,Start,End,Strand,Length,BioType,Description,Flg22_vs_Mock_pvalue,Flg22_vs_Mock_padj,Flg22_vs_Mock_log2FoldChange,Flg22_SynCom33_vs_Mock_pvalue,Flg22_SynCom33_vs_Mock_padj,Flg22_SynCom33_vs_Mock_log2FoldChange,Flg22_SynCom35_vs_Mock_pvalue,Flg22_SynCom35_vs_Mock_padj,Flg22_SynCom35_vs_Mock_log2FoldChange,Flg22_vs_Mock,Flg22_SynCom33_vs_Mock,Flg22_SynCom35_vs_Mock,cl
AT1G79750.1,GO:0008948,NADP-ME4,1,30007288,30011690,-,4402,protein_coding,Malic enzyme [Source:UniProtKB/TrEMBL;Acc:A0A178W4H6],0.6325080055688796,0.9246714396545495,-0.04783170650759224,0.22385169356830412,0.5919953295439662,-0.1217100990933276,0.885500338697085,0.9740459215849286,0.014395433820798923,0,0,0,4
AT2G19900.1,GO:0008948,NADP-ME1,2,8591808,8595559,-,3751,protein_coding,NADP-dependent malic enzyme 1 [Source:UniProtKB/Swiss-Prot;Acc:O82191],0.1332198695050264,0.5805260990518505,1.4257167825291086,0.9639745961799139,0.9919129069235779,0.043442338175689335,0.14763418727747263,NA,-1.4383306333151702,0,0,-0,7
AT2G19900.2,GO:0008948,NADP-ME1,2,8591870,8595003,-,3133,protein_coding,NADP-dependent malic enzyme 1 [Source:UniProtKB/Swiss-Prot;Acc:O82191],0.5714839958912943,0.904829312885771,0.7034909791806792,0.9064835597502976,0.9758581277659403,0.14626091626634924,0.0937183996879233,0.43706314808638924,-2.119647880622587,0,0,-0,7
AT5G11670.1,GO:0008948,NADP-ME2,5,3754091,3758342,+,4251,protein_coding,NADP-dependent malic enzyme 2 [Source:UniProtKB/Swiss-Prot;Acc:Q9LYG3],0.0205022268054424,0.23239523504562304,-0.48818689144864574,0.1808209901229015,0.5382419238543852,-0.28193991116554085,0.3706709916359886,0.7547018896947619,-0.18859469025928935,0,0,0,8
AT5G25880.1,GO:0008948,NADP-ME3,5,9024334,9028395,+,4061,protein_coding,Malic enzyme [Source:UniProtKB/TrEMBL;Acc:A0A178UAR6],0.47625731886877537,0.8713549156651382,0.20950711034456834,0.03108058907381404,0.2140682540308145,0.6291738048883664,0.8544145986056593,0.9649566431910126,-0.05419846234884589,0,0,0,5
AT5G25880.2,GO:0008948,NADP-ME3,5,9024358,9028377,+,4019,protein_coding,Malic enzyme [Source:UniProtKB/TrEMBL;Acc:A0A178UAR6],0.7159622349899424,0.946121708156731,0.23130980485860309,0.2704461233646058,0.640798460876034,0.6968545727590403,0.8353572822001879,0.9595193562099044,0.13216152239506554,0,0,0,5
