ID,Path,Gene,Chromosome,Start,End,Strand,Length,BioType,Description,Flg22_vs_Mock_pvalue,Flg22_vs_Mock_padj,Flg22_vs_Mock_log2FoldChange,Flg22_SynCom33_vs_Mock_pvalue,Flg22_SynCom33_vs_Mock_padj,Flg22_SynCom33_vs_Mock_log2FoldChange,Flg22_SynCom35_vs_Mock_pvalue,Flg22_SynCom35_vs_Mock_padj,Flg22_SynCom35_vs_Mock_log2FoldChange,Flg22_vs_Mock,Flg22_SynCom33_vs_Mock,Flg22_SynCom35_vs_Mock,cl
AT1G21710.1,GO:0008534,OGG1,1,7624320,7626138,+,1818,protein_coding,OGG1 [Source:UniProtKB/TrEMBL;Acc:A0A178WC14],0.5204739346727959,0.8884052993987572,-0.1163539466252118,0.3477944922179518,0.7087499340028224,-0.1704765626046175,0.25569637676128854,0.6639932446052194,0.2027030885867387,0,0,0,4
AT1G52500.2,GO:0008534,FPG1,1,19559880,19563113,+,3233,protein_coding,Formamidopyrimidine-DNA glycosylase [Source:UniProtKB/Swiss-Prot;Acc:O80358],0.09931457777625284,0.5146041698410261,-0.4124304335523706,0.29505832007980065,0.6628025202962481,-0.2612489994292634,0.7667176879487931,0.9392866221812637,0.07347397207559112,0,0,0,4
AT1G52500.1,GO:0008534,FPG1,1,19559968,19563072,+,3104,protein_coding,Formamidopyrimidine-DNA glycosylase [Source:UniProtKB/Swiss-Prot;Acc:O80358],0.906550673796051,0.9869002016097549,-0.04753079235468279,0.9384817168873871,0.9858257009638833,-0.031246045448602836,0.6548507840966709,0.9025049639392697,0.18005880428940685,0,0,0,4
AT2G31610.1,GO:0008534,RPS3A,2,13450241,13451982,+,1741,protein_coding,40S ribosomal protein S3-1 [Source:UniProtKB/Swiss-Prot;Acc:Q9SIP7],0.3673898337737772,0.8161586202836436,-0.17884240704677187,0.4966788580853329,0.8106746175406265,-0.13485553047287055,0.13142883318728937,0.5058254469396589,0.2990042781776263,0,0,0,4
AT3G53870.1,GO:0008534,RPS3B,3,19951424,19953018,+,1594,protein_coding,40S ribosomal protein S3-2 [Source:UniProtKB/Swiss-Prot;Acc:Q9M339],0.44401486433400006,0.8585274690318654,-0.13849167816140756,0.1611036037043659,0.5082200895250142,-0.2536198730050599,0.16501244328592654,0.5556759677374392,0.25101186264728137,0,0,0,4
AT5G35530.1,GO:0008534,RPS3C,5,13710026,13712288,-,2262,protein_coding,40S ribosomal protein S3-3 [Source:UniProtKB/Swiss-Prot;Acc:Q9FJA6],0.2958312570114076,0.7674469978541599,-0.22242564235494955,0.16610381616349096,0.5157314375267918,-0.294699390238646,0.10705828391413144,0.46322375190179865,0.34247197092132703,0,0,0,4
