ID,Path,Gene,Chromosome,Start,End,Strand,Length,BioType,Description,Flg22_vs_Mock_pvalue,Flg22_vs_Mock_padj,Flg22_vs_Mock_log2FoldChange,Flg22_SynCom33_vs_Mock_pvalue,Flg22_SynCom33_vs_Mock_padj,Flg22_SynCom33_vs_Mock_log2FoldChange,Flg22_SynCom35_vs_Mock_pvalue,Flg22_SynCom35_vs_Mock_padj,Flg22_SynCom35_vs_Mock_log2FoldChange,Flg22_vs_Mock,Flg22_SynCom33_vs_Mock,Flg22_SynCom35_vs_Mock,cl
AT3G54320.1,GO:0006110,WRI1,3,20114684,20118627,+,3943,protein_coding,Integrase-type DNA-binding superfamily protein [Source:TAIR;Acc:AT3G54320],0.9671725578406571,0.9946629527453268,-0.0200250993754348,0.35557468033204276,0.7148428107100375,-0.4551222105839926,0.13471182159319076,0.5106991811990204,0.716852124938229,0,0,0,4
AT3G54320.5,GO:0006110,WRI1,3,20115212,20118639,+,3427,protein_coding,Integrase-type DNA-binding superfamily protein [Source:TAIR;Acc:AT3G54320],0.7349927524474005,0.9513375365248583,-0.20643733808809736,0.6426539670194745,0.8882628382650786,0.28196011997796866,0.3501719444151538,0.7407653644032445,0.5665380559880122,0,0,0,1
