ID,Path,Gene,Chromosome,Start,End,Strand,Length,BioType,Description,Flg22_vs_Mock_pvalue,Flg22_vs_Mock_padj,Flg22_vs_Mock_log2FoldChange,Flg22_SynCom33_vs_Mock_pvalue,Flg22_SynCom33_vs_Mock_padj,Flg22_SynCom33_vs_Mock_log2FoldChange,Flg22_SynCom35_vs_Mock_pvalue,Flg22_SynCom35_vs_Mock_padj,Flg22_SynCom35_vs_Mock_log2FoldChange,Flg22_vs_Mock,Flg22_SynCom33_vs_Mock,Flg22_SynCom35_vs_Mock,cl
AT3G48150.1,GO:0030071,APC8,3,17779507,17782682,-,3175,protein_coding,Anaphase-promoting complex subunit 8 [Source:UniProtKB/Swiss-Prot;Acc:Q9STS3],0.43291702567840745,0.8530734299175429,0.7874525903434249,0.9885613996391888,0.9971298467262268,0.014628600177482277,0.20486527517938288,NA,1.2638508992830055,0,0,0,6
AT3G48150.2,GO:0030071,APC8,3,17779653,17782069,-,2416,protein_coding,Anaphase-promoting complex subunit 8 [Source:UniProtKB/Swiss-Prot;Acc:Q9STS3],0.23811786737832508,0.7159889500807728,-0.257753225134905,0.3382844121572027,0.700058627221703,-0.2089404776532187,0.8878135391799277,0.9744440656793594,0.03046963380819955,0,0,0,4
