ID,Path,Gene,Chromosome,Start,End,Strand,Length,BioType,Description,Flg22_vs_Mock_pvalue,Flg22_vs_Mock_padj,Flg22_vs_Mock_log2FoldChange,Flg22_SynCom33_vs_Mock_pvalue,Flg22_SynCom33_vs_Mock_padj,Flg22_SynCom33_vs_Mock_log2FoldChange,Flg22_SynCom35_vs_Mock_pvalue,Flg22_SynCom35_vs_Mock_padj,Flg22_SynCom35_vs_Mock_log2FoldChange,Flg22_vs_Mock,Flg22_SynCom33_vs_Mock,Flg22_SynCom35_vs_Mock,cl
AT3G11440.4,GO:0048655,ATMYB65,3,3602884,3605104,+,2220,protein_coding,Transcription factor [Source:UniProtKB/TrEMBL;Acc:A0A178VKX5],0.6600712715675374,0.9317012434959575,0.12999447238057035,0.9370605756481016,0.9854399927607629,0.023445207896422484,0.5431345205808187,0.8563293987897854,-0.18140123591265422,0,0,0,2
AT5G06100.3,GO:0048655,MYB33,5,1837835,1840706,+,2871,protein_coding,Transcription factor MYB33 [Source:UniProtKB/Swiss-Prot;Acc:Q8W1W6],0.41336865926772465,0.8445661834165121,-0.5106008092618837,0.16420122947516388,0.5129371683160223,-0.8714945873523695,0.2535304111164321,0.6618429519262039,-0.7135449609144491,0,0,0,8
AT5G06100.2,GO:0048655,MYB33,5,1837835,1840727,+,2892,protein_coding,Transcription factor MYB33 [Source:UniProtKB/Swiss-Prot;Acc:Q8W1W6],0.19024845768856338,0.665631969562122,0.45525131534639884,0.06247038302939354,0.31505292868424944,0.6460376253534309,0.2198525723187303,0.6235073894664639,0.4261587131742014,0,0,0,5
