ID,Path,Gene,Chromosome,Start,End,Strand,Length,BioType,Description,Flg22_vs_Mock_pvalue,Flg22_vs_Mock_padj,Flg22_vs_Mock_log2FoldChange,Flg22_SynCom33_vs_Mock_pvalue,Flg22_SynCom33_vs_Mock_padj,Flg22_SynCom33_vs_Mock_log2FoldChange,Flg22_SynCom35_vs_Mock_pvalue,Flg22_SynCom35_vs_Mock_padj,Flg22_SynCom35_vs_Mock_log2FoldChange,Flg22_vs_Mock,Flg22_SynCom33_vs_Mock,Flg22_SynCom35_vs_Mock,cl
AT1G32470.1,GO:0005960,GDH3,1,11739304,11740399,-,1095,protein_coding,"Glycine cleavage system H protein 3, mitochondrial [Source:UniProtKB/Swiss-Prot;Acc:Q9LQL0]",0.8109803457057017,0.9664689020754437,-0.12635628050328448,0.4123210484105518,0.7572599865664038,-0.4429641244968992,0.28691425814753174,NA,0.5416449356944629,0,0,0,4
AT2G26080.1,GO:0005960,GLDP2,2,11109003,11114291,-,5288,protein_coding,"Glycine dehydrogenase (decarboxylating) 2, mitochondrial [Source:UniProtKB/Swiss-Prot;Acc:O80988]",0.7237696103140452,0.9475817038797251,0.05741959061483081,0.11841889539141276,0.4373166355449913,0.2535969871436139,0.12300389804513326,0.4927119179436923,0.2504502926343071,0,0,0,1
AT2G35120.1,GO:0005960,GDH2,2,14805639,14807406,-,1767,protein_coding,"Glycine cleavage system H protein 2, mitochondrial [Source:UniProtKB/Swiss-Prot;Acc:O82179]",0.2655689016343896,0.7431144215912692,0.13429590281884382,0.6782396848568318,0.9032219958546197,-0.050109032261243254,0.47857462120436894,0.8216333573777712,0.08546009819410864,0,0,0,3
AT2G35370.1,GO:0005960,GDH1,2,14891041,14892298,+,1257,protein_coding,Glycine cleavage system H protein [Source:UniProtKB/TrEMBL;Acc:A0A178VV72],0.8942995345968829,0.9850342389027601,0.06341807331909317,0.5962296909369011,0.8672088906863956,-0.2553979986191417,0.17537187417823052,0.57177077503454,-0.6608019539497841,0,0,0,2
AT4G33010.1,GO:0005960,GLDP1,4,15926652,15931422,-,4770,protein_coding,Glycine cleavage system P protein [Source:UniProtKB/TrEMBL;Acc:A0A178UTF1],0.189699003579582,0.6653717492195932,0.3872030945528364,0.7160498143128768,0.9181938511168808,0.10744927530277783,0.26531164392137296,0.673339769098994,0.328868981301943,0,0,0,6
