ID,Path,Gene,Chromosome,Start,End,Strand,Length,BioType,Description,Flg22_vs_Mock_pvalue,Flg22_vs_Mock_padj,Flg22_vs_Mock_log2FoldChange,Flg22_SynCom33_vs_Mock_pvalue,Flg22_SynCom33_vs_Mock_padj,Flg22_SynCom33_vs_Mock_log2FoldChange,Flg22_SynCom35_vs_Mock_pvalue,Flg22_SynCom35_vs_Mock_padj,Flg22_SynCom35_vs_Mock_log2FoldChange,Flg22_vs_Mock,Flg22_SynCom33_vs_Mock,Flg22_SynCom35_vs_Mock,cl
AT1G05680.1,GO:0080024,UGT74E2,1,1703002,1704838,-,1836,protein_coding,Glycosyltransferase (Fragment) [Source:UniProtKB/TrEMBL;Acc:A0A0K1SBE8],0.5719607764359904,0.9049177006988414,0.20895086312334846,0.0013651248367733781,0.028098993768868263,-1.1901798509826802,6.319224821078698e-11,3.102610423377782e-8,-2.4555459085423483,0,-1,-1,2
AT3G05290.1,GO:0080024,PNC1,3,1505831,1507835,-,2004,protein_coding,Peroxisomal adenine nucleotide carrier 1 [Source:UniProtKB/Swiss-Prot;Acc:Q9MA90],0.36535133508624446,0.8150570442100027,0.18983312027199276,0.6705682558557287,0.9002305160763932,0.08940957766109006,0.8756058815083099,0.9706346534814149,0.032881098118222804,0,0,0,7
AT4G05530.1,GO:0080024,SDRA,4,2816317,2818518,+,2201,protein_coding,Short-chain dehydrogenase/reductase SDRA [Source:UniProtKB/Swiss-Prot;Acc:Q9S9W2],0.13877264559044805,0.5902156962699727,0.15870285973433923,0.5196570967270566,0.824397879859353,-0.06927942164097989,9.426595007322844e-4,0.025117514792155897,-0.3570877439593443,0,0,0,2
AT4G14430.1,GO:0080024,ECI2,4,8304442,8305857,-,1415,protein_coding,PEC12 [Source:UniProtKB/TrEMBL;Acc:A0A178UV55],0.43780052033170125,0.8558179835157044,0.07136507326535253,0.44918996187223537,0.7823716829758605,-0.07002346620102182,0.015031326129439219,0.16245446721565532,-0.2256172354666714,0,0,0,2
AT5G27520.1,GO:0080024,PNC2,5,9714348,9716418,-,2070,protein_coding,PNC2 [Source:UniProtKB/TrEMBL;Acc:A0A178UG08],0.14707307117549917,0.6042334697414061,0.18518654346217142,0.846594980831304,0.9587294295681739,-0.024842110571363138,0.017670378608736416,0.1796762335456385,-0.30625820218290517,0,0,0,7
