ID,Path,Gene,Chromosome,Start,End,Strand,Length,BioType,Description,Flg22_vs_Mock_pvalue,Flg22_vs_Mock_padj,Flg22_vs_Mock_log2FoldChange,Flg22_SynCom33_vs_Mock_pvalue,Flg22_SynCom33_vs_Mock_padj,Flg22_SynCom33_vs_Mock_log2FoldChange,Flg22_SynCom35_vs_Mock_pvalue,Flg22_SynCom35_vs_Mock_padj,Flg22_SynCom35_vs_Mock_log2FoldChange,Flg22_vs_Mock,Flg22_SynCom33_vs_Mock,Flg22_SynCom35_vs_Mock,cl
AT2G22990.6,GO:0016754,SNG1,2,9786087,9790233,+,4146,protein_coding,sinapoylglucose 1 [Source:TAIR;Acc:AT2G22990],0.1616455733365289,NA,1.613322935123862,0.7560016972123131,NA,0.3708651888920384,0.4711832921628876,NA,0.8437717845371738,0,0,0,7
AT2G22990.1,GO:0016754,SNG1,2,9786120,9790335,+,4215,protein_coding,sinapoylglucose 1 [Source:TAIR;Acc:AT2G22990],0.7485339230517114,0.9530196132125169,0.4091141620562382,0.021868571073996392,0.17428725989065252,2.871549279575454,0.17629831570791457,NA,1.701743423340509,0,0,0,5
