ID,Path,Gene,Chromosome,Start,End,Strand,Length,BioType,Description,Flg22_vs_Mock_pvalue,Flg22_vs_Mock_padj,Flg22_vs_Mock_log2FoldChange,Flg22_SynCom33_vs_Mock_pvalue,Flg22_SynCom33_vs_Mock_padj,Flg22_SynCom33_vs_Mock_log2FoldChange,Flg22_SynCom35_vs_Mock_pvalue,Flg22_SynCom35_vs_Mock_padj,Flg22_SynCom35_vs_Mock_log2FoldChange,Flg22_vs_Mock,Flg22_SynCom33_vs_Mock,Flg22_SynCom35_vs_Mock,cl
AT2G45280.2,GO:0000150,ATRAD51C,2,18670009,18672135,+,2126,protein_coding,RAS associated with diabetes protein 51C [Source:UniProtKB/TrEMBL;Acc:F4IW45],0.0749289798830288,0.4525615495392064,-1.9263466505753961,0.4686267274427228,0.7939511997929838,-0.7719035731915922,0.5592720437614942,0.8640551524804412,0.6167550189705782,-0,0,0,4
AT2G45280.1,GO:0000150,ATRAD51C,2,18670009,18672469,+,2460,protein_coding,RAS associated with diabetes protein 51C [Source:UniProtKB/TrEMBL;Acc:F4IW45],0.1321121082707222,0.5787601289914294,0.5475833597554047,0.8811939977248003,0.9681717025723661,-0.05521173747456701,0.4616692388697943,0.8116304298771461,-0.2730538955940279,0,0,0,7
AT3G22880.1,GO:0000150,DMC1,3,8097678,8100932,-,3254,protein_coding,Meiotic recombination protein DMC1 homolog [Source:UniProtKB/Swiss-Prot;Acc:Q39009],0.8232457651300847,0.9684573149829409,-0.08047877013004201,0.6132716188810178,0.8739306003446592,0.18088792622093086,0.23430966806471093,0.6419806431370912,0.4225752303136253,0,0,0,1
AT3G22880.2,GO:0000150,DMC1,3,8098039,8100820,-,2781,protein_coding,Meiotic recombination protein DMC1 homolog [Source:UniProtKB/Swiss-Prot;Acc:Q39009],0.5860415954114414,0.9088734680048683,0.3432782421044435,0.02385614377493378,0.18431841372650506,-1.4940188143058044,0.12290152474684325,0.4923838272039225,-0.9983791983772713,0,-0,0,2
AT5G20850.1,GO:0000150,RAD51,5,7070491,7072966,-,2475,protein_coding,DNA repair protein RAD51 homolog 1 [Source:UniProtKB/Swiss-Prot;Acc:P94102],0.8776461376928184,0.9821855990434056,-0.05645720191152611,0.057758884432098465,0.3030791199109254,-0.7224873027702546,0.30532583727531304,0.7071167686917098,0.36859878491333176,0,0,0,4
