ID,Path,Gene,Chromosome,Start,End,Strand,Length,BioType,Description,Flg22_vs_Mock_pvalue,Flg22_vs_Mock_padj,Flg22_vs_Mock_log2FoldChange,Flg22_SynCom33_vs_Mock_pvalue,Flg22_SynCom33_vs_Mock_padj,Flg22_SynCom33_vs_Mock_log2FoldChange,Flg22_SynCom35_vs_Mock_pvalue,Flg22_SynCom35_vs_Mock_padj,Flg22_SynCom35_vs_Mock_log2FoldChange,Flg22_vs_Mock,Flg22_SynCom33_vs_Mock,Flg22_SynCom35_vs_Mock,cl
AT1G48850.3,GO:0004107,EMB1144,1,18064905,18068090,-,3185,protein_coding,"Chorismate synthase, chloroplastic [Source:UniProtKB/Swiss-Prot;Acc:P57720]",0.19664522554662328,0.6706022537318397,1.2866633458520875,0.3084734386793239,0.6752312736735275,1.0167512993248766,0.8912927589022873,0.9751997779939032,-0.13798435369197215,0,0,0,9
AT1G48850.1,GO:0004107,EMB1144,1,18064905,18068154,-,3249,protein_coding,"Chorismate synthase, chloroplastic [Source:UniProtKB/Swiss-Prot;Acc:P57720]",0.10037484607513791,0.5167535074974381,0.20876574673974138,0.4133888558881283,0.7579944843376438,0.10397179088064135,0.01492845915714104,0.16199768624379754,-0.3098268434393955,0,0,0,9
