ID,Path,Gene,Chromosome,Start,End,Strand,Length,BioType,Description,Flg22_vs_Mock_pvalue,Flg22_vs_Mock_padj,Flg22_vs_Mock_log2FoldChange,Flg22_SynCom33_vs_Mock_pvalue,Flg22_SynCom33_vs_Mock_padj,Flg22_SynCom33_vs_Mock_log2FoldChange,Flg22_SynCom35_vs_Mock_pvalue,Flg22_SynCom35_vs_Mock_padj,Flg22_SynCom35_vs_Mock_log2FoldChange,Flg22_vs_Mock,Flg22_SynCom33_vs_Mock,Flg22_SynCom35_vs_Mock,cl
AT1G08860.1,GO:0019725,BON3,1,2841969,2846350,+,4381,protein_coding,Protein BONZAI 3 [Source:UniProtKB/Swiss-Prot;Acc:Q5XQC7],0.49723929048422477,0.8785917270318269,0.7954842907195301,0.04002766919461882,NA,2.3259986003368343,0.5985232475627973,NA,0.6191451095890403,0,0,0,5
AT3G61190.2,GO:0019725,BAP1,3,22650159,22651598,-,1439,protein_coding,BON1-associated protein 1 [Source:UniProtKB/Swiss-Prot;Acc:Q941L2],0.5783296640036588,0.9063365094182143,0.1770986969262165,0.47787295263839236,0.7997871194636572,0.2258877939117541,0.9841873321658888,0.9967828086742002,-0.006334831914657354,0,0,0,9
AT3G61190.1,GO:0019725,BAP1,3,22650454,22651636,-,1182,protein_coding,BON1-associated protein 1 [Source:UniProtKB/Swiss-Prot;Acc:Q941L2],0.9952953792264332,0.9991582909016066,0.0038871776903894716,0.4368478517255474,0.7739571912743,-0.5148837382007644,0.33643011758101227,0.7302782929529426,-0.6367538573790955,0,0,0,2
AT5G61900.3,GO:0019725,BON1,5,24855661,24859272,-,3611,protein_coding,Protein BONZAI 1 [Source:UniProtKB/Swiss-Prot;Acc:Q941L3],0.6910340927853615,0.9391533909982686,-1.0771820716553264,0.40071476562006597,0.7492011635414253,-2.2796164020106815,0.7540607720315712,0.9352149304812711,-0.8489698195609001,-0,-0,0,8
AT5G61900.1,GO:0019725,BON1,5,24855661,24859341,-,3680,protein_coding,Protein BONZAI 1 [Source:UniProtKB/Swiss-Prot;Acc:Q941L3],0.5691234268862806,0.9040447903376051,0.14153338874089763,0.26573731201891915,0.6364834749009358,0.2765040378088627,0.6759170298514057,0.9097372219205966,-0.10401206056376192,0,0,0,9
