ID,Path,Gene,Chromosome,Start,End,Strand,Length,BioType,Description,Flg22_vs_Mock_pvalue,Flg22_vs_Mock_padj,Flg22_vs_Mock_log2FoldChange,Flg22_SynCom33_vs_Mock_pvalue,Flg22_SynCom33_vs_Mock_padj,Flg22_SynCom33_vs_Mock_log2FoldChange,Flg22_SynCom35_vs_Mock_pvalue,Flg22_SynCom35_vs_Mock_padj,Flg22_SynCom35_vs_Mock_log2FoldChange,Flg22_vs_Mock,Flg22_SynCom33_vs_Mock,Flg22_SynCom35_vs_Mock,cl
AT2G04700.2,GO:0103012,FTRC,2,1646799,1648621,+,1822,protein_coding,"Ferredoxin-thioredoxin reductase, catalytic chain [Source:UniProtKB/TrEMBL;Acc:A0A178VTW5]",0.546959055027862,0.8966389705849735,0.18725892599535365,0.7223108291752336,0.9212685905662129,-0.1117502714065744,0.6080487084231453,0.8842537896126721,-0.16100977089691437,0,0,0,7
AT2G04700.1,GO:0103012,FTRC,2,1646807,1649037,+,2230,protein_coding,"Ferredoxin-thioredoxin reductase, catalytic chain [Source:UniProtKB/TrEMBL;Acc:A0A178VTW5]",0.009291263672231508,0.1471213039699699,0.6881206918729513,0.008501556817167435,0.09850812515478233,0.6961864191532403,0.21593044255911029,0.6190804108980485,0.3294676195225725,0,0,0,9
