ID,Path,Gene,Chromosome,Start,End,Strand,Length,BioType,Description,Flg22_vs_Mock_pvalue,Flg22_vs_Mock_padj,Flg22_vs_Mock_log2FoldChange,Flg22_SynCom33_vs_Mock_pvalue,Flg22_SynCom33_vs_Mock_padj,Flg22_SynCom33_vs_Mock_log2FoldChange,Flg22_SynCom35_vs_Mock_pvalue,Flg22_SynCom35_vs_Mock_padj,Flg22_SynCom35_vs_Mock_log2FoldChange,Flg22_vs_Mock,Flg22_SynCom33_vs_Mock,Flg22_SynCom35_vs_Mock,cl
AT1G26800.1,GO:0071629,MPSR1,1,9285025,9286395,-,1370,protein_coding,E3 ubiquitin-protein ligase MPSR1 [Source:UniProtKB/Swiss-Prot;Acc:Q9LQX2],0.6386401939334508,0.9263126797985651,-0.16891907725790697,0.9439852984138047,0.9873613349407674,0.025227414344089334,0.15611882718049583,0.5436252343766635,0.5069531046607291,0,0,0,4
AT5G52060.1,GO:0071629,BAG1,5,21152011,21154395,-,2384,protein_coding,BAG family molecular chaperone regulator 1 [Source:UniProtKB/Swiss-Prot;Acc:Q0WUQ1],0.373305658898728,0.8210849089803082,-0.1405614512963943,0.20779853541582557,0.5718129009159815,-0.19894383629832138,0.7472380202955701,0.933630344963429,0.050821140982907353,0,0,0,4
