ID,Path,Gene,Chromosome,Start,End,Strand,Length,BioType,Description,Flg22_vs_Mock_pvalue,Flg22_vs_Mock_padj,Flg22_vs_Mock_log2FoldChange,Flg22_SynCom33_vs_Mock_pvalue,Flg22_SynCom33_vs_Mock_padj,Flg22_SynCom33_vs_Mock_log2FoldChange,Flg22_SynCom35_vs_Mock_pvalue,Flg22_SynCom35_vs_Mock_padj,Flg22_SynCom35_vs_Mock_log2FoldChange,Flg22_vs_Mock,Flg22_SynCom33_vs_Mock,Flg22_SynCom35_vs_Mock,cl
AT1G06220.1,GO:0045694,CLO,1,1899951,1904897,+,4946,protein_coding,110 kDa U5 small nuclear ribonucleoprotein component CLO [Source:UniProtKB/Swiss-Prot;Acc:Q9LNC5],0.13063558836443934,0.5761615507768014,-0.71640832613026,0.41208275614966144,0.7572136179525351,-0.38859426590684126,0.669943021621708,0.9069479282596532,-0.20187462354451427,0,0,0,8
AT1G06220.3,GO:0045694,CLO,1,1900233,1904883,+,4650,protein_coding,110 kDa U5 small nuclear ribonucleoprotein component CLO [Source:UniProtKB/Swiss-Prot;Acc:Q9LNC5],0.053166172709079446,0.387941148370398,1.5604651567647339,0.773271630013938,0.9362763186578261,0.23292021641970728,0.07194884133074315,0.3822041725092489,1.4522562642055454,0,0,0,6
AT5G06160.1,GO:0045694,ATO,5,1862325,1866433,-,4108,protein_coding,Splicing factor SF3a60 homolog [Source:UniProtKB/Swiss-Prot;Acc:Q9FG01],0.4355839872220045,0.8546393502284303,-0.08074581500767747,0.3191033833850431,0.6837269623438224,-0.10328370626692719,0.9768062612908933,0.9949609030678502,-0.0029976768411344506,0,0,0,4
