ID,Path,Gene,Chromosome,Start,End,Strand,Length,BioType,Description,Flg22_vs_Mock_pvalue,Flg22_vs_Mock_padj,Flg22_vs_Mock_log2FoldChange,Flg22_SynCom33_vs_Mock_pvalue,Flg22_SynCom33_vs_Mock_padj,Flg22_SynCom33_vs_Mock_log2FoldChange,Flg22_SynCom35_vs_Mock_pvalue,Flg22_SynCom35_vs_Mock_padj,Flg22_SynCom35_vs_Mock_log2FoldChange,Flg22_vs_Mock,Flg22_SynCom33_vs_Mock,Flg22_SynCom35_vs_Mock,cl
AT5G61510.1,GO:0003960,,5,24736871,24739002,-,2131,protein_coding,At5g61510 [Source:UniProtKB/TrEMBL;Acc:A1L4Y4],0.0035439179511489844,0.07935146740977954,0.8565991531638729,0.2144130975485052,0.5799228180198125,0.3671783303128896,0.3435740385571457,0.735867041699572,0.28010150011284174,0,0,0,7
AT5G61510.2,GO:0003960,,5,24736945,24738649,-,1704,protein_coding,At5g61510 [Source:UniProtKB/TrEMBL;Acc:A1L4Y4],0.6368638741967773,0.925881592848161,0.06046778653042802,0.4364149334641365,0.7738088795620645,-0.10006629601812832,0.04408132215209448,0.29868447916872154,-0.2592998196874698,0,0,0,2
