ID,Path,Gene,Chromosome,Start,End,Strand,Length,BioType,Description,Flg22_vs_Mock_pvalue,Flg22_vs_Mock_padj,Flg22_vs_Mock_log2FoldChange,Flg22_SynCom33_vs_Mock_pvalue,Flg22_SynCom33_vs_Mock_padj,Flg22_SynCom33_vs_Mock_log2FoldChange,Flg22_SynCom35_vs_Mock_pvalue,Flg22_SynCom35_vs_Mock_padj,Flg22_SynCom35_vs_Mock_log2FoldChange,Flg22_vs_Mock,Flg22_SynCom33_vs_Mock,Flg22_SynCom35_vs_Mock,cl
AT3G04120.1,GO:0051775,GAPC1,3,1080942,1083690,+,2748,protein_coding,"Glyceraldehyde-3-phosphate dehydrogenase GAPC1, cytosolic [Source:UniProtKB/Swiss-Prot;Acc:P25858]",0.9454042938750562,0.9933269717125698,0.011157007341379987,0.29734018549330526,0.665221761872915,-0.16980166112082792,0.0014686739023838592,0.034572756109149595,-0.5182965104514037,0,0,0,2
AT5G58330.1,GO:0051775,,5,23579722,23582395,-,2673,protein_coding,"Malate dehydrogenase [NADP], chloroplastic [Source:UniProtKB/Swiss-Prot;Acc:Q8H1E2]",0.7740989643621599,0.9593789929619458,-0.30711514733073486,0.8920989753482828,0.971575766937266,-0.14509745807039,0.43438591381618435,0.7965710431523294,-0.8375130202959598,0,0,0,10
