ID,Path,Gene,Chromosome,Start,End,Strand,Length,BioType,Description,Flg22_vs_Mock_pvalue,Flg22_vs_Mock_padj,Flg22_vs_Mock_log2FoldChange,Flg22_SynCom33_vs_Mock_pvalue,Flg22_SynCom33_vs_Mock_padj,Flg22_SynCom33_vs_Mock_log2FoldChange,Flg22_SynCom35_vs_Mock_pvalue,Flg22_SynCom35_vs_Mock_padj,Flg22_SynCom35_vs_Mock_log2FoldChange,Flg22_vs_Mock,Flg22_SynCom33_vs_Mock,Flg22_SynCom35_vs_Mock,cl
AT2G36680.1,GO:0043162,VPS37-2,2,15368792,15371033,-,2241,protein_coding,Vacuolar protein-sorting-associated protein 37 homolog 2 [Source:UniProtKB/Swiss-Prot;Acc:Q3EBL9],0.03264814817097786,0.2994457362204521,0.38970660434520854,0.018104582744483684,0.1558896199030142,0.4307463895621506,0.8378044979818549,0.9603159039892704,0.037672602688888085,0,0,0,9
AT2G36680.2,GO:0043162,VPS37-2,2,15368806,15370846,-,2040,protein_coding,Vacuolar protein-sorting-associated protein 37 homolog 2 [Source:UniProtKB/Swiss-Prot;Acc:Q3EBL9],0.47889167990630893,0.8724331236914297,-0.21673516934872358,0.005806607687735589,0.07603177197355485,0.8012916154792741,0.6797055108216447,0.9110004002562028,0.1231711071492089,0,0,0,5
AT2G36680.3,GO:0043162,VPS37-2,2,15368806,15371033,-,2227,protein_coding,Vacuolar protein-sorting-associated protein 37 homolog 2 [Source:UniProtKB/Swiss-Prot;Acc:Q3EBL9],0.9853722059743879,0.9973838355472,0.009959312617265292,0.6959496558366174,0.9103536790325909,-0.21288641029041885,0.14702282036487965,0.5306939253320743,-0.7960358441533611,0,0,0,2
AT3G53120.1,GO:0043162,VPS37-1,3,19690571,19692578,-,2007,protein_coding,Vacuolar protein-sorting-associated protein 37 homolog 1 [Source:UniProtKB/Swiss-Prot;Acc:Q9SCP9],0.4971531865998634,0.8785917270318269,0.09241315821566841,0.1127641978766402,0.428372026507105,0.21521165986969404,0.11122601503456053,0.471337888449591,-0.21826616351728914,0,0,0,9
AT5G53330.1,GO:0043162,,5,21639216,21640963,+,1747,protein_coding,Proline-rich cell wall protein-like [Source:UniProtKB/TrEMBL;Acc:Q8LG11],0.4390530749344817,0.8562497863948874,0.10717094442810933,0.6353961016981027,0.8849371983615784,0.06573320355459386,0.021780187435595132,0.2027031912284517,-0.32000966249621043,0,0,0,9
