ID,Path,Gene,Chromosome,Start,End,Strand,Length,BioType,Description,Flg22_vs_Mock_pvalue,Flg22_vs_Mock_padj,Flg22_vs_Mock_log2FoldChange,Flg22_SynCom33_vs_Mock_pvalue,Flg22_SynCom33_vs_Mock_padj,Flg22_SynCom33_vs_Mock_log2FoldChange,Flg22_SynCom35_vs_Mock_pvalue,Flg22_SynCom35_vs_Mock_padj,Flg22_SynCom35_vs_Mock_log2FoldChange,Flg22_vs_Mock,Flg22_SynCom33_vs_Mock,Flg22_SynCom35_vs_Mock,cl
AT1G14850.1,GO:0000972,NUP155,1,5116523,5123559,-,7036,protein_coding,NUP155 [Source:UniProtKB/TrEMBL;Acc:A0A178WJ50],0.30744802458484033,0.7739543581821628,-0.16625508260967364,0.32900949935309315,0.6920475531571953,-0.15901491867315082,0.24107063113404592,0.6491691564610339,0.1903419350436158,0,0,0,4
AT1G80670.1,GO:0000972,RAE1,1,30320525,30323902,-,3377,protein_coding,Protein RAE1 [Source:UniProtKB/Swiss-Prot;Acc:Q38942],0.3349791336568941,0.7955825430611548,-0.10721764130473953,0.015404066933595669,0.14195821985221763,-0.27168262841707547,0.7567021667925607,0.9360245117330159,-0.034225924289499346,0,0,0,4
