ID,Path,Gene,Chromosome,Start,End,Strand,Length,BioType,Description,Flg22_vs_Mock_pvalue,Flg22_vs_Mock_padj,Flg22_vs_Mock_log2FoldChange,Flg22_SynCom33_vs_Mock_pvalue,Flg22_SynCom33_vs_Mock_padj,Flg22_SynCom33_vs_Mock_log2FoldChange,Flg22_SynCom35_vs_Mock_pvalue,Flg22_SynCom35_vs_Mock_padj,Flg22_SynCom35_vs_Mock_log2FoldChange,Flg22_vs_Mock,Flg22_SynCom33_vs_Mock,Flg22_SynCom35_vs_Mock,cl
AT2G25620.1,GO:0050688,AtDBP1,2,10902856,10905287,-,2431,protein_coding,Probable protein phosphatase 2C 22 [Source:UniProtKB/Swiss-Prot;Acc:Q9SLA1],0.8829114596381589,0.9829583821909567,-0.03189155172320601,0.1335995419245044,0.46520438215038024,-0.3258470076787275,0.029889131488028155,0.24203053697037408,-0.472026186405289,0,0,0,2
AT3G29160.1,GO:0050688,KIN11,3,11128620,11132105,-,3485,protein_coding,Non-specific serine/threonine protein kinase [Source:UniProtKB/TrEMBL;Acc:A0A178V9G9],0.08044394437342973,0.46885462460344157,0.7324813330970761,0.11779803622221766,0.4362373343057797,0.6558835353526107,0.03751647226530394,0.27408784991153423,0.8700769008611582,0,0,0,6
AT3G29160.2,GO:0050688,KIN11,3,11128620,11132105,-,3485,protein_coding,Non-specific serine/threonine protein kinase [Source:UniProtKB/TrEMBL;Acc:A0A178V9G9],0.10639473397285407,0.5290155340641652,-0.5391534751618092,0.6450914713730213,0.8895463041737953,0.1534686433766902,0.2734230715188967,0.6804605621807818,0.36467730652655445,0,0,0,1
AT3G29160.3,GO:0050688,KIN11,3,11128706,11131883,-,3177,protein_coding,Non-specific serine/threonine protein kinase [Source:UniProtKB/TrEMBL;Acc:A0A178V9G9],0.6169047196345161,0.9190515323520648,-0.3270772760886736,0.6619851019965942,0.8967235450861547,0.2852807633741523,0.608609436015578,0.8845300807693148,0.33403205159132987,0,0,0,1
AT5G23570.1,GO:0050688,SGS3,5,7942908,7946145,+,3237,protein_coding,Protein SUPPRESSOR OF GENE SILENCING 3 [Source:UniProtKB/Swiss-Prot;Acc:Q9LDX1],0.7032493081857469,0.9426789514081462,0.07084446704951013,0.06325704046644362,0.31737592708040113,-0.3498601923902732,0.6949510086824009,0.9165473903069059,-0.0730532159532904,0,0,0,3
AT5G23570.4,GO:0050688,SGS3,5,7943046,7946147,+,3101,protein_coding,Protein SUPPRESSOR OF GENE SILENCING 3 [Source:UniProtKB/Swiss-Prot;Acc:Q9LDX1],0.21903477531095972,0.6954397600661152,1.0615911176281567,0.0349459012527061,0.22985459199296437,1.8053484264155866,0.1506115206889694,NA,1.2370227665756046,0,0,0,5
