ID,Path,Gene,Chromosome,Start,End,Strand,Length,BioType,Description,Flg22_vs_Mock_pvalue,Flg22_vs_Mock_padj,Flg22_vs_Mock_log2FoldChange,Flg22_SynCom33_vs_Mock_pvalue,Flg22_SynCom33_vs_Mock_padj,Flg22_SynCom33_vs_Mock_log2FoldChange,Flg22_SynCom35_vs_Mock_pvalue,Flg22_SynCom35_vs_Mock_padj,Flg22_SynCom35_vs_Mock_log2FoldChange,Flg22_vs_Mock,Flg22_SynCom33_vs_Mock,Flg22_SynCom35_vs_Mock,cl
AT1G73790.1,GO:0051418,GIP2,1,27744649,27745429,+,780,protein_coding,Mitotic-spindle organizing protein 1A [Source:UniProtKB/Swiss-Prot;Acc:Q9C9T3],0.8458501675477624,0.9739829418391998,-0.06295250966070975,0.35509268758896984,0.7144911398028957,0.2947730735765917,0.5112987999355635,0.8386622893951388,-0.2134401068060881,0,0,0,5
AT4G09550.1,GO:0051418,GIP1,4,6039055,6040226,+,1171,protein_coding,Mitotic-spindle organizing protein 1B [Source:UniProtKB/Swiss-Prot;Acc:Q9M0N8],0.22206553860946424,0.698986155971424,0.5470056084904178,0.7731509976603751,0.9362514130864544,-0.1335283930685844,0.9252825586765794,NA,-0.04300336483585097,0,0,0,7
AT4G09550.2,GO:0051418,GIP1,4,6039068,6040215,+,1147,protein_coding,Mitotic-spindle organizing protein 1B [Source:UniProtKB/Swiss-Prot;Acc:Q9M0N8],0.4582759836220643,0.8643297983803209,0.9606151357278973,0.18206609073154473,NA,1.7072212796009323,0.15997376342522873,NA,1.7938646899624882,0,0,0,6
