ID,Path,Gene,Chromosome,Start,End,Strand,Length,BioType,Description,Flg22_vs_Mock_pvalue,Flg22_vs_Mock_padj,Flg22_vs_Mock_log2FoldChange,Flg22_SynCom33_vs_Mock_pvalue,Flg22_SynCom33_vs_Mock_padj,Flg22_SynCom33_vs_Mock_log2FoldChange,Flg22_SynCom35_vs_Mock_pvalue,Flg22_SynCom35_vs_Mock_padj,Flg22_SynCom35_vs_Mock_log2FoldChange,Flg22_vs_Mock,Flg22_SynCom33_vs_Mock,Flg22_SynCom35_vs_Mock,cl
AT1G31220.1,GO:0016742,PUR3,1,11156698,11158683,+,1985,protein_coding,"Phosphoribosylglycinamide formyltransferase, chloroplastic [Source:UniProtKB/Swiss-Prot;Acc:P52422]",0.5283639778028463,0.8896699137220958,-0.14194024875668718,0.6035967521920289,0.8701607707634538,-0.11682298232913232,0.9614394448654513,0.9904777929830886,-0.010798157344173517,0,0,0,4
AT1G66520.1,GO:0016742,pde194,1,24816128,24818744,-,2616,protein_coding,"Formyl transferase, putative [Source:UniProtKB/TrEMBL;Acc:Q9C712]",0.686932701487002,0.9384196103438033,0.12260223952051373,0.8786849952468709,0.9677486906844635,0.046671994129019,0.0714827764730847,0.3813154404411245,0.5348077981123213,0,0,0,4
AT4G17360.1,GO:0016742,PURU2,4,9703547,9705623,-,2076,protein_coding,"Formyltetrahydrofolate deformylase 2, mitochondrial [Source:UniProtKB/Swiss-Prot;Acc:F4JP46]",0.06773950771133512,0.4332184422983489,0.8010925571735406,0.3067043697872705,0.6741477406885859,0.45726053249905557,0.21001375110982712,NA,0.5545677154081878,0,0,0,6
AT5G47435.1,GO:0016742,PURU1,5,19241672,19243532,+,1860,protein_coding,"Formyltetrahydrofolate deformylase 1, mitochondrial [Source:UniProtKB/Swiss-Prot;Acc:Q93YQ3]",0.8681071852471437,0.9794808608021295,-0.027176000766598173,0.2497167347719917,0.6204718794843036,-0.1890998300177266,0.3412907821833352,0.7340223169825387,-0.15589979207228952,0,0,0,3
AT5G47435.2,GO:0016742,PURU1,5,19241672,19243988,+,2316,protein_coding,"Formyltetrahydrofolate deformylase 1, mitochondrial [Source:UniProtKB/Swiss-Prot;Acc:Q93YQ3]",0.28483430439170276,0.759305318991195,0.8899669097729166,0.6821065787204985,0.9051180683611375,-0.34594457862934835,0.634191982720525,0.8954336834668395,-0.40166056698620206,0,0,0,7
