ID,Path,Gene,Chromosome,Start,End,Strand,Length,BioType,Description,Flg22_vs_Mock_pvalue,Flg22_vs_Mock_padj,Flg22_vs_Mock_log2FoldChange,Flg22_SynCom33_vs_Mock_pvalue,Flg22_SynCom33_vs_Mock_padj,Flg22_SynCom33_vs_Mock_log2FoldChange,Flg22_SynCom35_vs_Mock_pvalue,Flg22_SynCom35_vs_Mock_padj,Flg22_SynCom35_vs_Mock_log2FoldChange,Flg22_vs_Mock,Flg22_SynCom33_vs_Mock,Flg22_SynCom35_vs_Mock,cl
AT1G66340.1,GO:0009871,ETR1,1,24734162,24737756,+,3594,protein_coding,Ethylene receptor 1 [Source:UniProtKB/Swiss-Prot;Acc:P49333],0.8373124865334358,0.971299128682158,0.02014214068673963,0.3696890157502291,0.7264201809378179,0.08789553132797663,0.040776205691909345,0.2861709324784,-0.20130687934631636,0,0,0,9
AT3G12500.1,GO:0009871,CHI-B,3,3962136,3963984,-,1848,protein_coding,Basic endochitinase B [Source:UniProtKB/Swiss-Prot;Acc:P19171],0.014556015466885395,0.19180615122909325,0.354546172419792,0.8551997939713101,0.96158109676831,0.02652073850821426,2.231410463081135e-8,5.112692659124376e-6,-0.8167651094548588,0,0,0,7
AT5G03280.1,GO:0009871,EIN2,5,787428,793404,+,5976,protein_coding,Ethylene-insensitive protein 2 [Source:UniProtKB/Swiss-Prot;Acc:Q9S814],0.8902424889654225,0.9843236938279982,-0.01284135736898205,0.3685920647516298,0.7257535543629332,-0.08371414065305258,0.6606817485917831,0.9042860370843836,-0.04083538484281258,0,0,0,4
AT5G40990.1,GO:0009871,GLIP1,5,16418842,16420616,+,1774,protein_coding,GDSL esterase/lipase 1 [Source:UniProtKB/Swiss-Prot;Acc:Q9FLN0],0.003810574063607369,0.08345425339773731,2.2569197224287825,0.043984325677324784,0.2613586743717606,1.5779277858007752,0.5595321646333147,0.8641897398007929,0.462452139448581,0,0,0,7
