ID,Path,Gene,Chromosome,Start,End,Strand,Length,BioType,Description,Flg22_vs_Mock_pvalue,Flg22_vs_Mock_padj,Flg22_vs_Mock_log2FoldChange,Flg22_SynCom33_vs_Mock_pvalue,Flg22_SynCom33_vs_Mock_padj,Flg22_SynCom33_vs_Mock_log2FoldChange,Flg22_SynCom35_vs_Mock_pvalue,Flg22_SynCom35_vs_Mock_padj,Flg22_SynCom35_vs_Mock_log2FoldChange,Flg22_vs_Mock,Flg22_SynCom33_vs_Mock,Flg22_SynCom35_vs_Mock,cl
AT2G04400.1,GO:0004425,IGPS,2,1531148,1533737,+,2589,protein_coding,"Indole-3-glycerol phosphate synthase, chloroplastic [Source:UniProtKB/Swiss-Prot;Acc:P49572]",9.872735431671093e-4,0.03393192542043423,0.5300420558547572,0.010474805346275241,0.11187275221238421,0.4122636709743119,0.07876245858021942,0.40043686147990676,-0.2847440474100765,0,0,0,9
AT5G48220.1,GO:0004425,,5,19549798,19552267,+,2469,protein_coding,AT5g48220/MIF21_11 [Source:UniProtKB/TrEMBL;Acc:Q9LUB2],0.8319729160255751,0.9703513554687313,0.07988259364924213,0.1724206917630681,0.5258694163801675,0.5079564507954375,0.8866858255423032,0.9741032737064127,-0.05374226546389273,0,0,0,5
AT5G48220.2,GO:0004425,,5,19549798,19552267,+,2469,protein_coding,AT5g48220/MIF21_11 [Source:UniProtKB/TrEMBL;Acc:Q9LUB2],0.8446416213469105,0.9737120938162939,0.2512427176012013,0.34769684231168746,0.7086949665225232,1.195692458501089,0.4989528848951577,NA,0.8621296783014987,0,0,0,5
