ID,Path,Gene,Chromosome,Start,End,Strand,Length,BioType,Description,Flg22_vs_Mock_pvalue,Flg22_vs_Mock_padj,Flg22_vs_Mock_log2FoldChange,Flg22_SynCom33_vs_Mock_pvalue,Flg22_SynCom33_vs_Mock_padj,Flg22_SynCom33_vs_Mock_log2FoldChange,Flg22_SynCom35_vs_Mock_pvalue,Flg22_SynCom35_vs_Mock_padj,Flg22_SynCom35_vs_Mock_log2FoldChange,Flg22_vs_Mock,Flg22_SynCom33_vs_Mock,Flg22_SynCom35_vs_Mock,cl
AT2G40300.1,GO:0004322,FER4,2,16831109,16833294,-,2185,protein_coding,"Ferritin-4, chloroplastic [Source:UniProtKB/Swiss-Prot;Acc:Q9S756]",0.20337875889659315,0.6777775273877508,-0.4466004224209926,0.14659489799067846,0.48603404634748626,-0.5105695328612622,0.8891379614401581,0.9745740683553952,-0.04849309706410408,0,0,0,8
AT3G11050.1,GO:0004322,FER2,3,3463477,3465506,+,2029,protein_coding,"Ferritin-2, chloroplastic [Source:UniProtKB/Swiss-Prot;Acc:Q9SRL5]",0.5065439187374647,0.882613010471477,-0.25643879729732266,0.12649732529197447,0.45159377138099044,-0.5996458640063166,0.46435486075576815,0.8129420200889442,0.2765873854961673,0,0,0,4
AT3G56090.1,GO:0004322,FER3,3,20813904,20816035,-,2131,protein_coding,"Ferritin-3, chloroplastic [Source:UniProtKB/Swiss-Prot;Acc:Q9LYN2]",0.013113973422326805,0.18031284548736107,-0.6868264112743633,0.011708384293805921,0.11958388548103753,-0.6980801560807495,0.7355185464366102,0.9295339795539238,0.09300744801801147,0,0,0,4
AT4G03240.1,GO:0004322,FH,4,1423238,1424772,-,1534,protein_coding,FH [Source:UniProtKB/TrEMBL;Acc:A0A178V3B4],0.6174511458763462,0.9193825243005707,-0.11207894660546426,0.536331201892204,0.8341181716162857,-0.13891123190370708,0.8958402161051204,0.9765348400116443,-0.029249661424761843,0,0,0,4
AT5G01600.1,GO:0004322,FER1,5,227953,230051,-,2098,protein_coding,"Ferritin-1, chloroplastic [Source:UniProtKB/Swiss-Prot;Acc:Q39101]",0.1380522479668423,0.5889402250684159,-0.5439323809741475,0.05519106914916076,0.29565392631172,-0.7033637967947581,0.6755088451677674,0.9097279074068764,-0.15345072984508493,0,0,0,8
