ID,Path,Gene,Chromosome,Start,End,Strand,Length,BioType,Description,Flg22_vs_Mock_pvalue,Flg22_vs_Mock_padj,Flg22_vs_Mock_log2FoldChange,Flg22_SynCom33_vs_Mock_pvalue,Flg22_SynCom33_vs_Mock_padj,Flg22_SynCom33_vs_Mock_log2FoldChange,Flg22_SynCom35_vs_Mock_pvalue,Flg22_SynCom35_vs_Mock_padj,Flg22_SynCom35_vs_Mock_log2FoldChange,Flg22_vs_Mock,Flg22_SynCom33_vs_Mock,Flg22_SynCom35_vs_Mock,cl
AT1G48605.1,GO:0004633,HAL3B,1,17969395,17970551,-,1156,protein_coding,Probable phosphopantothenoylcysteine decarboxylase [Source:UniProtKB/Swiss-Prot;Acc:P94063],0.6654332084418377,0.9329325225788251,0.11990675856618063,0.5933123579997788,0.8656092888826028,0.14794975463226848,0.9928597113418303,0.9987511922657519,-0.0024868760535834353,0,0,0,9
AT3G18030.1,GO:0004633,HAL3A,3,6167640,6168966,-,1326,protein_coding,Phosphopantothenoylcysteine decarboxylase [Source:UniProtKB/Swiss-Prot;Acc:Q9SWE5],0.4104178564285922,0.8438674149004016,0.1520662961327187,0.30700757313829813,0.674487656416387,-0.19224069043581749,0.08761662372357915,0.4218292442549264,0.31224845357187464,0,0,0,4
