ID,Path,Gene,Chromosome,Start,End,Strand,Length,BioType,Description,Flg22_vs_Mock_pvalue,Flg22_vs_Mock_padj,Flg22_vs_Mock_log2FoldChange,Flg22_SynCom33_vs_Mock_pvalue,Flg22_SynCom33_vs_Mock_padj,Flg22_SynCom33_vs_Mock_log2FoldChange,Flg22_SynCom35_vs_Mock_pvalue,Flg22_SynCom35_vs_Mock_padj,Flg22_SynCom35_vs_Mock_log2FoldChange,Flg22_vs_Mock,Flg22_SynCom33_vs_Mock,Flg22_SynCom35_vs_Mock,cl
AT3G03310.1,GO:0008374,LCAT3,3,778568,781703,-,3135,protein_coding,Phospholipase A(1) LCAT3 [Source:UniProtKB/Swiss-Prot;Acc:Q93V61],0.25714597107635867,0.7353665947748731,0.21645309491973438,0.9781513830608598,0.9950797714787954,-0.005250214841323467,0.8986192522103025,0.9772338869898635,-0.024396647242990614,0,0,0,7
AT3G44830.1,GO:0008374,PDAT2,3,16368890,16372443,+,3553,protein_coding,Putative phospholipid:diacylglycerol acyltransferase 2 [Source:UniProtKB/Swiss-Prot;Acc:Q9FYC7],0.3116498076403787,NA,1.3639424889448482,0.8134800367485415,NA,-0.35740507582109443,0.9499112692084009,NA,-0.09199592905415083,0,0,0,7
AT3G51970.1,GO:0008374,ASAT1,3,19284339,19285582,+,1243,protein_coding,Acyl-CoA--sterol O-acyltransferase 1 [Source:UniProtKB/Swiss-Prot;Acc:Q9SV07],0.1445104976545221,0.6007016705546269,0.3808129558772653,7.466874289063412e-5,0.0033287647535423324,1.0150489345025167,0.10140636695113918,0.45376326576764714,0.42569327416375735,0,1,0,5
AT4G19860.1,GO:0008374,LCAT4,4,10777512,10780470,-,2958,protein_coding,Lecithin-cholesterol acyltransferase-like 4 [Source:UniProtKB/Swiss-Prot;Acc:Q71N54],0.8401070388743332,0.9720907920913021,0.039875695155514375,0.6642741214253352,0.8975179398952483,0.08577265848521554,0.3887946065132917,0.7671189398446937,0.17023754727566948,0,0,0,4
AT5G13640.1,GO:0008374,PDAT1,5,4392937,4397541,+,4604,protein_coding,Phospholipid:diacylglycerol acyltransferase 1 [Source:UniProtKB/Swiss-Prot;Acc:Q9FNA9],0.548577666060102,0.8971920945880493,-0.06779449660926727,0.8709908380294032,0.9654724203072682,-0.01833684831677799,0.026814550127798497,0.22771071195713954,-0.25085604604893785,0,0,0,10
AT5G13640.3,GO:0008374,PDAT1,5,4394283,4397541,+,3258,protein_coding,Phospholipid:diacylglycerol acyltransferase 1 [Source:UniProtKB/Swiss-Prot;Acc:Q9FNA9],0.7449920177711087,0.9529854144178901,0.07642679931201542,0.6250078405963276,0.8796178884754651,0.11481807443429252,0.510904458670626,0.8386614015789674,0.15424973197091785,0,0,0,6
