ID,Path,Gene,Chromosome,Start,End,Strand,Length,BioType,Description,Flg22_vs_Mock_pvalue,Flg22_vs_Mock_padj,Flg22_vs_Mock_log2FoldChange,Flg22_SynCom33_vs_Mock_pvalue,Flg22_SynCom33_vs_Mock_padj,Flg22_SynCom33_vs_Mock_log2FoldChange,Flg22_SynCom35_vs_Mock_pvalue,Flg22_SynCom35_vs_Mock_padj,Flg22_SynCom35_vs_Mock_log2FoldChange,Flg22_vs_Mock,Flg22_SynCom33_vs_Mock,Flg22_SynCom35_vs_Mock,cl
AT4G31120.1,GO:0043985,PMRT15,4,15132011,15136696,-,4685,protein_coding,Protein arginine N-methyltransferase 1.5 [Source:UniProtKB/Swiss-Prot;Acc:Q8GWT4],0.12327795651619468,0.5641851313323987,-0.3744784242569154,0.12640646538816339,0.4515692495102469,-0.37140945539286657,0.25479814852599997,0.663269190352576,0.2754367136923624,0,0,0,4
AT4G31120.2,GO:0043985,PMRT15,4,15132119,15136637,-,4518,protein_coding,Protein arginine N-methyltransferase 1.5 [Source:UniProtKB/Swiss-Prot;Acc:Q8GWT4],0.43551655120199395,0.8546393502284303,-1.0838386384697891,0.7276092231495722,0.9224857786259208,-0.48289978717817117,0.6064203873810639,0.8834480852375944,-0.7146407768942711,-0,0,0,10
AT5G06550.1,GO:0043985,,5,2001071,2003112,-,2041,protein_coding,F-box protein At5g06550 [Source:UniProtKB/Swiss-Prot;Acc:Q67XX3],0.06445400599876829,0.4237083224669088,-0.4699428692244595,0.031743303351692106,0.21688090648874384,-0.546763367954279,0.8088522183804571,0.9521635597101843,0.060905820522383226,0,0,0,4
AT5G63080.1,GO:0043985,,5,25299933,25302476,-,2543,protein_coding,2-oxoglutarate (2OG) and Fe(II)-dependent oxygenase superfamily protein [Source:UniProtKB/TrEMBL;Acc:Q67ZB6],0.7004350545221996,0.9416035876156477,-0.07465632767750154,0.6189096549135478,0.8767656861711218,0.09604336035990166,0.40885442080556167,0.7779972835355693,-0.16029861556471406,0,0,0,10
