ID,Path,Gene,Chromosome,Start,End,Strand,Length,BioType,Description,Flg22_vs_Mock_pvalue,Flg22_vs_Mock_padj,Flg22_vs_Mock_log2FoldChange,Flg22_SynCom33_vs_Mock_pvalue,Flg22_SynCom33_vs_Mock_padj,Flg22_SynCom33_vs_Mock_log2FoldChange,Flg22_SynCom35_vs_Mock_pvalue,Flg22_SynCom35_vs_Mock_padj,Flg22_SynCom35_vs_Mock_log2FoldChange,Flg22_vs_Mock,Flg22_SynCom33_vs_Mock,Flg22_SynCom35_vs_Mock,cl
AT3G12040.2,GO:0052822,MAG,3,3835129,3836834,-,1705,protein_coding,DNA-3-methyladenine glycosylase [Source:UniProtKB/Swiss-Prot;Acc:Q39147],0.5324572584529661,0.891245326184568,0.8373427227099043,0.6681912936546166,NA,0.5779721570831112,0.544193299047793,NA,0.8127375680259186,0,0,0,6
AT3G12040.1,GO:0052822,MAG,3,3835129,3836849,-,1720,protein_coding,DNA-3-methyladenine glycosylase [Source:UniProtKB/Swiss-Prot;Acc:Q39147],0.25725479613903324,0.7354017441026581,-0.2852933975153952,0.08377675140841784,0.3704699179735299,0.42883560834414935,0.8187528640209574,0.9543983771902524,0.05713192088750392,0,0,0,5
