ID,Path,Gene,Chromosome,Start,End,Strand,Length,BioType,Description,Flg22_vs_Mock_pvalue,Flg22_vs_Mock_padj,Flg22_vs_Mock_log2FoldChange,Flg22_SynCom33_vs_Mock_pvalue,Flg22_SynCom33_vs_Mock_padj,Flg22_SynCom33_vs_Mock_log2FoldChange,Flg22_SynCom35_vs_Mock_pvalue,Flg22_SynCom35_vs_Mock_padj,Flg22_SynCom35_vs_Mock_log2FoldChange,Flg22_vs_Mock,Flg22_SynCom33_vs_Mock,Flg22_SynCom35_vs_Mock,cl
AT1G31180.1,GO:0003862,ATIMD3,1,11142662,11144650,-,1988,protein_coding,isopropylmalate dehydrogenase 3 [Source:TAIR;Acc:AT1G31180],0.8978549946979016,0.985610230688675,-0.029312132475470126,0.3391854516146824,0.7007158666429344,-0.21866979323397526,0.37726601206898536,0.7586842301588834,0.2010979622138338,0,0,0,4
AT1G80560.1,GO:0003862,IMDH2,1,30287763,30290299,+,2536,protein_coding,"3-isopropylmalate dehydrogenase 2, chloroplastic [Source:UniProtKB/Swiss-Prot;Acc:P93832]",0.1785700573571136,0.6509485541922461,-0.24333841447507465,0.13842172488814908,0.4732357635054335,-0.26820114207993473,0.34768053891699374,0.7394941081138766,0.16867701369990562,0,0,0,4
AT5G14200.1,GO:0003862,IMDH3,5,4576123,4578402,+,2279,protein_coding,3-isopropylmalate dehydrogenase [Source:UniProtKB/TrEMBL;Acc:Q5XF32],0.04364335260930346,0.351073285313814,0.4508772823160433,0.23384175384651024,0.6026464794149806,-0.2667053960249902,0.23616988393369923,0.6441191551611989,0.2648178417546791,0,0,0,3
AT5G14200.2,GO:0003862,IMDH3,5,4576202,4578240,+,2038,protein_coding,3-isopropylmalate dehydrogenase [Source:UniProtKB/TrEMBL;Acc:Q5XF32],0.3323989552721741,0.7934237014170319,0.2574236813821952,0.9686058819234085,0.9930431033162803,0.010460644046513815,0.28469597395767177,0.6909893831817527,0.2840441579812755,0,0,0,6
AT5G14200.3,GO:0003862,IMDH3,5,4576202,4578240,+,2038,protein_coding,3-isopropylmalate dehydrogenase [Source:UniProtKB/TrEMBL;Acc:Q5XF32],0.9232553775959442,0.9888441457128984,0.1802360912031643,0.778083970013331,0.9374558522832783,0.5271742178789562,0.613478602545614,0.8858827009230862,-0.9458884981392346,0,0,0,9
