ID,Path,Gene,Chromosome,Start,End,Strand,Length,BioType,Description,Flg22_vs_Mock_pvalue,Flg22_vs_Mock_padj,Flg22_vs_Mock_log2FoldChange,Flg22_SynCom33_vs_Mock_pvalue,Flg22_SynCom33_vs_Mock_padj,Flg22_SynCom33_vs_Mock_log2FoldChange,Flg22_SynCom35_vs_Mock_pvalue,Flg22_SynCom35_vs_Mock_padj,Flg22_SynCom35_vs_Mock_log2FoldChange,Flg22_vs_Mock,Flg22_SynCom33_vs_Mock,Flg22_SynCom35_vs_Mock,cl
AT1G05720.1,GO:0008430,,1,1717389,1718909,-,1520,protein_coding,Selenoprotein family protein [Source:UniProtKB/TrEMBL;Acc:Q8GWP6],0.5789979002280206,0.9066467789392941,0.06202371422203903,0.8503311255316243,0.9597863766645485,0.02114092529324453,0.6134543362833289,0.8858827009230862,-0.05656302776775178,0,0,0,3
AT3G23800.1,GO:0008430,SBP3,3,8581446,8583987,+,2541,protein_coding,SBP3 [Source:UniProtKB/TrEMBL;Acc:A0A178VEQ9],0.9023400521460605,0.9865429902536709,0.05947509324980285,0.5748931440082565,0.85529235138801,0.2705818635721976,0.8838609603179383,0.9734849446899636,0.07064938917496297,0,0,0,5
AT3G23800.2,GO:0008430,SBP3,3,8581890,8583934,+,2044,protein_coding,SBP3 [Source:UniProtKB/TrEMBL;Acc:A0A178VEQ9],0.5829528660916767,0.9078270129595561,-0.12776656532653002,8.763580811765606e-4,0.02023905321150198,0.7650084261588485,4.522667700767749e-4,0.014644191055864134,0.8054037196102776,0,0,0,1
AT4G14030.2,GO:0008430,SBP1,4,8097842,8100260,-,2418,protein_coding,Selenium-binding protein 1 [Source:UniProtKB/Swiss-Prot;Acc:O23264],0.9234501448196432,0.9888441457128984,0.01796072237799628,0.3636201136403537,0.7219614961248945,0.1697451769618369,0.4919821759824888,0.8285689317316566,-0.12846984379402632,0,0,0,5
AT4G14030.1,GO:0008430,SBP1,4,8097918,8100340,-,2422,protein_coding,Selenium-binding protein 1 [Source:UniProtKB/Swiss-Prot;Acc:O23264],0.00390680099661128,0.08446010078394832,1.6919273625082538,0.4421930160107822,0.7783980205698172,0.45270968435905123,0.06459249685577491,0.36206111121999834,1.0852255031937705,0,0,0,7
AT4G14040.1,GO:0008430,SBP2,4,8100349,8103094,-,2745,protein_coding,Selenium-binding protein 2 [Source:UniProtKB/Swiss-Prot;Acc:Q93WN0],0.7232575850564933,0.9474527408091342,-0.10601168736385541,0.7293756233211146,0.9228596209224419,-0.10357910131881723,0.31407457340187334,0.7136205811020719,0.3003130186289812,0,0,0,4
