ID,Path,Gene,Chromosome,Start,End,Strand,Length,BioType,Description,Flg22_vs_Mock_pvalue,Flg22_vs_Mock_padj,Flg22_vs_Mock_log2FoldChange,Flg22_SynCom33_vs_Mock_pvalue,Flg22_SynCom33_vs_Mock_padj,Flg22_SynCom33_vs_Mock_log2FoldChange,Flg22_SynCom35_vs_Mock_pvalue,Flg22_SynCom35_vs_Mock_padj,Flg22_SynCom35_vs_Mock_log2FoldChange,Flg22_vs_Mock,Flg22_SynCom33_vs_Mock,Flg22_SynCom35_vs_Mock,cl
AT1G17270.2,GO:0046922,OFUT5,1,5909085,5911708,-,2623,protein_coding,O-fucosyltransferase 5 [Source:UniProtKB/Swiss-Prot;Acc:Q84WU0],0.6118772446287751,0.9171381912912171,-0.16743283835954495,0.7024300314890375,0.9127056718376153,0.12515650617355378,0.7485245515170497,0.9341148880956524,-0.10538772025566881,0,0,0,10
AT1G17270.1,GO:0046922,OFUT5,1,5909165,5911695,-,2530,protein_coding,O-fucosyltransferase 5 [Source:UniProtKB/Swiss-Prot;Acc:Q84WU0],0.2275706478123492,0.7038959160635726,0.36877707399949344,0.9215359419210877,0.9808847324063533,0.030466706162673215,0.20302248889430344,0.6053640336309525,0.3879163490192434,0,0,0,6
