ID,Path,Gene,Chromosome,Start,End,Strand,Length,BioType,Description,Flg22_vs_Mock_pvalue,Flg22_vs_Mock_padj,Flg22_vs_Mock_log2FoldChange,Flg22_SynCom33_vs_Mock_pvalue,Flg22_SynCom33_vs_Mock_padj,Flg22_SynCom33_vs_Mock_log2FoldChange,Flg22_SynCom35_vs_Mock_pvalue,Flg22_SynCom35_vs_Mock_padj,Flg22_SynCom35_vs_Mock_log2FoldChange,Flg22_vs_Mock,Flg22_SynCom33_vs_Mock,Flg22_SynCom35_vs_Mock,cl
AT2G31260.1,GO:0044805,ATG9,2,13321833,13327496,-,5663,protein_coding,Autophagy-related protein 9 [Source:UniProtKB/Swiss-Prot;Acc:Q8RUS5],0.7852373333710552,0.9624259624160597,0.04341509732073413,0.7115712786552822,0.9163317539799166,-0.0589532797198889,0.01379145796222293,0.15467808355811308,-0.3933790383866199,0,0,0,2
AT5G45900.1,GO:0044805,ATG7,5,18615175,18618597,+,3422,protein_coding,Ubiquitin-like modifier-activating enzyme atg7 [Source:UniProtKB/Swiss-Prot;Acc:Q94CD5],0.6640586293194748,0.9325383080246943,-0.04893422494174389,0.45668613000925123,0.7865283401477016,-0.08407674620074625,0.9429409541340742,0.9865976003276843,-0.008011407826090132,0,0,0,4
