ID,Path,Gene,Chromosome,Start,End,Strand,Length,BioType,Description,Flg22_vs_Mock_pvalue,Flg22_vs_Mock_padj,Flg22_vs_Mock_log2FoldChange,Flg22_SynCom33_vs_Mock_pvalue,Flg22_SynCom33_vs_Mock_padj,Flg22_SynCom33_vs_Mock_log2FoldChange,Flg22_SynCom35_vs_Mock_pvalue,Flg22_SynCom35_vs_Mock_padj,Flg22_SynCom35_vs_Mock_log2FoldChange,Flg22_vs_Mock,Flg22_SynCom33_vs_Mock,Flg22_SynCom35_vs_Mock,cl
AT4G01100.3,GO:0080121,ADNT1,4,477152,479936,+,2784,protein_coding,Adenine nucleotide transporter 1 [Source:UniProtKB/TrEMBL;Acc:F4JHS4],0.329190301053895,0.7913400421603379,-0.6738919654046758,0.31320635127628715,0.6788100300527392,0.6816351686052082,0.7406215808857803,0.9314030014185894,-0.22617375716561414,0,0,0,5
AT4G01100.1,GO:0080121,ADNT1,4,477152,480028,+,2876,protein_coding,Adenine nucleotide transporter 1 [Source:UniProtKB/TrEMBL;Acc:F4JHS4],0.0066158940543038485,0.11848964728587283,-0.40482041422594967,0.04411502592274537,0.26181934650314836,-0.299977429543451,0.7820448194829094,0.944294516674606,-0.04118055820115478,0,0,0,8
AT5G07320.1,GO:0080121,,5,2309863,2312346,+,2483,protein_coding,Mitochondrial substrate carrier family protein [Source:UniProtKB/TrEMBL;Acc:Q9LY28],0.8402523476194937,0.9720907920913021,-0.031888059058869545,0.598246344385947,0.8683693980083413,-0.08358530024214643,0.9296724217317897,0.9844259362127092,-0.013905176880090275,0,0,0,4
AT5G51050.1,GO:0080121,,5,20753040,20756137,+,3097,protein_coding,Mitochondrial substrate carrier family protein [Source:TAIR;Acc:AT5G51050],0.09389194737751494,0.5041323271839193,0.27480489381861506,0.4734889157003233,0.7965351825571788,-0.1191658595304959,0.0023773356061047067,0.04926265289549271,-0.5114167615805688,0,0,0,7
AT5G61810.1,GO:0080121,,5,24831574,24833984,-,2410,protein_coding,Mitochondrial substrate carrier family protein [Source:UniProtKB/TrEMBL;Acc:Q9FLS8],0.1983332675317228,0.6715825854977638,-0.2816000206174301,0.8235699074738302,0.9516514829217881,-0.048656872977624055,0.1659959214625187,0.5573033553065408,-0.3029886620364072,0,0,0,10
