ID,Path,Gene,Chromosome,Start,End,Strand,Length,BioType,Description,Flg22_vs_Mock_pvalue,Flg22_vs_Mock_padj,Flg22_vs_Mock_log2FoldChange,Flg22_SynCom33_vs_Mock_pvalue,Flg22_SynCom33_vs_Mock_padj,Flg22_SynCom33_vs_Mock_log2FoldChange,Flg22_SynCom35_vs_Mock_pvalue,Flg22_SynCom35_vs_Mock_padj,Flg22_SynCom35_vs_Mock_log2FoldChange,Flg22_vs_Mock,Flg22_SynCom33_vs_Mock,Flg22_SynCom35_vs_Mock,cl
AT3G08710.1,GO:0007154,TRX9,3,2645078,2646604,+,1526,protein_coding,Thioredoxin H9 [Source:UniProtKB/Swiss-Prot;Acc:Q9C9Y6],0.4462182256566065,0.8605176398531639,0.29036835692540913,0.08856443044398718,0.38054543683205694,0.6460423151115358,0.5291811796063609,0.8483562997885127,0.2397655248765568,0,0,0,5
AT3G08710.2,GO:0007154,TRX9,3,2645078,2646604,+,1526,protein_coding,Thioredoxin H9 [Source:UniProtKB/Swiss-Prot;Acc:Q9C9Y6],0.24461926501043868,0.7239444552999735,-0.1995020201379933,0.21056094034203865,0.5751752055964519,-0.21479298459269522,0.1395959199785012,0.5193132275928224,-0.25317840402807446,0,0,0,8
AT5G17520.1,GO:0007154,MEX1,5,5772568,5775417,-,2849,protein_coding,"Maltose excess protein 1, chloroplastic [Source:UniProtKB/Swiss-Prot;Acc:Q9LF50]",0.012842334372962177,0.17841465897898365,0.5510434073139082,0.11345126804477,0.42960937985343106,0.353991462438306,0.50936445840273,0.8379574767678392,0.1484390341902077,0,0,0,7
AT5G42100.1,GO:0007154,ATBG_PPAP,5,16829113,16831618,-,2505,protein_coding,"Glucan endo-1,3-beta-glucosidase 10 [Source:UniProtKB/Swiss-Prot;Acc:Q9FHX5]",0.6134599454219888,0.9180758952404406,-0.1173527878496443,0.7726104724756955,0.9360170502871511,-0.06709622769532328,0.033922505114322106,0.2592023767231836,0.489140595005935,0,0,0,4
AT5G42100.2,GO:0007154,ATBG_PPAP,5,16829506,16831239,-,1733,protein_coding,"Glucan endo-1,3-beta-glucosidase 10 [Source:UniProtKB/Swiss-Prot;Acc:Q9FHX5]",0.7197841907309661,0.9463891741722255,0.26441685932931136,0.7346917625494496,0.9242684766313657,0.24990844683998828,0.033568777260054965,0.257882680366016,1.539124814863279,0,0,0,4
