ID,Path,Gene,Chromosome,Start,End,Strand,Length,BioType,Description,Flg22_vs_Mock_pvalue,Flg22_vs_Mock_padj,Flg22_vs_Mock_log2FoldChange,Flg22_SynCom33_vs_Mock_pvalue,Flg22_SynCom33_vs_Mock_padj,Flg22_SynCom33_vs_Mock_log2FoldChange,Flg22_SynCom35_vs_Mock_pvalue,Flg22_SynCom35_vs_Mock_padj,Flg22_SynCom35_vs_Mock_log2FoldChange,Flg22_vs_Mock,Flg22_SynCom33_vs_Mock,Flg22_SynCom35_vs_Mock,cl
AT4G29860.1,GO:0072718,DSE1,4,14601698,14605810,-,4112,protein_coding,Protein DECREASED SIZE EXCLUSION LIMIT 1 [Source:UniProtKB/Swiss-Prot;Acc:Q3MV14],0.5583527621370795,0.9008973223824984,0.11658347175819946,0.8409078870939046,0.9561765048481763,0.04010865598347804,0.3160224557485621,0.7154967288160085,-0.2015157707500427,0,0,0,2
AT5G13240.2,GO:0072718,,5,4225005,4227717,-,2712,protein_coding,transcription regulators [Source:TAIR;Acc:AT5G13240],0.8069146318884947,0.9662426756893417,0.13154073407788552,0.9622360860017072,0.991588874145222,-0.025650929091019264,0.20926228939552774,NA,0.6631061912938866,0,0,0,4
AT5G13240.1,GO:0072718,,5,4225005,4227717,-,2712,protein_coding,transcription regulators [Source:TAIR;Acc:AT5G13240],0.7627736890121627,0.9569840739543738,0.050348094365617685,0.04819864975600819,0.2750320744514991,0.32739280973363133,0.8966574574425451,0.9766733875652079,0.02163673605952078,0,0,0,5
