ID,Path,Gene,Chromosome,Start,End,Strand,Length,BioType,Description,Flg22_vs_Mock_pvalue,Flg22_vs_Mock_padj,Flg22_vs_Mock_log2FoldChange,Flg22_SynCom33_vs_Mock_pvalue,Flg22_SynCom33_vs_Mock_padj,Flg22_SynCom33_vs_Mock_log2FoldChange,Flg22_SynCom35_vs_Mock_pvalue,Flg22_SynCom35_vs_Mock_padj,Flg22_SynCom35_vs_Mock_log2FoldChange,Flg22_vs_Mock,Flg22_SynCom33_vs_Mock,Flg22_SynCom35_vs_Mock,cl
AT3G04460.1,GO:0048598,PEX12,3,1186440,1189501,+,3061,protein_coding,Peroxin-12 [Source:UniProtKB/TrEMBL;Acc:A0A1I9LLU9],0.3261841830691285,0.7895562696119389,-0.12558988789269823,0.17848602388284165,0.535199251981991,-0.17271107485434184,0.321373714543583,0.7192194255339088,-0.12623623446322849,0,0,0,8
AT3G04460.2,GO:0048598,PEX12,3,1186484,1189508,+,3024,protein_coding,Peroxin-12 [Source:UniProtKB/TrEMBL;Acc:A0A1I9LLU9],0.6431414107963453,0.9273392630027173,0.4852342338317503,0.5515728314044747,0.8420628651701364,-0.6353273661880814,0.7309374101906816,NA,0.3603412937606627,0,0,0,3
AT3G46740.1,GO:0048598,TOC75-3,3,17215813,17219411,-,3598,protein_coding,"Protein TOC75-3, chloroplastic [Source:UniProtKB/Swiss-Prot;Acc:Q9STE8]",0.4553235675422926,0.8634684115895739,-0.10224372141591653,0.13019762393973316,0.4592537103723799,-0.20748187111798572,0.2845738519247568,0.6909893831817527,0.14615999995379572,0,0,0,4
