ID,Path,Gene,Chromosome,Start,End,Strand,Length,BioType,Description,Flg22_vs_Mock_pvalue,Flg22_vs_Mock_padj,Flg22_vs_Mock_log2FoldChange,Flg22_SynCom33_vs_Mock_pvalue,Flg22_SynCom33_vs_Mock_padj,Flg22_SynCom33_vs_Mock_log2FoldChange,Flg22_SynCom35_vs_Mock_pvalue,Flg22_SynCom35_vs_Mock_padj,Flg22_SynCom35_vs_Mock_log2FoldChange,Flg22_vs_Mock,Flg22_SynCom33_vs_Mock,Flg22_SynCom35_vs_Mock,cl
AT5G14850.1,GO:0006505,,5,4801870,4805036,-,3166,protein_coding,Mannosyltransferase [Source:UniProtKB/TrEMBL;Acc:Q94A15],0.21228150206333574,0.6887223947149396,1.521696205992484,0.9442686922706723,0.9875824217258768,-0.08565625015893544,0.916355600036963,0.981013085724947,-0.128662939830863,0,0,0,7
AT5G14850.3,GO:0006505,,5,4801870,4805036,-,3166,protein_coding,Mannosyltransferase [Source:UniProtKB/TrEMBL;Acc:Q94A15],0.6634242919267865,0.9325383080246943,0.20691887756737812,0.39617536710281637,0.7464246017982836,0.39997898971435614,0.85338262736505055,NA,-0.08887006709451359,0,0,0,9
AT5G14850.5,GO:0006505,,5,4801888,4804668,-,2780,protein_coding,Mannosyltransferase [Source:UniProtKB/TrEMBL;Acc:Q94A15],0.15820829493062233,0.6199537850177311,-1.485565501245548,0.767431467300915,0.9343647351319592,-0.3089188596586296,0.6680359103493635,0.9065820686364575,0.4467038925327092,-0,0,0,1
AT5G14850.6,GO:0006505,,5,4801897,4804990,-,3093,protein_coding,Mannosyltransferase [Source:UniProtKB/TrEMBL;Acc:Q94A15],0.027268432934760504,0.2721111773906578,-1.9485342773565126,0.524871439883861,0.827590711886794,-0.5401768500681997,0.7635136916237897,NA,-0.25417105745574103,-0,0,0,8
