ID,Path,Gene,Chromosome,Start,End,Strand,Length,BioType,Description,Flg22_vs_Mock_pvalue,Flg22_vs_Mock_padj,Flg22_vs_Mock_log2FoldChange,Flg22_SynCom33_vs_Mock_pvalue,Flg22_SynCom33_vs_Mock_padj,Flg22_SynCom33_vs_Mock_log2FoldChange,Flg22_SynCom35_vs_Mock_pvalue,Flg22_SynCom35_vs_Mock_padj,Flg22_SynCom35_vs_Mock_log2FoldChange,Flg22_vs_Mock,Flg22_SynCom33_vs_Mock,Flg22_SynCom35_vs_Mock,cl
AT1G18640.2,GO:0004647,PSP,1,6416169,6418693,-,2524,protein_coding,"Phosphoserine phosphatase, chloroplastic [Source:UniProtKB/Swiss-Prot;Acc:O82796]",0.26766586761264993,0.7444842694161964,0.18124127507760202,0.2541765477917272,0.6245797827094567,0.18646582259002217,0.1594985443516197,0.548017135105865,0.2294119754548329,0,0,0,6
AT1G18640.3,GO:0004647,PSP,1,6416179,6418690,-,2511,protein_coding,"Phosphoserine phosphatase, chloroplastic [Source:UniProtKB/Swiss-Prot;Acc:O82796]",0.418652260885865,0.8465117461374367,0.4242288800053238,0.3532925820441509,0.7134323310179436,0.4861841455420288,0.8795796541092242,0.9720039368259026,0.08013257541783277,0,0,0,9
AT4G21670.1,GO:0004647,CPL1,4,11510989,11517396,+,6407,protein_coding,RNA polymerase II C-terminal domain phosphatase-like 1 [Source:UniProtKB/Swiss-Prot;Acc:Q5YDB6],0.1966743462720376,0.6706022537318397,-0.14524503546278933,0.33581766312102157,0.6983047681636511,-0.10820168499217647,0.7306521960564369,0.9280754508442784,-0.038550882096677834,0,0,0,4
AT5G01270.1,GO:0004647,CPL2,5,107547,112324,-,4777,protein_coding,Carboxyl-terminal domain (Ctd) phosphatase-like 2 [Source:UniProtKB/TrEMBL;Acc:F4K802],0.5263360925319751,0.8896699137220958,0.07291505701520727,0.0042487183304546015,0.06214039508121904,0.3273949600305303,0.6140701721033649,0.8863271058592964,0.05795169709560541,0,0,0,5
AT5G04120.1,GO:0004647,IPSP,5,1119937,1121813,+,1876,protein_coding,Metal-independent phosphoserine phosphatase [Source:UniProtKB/Swiss-Prot;Acc:F4KI56],8.641297554164779e-8,2.1420476618558373e-5,4.137605738572118,1.87485484055519e-5,0.001079225863464767,3.308492092447979,0.26464244107927576,0.6730775544710309,0.8646805877694407,1,1,0,7
