ID,Path,Gene,Chromosome,Start,End,Strand,Length,BioType,Description,Flg22_vs_Mock_pvalue,Flg22_vs_Mock_padj,Flg22_vs_Mock_log2FoldChange,Flg22_SynCom33_vs_Mock_pvalue,Flg22_SynCom33_vs_Mock_padj,Flg22_SynCom33_vs_Mock_log2FoldChange,Flg22_SynCom35_vs_Mock_pvalue,Flg22_SynCom35_vs_Mock_padj,Flg22_SynCom35_vs_Mock_log2FoldChange,Flg22_vs_Mock,Flg22_SynCom33_vs_Mock,Flg22_SynCom35_vs_Mock,cl
AT3G54220.1,GO:0090610,SCR,3,20069987,20072878,+,2891,protein_coding,Protein SCARECROW [Source:UniProtKB/Swiss-Prot;Acc:Q9M384],0.002149827941091765,0.05688306082529203,0.5819061504915657,1.5764303270633353e-4,0.005926937070226095,0.7156789541521742,0.09246194256372513,0.4346325545521882,0.31969555077433304,0,0,0,9
AT5G41920.1,GO:0090610,SCL23,5,16779643,16781424,+,1781,protein_coding,Scarecrow-like protein 23 [Source:UniProtKB/Swiss-Prot;Acc:Q9FHZ1],0.3174938506208728,0.7824740525658138,0.21152547162086635,0.32800363895440365,0.6914685006542269,0.20713293025579776,0.08679199230075037,0.4201291249037127,0.3585458130482571,0,0,0,6
