ID,Path,Gene,Chromosome,Start,End,Strand,Length,BioType,Description,Flg22_vs_Mock_pvalue,Flg22_vs_Mock_padj,Flg22_vs_Mock_log2FoldChange,Flg22_SynCom33_vs_Mock_pvalue,Flg22_SynCom33_vs_Mock_padj,Flg22_SynCom33_vs_Mock_log2FoldChange,Flg22_SynCom35_vs_Mock_pvalue,Flg22_SynCom35_vs_Mock_padj,Flg22_SynCom35_vs_Mock_log2FoldChange,Flg22_vs_Mock,Flg22_SynCom33_vs_Mock,Flg22_SynCom35_vs_Mock,cl
AT5G12080.3,GO:0050982,MSL10,5,3897893,3901790,-,3897,protein_coding,Mechanosensitive ion channel protein 10 [Source:UniProtKB/Swiss-Prot;Acc:Q9LYG9],0.4463189739631315,0.8605341946366518,0.13180906672500506,0.48966406189882983,0.8063030862459836,-0.12003090804723215,0.9339392755970513,0.9851661236325965,0.014353941257062615,0,0,0,3
AT5G19520.1,GO:0050982,MSL9,5,6585355,6588966,+,3611,protein_coding,Mechanosensitive ion channel protein 9 [Source:UniProtKB/Swiss-Prot;Acc:Q84M97],0.16437248631468251,0.6297169442266214,-0.518267889907659,0.7000076596788696,0.9117940647101159,0.1433607728288209,0.017396800877484516,0.1778717532981396,0.8836622012642013,0,0,0,1
