ID,Path,Gene,Chromosome,Start,End,Strand,Length,BioType,Description,Flg22_vs_Mock_pvalue,Flg22_vs_Mock_padj,Flg22_vs_Mock_log2FoldChange,Flg22_SynCom33_vs_Mock_pvalue,Flg22_SynCom33_vs_Mock_padj,Flg22_SynCom33_vs_Mock_log2FoldChange,Flg22_SynCom35_vs_Mock_pvalue,Flg22_SynCom35_vs_Mock_padj,Flg22_SynCom35_vs_Mock_log2FoldChange,Flg22_vs_Mock,Flg22_SynCom33_vs_Mock,Flg22_SynCom35_vs_Mock,cl
AT3G05210.1,GO:0010213,ERCC1,3,1479339,1482042,+,2703,protein_coding,DNA excision repair protein ERCC-1 [Source:UniProtKB/Swiss-Prot;Acc:Q9MA98],0.48491322340346615,0.8752403418423143,0.10878258981944146,0.6677840110248735,0.8987767153820833,-0.06737546970290463,0.571411872408236,0.8690017318841098,-0.08858010615640446,0,0,0,3
AT3G05210.2,GO:0010213,ERCC1,3,1479339,1482042,+,2703,protein_coding,DNA excision repair protein ERCC-1 [Source:UniProtKB/Swiss-Prot;Acc:Q9MA98],0.967269808837396,0.9946629527453268,-0.012867206753113251,0.0505027402357763,0.2827185887168135,0.6028970135774264,0.523047285202287,0.8448117883448555,-0.20103748286467382,0,0,0,5
AT3G28030.1,GO:0010213,UVH3,3,10424179,10431355,+,7176,protein_coding,5'-3' exonuclease family protein [Source:UniProtKB/TrEMBL;Acc:A0A1I9LM66],0.2916521547737222,0.7644304769689092,-0.8937633074436615,0.6793569686793512,0.9036710291878923,-0.3501393238875088,0.38998142519574014,0.7671189398446937,-0.7284089782361147,0,0,0,10
AT3G28030.3,GO:0010213,UVH3,3,10424253,10431364,+,7111,protein_coding,5'-3' exonuclease family protein [Source:UniProtKB/TrEMBL;Acc:A0A1I9LM66],0.6314830037570305,0.9243990544870392,0.9479377607802615,0.9203693858454812,0.9806278641994398,0.19761013091133536,0.7246539002994177,0.9256393518353461,0.6961856202801809,0,0,0,6
AT3G28030.4,GO:0010213,UVH3,3,10425299,10431364,+,6065,protein_coding,5'-3' exonuclease family protein [Source:UniProtKB/TrEMBL;Acc:A0A1I9LM66],0.7914080792694026,0.9637823384300288,0.2727008147787719,0.7233476749378631,0.9214248088866843,0.3649530419036102,0.5511696235614134,0.8594551867841634,-0.6153363840568493,0,0,0,9
