ID,Path,Gene,Chromosome,Start,End,Strand,Length,BioType,Description,Flg22_vs_Mock_pvalue,Flg22_vs_Mock_padj,Flg22_vs_Mock_log2FoldChange,Flg22_SynCom33_vs_Mock_pvalue,Flg22_SynCom33_vs_Mock_padj,Flg22_SynCom33_vs_Mock_log2FoldChange,Flg22_SynCom35_vs_Mock_pvalue,Flg22_SynCom35_vs_Mock_padj,Flg22_SynCom35_vs_Mock_log2FoldChange,Flg22_vs_Mock,Flg22_SynCom33_vs_Mock,Flg22_SynCom35_vs_Mock,cl
AT5G23540.1,GO:0061578,RPN11,5,7937630,7939604,+,1974,protein_coding,26S proteasome non-ATPase regulatory subunit 14 homolog [Source:UniProtKB/Swiss-Prot;Acc:Q9LT08],0.09739810733528569,0.5113811405002225,0.43697978755772393,0.3988867834205426,0.7481711271676625,0.2225096603754137,0.6261772215717168,0.8921768713791742,-0.12857214403461278,0,0,0,7
AT5G23540.2,GO:0061578,RPN11,5,7937669,7939592,+,1923,protein_coding,26S proteasome non-ATPase regulatory subunit 14 homolog [Source:UniProtKB/Swiss-Prot;Acc:Q9LT08],0.3290118527077516,0.7913400421603379,-0.23669290746021082,0.03559861096297201,0.2324726995768053,-0.5099414463743301,0.0396667829036802,0.28167162429065473,-0.49906536586047856,0,0,0,2
