ID,Path,Gene,Chromosome,Start,End,Strand,Length,BioType,Description,Flg22_vs_Mock_pvalue,Flg22_vs_Mock_padj,Flg22_vs_Mock_log2FoldChange,Flg22_SynCom33_vs_Mock_pvalue,Flg22_SynCom33_vs_Mock_padj,Flg22_SynCom33_vs_Mock_log2FoldChange,Flg22_SynCom35_vs_Mock_pvalue,Flg22_SynCom35_vs_Mock_padj,Flg22_SynCom35_vs_Mock_log2FoldChange,Flg22_vs_Mock,Flg22_SynCom33_vs_Mock,Flg22_SynCom35_vs_Mock,cl
AT1G05160.2,GO:0051777,KAO1,1,1487378,1490947,-,3569,protein_coding,Ent-kaurenoic acid oxidase 1 [Source:UniProtKB/Swiss-Prot;Acc:O23051],0.8133184050582118,0.9668646457850311,0.2609166579326412,0.744156615617253,0.9262907947023474,-0.3614209095273562,0.619348614961292,0.8892124372234806,0.5483641971772353,0,0,0,4
AT2G32440.2,GO:0051777,KAO2,2,13775570,13778002,+,2432,protein_coding,Ent-kaurenoic acid oxidase 2 [Source:UniProtKB/Swiss-Prot;Acc:Q9C5Y2],0.6890231917741486,0.9385568846082438,-0.2916648411811634,0.968393572213713,0.9930431033162803,0.028800398909015142,0.7424933608184118,0.9315023815410548,0.23830306573593357,0,0,0,1
