ID,Path,Gene,Chromosome,Start,End,Strand,Length,BioType,Description,Flg22_vs_Mock_pvalue,Flg22_vs_Mock_padj,Flg22_vs_Mock_log2FoldChange,Flg22_SynCom33_vs_Mock_pvalue,Flg22_SynCom33_vs_Mock_padj,Flg22_SynCom33_vs_Mock_log2FoldChange,Flg22_SynCom35_vs_Mock_pvalue,Flg22_SynCom35_vs_Mock_padj,Flg22_SynCom35_vs_Mock_log2FoldChange,Flg22_vs_Mock,Flg22_SynCom33_vs_Mock,Flg22_SynCom35_vs_Mock,cl
AT1G09150.1,GO:0002188,,1,2946030,2949159,+,3129,protein_coding,Pseudouridine synthase and archaeosine transglycosylase (PUA) domain-containing protein [Source:UniProtKB/TrEMBL;Acc:Q8L7N2],0.9995717308742859,0.9999230709238326,6.539923075840834e-5,0.17970775784664295,0.5365286479823917,-0.16465339848265295,0.045990450867471326,0.306322886757925,0.24039679636254155,0,0,0,4
AT4G11420.1,GO:0002188,TIF3A1,4,6947476,6952479,-,5003,protein_coding,Eukaryotic translation initiation factor 3 subunit A [Source:UniProtKB/Swiss-Prot;Acc:Q9LD55],0.30936217139978384,0.7759069427000195,-0.13532868183900396,0.08970984873425675,0.38303369658104985,-0.2259659711277131,0.40939184274423807,0.7781582486166453,0.10973777239091993,0,0,0,4
AT5G11900.1,GO:0002188,,5,3833919,3836359,+,2440,protein_coding,Translation machinery-associated protein 22 [Source:UniProtKB/TrEMBL;Acc:Q8VZK2],0.9397468359648927,0.9923948784613205,0.010094034903767113,0.9748272499555406,0.9945087716624229,0.004215333696845902,0.7104931138849382,0.9220842826444057,-0.04954940207288644,0,0,0,4
