ID,Path,Gene,Chromosome,Start,End,Strand,Length,BioType,Description,Flg22_vs_Mock_pvalue,Flg22_vs_Mock_padj,Flg22_vs_Mock_log2FoldChange,Flg22_SynCom33_vs_Mock_pvalue,Flg22_SynCom33_vs_Mock_padj,Flg22_SynCom33_vs_Mock_log2FoldChange,Flg22_SynCom35_vs_Mock_pvalue,Flg22_SynCom35_vs_Mock_padj,Flg22_SynCom35_vs_Mock_log2FoldChange,Flg22_vs_Mock,Flg22_SynCom33_vs_Mock,Flg22_SynCom35_vs_Mock,cl
AT1G14220.1,GO:0033897,,1,4858450,4859661,-,1211,protein_coding,F7A19.32 protein [Source:UniProtKB/TrEMBL;Acc:Q9XI64],0.17898895955187896,0.6512455073809991,0.25711787153477444,3.328768909457141e-5,0.0017270345866615678,0.7857582753822119,0.27833658135441847,0.684215787668414,0.20726959505194298,0,0,0,5
AT1G26820.1,GO:0033897,RNS3,1,9292446,9293862,-,1416,protein_coding,Ribonuclease 3 [Source:UniProtKB/Swiss-Prot;Acc:P42815],0.7330140891526793,0.9502176053942513,-0.05857032483850722,0.7726396664744726,0.9360170502871511,-0.049610498499607233,0.05761342729084263,0.3428305302406856,-0.32732652246272953,0,0,0,2
AT2G02990.1,GO:0033897,RNS1,2,873506,874886,+,1380,protein_coding,Ribonuclease 1 [Source:UniProtKB/Swiss-Prot;Acc:P42813],2.7396365898672463e-8,7.830608216201166e-6,1.9342636277946887,0.5376872234827619,0.8349881081589883,-0.2189047967250507,1.0498812541099274e-6,1.1914171326121053e-4,-1.8135436113138306,1,0,-1,7
AT2G39780.1,GO:0033897,RNS2,2,16591117,16593775,+,2658,protein_coding,Ribonuclease 2 [Source:UniProtKB/Swiss-Prot;Acc:P42814],0.44171383913052276,0.8574391093475449,0.10853193574204098,0.04188390920194667,0.255103451192164,0.2867588127113438,0.27938796386793247,0.6856590466933304,-0.15279506607949728,0,0,0,9
AT2G39780.2,GO:0033897,RNS2,2,16591222,16593775,+,2553,protein_coding,Ribonuclease 2 [Source:UniProtKB/Swiss-Prot;Acc:P42814],0.7599226347646912,0.9555662112764306,0.45463600403775506,0.7832198673954747,0.9395143451729207,-0.41098378962375454,0.8247341547065894,NA,-0.33049383067865284,0,0,0,7
