ID,Path,Gene,Chromosome,Start,End,Strand,Length,BioType,Description,Flg22_vs_Mock_pvalue,Flg22_vs_Mock_padj,Flg22_vs_Mock_log2FoldChange,Flg22_SynCom33_vs_Mock_pvalue,Flg22_SynCom33_vs_Mock_padj,Flg22_SynCom33_vs_Mock_log2FoldChange,Flg22_SynCom35_vs_Mock_pvalue,Flg22_SynCom35_vs_Mock_padj,Flg22_SynCom35_vs_Mock_log2FoldChange,Flg22_vs_Mock,Flg22_SynCom33_vs_Mock,Flg22_SynCom35_vs_Mock,cl
AT1G65440.1,GO:0042789,SPT6,1,24306545,24314639,-,8094,protein_coding,Transcription elongation factor SPT6 homolog [Source:UniProtKB/Swiss-Prot;Acc:A8MS85],0.4239905108903272,0.8486655110011069,0.5932813360804713,0.037320741097160666,0.23853392200977533,1.5438723137366048,0.020976295697343085,0.19844582063966967,1.7113218259565242,0,0,0,1
AT1G65440.4,GO:0042789,SPT6,1,24306611,24314620,-,8009,protein_coding,Transcription elongation factor SPT6 homolog [Source:UniProtKB/Swiss-Prot;Acc:A8MS85],0.1064589066519185,0.5290155340641652,0.36482307382421064,0.6200415380343938,0.8772772664121685,-0.11213283797178086,0.3750611031528599,0.7575535236043576,-0.20061960951424676,0,0,0,7
AT1G65440.2,GO:0042789,SPT6,1,24306667,24314620,-,7953,protein_coding,Transcription elongation factor SPT6 homolog [Source:UniProtKB/Swiss-Prot;Acc:A8MS85],0.010587986161315798,0.15970925167723038,-2.9942264553562277,0.5136700504127358,0.8206169594941173,-0.7632304429249694,0.7214922242399373,0.9250170831447939,-0.4164801976521766,-0,0,0,8
