ID,Path,Gene,Chromosome,Start,End,Strand,Length,BioType,Description,Flg22_vs_Mock_pvalue,Flg22_vs_Mock_padj,Flg22_vs_Mock_log2FoldChange,Flg22_SynCom33_vs_Mock_pvalue,Flg22_SynCom33_vs_Mock_padj,Flg22_SynCom33_vs_Mock_log2FoldChange,Flg22_SynCom35_vs_Mock_pvalue,Flg22_SynCom35_vs_Mock_padj,Flg22_SynCom35_vs_Mock_log2FoldChange,Flg22_vs_Mock,Flg22_SynCom33_vs_Mock,Flg22_SynCom35_vs_Mock,cl
AT2G27450.3,GO:0050126,CPA,2,11737374,11739690,-,2316,protein_coding,N-carbamoylputrescine amidase [Source:UniProtKB/Swiss-Prot;Acc:Q8VYF5],0.15156222686832435,0.6086635121502769,1.0342112169286348,0.9397918410033231,0.9860075367110414,0.05594798586899439,0.9471402098801366,NA,0.04896445066794561,0,0,0,7
AT2G27450.1,GO:0050126,CPA,2,11737434,11739690,-,2256,protein_coding,N-carbamoylputrescine amidase [Source:UniProtKB/Swiss-Prot;Acc:Q8VYF5],0.41953004228376106,0.8466466869171779,-0.0842136091882452,0.0017969814552774364,0.03413883779559579,-0.3281003579195248,0.24146048516198215,0.6499279874722496,-0.12206641078407932,0,0,0,3
