ID,Path,Gene,Chromosome,Start,End,Strand,Length,BioType,Description,Flg22_vs_Mock_pvalue,Flg22_vs_Mock_padj,Flg22_vs_Mock_log2FoldChange,Flg22_SynCom33_vs_Mock_pvalue,Flg22_SynCom33_vs_Mock_padj,Flg22_SynCom33_vs_Mock_log2FoldChange,Flg22_SynCom35_vs_Mock_pvalue,Flg22_SynCom35_vs_Mock_padj,Flg22_SynCom35_vs_Mock_log2FoldChange,Flg22_vs_Mock,Flg22_SynCom33_vs_Mock,Flg22_SynCom35_vs_Mock,cl
AT4G30160.1,GO:0051764,VLN4,4,14753232,14760189,+,6957,protein_coding,villin 4 [Source:TAIR;Acc:AT4G30160],0.9491892714655736,0.9934514323140972,-0.025368362907515245,0.5450031295881688,0.8390208255783796,-0.24135799025852644,0.7033001278129315,0.9193259900373077,-0.15167263921226057,0,0,0,3
AT4G30160.3,GO:0051764,VLN4,4,14753281,14760236,+,6955,protein_coding,villin 4 [Source:TAIR;Acc:AT4G30160],0.8711815980099431,0.9803999053993917,-0.3124655352769765,0.7339661169717506,0.9238646413572925,-0.6550302712738532,0.7928612104349634,0.9468553963451348,0.5058025427650465,0,0,0,4
AT4G30160.2,GO:0051764,VLN4,4,14753349,14760189,+,6840,protein_coding,villin 4 [Source:TAIR;Acc:AT4G30160],0.9558092336333512,0.9936967837027727,-0.06050916175208455,0.5870631174818248,0.8625526899091305,-0.5942800724056165,0.1237972933673649,0.4935070892845178,-1.695363752507607,0,0,-0,2
AT4G30160.4,GO:0051764,VLN4,4,14753819,14760236,+,6417,protein_coding,villin 4 [Source:TAIR;Acc:AT4G30160],0.22144961039028527,0.6982467525378236,-0.18328681995740365,0.5038622025356311,0.8151514546515738,0.10011348134348753,0.18599867587656518,0.5838669290498963,-0.1982089341366292,0,0,0,10
