ID,Path,Gene,Chromosome,Start,End,Strand,Length,BioType,Description,Flg22_vs_Mock_pvalue,Flg22_vs_Mock_padj,Flg22_vs_Mock_log2FoldChange,Flg22_SynCom33_vs_Mock_pvalue,Flg22_SynCom33_vs_Mock_padj,Flg22_SynCom33_vs_Mock_log2FoldChange,Flg22_SynCom35_vs_Mock_pvalue,Flg22_SynCom35_vs_Mock_padj,Flg22_SynCom35_vs_Mock_log2FoldChange,Flg22_vs_Mock,Flg22_SynCom33_vs_Mock,Flg22_SynCom35_vs_Mock,cl
AT1G17690.1,GO:0009303,NOF1,1,6082722,6088381,-,5659,protein_coding,U3 small nucleolar RNA-associated protein [Source:UniProtKB/TrEMBL;Acc:Q8H1E7],0.05349075572389731,0.3885645723520829,-0.2489987995161354,0.0810090573577609,0.36330166151332915,-0.22493288836249017,0.5504529065764014,0.8594551867841634,-0.07656554328110256,0,0,0,8
AT1G50030.1,GO:0009303,TOR,1,18522248,18539995,-,17747,protein_coding,Serine/threonine-protein kinase TOR [Source:UniProtKB/TrEMBL;Acc:A0A178WN52],0.6305398565642562,0.9243611989086742,-0.048562174654481365,0.8352387087422063,0.9541832887853466,-0.02099597199719667,0.13149104895925517,0.5059839500738581,-0.15233193813179868,0,0,0,10
