ID,Path,Gene,Chromosome,Start,End,Strand,Length,BioType,Description,Flg22_vs_Mock_pvalue,Flg22_vs_Mock_padj,Flg22_vs_Mock_log2FoldChange,Flg22_SynCom33_vs_Mock_pvalue,Flg22_SynCom33_vs_Mock_padj,Flg22_SynCom33_vs_Mock_log2FoldChange,Flg22_SynCom35_vs_Mock_pvalue,Flg22_SynCom35_vs_Mock_padj,Flg22_SynCom35_vs_Mock_log2FoldChange,Flg22_vs_Mock,Flg22_SynCom33_vs_Mock,Flg22_SynCom35_vs_Mock,cl
AT5G10050.1,GO:0000140,,5,3144200,3145760,+,1560,protein_coding,At5g10050 [Source:UniProtKB/TrEMBL;Acc:Q147P9],0.3986167203513856,0.837381645665241,0.10161876671992276,0.14822219474450024,0.4884173865066996,0.173227963473919,0.41675876424210945,0.7832391076132291,0.09717581834750676,0,0,0,6
AT5G65205.1,GO:0000140,,5,26050790,26052207,-,1417,protein_coding,AT5g10050/T31P16_40 [Source:UniProtKB/TrEMBL;Acc:Q944R2],0.7503535268505426,0.953104244259399,-0.09667600262607262,0.8172795501819232,0.9498944557910182,-0.07015177584429219,0.5882905321952151,0.8765152616898991,-0.16438511265410488,0,0,0,8
