ID,Path,Gene,Chromosome,Start,End,Strand,Length,BioType,Description,Flg22_vs_Mock_pvalue,Flg22_vs_Mock_padj,Flg22_vs_Mock_log2FoldChange,Flg22_SynCom33_vs_Mock_pvalue,Flg22_SynCom33_vs_Mock_padj,Flg22_SynCom33_vs_Mock_log2FoldChange,Flg22_SynCom35_vs_Mock_pvalue,Flg22_SynCom35_vs_Mock_padj,Flg22_SynCom35_vs_Mock_log2FoldChange,Flg22_vs_Mock,Flg22_SynCom33_vs_Mock,Flg22_SynCom35_vs_Mock,cl
AT1G03840.1,GO:0034504,MGP,1,967470,970334,-,2864,protein_coding,Uncharacterized protein At1g03840 (Fragment) [Source:UniProtKB/TrEMBL;Acc:C0SUS5],0.7649964348307448,0.9571339617671963,-0.14645087144235525,0.06342240460022504,0.317718358725434,-0.9228610617911815,0.44889501498250767,0.8041936309813962,-0.371816335915854,0,0,0,3
AT1G03840.2,GO:0034504,MGP,1,967521,970058,-,2537,protein_coding,Uncharacterized protein At1g03840 (Fragment) [Source:UniProtKB/TrEMBL;Acc:C0SUS5],0.9926509113913334,0.9982596702690572,-0.004042959961338095,0.9317683606105001,0.983479784841136,-0.03759854724296297,0.6212286655402173,0.8897906575462712,0.2163055352843164,0,0,0,4
AT3G45260.1,GO:0034504,BIB,3,16596358,16598811,-,2453,protein_coding,Protein indeterminate-domain 9 [Source:UniProtKB/Swiss-Prot;Acc:Q944L3],0.5703498564873528,0.9046835125020947,0.14490533992391652,0.9947730665499716,0.9983392758531023,-0.0016808260181682816,0.18983397044657654,0.5888377592836177,-0.3393337312442231,0,0,0,2
AT5G03150.1,GO:0034504,JKD,5,745421,749028,+,3607,protein_coding,Zinc finger protein JACKDAW [Source:UniProtKB/Swiss-Prot;Acc:Q700D2],0.1033135692487419,0.5231043187477207,0.24917930741667682,0.010628558333024082,0.1128291442386888,0.39005284504672977,0.0529098206120436,0.33028138668514395,0.29556063792311854,0,0,0,6
AT5G44160.2,GO:0034504,NUC,5,17772856,17775749,+,2893,protein_coding,Zinc finger protein NUTCRACKER [Source:UniProtKB/Swiss-Prot;Acc:Q9FFH3],0.7434753326704124,0.9529854144178901,-0.38394167469149765,0.47528037236933046,0.7977327029240971,0.8244756984077644,0.5263055466752473,NA,0.7318110976860792,0,0,0,1
AT5G44160.1,GO:0034504,NUC,5,17772856,17775749,+,2893,protein_coding,Zinc finger protein NUTCRACKER [Source:UniProtKB/Swiss-Prot;Acc:Q9FFH3],0.27121993956222784,0.7470999626300497,-0.2767787524401485,0.3114963911707496,0.6771953305842139,-0.2545348132225519,0.7247018726652015,0.9256393518353461,0.08783284651212367,0,0,0,4
