ID,Path,Gene,Chromosome,Start,End,Strand,Length,BioType,Description,Flg22_vs_Mock_pvalue,Flg22_vs_Mock_padj,Flg22_vs_Mock_log2FoldChange,Flg22_SynCom33_vs_Mock_pvalue,Flg22_SynCom33_vs_Mock_padj,Flg22_SynCom33_vs_Mock_log2FoldChange,Flg22_SynCom35_vs_Mock_pvalue,Flg22_SynCom35_vs_Mock_padj,Flg22_SynCom35_vs_Mock_log2FoldChange,Flg22_vs_Mock,Flg22_SynCom33_vs_Mock,Flg22_SynCom35_vs_Mock,cl
AT1G09230.2,GO:0030626,SNRNP65,1,2979511,2982219,-,2708,protein_coding,U11/U12 small nuclear ribonucleoprotein 65 kDa protein [Source:UniProtKB/Swiss-Prot;Acc:Q8RWV8],0.4640369128219892,0.8666587007972952,-0.13101573185707388,0.2790562644316208,0.649169590688347,-0.19437445574906423,0.9506716094612402,0.9883435279555125,0.010960767378102228,0,0,0,4
AT1G09230.3,GO:0030626,SNRNP65,1,2979801,2982713,-,2912,protein_coding,U11/U12 small nuclear ribonucleoprotein 65 kDa protein [Source:UniProtKB/Swiss-Prot;Acc:Q8RWV8],0.14464825907907788,0.6009703923263201,1.522080086587395,0.3705991767973679,0.727068907363286,0.9414111384089231,0.5494695603537778,NA,0.6316778279860874,0,0,0,7
