ID,Path,Gene,Chromosome,Start,End,Strand,Length,BioType,Description,Flg22_vs_Mock_pvalue,Flg22_vs_Mock_padj,Flg22_vs_Mock_log2FoldChange,Flg22_SynCom33_vs_Mock_pvalue,Flg22_SynCom33_vs_Mock_padj,Flg22_SynCom33_vs_Mock_log2FoldChange,Flg22_SynCom35_vs_Mock_pvalue,Flg22_SynCom35_vs_Mock_padj,Flg22_SynCom35_vs_Mock_log2FoldChange,Flg22_vs_Mock,Flg22_SynCom33_vs_Mock,Flg22_SynCom35_vs_Mock,cl
AT2G26330.1,GO:0019199,ERECTA,2,11208080,11214662,-,6582,protein_coding,LRR receptor-like serine/threonine-protein kinase ERECTA [Source:UniProtKB/Swiss-Prot;Acc:Q42371],0.12749947078673507,0.5699097082686115,-0.9473213313190336,0.8622008597426893,0.9635636830238904,-0.10130811684736088,0.7330709531028922,NA,0.19501179980824604,0,0,0,1
AT3G21630.1,GO:0019199,CERK1,3,7615357,7618671,-,3314,protein_coding,Chitin elicitor receptor kinase 1 [Source:UniProtKB/Swiss-Prot;Acc:A8R7E6],0.3086503915971163,0.77476531221676,-0.17033416350621247,0.8533247889385491,0.9608909814462352,0.030895528477774967,0.12323893671445292,0.49280030423904186,-0.25790006519587333,0,0,0,10
AT3G59420.1,GO:0019199,ACR4,3,21959646,21963180,-,3534,protein_coding,Serine/threonine-protein kinase-like protein ACR4 [Source:UniProtKB/Swiss-Prot;Acc:Q9LX29],0.44200615540714505,0.8575517334054803,-0.14765494906832374,0.013198552519525562,0.1289725513740044,-0.48934218125428963,0.20386827407680697,0.6058647019930082,0.23697415937446797,0,0,0,4
AT5G07280.1,GO:0019199,EMS1,5,2284830,2288855,+,4025,protein_coding,Leucine-rich repeat receptor protein kinase EMS1 [Source:UniProtKB/Swiss-Prot;Acc:Q9LYN8],0.09787893906833683,0.5120278538742152,0.5511339663624142,0.2783673297841808,0.6484607696602038,-0.38354445666732095,0.07552832318035169,0.3913548134983633,-0.6376519217178578,0,0,0,7
AT5G20480.2,GO:0019199,EFR,5,6921509,6925901,+,4392,protein_coding,LRR receptor-like serine/threonine-protein kinase EFR [Source:UniProtKB/Swiss-Prot;Acc:C0LGT6],0.6188459787824911,0.9199082974629913,0.49351866159231045,0.3177977757390431,0.6828968670996769,0.9880283630398801,0.99901508522874,0.9997924401392605,-0.0012289108268000414,0,0,0,9
