ID,Path,Gene,Chromosome,Start,End,Strand,Length,BioType,Description,Flg22_vs_Mock_pvalue,Flg22_vs_Mock_padj,Flg22_vs_Mock_log2FoldChange,Flg22_SynCom33_vs_Mock_pvalue,Flg22_SynCom33_vs_Mock_padj,Flg22_SynCom33_vs_Mock_log2FoldChange,Flg22_SynCom35_vs_Mock_pvalue,Flg22_SynCom35_vs_Mock_padj,Flg22_SynCom35_vs_Mock_log2FoldChange,Flg22_vs_Mock,Flg22_SynCom33_vs_Mock,Flg22_SynCom35_vs_Mock,cl
AT1G16610.1,GO:0061574,SR45,1,5675495,5678841,-,3346,protein_coding,arginine/serine-rich 45 [Source:TAIR;Acc:AT1G16610],0.5923865827171519,0.910141178910532,-0.10745368526973731,0.2631562447127365,0.6336246201842511,-0.2248764465640936,0.3931452101327242,0.7687508988772036,0.1708592605625985,0,0,0,4
AT1G16610.2,GO:0061574,SR45,1,5675495,5678841,-,3346,protein_coding,arginine/serine-rich 45 [Source:TAIR;Acc:AT1G16610],0.696400038184477,0.9407010099896574,0.18892385583209165,0.6542831458962209,0.8934491277040644,0.2168116597343137,0.5790629159130072,0.8729664834554492,0.2683961150410406,0,0,0,6
AT1G16610.7,GO:0061574,SR45,1,5675619,5678856,-,3237,protein_coding,arginine/serine-rich 45 [Source:TAIR;Acc:AT1G16610],0.9256699820675409,0.9892566500264978,-0.1259708776015919,0.39252920570441163,0.7447711188479,-1.1689299858138913,0.9180175601154054,NA,0.13864087845023604,0,-0,0,3
AT1G16610.6,GO:0061574,SR45,1,5675619,5678856,-,3237,protein_coding,arginine/serine-rich 45 [Source:TAIR;Acc:AT1G16610],0.2544649239758667,0.7329586476337072,-0.9457658966399917,0.7402195175849655,0.9253862750183249,-0.27307329156444243,0.37981271538766714,0.7610806519070878,-0.72606499403054,0,0,0,10
AT1G79100.1,GO:0061574,,1,29753648,29754256,+,608,protein_coding,arginine/serine-rich protein-related [Source:TAIR;Acc:AT1G79100],0.3383088184496249,NA,-1.5571499638235857,0.3439171205646809,NA,-1.5367424864124521,0.9881044136414426,NA,-0.020817384111034724,-0,-0,0,8
