ID,Path,Gene,Chromosome,Start,End,Strand,Length,BioType,Description,Flg22_vs_Mock_pvalue,Flg22_vs_Mock_padj,Flg22_vs_Mock_log2FoldChange,Flg22_SynCom33_vs_Mock_pvalue,Flg22_SynCom33_vs_Mock_padj,Flg22_SynCom33_vs_Mock_log2FoldChange,Flg22_SynCom35_vs_Mock_pvalue,Flg22_SynCom35_vs_Mock_padj,Flg22_SynCom35_vs_Mock_log2FoldChange,Flg22_vs_Mock,Flg22_SynCom33_vs_Mock,Flg22_SynCom35_vs_Mock,cl
AT1G08550.2,GO:0010028,VDE1,1,2707109,2709531,+,2422,protein_coding,NPQ1 [Source:UniProtKB/TrEMBL;Acc:A0A384K8V4],0.05051364710158101,0.37803827242441074,-0.539109742599106,0.23445146361610403,0.6031700875613081,-0.3232909030346987,0.1447763164142094,0.5277210807589339,0.3809263940813407,0,0,0,4
AT4G00370.1,GO:0010028,PHT4;4,4,162897,166357,-,3460,protein_coding,"Ascorbate transporter, chloroplastic [Source:UniProtKB/Swiss-Prot;Acc:Q8GX78]",0.02314363286347813,0.2485722009734992,-0.614037665624952,0.04361164642451842,0.26012165058440295,-0.5451587658496488,0.4306589217178839,0.7935655896667319,0.21118155829831278,0,0,0,4
