ID,Path,Gene,Chromosome,Start,End,Strand,Length,BioType,Description,Flg22_vs_Mock_pvalue,Flg22_vs_Mock_padj,Flg22_vs_Mock_log2FoldChange,Flg22_SynCom33_vs_Mock_pvalue,Flg22_SynCom33_vs_Mock_padj,Flg22_SynCom33_vs_Mock_log2FoldChange,Flg22_SynCom35_vs_Mock_pvalue,Flg22_SynCom35_vs_Mock_padj,Flg22_SynCom35_vs_Mock_log2FoldChange,Flg22_vs_Mock,Flg22_SynCom33_vs_Mock,Flg22_SynCom35_vs_Mock,cl
AT5G22620.4,GO:0047538,,5,7516949,7520281,-,3332,protein_coding,Probable 2-carboxy-D-arabinitol-1-phosphatase [Source:UniProtKB/Swiss-Prot;Acc:Q9FNJ9],0.3303612566959134,0.7924890726052773,0.6509993807591438,0.48525714028975264,0.8034185335282976,0.4680802215972957,0.18035370282913277,0.5769109656016346,0.8923970681247325,0,0,0,6
AT5G22620.5,GO:0047538,,5,7517229,7520281,-,3052,protein_coding,Probable 2-carboxy-D-arabinitol-1-phosphatase [Source:UniProtKB/Swiss-Prot;Acc:Q9FNJ9],0.36732736676612,0.8161586202836436,-1.9570363814443503,0.7952848019215953,0.9429209211509868,-0.559086123605804,0.6324660101077673,NA,-1.0320317225735867,-0,0,-0,8
AT5G22620.6,GO:0047538,,5,7517462,7520281,-,2819,protein_coding,Probable 2-carboxy-D-arabinitol-1-phosphatase [Source:UniProtKB/Swiss-Prot;Acc:Q9FNJ9],0.19104420482142168,0.6664236328124374,-0.46274933353130454,0.8790488135404682,0.9680056105717154,0.0531576277462747,0.09624675919039191,0.4421772271374078,-0.5895491923268652,0,0,0,10
AT5G22620.2,GO:0047538,,5,7517467,7520253,-,2786,protein_coding,Probable 2-carboxy-D-arabinitol-1-phosphatase [Source:UniProtKB/Swiss-Prot;Acc:Q9FNJ9],0.7237626272604463,0.9475817038797251,0.6822401447756087,0.6887456470540185,0.9075467126173289,-0.776675887511881,0.6672488374313148,0.9064938314007508,0.82959019417398006,0,0,0,3
AT5G22620.1,GO:0047538,,5,7517481,7520262,-,2781,protein_coding,Probable 2-carboxy-D-arabinitol-1-phosphatase [Source:UniProtKB/Swiss-Prot;Acc:Q9FNJ9],0.6022395079133609,0.9142238114278536,0.20587420693209513,0.3839852383992283,0.7374892225714976,0.3432102592679955,0.8708619479350138,0.9699650789268321,0.06428279624264464,0,0,0,5
