ID,Path,Gene,Chromosome,Start,End,Strand,Length,BioType,Description,Flg22_vs_Mock_pvalue,Flg22_vs_Mock_padj,Flg22_vs_Mock_log2FoldChange,Flg22_SynCom33_vs_Mock_pvalue,Flg22_SynCom33_vs_Mock_padj,Flg22_SynCom33_vs_Mock_log2FoldChange,Flg22_SynCom35_vs_Mock_pvalue,Flg22_SynCom35_vs_Mock_padj,Flg22_SynCom35_vs_Mock_log2FoldChange,Flg22_vs_Mock,Flg22_SynCom33_vs_Mock,Flg22_SynCom35_vs_Mock,cl
AT4G09820.1,GO:0009962,TT8,4,6181881,6186523,+,4642,protein_coding,Transcription factor TT8 [Source:UniProtKB/Swiss-Prot;Acc:Q9FT81],0.8340642539356461,NA,-0.3264416092315074,0.833774966672729,NA,-0.3273413751909052,0.47219346889406755,NA,1.015737285689556,0,0,0,4
AT4G15400.1,GO:0009962,BIA1,4,8811917,8813593,-,1676,protein_coding,BAHD acyltransferase BIA1 [Source:UniProtKB/Swiss-Prot;Acc:O23393],0.0019385573934674945,0.05318406576730459,-0.7148261189658218,0.3733622624963003,0.7292504528467283,-0.20349740536955196,0.9977652442051669,0.9995917337656474,6.377354132213672e-4,0,0,0,1
AT5G04410.1,GO:0009962,NAC078,5,1243684,1246684,+,3000,protein_coding,NAC domain-containing protein 78 [Source:UniProtKB/Swiss-Prot;Acc:Q84K00],0.7683881116730928,0.9573827788680869,0.03437053199347977,0.024474842104415973,0.1869852402236656,-0.2632987826996928,0.13089935267721914,0.5049687509419657,-0.17650586021660952,0,0,0,3
