ID,Path,Gene,Chromosome,Start,End,Strand,Length,BioType,Description,Flg22_vs_Mock_pvalue,Flg22_vs_Mock_padj,Flg22_vs_Mock_log2FoldChange,Flg22_SynCom33_vs_Mock_pvalue,Flg22_SynCom33_vs_Mock_padj,Flg22_SynCom33_vs_Mock_log2FoldChange,Flg22_SynCom35_vs_Mock_pvalue,Flg22_SynCom35_vs_Mock_padj,Flg22_SynCom35_vs_Mock_log2FoldChange,Flg22_vs_Mock,Flg22_SynCom33_vs_Mock,Flg22_SynCom35_vs_Mock,cl
AT1G79940.2,GO:0031207,ERDJ2A,1,30069519,30073440,+,3921,protein_coding,ATERDJ2A [Source:UniProtKB/TrEMBL;Acc:A0A178W1G8],0.19530943134435153,0.6699500956878068,0.8059122482326317,0.6786363866350671,0.9033922623315773,-0.2590002912984098,0.25523082256032636,0.6636056553719152,0.7080670051098201,0,0,0,3
AT1G79940.1,GO:0031207,ERDJ2A,1,30069550,30073338,+,3788,protein_coding,ATERDJ2A [Source:UniProtKB/TrEMBL;Acc:A0A178W1G8],0.830011470380794,0.9698597075340092,0.02421151761315892,0.4217738828597146,0.7636323911458397,0.09054194079111857,0.3588450758823104,0.7457732716908898,-0.10354009154710067,0,0,0,9
AT4G21180.1,GO:0031207,ERDJ2B,4,11288892,11292389,+,3497,protein_coding,DnaJ protein ERDJ2B [Source:UniProtKB/Swiss-Prot;Acc:F4JIN3],0.06783337291283556,0.4336103625425461,0.3336410741344941,0.6670726408756332,0.8984615415605445,0.07897499450472037,0.10198026288984427,0.45484634123171547,-0.30214520508582027,0,0,0,7
AT4G21180.2,GO:0031207,ERDJ2B,4,11288913,11292179,+,3266,protein_coding,DnaJ protein ERDJ2B [Source:UniProtKB/Swiss-Prot;Acc:F4JIN3],0.2527237842040644,0.7318356165967174,-0.403566402424951,0.11012957722431566,0.4233896156257729,-0.5648118792189709,0.22468182954938923,0.6309923152778333,-0.42817158040225034,0,0,0,8
