ID,Path,Gene,Chromosome,Start,End,Strand,Length,BioType,Description,Flg22_vs_Mock_pvalue,Flg22_vs_Mock_padj,Flg22_vs_Mock_log2FoldChange,Flg22_SynCom33_vs_Mock_pvalue,Flg22_SynCom33_vs_Mock_padj,Flg22_SynCom33_vs_Mock_log2FoldChange,Flg22_SynCom35_vs_Mock_pvalue,Flg22_SynCom35_vs_Mock_padj,Flg22_SynCom35_vs_Mock_log2FoldChange,Flg22_vs_Mock,Flg22_SynCom33_vs_Mock,Flg22_SynCom35_vs_Mock,cl
AT5G28050.1,GO:0047974,,5,10043907,10046031,-,2124,protein_coding,Cytidine/deoxycytidylate deaminase family protein [Source:TAIR;Acc:AT5G28050],0.014703848507052293,0.19291311500282987,0.8070399235405685,0.10283919350592026,0.40931643467961926,0.5399305709513151,0.9338344178174329,0.9851661236325965,0.027509267568601403,0,0,0,7
AT5G28050.2,GO:0047974,,5,10043914,10045882,-,1968,protein_coding,Cytidine/deoxycytidylate deaminase family protein [Source:TAIR;Acc:AT5G28050],0.43835967804556975,0.8558509055366595,-0.13684878041038737,0.5910276058163144,0.8644316876299123,0.09479794647235301,0.9055858013422866,0.9784686611287493,0.020923405477865146,0,0,0,1
