ID,Path,Gene,Chromosome,Start,End,Strand,Length,BioType,Description,Flg22_vs_Mock_pvalue,Flg22_vs_Mock_padj,Flg22_vs_Mock_log2FoldChange,Flg22_SynCom33_vs_Mock_pvalue,Flg22_SynCom33_vs_Mock_padj,Flg22_SynCom33_vs_Mock_log2FoldChange,Flg22_SynCom35_vs_Mock_pvalue,Flg22_SynCom35_vs_Mock_padj,Flg22_SynCom35_vs_Mock_log2FoldChange,Flg22_vs_Mock,Flg22_SynCom33_vs_Mock,Flg22_SynCom35_vs_Mock,cl
AT1G13710.1,GO:0040009,CYP78A5,1,4702657,4704694,-,2037,protein_coding,Cytochrome P450 78A5 [Source:UniProtKB/Swiss-Prot;Acc:Q9LMX7],0.8601322558552094,0.97792258834271,0.0670652543114514,0.036550443797320926,0.23615593872702284,-0.828276982332497,0.017211288615258027,0.1763115421116276,0.8863771162745825,0,0,0,4
AT1G71090.1,GO:0040009,PILS2,1,26812156,26814173,+,2017,protein_coding,Protein PIN-LIKES 2 [Source:UniProtKB/Swiss-Prot;Acc:Q9C999],0.8289983845575294,0.9698597075340092,-0.029933213528023403,0.18507045135753802,0.5438147553873002,0.18312500377735957,0.1793242219426423,0.5763936815674543,0.185321033409619,0,0,0,1
AT2G17500.2,GO:0040009,PILS5,2,7606728,7609261,+,2533,protein_coding,Protein PIN-LIKES 5 [Source:UniProtKB/Swiss-Prot;Acc:Q9SHL8],0.14177793034441374,0.5959687825803351,0.8531698278844345,0.4806075483547591,0.8010225131671297,-0.41315064960322995,0.19245486396826247,0.5923089570613354,-0.765682213963775,0,0,0,7
AT2G17500.3,GO:0040009,PILS5,2,7606784,7609278,+,2494,protein_coding,Protein PIN-LIKES 5 [Source:UniProtKB/Swiss-Prot;Acc:Q9SHL8],0.2896727886973884,0.7628372997200498,-0.32024878383327376,0.3629297181679713,0.7211913574653611,-0.2751542374284964,0.029140781068388393,0.23924130361323964,-0.6601592365750617,0,0,0,2
AT2G17500.4,GO:0040009,PILS5,2,7606905,7609278,+,2373,protein_coding,Protein PIN-LIKES 5 [Source:UniProtKB/Swiss-Prot;Acc:Q9SHL8],0.2593238091251104,0.7373364546884924,0.3053429038341033,0.8496199936301327,0.959722861953325,-0.05133873421576468,0.011440382049805032,0.137195621820206,-0.6851378142440483,0,0,0,7
