ID,Path,Gene,Chromosome,Start,End,Strand,Length,BioType,Description,Flg22_vs_Mock_pvalue,Flg22_vs_Mock_padj,Flg22_vs_Mock_log2FoldChange,Flg22_SynCom33_vs_Mock_pvalue,Flg22_SynCom33_vs_Mock_padj,Flg22_SynCom33_vs_Mock_log2FoldChange,Flg22_SynCom35_vs_Mock_pvalue,Flg22_SynCom35_vs_Mock_padj,Flg22_SynCom35_vs_Mock_log2FoldChange,Flg22_vs_Mock,Flg22_SynCom33_vs_Mock,Flg22_SynCom35_vs_Mock,cl
AT5G67030.1,GO:0009540,ZEP,5,26753469,26757402,-,3933,protein_coding,"Zeaxanthin epoxidase, chloroplastic [Source:UniProtKB/Swiss-Prot;Acc:Q9FGC7]",0.33248666361227563,0.79345386942344,0.5221180664884024,0.3878640870620353,0.7409965452634235,0.46526827070625804,0.2560584090662554,0.6644273683004379,-0.6134670637375951,0,0,0,9
AT5G67030.2,GO:0009540,ZEP,5,26753522,26757236,-,3714,protein_coding,"Zeaxanthin epoxidase, chloroplastic [Source:UniProtKB/Swiss-Prot;Acc:Q9FGC7]",0.7521116367737423,0.9531706513115944,-0.19837086126129602,0.7550594680884521,0.9300203229019816,0.19567938898076048,0.17410870382478227,0.5695857275617707,-0.8559299743809385,0,0,0,10
