ID,Path,Gene,Chromosome,Start,End,Strand,Length,BioType,Description,Flg22_vs_Mock_pvalue,Flg22_vs_Mock_padj,Flg22_vs_Mock_log2FoldChange,Flg22_SynCom33_vs_Mock_pvalue,Flg22_SynCom33_vs_Mock_padj,Flg22_SynCom33_vs_Mock_log2FoldChange,Flg22_SynCom35_vs_Mock_pvalue,Flg22_SynCom35_vs_Mock_padj,Flg22_SynCom35_vs_Mock_log2FoldChange,Flg22_vs_Mock,Flg22_SynCom33_vs_Mock,Flg22_SynCom35_vs_Mock,cl
AT1G01710.1,GO:0009062,,1,262828,266324,+,3496,protein_coding,Acyl-CoA thioesterase II [Source:UniProtKB/TrEMBL;Acc:F4HU51],0.025469678629287645,0.26219975062945267,0.33786181362417494,0.09798277094923936,0.40020112599499297,0.2506989455166383,0.5927860634773692,0.8782150074244904,-0.08144596370488594,0,0,0,9
AT1G65520.1,GO:0009062,ECI1,1,24361032,24362054,-,1022,protein_coding,"Enoyl-CoA delta isomerase 1, peroxisomal [Source:UniProtKB/Swiss-Prot;Acc:O04469]",0.6168725702796767,0.9190515323520648,-0.09231396977172192,0.7193551584629073,0.919780187502129,-0.06628489588570882,0.020629826760484474,0.19619619841128938,-0.42927072945978173,0,0,0,2
AT4G14430.1,GO:0009062,ECI2,4,8304442,8305857,-,1415,protein_coding,PEC12 [Source:UniProtKB/TrEMBL;Acc:A0A178UV55],0.43780052033170125,0.8558179835157044,0.07136507326535253,0.44918996187223537,0.7823716829758605,-0.07002346620102182,0.015031326129439219,0.16245446721565532,-0.2256172354666714,0,0,0,2
AT4G14440.1,GO:0009062,ECI3,4,8306590,8307934,-,1344,protein_coding,Enoyl-CoA delta isomerase 3 [Source:UniProtKB/Swiss-Prot;Acc:O23300],0.06382286796462516,0.42163734777290457,0.5479552324355734,0.8504259990243613,0.9597863766645485,0.05583032044863887,0.5945878500244874,0.8788225407562278,-0.15763343388776677,0,0,0,7
AT5G43280.1,GO:0009062,DCI1,5,17367827,17369510,+,1683,protein_coding,"Delta(3,5)-Delta(2,4)-dienoyl-CoA isomerase, peroxisomal [Source:UniProtKB/Swiss-Prot;Acc:Q9FHR8]",0.011521993241333283,0.16897515847276784,0.300105428279329,0.24918309837704541,0.6199196251913399,0.13774544154899268,0.11060196495009006,0.47033772695915566,-0.19261940816463052,0,0,0,7
AT5G43280.2,GO:0009062,DCI1,5,17367888,17369399,+,1511,protein_coding,"Delta(3,5)-Delta(2,4)-dienoyl-CoA isomerase, peroxisomal [Source:UniProtKB/Swiss-Prot;Acc:Q9FHR8]",0.5022362469165351,NA,1.2744857448276738,0.4290475744358286,NA,1.4994709548268839,0.8772005994571175,NA,0.29674739931560423,0,0,0,9
