ID,Path,Gene,Chromosome,Start,End,Strand,Length,BioType,Description,Flg22_vs_Mock_pvalue,Flg22_vs_Mock_padj,Flg22_vs_Mock_log2FoldChange,Flg22_SynCom33_vs_Mock_pvalue,Flg22_SynCom33_vs_Mock_padj,Flg22_SynCom33_vs_Mock_log2FoldChange,Flg22_SynCom35_vs_Mock_pvalue,Flg22_SynCom35_vs_Mock_padj,Flg22_SynCom35_vs_Mock_log2FoldChange,Flg22_vs_Mock,Flg22_SynCom33_vs_Mock,Flg22_SynCom35_vs_Mock,cl
ATMG00110.1,GO:0015232,CCB206,Mt,30463,31083,+,620,protein_coding,CcmB [Source:UniProtKB/TrEMBL;Acc:G1C2W9],0.375740631251563,NA,0.9019799526755312,0.9998823118782645,NA,1.5876213008130479e-4,0.9057104780002331,NA,-0.1278537828561007,0,0,0,7
ATMG00830.1,GO:0015232,CCB382,Mt,231894,233042,-,1148,protein_coding,CcmFN1 [Source:UniProtKB/TrEMBL;Acc:G1C2S2],0.022423453398158676,0.2441655349265375,0.788814517673477,0.07677283976878899,0.35393714262812304,0.6163372598440355,0.376088379585155,0.7581644240036584,0.31151693122594803,0,0,0,7
ATMG00900.1,GO:0015232,CCB256,Mt,239988,240758,-,770,protein_coding,Putative cytochrome c biosynthesis ccmC-like mitochondrial protein [Source:UniProtKB/TrEMBL;Acc:F4IL76],0.8336527693531004,NA,0.348502506493869,0.9065766322891351,NA,-0.20045856709526044,0.6566219951146751,NA,-0.7860134096491704,0,0,0,2
