ID,Path,Gene,Chromosome,Start,End,Strand,Length,BioType,Description,Flg22_vs_Mock_pvalue,Flg22_vs_Mock_padj,Flg22_vs_Mock_log2FoldChange,Flg22_SynCom33_vs_Mock_pvalue,Flg22_SynCom33_vs_Mock_padj,Flg22_SynCom33_vs_Mock_log2FoldChange,Flg22_SynCom35_vs_Mock_pvalue,Flg22_SynCom35_vs_Mock_padj,Flg22_SynCom35_vs_Mock_log2FoldChange,Flg22_vs_Mock,Flg22_SynCom33_vs_Mock,Flg22_SynCom35_vs_Mock,cl
AT1G18080.1,GO:0005078,RACK1A,1,6222201,6224242,+,2041,protein_coding,RACK1A_AT [Source:UniProtKB/TrEMBL;Acc:A0A178WHX3],0.6301989117253899,0.9242631402869206,-0.09124923672940462,0.40868970834024065,0.754600325201662,-0.15660699419986346,0.012336636497728107,0.14407514604968097,0.4739593560533831,0,0,0,4
AT1G48630.1,GO:0005078,RACK1B,1,17981636,17983377,-,1741,protein_coding,RACK1B_AT [Source:UniProtKB/TrEMBL;Acc:A0A178W908],0.3038855890293211,0.7722031309981968,-0.28128432427615985,0.5512829390002074,0.8417829006647871,-0.16297363689275154,0.13913095758412003,0.5185799566399837,0.40407480983456057,0,0,0,4
AT3G18130.1,GO:0005078,RACK1C,3,6210878,6212551,-,1673,protein_coding,Receptor for activated C kinase 1C [Source:UniProtKB/Swiss-Prot;Acc:Q9LV28],0.4145711396206448,0.8451639149864542,-0.2567576471551904,0.5523408157606203,0.8423933852988197,-0.1869858121539047,0.19759376136392057,0.5989182445700888,0.40486508889907835,0,0,0,4
