ID,Path,Gene,Chromosome,Start,End,Strand,Length,BioType,Description,Flg22_vs_Mock_pvalue,Flg22_vs_Mock_padj,Flg22_vs_Mock_log2FoldChange,Flg22_SynCom33_vs_Mock_pvalue,Flg22_SynCom33_vs_Mock_padj,Flg22_SynCom33_vs_Mock_log2FoldChange,Flg22_SynCom35_vs_Mock_pvalue,Flg22_SynCom35_vs_Mock_padj,Flg22_SynCom35_vs_Mock_log2FoldChange,Flg22_vs_Mock,Flg22_SynCom33_vs_Mock,Flg22_SynCom35_vs_Mock,cl
AT1G55540.1,GO:0010070,NUP214,1,20734446,20743188,-,8742,protein_coding,Nuclear pore complex protein NUP214 [Source:UniProtKB/Swiss-Prot;Acc:F4I1T7],0.6160388026269058,0.9190515323520648,-0.11125508260861518,0.5033737799223857,0.8148186880155099,-0.1485661731804149,0.8484142091673322,0.9629717420337648,-0.042324021241515464,0,0,0,4
AT1G55540.2,GO:0010070,NUP214,1,20734608,20743174,-,8566,protein_coding,Nuclear pore complex protein NUP214 [Source:UniProtKB/Swiss-Prot;Acc:F4I1T7],0.7286087933291956,0.9497003680755746,0.491693436427533,0.9094558203765516,0.9765903494998903,0.1612243658012032,0.4276459179878852,0.7905567461927572,1.1233849821874782,0,0,0,6
AT2G01210.1,GO:0010070,ZAR1,2,119270,121980,-,2710,protein_coding,Receptor protein kinase-like protein ZAR1 [Source:UniProtKB/Swiss-Prot;Acc:Q9ZU46],0.3549580662752778,0.8096095669928923,-0.2876797351115627,0.16391549447247686,0.5127128041719556,-0.4346559426031587,0.11242574665953492,0.4736288687421173,0.48596436295500633,0,0,0,4
