ID,Path,Gene,Chromosome,Start,End,Strand,Length,BioType,Description,Flg22_vs_Mock_pvalue,Flg22_vs_Mock_padj,Flg22_vs_Mock_log2FoldChange,Flg22_SynCom33_vs_Mock_pvalue,Flg22_SynCom33_vs_Mock_padj,Flg22_SynCom33_vs_Mock_log2FoldChange,Flg22_SynCom35_vs_Mock_pvalue,Flg22_SynCom35_vs_Mock_padj,Flg22_SynCom35_vs_Mock_log2FoldChange,Flg22_vs_Mock,Flg22_SynCom33_vs_Mock,Flg22_SynCom35_vs_Mock,cl
AT1G54570.1,GO:0033306,,1,20380435,20385380,-,4945,protein_coding,"Acyltransferase-like protein At1g54570, chloroplastic [Source:UniProtKB/Swiss-Prot;Acc:Q9ZVN2]",0.7142334598007725,0.94581248599283,-0.10114606160095284,1.8500643778820955e-5,0.0010672410001336158,-1.191560070401882,0.0740524892418532,0.387943346874809,-0.49418977673604597,0,-1,0,3
AT3G26840.1,GO:0033306,,3,9892791,9896337,+,3546,protein_coding,"Acyltransferase-like protein At3g26840, chloroplastic [Source:UniProtKB/Swiss-Prot;Acc:Q9LW26]",0.5508056843600466,0.897534498232069,-0.2213037705832698,0.006770742577993598,0.0841086423205286,-1.0250598427543014,0.12275336090455997,0.4920360474245092,-0.5757960506407219,0,-0,0,2
