ID,Path,Gene,Chromosome,Start,End,Strand,Length,BioType,Description,Flg22_vs_Mock_pvalue,Flg22_vs_Mock_padj,Flg22_vs_Mock_log2FoldChange,Flg22_SynCom33_vs_Mock_pvalue,Flg22_SynCom33_vs_Mock_padj,Flg22_SynCom33_vs_Mock_log2FoldChange,Flg22_SynCom35_vs_Mock_pvalue,Flg22_SynCom35_vs_Mock_padj,Flg22_SynCom35_vs_Mock_log2FoldChange,Flg22_vs_Mock,Flg22_SynCom33_vs_Mock,Flg22_SynCom35_vs_Mock,cl
AT3G27580.1,GO:0098590,D6PKL3,3,10217417,10220061,-,2644,protein_coding,Serine/threonine-protein kinase D6PKL3 [Source:UniProtKB/Swiss-Prot;Acc:Q05999],0.017137341390535635,0.21030859170092317,2.1671782064905436,0.08094325333300449,0.3632946681863578,1.5925395627657886,0.5794867648526693,0.872991384013923,0.5111219974943928,0,0,0,7
AT3G27580.2,GO:0098590,D6PKL3,3,10217430,10220061,-,2631,protein_coding,Serine/threonine-protein kinase D6PKL3 [Source:UniProtKB/Swiss-Prot;Acc:Q05999],0.006951798071308389,0.12200928306730532,0.6668237212740526,0.0014603845295347146,0.02956178985162063,0.7855551519331997,0.40934200898107814,0.7781582486166453,0.20456435942340387,0,0,0,9
AT5G61350.1,GO:0098590,,5,24667873,24670749,+,2876,protein_coding,Probable receptor-like protein kinase At5g61350 [Source:UniProtKB/Swiss-Prot;Acc:Q9FLJ8],0.5446889374918751,0.895538054122493,-0.19769183956258604,0.011163739016627629,0.1160487923969541,0.8255015455569547,0.732011534738136,0.9284653968817665,0.11159683504192479,0,0,0,5
