ID,Path,Gene,Chromosome,Start,End,Strand,Length,BioType,Description,Flg22_vs_Mock_pvalue,Flg22_vs_Mock_padj,Flg22_vs_Mock_log2FoldChange,Flg22_SynCom33_vs_Mock_pvalue,Flg22_SynCom33_vs_Mock_padj,Flg22_SynCom33_vs_Mock_log2FoldChange,Flg22_SynCom35_vs_Mock_pvalue,Flg22_SynCom35_vs_Mock_padj,Flg22_SynCom35_vs_Mock_log2FoldChange,Flg22_vs_Mock,Flg22_SynCom33_vs_Mock,Flg22_SynCom35_vs_Mock,cl
AT3G03773.2,GO:0101031,,3,951628,953840,+,2212,protein_coding,HSP20-like chaperones superfamily protein [Source:UniProtKB/TrEMBL;Acc:F4J2B8],0.9871980864652656,0.9975578931739252,0.0030157944332167078,0.883028009390619,0.9687794433378119,-0.027707907368319504,0.5336310321008452,0.8507684142002739,-0.1172174085033269,0,0,0,2
AT4G02450.1,GO:0101031,P23-1,4,1073753,1075930,-,2177,protein_coding,Co-chaperone protein p23-1 [Source:UniProtKB/Swiss-Prot;Acc:Q8L7U4],0.9960014000480283,0.999278747269186,7.598113389089463e-4,0.46199588084773463,0.7900796836815537,-0.11157803509588522,0.27074115465391374,0.6783273396683148,0.16683196613853324,0,0,0,4
