ID,Path,Gene,Chromosome,Start,End,Strand,Length,BioType,Description,Flg22_vs_Mock_pvalue,Flg22_vs_Mock_padj,Flg22_vs_Mock_log2FoldChange,Flg22_SynCom33_vs_Mock_pvalue,Flg22_SynCom33_vs_Mock_padj,Flg22_SynCom33_vs_Mock_log2FoldChange,Flg22_SynCom35_vs_Mock_pvalue,Flg22_SynCom35_vs_Mock_padj,Flg22_SynCom35_vs_Mock_log2FoldChange,Flg22_vs_Mock,Flg22_SynCom33_vs_Mock,Flg22_SynCom35_vs_Mock,cl
AT3G12380.1,GO:0030029,ARP5,3,3938183,3941935,-,3752,protein_coding,actin-related protein 5 [Source:TAIR;Acc:AT3G12380],0.763627996798326,0.9571317835183853,0.037331392560354185,0.38767932209092654,0.7409919683244361,-0.1079067628583112,0.4539881900782355,0.8069484947840554,-0.0931365728055236,0,0,0,3
AT3G27000.1,GO:0030029,ARP2,3,9952479,9955982,-,3503,protein_coding,Actin-related protein 2 [Source:UniProtKB/Swiss-Prot;Acc:Q9LSD6],0.5240303742232251,0.8893343616166732,0.10117472811590818,0.10110225796467015,0.4068100253981861,0.25914608230550507,0.3145761892913739,0.7138707760917571,-0.16071151050389382,0,0,0,9
AT3G33520.1,GO:0030029,ARP6,3,14093656,14095588,-,1932,protein_coding,SUF3 [Source:UniProtKB/TrEMBL;Acc:A0A178U6Y1],0.6818962950160367,0.9373453799902266,0.0633190534203424,0.7381087538135453,0.92503932640051445,-0.051932815765713916,0.5425517522556242,0.85591541349284,0.0936599704999279,0,0,0,4
AT5G56180.1,GO:0030029,ARP8,5,22737325,22741093,-,3768,protein_coding,Actin-related protein 8 [Source:UniProtKB/Swiss-Prot;Acc:Q9FKT0],0.20704702190013435,0.6823051918170192,0.2488073133819274,0.9545602449771169,0.9899894011752799,-0.011265825491599359,0.002991764947003078,0.057442842055067875,-0.5905177327082248,0,0,0,7
AT5G56180.3,GO:0030029,ARP8,5,22737325,22741100,-,3775,protein_coding,Actin-related protein 8 [Source:UniProtKB/Swiss-Prot;Acc:Q9FKT0],0.2675684826361886,0.7444842694161964,-0.33523460742794003,0.7311013423599787,0.9233456491186778,-0.10281420231109092,0.008292838202826792,0.11288599065890664,-0.8168567360238171,0,0,0,10
