ID,Path,Gene,Chromosome,Start,End,Strand,Length,BioType,Description,Flg22_vs_Mock_pvalue,Flg22_vs_Mock_padj,Flg22_vs_Mock_log2FoldChange,Flg22_SynCom33_vs_Mock_pvalue,Flg22_SynCom33_vs_Mock_padj,Flg22_SynCom33_vs_Mock_log2FoldChange,Flg22_SynCom35_vs_Mock_pvalue,Flg22_SynCom35_vs_Mock_padj,Flg22_SynCom35_vs_Mock_log2FoldChange,Flg22_vs_Mock,Flg22_SynCom33_vs_Mock,Flg22_SynCom35_vs_Mock,cl
AT1G28560.3,GO:0009945,SRD2,1,10038029,10041544,-,3515,protein_coding,snRNA activating complex family protein [Source:TAIR;Acc:AT1G28560],0.9666464580216032,0.9946629527453268,-0.07494432910479466,0.9425973985769531,0.9872981415299038,-0.12907720879852858,0.8556927259571884,0.9651767828345463,0.32561717481674274,0,0,0,4
AT1G28560.1,GO:0009945,SRD2,1,10038029,10041544,-,3515,protein_coding,snRNA activating complex family protein [Source:TAIR;Acc:AT1G28560],0.7780069890162703,0.9604352178278553,0.30315297705697847,0.8221370501276698,0.9516081857693248,0.24179150122892318,0.7511875960479141,0.9351073662060104,-0.341759948019971,0,0,0,9
AT1G69270.1,GO:0009945,RPK1,1,26040689,26042741,-,2052,protein_coding,Probable LRR receptor-like serine/threonine-protein kinase RPK1 [Source:UniProtKB/Swiss-Prot;Acc:Q9ZRF9],0.07468834397535389,0.45207744153771845,-0.31217861404994357,0.03549806418869198,0.23201044530036904,-0.3690644784781031,0.19689699047394574,0.5984928749059865,-0.22490965700721532,0,0,0,8
AT3G02130.1,GO:0009945,RPK2,3,380350,384582,+,4232,protein_coding,LRR receptor-like serine/threonine-protein kinase RPK2 [Source:UniProtKB/Swiss-Prot;Acc:Q9S7I6],0.8389448459216109,0.9717682004489314,0.10490817715629974,0.02542327050645656,0.1919867199059155,-1.1797484849057442,0.25452133683961414,0.6631226252639633,-0.5930976752673186,0,-0,0,3
AT3G02130.2,GO:0009945,RPK2,3,380497,384432,+,3935,protein_coding,LRR receptor-like serine/threonine-protein kinase RPK2 [Source:UniProtKB/Swiss-Prot;Acc:Q9S7I6],0.9752526346474406,0.9950118350682948,0.005327982294063998,0.853149380946072,0.9608909814462352,-0.03182368368706935,0.5562357745317205,0.862181577455327,-0.10112515906621096,0,0,0,3
