ID,Path,Gene,Chromosome,Start,End,Strand,Length,BioType,Description,Flg22_vs_Mock_pvalue,Flg22_vs_Mock_padj,Flg22_vs_Mock_log2FoldChange,Flg22_SynCom33_vs_Mock_pvalue,Flg22_SynCom33_vs_Mock_padj,Flg22_SynCom33_vs_Mock_log2FoldChange,Flg22_SynCom35_vs_Mock_pvalue,Flg22_SynCom35_vs_Mock_padj,Flg22_SynCom35_vs_Mock_log2FoldChange,Flg22_vs_Mock,Flg22_SynCom33_vs_Mock,Flg22_SynCom35_vs_Mock,cl
AT5G47820.1,GO:0030705,KIN4A,5,19366133,19372788,+,6655,protein_coding,Kinesin-like protein KIN-4A [Source:UniProtKB/Swiss-Prot;Acc:Q8GS71],0.02852063665268767,0.2793965438219622,0.6839888925193813,0.005322047047393058,0.07174888100703118,0.8676283764733786,0.24419308277742396,0.6529729004622947,0.36555451059672556,0,0,0,9
AT5G47820.2,GO:0030705,KIN4A,5,19366154,19372815,+,6661,protein_coding,Kinesin-like protein KIN-4A [Source:UniProtKB/Swiss-Prot;Acc:Q8GS71],0.2529755238694456,0.7318641939541165,-0.11440640120894854,0.7661680714920871,0.9340428690096051,-0.029728923340134328,0.9866866763287025,0.9974035201000954,-0.001665239132768678,0,0,0,4
