ID,Path,Gene,Chromosome,Start,End,Strand,Length,BioType,Description,Flg22_vs_Mock_pvalue,Flg22_vs_Mock_padj,Flg22_vs_Mock_log2FoldChange,Flg22_SynCom33_vs_Mock_pvalue,Flg22_SynCom33_vs_Mock_padj,Flg22_SynCom33_vs_Mock_log2FoldChange,Flg22_SynCom35_vs_Mock_pvalue,Flg22_SynCom35_vs_Mock_padj,Flg22_SynCom35_vs_Mock_log2FoldChange,Flg22_vs_Mock,Flg22_SynCom33_vs_Mock,Flg22_SynCom35_vs_Mock,cl
AT4G09820.1,GO:0031542,TT8,4,6181881,6186523,+,4642,protein_coding,Transcription factor TT8 [Source:UniProtKB/Swiss-Prot;Acc:Q9FT81],0.8340642539356461,NA,-0.3264416092315074,0.833774966672729,NA,-0.3273413751909052,0.47219346889406755,NA,1.015737285689556,0,0,0,4
AT5G41315.3,GO:0031542,GL3,5,16529090,16533287,+,4197,protein_coding,MYC6.2 [Source:UniProtKB/TrEMBL;Acc:A0A178UFB0],0.49329316921378186,0.8778713716054527,-0.6014558974240747,0.41260592926304124,0.7574209635652195,-0.7201273828160948,0.4471610031519582,0.8032456928485355,-0.667302217152521,0,0,0,8
AT5G41315.1,GO:0031542,GL3,5,16529455,16533087,+,3632,protein_coding,MYC6.2 [Source:UniProtKB/TrEMBL;Acc:A0A178UFB0],0.026245891308761433,0.26635553293984926,-0.9665021174937568,0.7261649919125717,0.9220166820777135,-0.14892897835511057,0.09028866903444076,0.4286039462570197,0.7096021244198224,0,0,0,1
AT5G61230.1,GO:0031542,PIA2,5,24627187,24628968,+,1781,protein_coding,Phytochrome-interacting ankyrin-repeat protein 2 [Source:UniProtKB/Swiss-Prot;Acc:Q9FNP4],0.745671705028562,0.9529854144178901,-0.028378010466516623,0.04859614902364535,0.2765957395836617,0.17151134234875914,0.15435163646240166,0.540643508059982,0.12371747274740608,0,0,0,1
