ID,Path,Gene,Chromosome,Start,End,Strand,Length,BioType,Description,Flg22_vs_Mock_pvalue,Flg22_vs_Mock_padj,Flg22_vs_Mock_log2FoldChange,Flg22_SynCom33_vs_Mock_pvalue,Flg22_SynCom33_vs_Mock_padj,Flg22_SynCom33_vs_Mock_log2FoldChange,Flg22_SynCom35_vs_Mock_pvalue,Flg22_SynCom35_vs_Mock_padj,Flg22_SynCom35_vs_Mock_log2FoldChange,Flg22_vs_Mock,Flg22_SynCom33_vs_Mock,Flg22_SynCom35_vs_Mock,cl
AT1G55120.3,GO:0031219,CWINV3,1,20566030,20569286,+,3256,protein_coding,"Beta-fructofuranosidase, insoluble isoenzyme CWINV3 [Source:UniProtKB/Swiss-Prot;Acc:Q67XZ3]",0.9150661268734708,0.9880719325342092,0.029783545815051903,0.3360027283698375,0.6983047681636511,0.2675013834191758,0.6729668716094868,0.9084280224091353,-0.11804507167335078,0,0,0,5
AT1G55120.1,GO:0031219,CWINV3,1,20566485,20569322,+,2837,protein_coding,"Beta-fructofuranosidase, insoluble isoenzyme CWINV3 [Source:UniProtKB/Swiss-Prot;Acc:Q67XZ3]",0.4801872138380422,0.8729652520747084,-0.273542219804339,0.13218780125965088,0.46301046492527304,-0.5884090181287277,0.5533593746344713,0.8605394786032329,0.22701627627923582,0,0,0,4
AT5G11920.1,GO:0031219,CWINV6,5,3839316,3842409,+,3093,protein_coding,"Beta-fructofuranosidase, insoluble isoenzyme CWINV6 [Source:UniProtKB/Swiss-Prot;Acc:Q8W4S6]",0.04132007313020184,0.3420909013434641,-0.353470272713483,0.13516130246759148,0.46780045486465743,0.25634950245752985,0.02985358742159397,0.24182410982784774,-0.37588770581951386,0,0,0,10
