ID,Path,Gene,Chromosome,Start,End,Strand,Length,BioType,Description,Flg22_vs_Mock_pvalue,Flg22_vs_Mock_padj,Flg22_vs_Mock_log2FoldChange,Flg22_SynCom33_vs_Mock_pvalue,Flg22_SynCom33_vs_Mock_padj,Flg22_SynCom33_vs_Mock_log2FoldChange,Flg22_SynCom35_vs_Mock_pvalue,Flg22_SynCom35_vs_Mock_padj,Flg22_SynCom35_vs_Mock_log2FoldChange,Flg22_vs_Mock,Flg22_SynCom33_vs_Mock,Flg22_SynCom35_vs_Mock,cl
AT3G03710.1,GO:0000965,PNP1,3,919362,925372,+,6010,protein_coding,"Polyribonucleotide nucleotidyltransferase 1, chloroplastic [Source:UniProtKB/Swiss-Prot;Acc:Q8GZQ3]",0.025558754803860554,0.262628863100124,-0.333748282228789,0.07284113256117061,0.34334829484646473,-0.26748238752836573,0.05587172911828594,0.33917791045362683,0.27882642593291285,0,0,0,4
AT4G14790.2,GO:0000965,SUV3,4,8495701,8500152,-,4451,protein_coding,EDA15 [Source:UniProtKB/TrEMBL;Acc:A0A178V2P1],0.5363744140479176,0.8922801703152878,0.6140820624525856,0.8223759582216108,0.9516081857693248,0.22422373642571491,0.09366950915159385,NA,1.6489132004466223,0,0,0,6
AT4G14790.1,GO:0000965,SUV3,4,8496031,8500237,-,4206,protein_coding,EDA15 [Source:UniProtKB/TrEMBL;Acc:A0A178V2P1],0.0170804328460556,0.21030859170092317,-0.3959474072636422,0.0029001783308154664,0.047755787177317946,-0.49687122903856556,0.2676310065643613,0.6754082404201619,-0.18192628242860626,0,0,0,8
AT5G14580.1,GO:0000965,PNP2,5,4697207,4703091,-,5884,protein_coding,"Polyribonucleotide nucleotidyltransferase 2, mitochondrial [Source:UniProtKB/Swiss-Prot;Acc:Q9S7G6]",0.1221879089081917,0.5627080357170577,-0.4830382689012964,0.16312592605008663,0.5115668623516599,-0.43569790744222575,0.35567455479820753,0.7440064724228568,0.28691856445539776,0,0,0,4
AT5G39840.1,GO:0000965,,5,15946566,15949422,+,2856,protein_coding,"DExH-box ATP-dependent RNA helicase DExH18, mitochondrial [Source:UniProtKB/Swiss-Prot;Acc:F4KFV7]",0.28294677425535403,0.7579924576516822,-0.30059727067258807,0.06749089869333266,0.32915281906280275,-0.5143860303816195,0.7594156654652879,0.9370961964970248,0.0850456396438234,0,0,0,4
