ID,Path,Gene,Chromosome,Start,End,Strand,Length,BioType,Description,Flg22_vs_Mock_pvalue,Flg22_vs_Mock_padj,Flg22_vs_Mock_log2FoldChange,Flg22_SynCom33_vs_Mock_pvalue,Flg22_SynCom33_vs_Mock_padj,Flg22_SynCom33_vs_Mock_log2FoldChange,Flg22_SynCom35_vs_Mock_pvalue,Flg22_SynCom35_vs_Mock_padj,Flg22_SynCom35_vs_Mock_log2FoldChange,Flg22_vs_Mock,Flg22_SynCom33_vs_Mock,Flg22_SynCom35_vs_Mock,cl
AT3G16420.1,GO:0051336,PBP1,3,5579290,5581032,+,1742,protein_coding,PYK10-binding protein 1 [Source:UniProtKB/Swiss-Prot;Acc:O04314],0.6650845827268586,0.9329325225788251,-0.11298247016940965,0.18529663719203662,0.5441494648237195,-0.34645808950735646,0.46197457801396385,0.8118469246062778,-0.19198435251507787,0,0,0,8
AT3G16420.3,GO:0051336,PBP1,3,5579386,5580885,+,1499,protein_coding,PYK10-binding protein 1 [Source:UniProtKB/Swiss-Prot;Acc:O04314],2.9774534239843266e-4,0.01414953634379447,-0.613024513074876,0.0023514799658936087,0.041450809470919336,-0.5154920837335508,0.8069942531021841,0.9514671442954631,0.04139568564735127,0,0,0,4
AT3G16420.2,GO:0051336,PBP1,3,5579475,5580953,+,1478,protein_coding,PYK10-binding protein 1 [Source:UniProtKB/Swiss-Prot;Acc:O04314],0.005424558730469465,0.10493599074529018,-0.5594549952312233,6.610058685768036e-4,0.016684657050780875,-0.6851460073258446,0.8239003522259933,0.9562671382966114,-0.04476562200603852,0,0,0,4
