ID,Path,Gene,Chromosome,Start,End,Strand,Length,BioType,Description,Flg22_vs_Mock_pvalue,Flg22_vs_Mock_padj,Flg22_vs_Mock_log2FoldChange,Flg22_SynCom33_vs_Mock_pvalue,Flg22_SynCom33_vs_Mock_padj,Flg22_SynCom33_vs_Mock_log2FoldChange,Flg22_SynCom35_vs_Mock_pvalue,Flg22_SynCom35_vs_Mock_padj,Flg22_SynCom35_vs_Mock_log2FoldChange,Flg22_vs_Mock,Flg22_SynCom33_vs_Mock,Flg22_SynCom35_vs_Mock,cl
AT1G74540.1,GO:0008216,CYP98A8,1,28013180,28015049,+,1869,protein_coding,Cytochrome P450 98A8 [Source:UniProtKB/Swiss-Prot;Acc:Q9CA61],0.7531487304766704,0.9534450085191498,-0.2003194611484979,0.40470367639061106,0.7516423454422583,-0.5409904053117578,0.9300833827477156,NA,0.05506098839750176,0,0,0,4
AT1G74550.1,GO:0008216,CYP98A9,1,28016045,28017711,+,1666,protein_coding,Cytochrome P450 98A9 [Source:UniProtKB/Swiss-Prot;Acc:Q9CA60],0.3272088482659957,0.7906018328973351,-0.6233636489161198,0.30599349162780926,0.673466271650464,-0.6529045853885922,0.3447659795275914,NA,-0.5973045585988522,0,0,0,8
AT2G25150.1,GO:0008216,SCT,2,10702341,10704825,-,2484,protein_coding,Spermidine coumaroyl-CoA acyltransferase [Source:UniProtKB/Swiss-Prot;Acc:Q8GYW8],4.172730910676689e-9,1.5379258623547992e-6,1.3751316715654982,8.722668847228324e-18,9.018568613507376e-15,2.0028265516964745,2.2903146217239297e-20,1.1020077833886861e-16,2.1541361681683187,1,1,1,6
