ID,Path,Gene,Chromosome,Start,End,Strand,Length,BioType,Description,Flg22_vs_Mock_pvalue,Flg22_vs_Mock_padj,Flg22_vs_Mock_log2FoldChange,Flg22_SynCom33_vs_Mock_pvalue,Flg22_SynCom33_vs_Mock_padj,Flg22_SynCom33_vs_Mock_log2FoldChange,Flg22_SynCom35_vs_Mock_pvalue,Flg22_SynCom35_vs_Mock_padj,Flg22_SynCom35_vs_Mock_log2FoldChange,Flg22_vs_Mock,Flg22_SynCom33_vs_Mock,Flg22_SynCom35_vs_Mock,cl
AT1G43700.1,GO:0051170,VIP1,1,16484231,16486327,+,2096,protein_coding,Transcription factor VIP1 [Source:UniProtKB/Swiss-Prot;Acc:Q9MA75],0.5690151025103267,0.9040447903376051,0.10718129604500624,0.703659237488139,0.9129361913172397,0.07161491335182359,0.6862943218672184,0.9132622819559456,-0.07607534288251196,0,0,0,7
AT2G16950.2,GO:0051170,TRN1,2,7353773,7361256,+,7483,protein_coding,transportin 1 [Source:TAIR;Acc:AT2G16950],0.05404469230017716,0.3909725919473818,-0.18881327924906224,0.04905194236688862,0.27818867398875524,-0.19293050390175265,0.24674048835179907,0.6552315157393135,-0.1133368731612482,0,0,0,8
AT5G24470.1,GO:0051170,APRR5,5,8356204,8358546,-,2342,protein_coding,Two-component response regulator-like APRR5 [Source:UniProtKB/Swiss-Prot;Acc:Q6LA42],0.1630841834633473,0.6265465728969718,-0.8171323060641229,0.9962267209855065,0.9987158945937865,-0.0027684713625750206,0.16752069478315507,0.5587909465675402,-0.8085199793976083,0,0,0,10
