ID,Path,Gene,Chromosome,Start,End,Strand,Length,BioType,Description,Flg22_vs_Mock_pvalue,Flg22_vs_Mock_padj,Flg22_vs_Mock_log2FoldChange,Flg22_SynCom33_vs_Mock_pvalue,Flg22_SynCom33_vs_Mock_padj,Flg22_SynCom33_vs_Mock_log2FoldChange,Flg22_SynCom35_vs_Mock_pvalue,Flg22_SynCom35_vs_Mock_padj,Flg22_SynCom35_vs_Mock_log2FoldChange,Flg22_vs_Mock,Flg22_SynCom33_vs_Mock,Flg22_SynCom35_vs_Mock,cl
AT2G40420.1,GO:0005275,AVT6D,2,16877144,16879214,+,2070,protein_coding,Amino acid transporter AVT6D [Source:UniProtKB/Swiss-Prot;Acc:Q0WQJ3],0.947255940300922,0.9933269717125698,0.015256040430606842,0.10307931784067965,0.40950312637200176,0.3741984322682924,0.09355865613928607,0.4368476903690564,0.3845079152599101,0,0,0,1
AT2G42005.1,GO:0005275,AVT3B,2,17530960,17532689,-,1729,protein_coding,Amino acid transporter AVT3B [Source:UniProtKB/Swiss-Prot;Acc:F4ILY9],0.3014891145965346,NA,1.004875703722542,0.34432503554625227,NA,0.9244013419540231,0.540106996445131,NA,0.6072970035896521,0,0,0,9
AT3G01760.1,GO:0005275,,3,273248,275304,+,2056,protein_coding,Lysine histidine transporter-like 4 [Source:UniProtKB/Swiss-Prot;Acc:Q9SS86],0.2393764772972451,0.7169569841498484,-0.46608384197371877,0.0025877580221893457,0.044280147137169955,1.1607495955020324,0.24991710239491977,0.6587243706904383,0.4465852634101782,0,1,0,5
AT3G54830.2,GO:0005275,,3,20311901,20315887,-,3986,protein_coding,,0.2301197886740275,0.7065718585984954,-1.2670921764318321,0.16360276090203324,NA,1.2685868583486768,0.18482131161620396,NA,1.2067329984873603,-0,0,0,1
AT5G19500.1,GO:0005275,,5,6578890,6581945,+,3055,protein_coding,At5g19500 [Source:UniProtKB/TrEMBL;Acc:Q5PP33],0.6187372796244643,NA,0.4128836049882374,0.5367752231036345,NA,0.509651864497875,0.6464323184278268,NA,0.3794069359391324,0,0,0,6
AT5G38820.1,GO:0005275,,5,15543115,15545420,+,2305,protein_coding,,9.939089325110497e-5,0.006327359797401594,2.936461272643155,0.004561037011988352,0.06487290844247136,2.1451924733307117,0.5174669160576859,0.8419029597968355,0.49482071866188354,1,0,0,7
AT5G38820.3,GO:0005275,,5,15543481,15545182,+,1701,protein_coding,,1.6405130379355213e-4,0.009208899941004387,1.9956315978813746,0.08800323757103433,0.3797946519389359,0.9141886914733682,0.900571731098359,0.9773437111267989,0.06796378521308098,1,0,0,7
