ID,Path,Gene,Chromosome,Start,End,Strand,Length,BioType,Description,Flg22_vs_Mock_pvalue,Flg22_vs_Mock_padj,Flg22_vs_Mock_log2FoldChange,Flg22_SynCom33_vs_Mock_pvalue,Flg22_SynCom33_vs_Mock_padj,Flg22_SynCom33_vs_Mock_log2FoldChange,Flg22_SynCom35_vs_Mock_pvalue,Flg22_SynCom35_vs_Mock_padj,Flg22_SynCom35_vs_Mock_log2FoldChange,Flg22_vs_Mock,Flg22_SynCom33_vs_Mock,Flg22_SynCom35_vs_Mock,cl
AT1G22990.1,GO:0055073,HIPP22,1,8139114,8140227,+,1113,protein_coding,HIPP22 [Source:UniProtKB/TrEMBL;Acc:A0A178WF89],0.6264548668334529,0.9230548280936273,0.7860282761891462,0.7220768483697375,NA,0.5758093390171355,0.23517657373970555,NA,1.9012192576759614,0,0,0,6
AT1G71050.1,GO:0055073,HIPP20,1,26803097,26804292,-,1195,protein_coding,HIPP20 [Source:UniProtKB/TrEMBL;Acc:A0A178W5Y0],0.16292576118815333,NA,-1.466035018363321,0.7616907711068235,NA,-0.2938518610701069,0.7962054264636753,NA,0.24389623380102504,-0,0,0,1
AT5G17450.1,GO:0055073,HIPP21,5,5755222,5757003,+,1781,protein_coding,Heavy metal-associated isoprenylated plant protein 21 [Source:UniProtKB/Swiss-Prot;Acc:Q9LF57],0.8233231813138653,0.9684670403469818,0.24113196994758884,0.21755188286475147,0.5842971041233139,-1.3653705974431893,0.25523649142809,NA,-1.2538650882458058,0,-0,-0,2
AT5G17450.2,GO:0055073,HIPP21,5,5755222,5757003,+,1781,protein_coding,Heavy metal-associated isoprenylated plant protein 21 [Source:UniProtKB/Swiss-Prot;Acc:Q9LF57],0.30004921079842645,0.7699715599584773,0.8068918483980665,0.013819816419951038,NA,-2.545817946565127,0.7986319133303785,NA,-0.20593547086674432,0,-0,0,3
