ID,Path,Gene,Chromosome,Start,End,Strand,Length,BioType,Description,Flg22_vs_Mock_pvalue,Flg22_vs_Mock_padj,Flg22_vs_Mock_log2FoldChange,Flg22_SynCom33_vs_Mock_pvalue,Flg22_SynCom33_vs_Mock_padj,Flg22_SynCom33_vs_Mock_log2FoldChange,Flg22_SynCom35_vs_Mock_pvalue,Flg22_SynCom35_vs_Mock_padj,Flg22_SynCom35_vs_Mock_log2FoldChange,Flg22_vs_Mock,Flg22_SynCom33_vs_Mock,Flg22_SynCom35_vs_Mock,cl
AT5G15200.1,GO:0045903,RPS9B,5,4934810,4936429,-,1619,protein_coding,40S ribosomal protein S9-1 [Source:UniProtKB/Swiss-Prot;Acc:Q9LXG1],0.6025306409185536,0.9142238114278536,-0.11901505075516365,0.5209003672128403,0.8252326531623059,-0.14671757211363576,0.01809247261101145,0.1825791552331013,0.539929297176437,0,0,0,4
AT5G15200.2,GO:0045903,RPS9B,5,4935290,4936408,-,1118,protein_coding,40S ribosomal protein S9-1 [Source:UniProtKB/Swiss-Prot;Acc:Q9LXG1],0.4290973296178174,0.8500448171261358,0.5787766371335504,0.6572578749000648,0.895328174372329,0.32738149378006587,0.5823090231065208,NA,0.40370244760640217,0,0,0,6
AT5G39850.1,GO:0045903,RPS9C,5,15949910,15951475,+,1565,protein_coding,40S ribosomal protein S9-2 [Source:UniProtKB/Swiss-Prot;Acc:Q9FLF0],0.9392132824540322,0.9921389627388929,0.01399614615676608,0.009202602313487771,0.10320582202385409,-0.48598978552568134,0.9669317534739139,0.992138585317856,0.007593969573346925,0,0,0,3
ATCG00380.1,GO:0045903,RPS4,Pt,45223,45828,-,605,protein_coding,"30S ribosomal protein S4, chloroplastic [Source:UniProtKB/TrEMBL;Acc:A0A1B1W4U6]",0.568719699381766,0.9039732638788261,0.48076382211199314,0.5218067690751389,NA,0.539165825452311,0.9185852382909302,NA,0.08758992895056135,0,0,0,9
