ID,Path,Gene,Chromosome,Start,End,Strand,Length,BioType,Description,Flg22_vs_Mock_pvalue,Flg22_vs_Mock_padj,Flg22_vs_Mock_log2FoldChange,Flg22_SynCom33_vs_Mock_pvalue,Flg22_SynCom33_vs_Mock_padj,Flg22_SynCom33_vs_Mock_log2FoldChange,Flg22_SynCom35_vs_Mock_pvalue,Flg22_SynCom35_vs_Mock_padj,Flg22_SynCom35_vs_Mock_log2FoldChange,Flg22_vs_Mock,Flg22_SynCom33_vs_Mock,Flg22_SynCom35_vs_Mock,cl
AT1G60550.1,GO:0009234,MENB,1,22305780,22308289,-,2509,protein_coding,"1,4-dihydroxy-2-naphthoyl-CoA synthase, peroxisomal [Source:UniProtKB/Swiss-Prot;Acc:Q8GYN9]",0.12233492640930227,0.5630391851248482,-0.6106644199934423,0.5282119514067847,0.8293564800428426,-0.24666523352421688,0.3494555904604182,0.7405779682760725,0.3604560219281551,0,0,0,4
AT1G68890.1,GO:0009234,PHYLLO,1,25896854,25906714,+,9860,protein_coding,"Protein PHYLLO, chloroplastic [Source:UniProtKB/Swiss-Prot;Acc:Q15KI9]",0.006290306461217422,0.11493657813774377,-1.3181228469076822,0.025746208150503158,0.19332669483291226,-1.0656650585459257,0.2911703893931086,0.6964578505760244,-0.4945929048054998,-0,-0,0,8
AT1G68890.2,GO:0009234,PHYLLO,1,25899196,25906714,+,7518,protein_coding,"Protein PHYLLO, chloroplastic [Source:UniProtKB/Swiss-Prot;Acc:Q15KI9]",0.292713922011844,0.7647600968462799,-0.28403892632219346,0.11483431995248217,0.4320470523390659,-0.42943523106924425,0.0721713790555327,0.3829508242871649,0.46846492689648433,0,0,0,4
