ID,Path,Gene,Chromosome,Start,End,Strand,Length,BioType,Description,Flg22_vs_Mock_pvalue,Flg22_vs_Mock_padj,Flg22_vs_Mock_log2FoldChange,Flg22_SynCom33_vs_Mock_pvalue,Flg22_SynCom33_vs_Mock_padj,Flg22_SynCom33_vs_Mock_log2FoldChange,Flg22_SynCom35_vs_Mock_pvalue,Flg22_SynCom35_vs_Mock_padj,Flg22_SynCom35_vs_Mock_log2FoldChange,Flg22_vs_Mock,Flg22_SynCom33_vs_Mock,Flg22_SynCom35_vs_Mock,cl
AT3G55400.2,GO:0006431,OVA1,3,20535631,20539106,-,3475,protein_coding,"Methionine--tRNA ligase, chloroplastic/mitochondrial [Source:UniProtKB/Swiss-Prot;Acc:Q9M2T9]",0.9727653642653254,0.9946629527453268,0.017044756793739315,0.2008883036881095,0.5630707924208628,0.6329043006806907,0.7579244234042808,0.9366522381682237,0.15332643651053177,0,0,0,5
AT3G55400.1,GO:0006431,OVA1,3,20535631,20539138,-,3507,protein_coding,"Methionine--tRNA ligase, chloroplastic/mitochondrial [Source:UniProtKB/Swiss-Prot;Acc:Q9M2T9]",0.7367973387461679,0.9518693042901444,0.07016134663948073,0.11841315021412797,0.4373166355449913,-0.3284939987569336,0.9038773721522398,0.978301969851137,0.02519637319910268,0,0,0,3
AT4G13780.1,GO:0006431,,4,7992967,7998595,-,5628,protein_coding,"Methionine--tRNA ligase, cytoplasmic [Source:UniProtKB/Swiss-Prot;Acc:Q9SVN5]",0.0673115756675166,0.43214864680788617,-0.172675256393904,3.078056632308231e-4,0.009553863320341464,-0.34141497223137146,0.8136584540031955,0.9535427957459082,0.022175252526173486,0,0,0,4
