ID,Path,Gene,Chromosome,Start,End,Strand,Length,BioType,Description,Flg22_vs_Mock_pvalue,Flg22_vs_Mock_padj,Flg22_vs_Mock_log2FoldChange,Flg22_SynCom33_vs_Mock_pvalue,Flg22_SynCom33_vs_Mock_padj,Flg22_SynCom33_vs_Mock_log2FoldChange,Flg22_SynCom35_vs_Mock_pvalue,Flg22_SynCom35_vs_Mock_padj,Flg22_SynCom35_vs_Mock_log2FoldChange,Flg22_vs_Mock,Flg22_SynCom33_vs_Mock,Flg22_SynCom35_vs_Mock,cl
AT5G19760.1,GO:0006835,DTC,5,6679306,6682054,-,2748,protein_coding,Mitochondrial dicarboxylate/tricarboxylate transporter DTC [Source:UniProtKB/Swiss-Prot;Acc:Q9C5M0],0.16861950028506506,0.6362927148706665,0.15944552110512594,0.7699674180689737,0.9353515232328099,-0.03389903955718395,0.8207229681457037,0.9549479096529725,0.026253030580512964,0,0,0,3
AT5G47560.1,GO:0006835,TDT,5,19287369,19291103,-,3734,protein_coding,Tonoplast dicarboxylate transporter [Source:UniProtKB/Swiss-Prot;Acc:Q8LG88],0.10054951188545583,0.5169773086313332,-0.3185509581438212,0.7600702959154657,0.9316261233017913,0.059102156032665894,0.5172141291097189,0.8417533688634438,0.12523721662416706,0,0,0,1
