ID,Path,Gene,Chromosome,Start,End,Strand,Length,BioType,Description,Flg22_vs_Mock_pvalue,Flg22_vs_Mock_padj,Flg22_vs_Mock_log2FoldChange,Flg22_SynCom33_vs_Mock_pvalue,Flg22_SynCom33_vs_Mock_padj,Flg22_SynCom33_vs_Mock_log2FoldChange,Flg22_SynCom35_vs_Mock_pvalue,Flg22_SynCom35_vs_Mock_padj,Flg22_SynCom35_vs_Mock_log2FoldChange,Flg22_vs_Mock,Flg22_SynCom33_vs_Mock,Flg22_SynCom35_vs_Mock,cl
AT3G55630.7,GO:0046901,FPGS3,3,20636866,20639492,+,2626,protein_coding,Folylpolyglutamate synthase [Source:UniProtKB/Swiss-Prot;Acc:Q8W035],0.8981937911352755,0.9856345014295307,0.16457695260939953,0.6667499648495607,NA,0.5501866038081922,0.8722429492699382,NA,0.206369543273183,0,0,0,5
AT5G05980.1,GO:0046901,FPGS1,5,1799490,1804492,-,5002,protein_coding,Folylpolyglutamate synthase [Source:UniProtKB/Swiss-Prot;Acc:F4K2A1],0.06941645300521808,0.4384082570240909,0.24832136369128893,0.7585623706587511,0.930949865672438,-0.042227437685208834,0.5342130621397765,0.8510759452326827,0.08511140277990993,0,0,0,3
