ID,Path,Gene,Chromosome,Start,End,Strand,Length,BioType,Description,Flg22_vs_Mock_pvalue,Flg22_vs_Mock_padj,Flg22_vs_Mock_log2FoldChange,Flg22_SynCom33_vs_Mock_pvalue,Flg22_SynCom33_vs_Mock_padj,Flg22_SynCom33_vs_Mock_log2FoldChange,Flg22_SynCom35_vs_Mock_pvalue,Flg22_SynCom35_vs_Mock_padj,Flg22_SynCom35_vs_Mock_log2FoldChange,Flg22_vs_Mock,Flg22_SynCom33_vs_Mock,Flg22_SynCom35_vs_Mock,cl
AT1G53490.1,GO:0035825,HEI10,1,19963267,19966952,+,3685,protein_coding,E3 ubiquitin-protein ligase CCNB1IP1 homolog [Source:UniProtKB/Swiss-Prot;Acc:F4HRI2],2.622630774110915e-6,3.886905323472002e-4,1.0557642582912297,7.413843782386812e-5,0.003316122272181735,0.895579471058287,0.1818085947588601,0.5797459114940022,0.308064060891198,1,0,0,9
AT1G53490.2,GO:0035825,HEI10,1,19965146,19966811,+,1665,protein_coding,E3 ubiquitin-protein ligase CCNB1IP1 homolog [Source:UniProtKB/Swiss-Prot;Acc:F4HRI2],0.5735320463722704,0.9050310490075865,0.2634183231131147,0.1934826456365193,0.5537866309792723,-0.6313901189002904,0.30580541042217096,0.7076688471303154,-0.4916220872566299,0,0,0,2
