ID,Path,Gene,Chromosome,Start,End,Strand,Length,BioType,Description,Flg22_vs_Mock_pvalue,Flg22_vs_Mock_padj,Flg22_vs_Mock_log2FoldChange,Flg22_SynCom33_vs_Mock_pvalue,Flg22_SynCom33_vs_Mock_padj,Flg22_SynCom33_vs_Mock_log2FoldChange,Flg22_SynCom35_vs_Mock_pvalue,Flg22_SynCom35_vs_Mock_padj,Flg22_SynCom35_vs_Mock_log2FoldChange,Flg22_vs_Mock,Flg22_SynCom33_vs_Mock,Flg22_SynCom35_vs_Mock,cl
AT1G72960.1,GO:0016320,,1,27446069,27451067,+,4998,protein_coding,Protein ROOT HAIR DEFECTIVE 3 homolog 1 [Source:UniProtKB/Swiss-Prot;Acc:Q9SSN0],0.7276638735427885,0.9493423950728156,0.4681684559531854,0.3295432077415275,0.6924580652756458,1.3061820040395253,0.95588731158169,0.9897195773077886,0.07451413993271826,0,0,0,5
AT3G13870.1,GO:0016320,RHD3,3,4565370,4571355,-,5985,protein_coding,Protein ROOT HAIR DEFECTIVE 3 [Source:UniProtKB/Swiss-Prot;Acc:P93042],0.26427743777480467,0.741423479679328,0.18880651412196459,0.23714390208143207,0.6063827999384627,0.1999384875188467,0.6779184619178644,0.910300792901679,0.07024904879795273,0,0,0,6
AT3G13870.2,GO:0016320,RHD3,3,4565412,4571260,-,5848,protein_coding,Protein ROOT HAIR DEFECTIVE 3 [Source:UniProtKB/Swiss-Prot;Acc:P93042],0.1993649623900637,0.6729828828040582,-0.34715561623030267,0.33322742282240797,0.6962809357143236,-0.261710206174555,0.46269565874960167,0.8121540838103248,-0.19857654841284683,0,0,0,8
AT5G45160.1,GO:0016320,,5,18264616,18270296,+,5680,protein_coding,Protein ROOT HAIR DEFECTIVE 3 homolog 2 [Source:UniProtKB/Swiss-Prot;Acc:Q9FKE9],0.9288516304639663,0.990522824111096,-0.015380283851683727,0.9085740325958434,0.9761769435571966,-0.01978815608876998,0.6486941586839061,0.9002740547118452,0.07817051056298194,0,0,0,4
