ID,Path,Gene,Chromosome,Start,End,Strand,Length,BioType,Description,Flg22_vs_Mock_pvalue,Flg22_vs_Mock_padj,Flg22_vs_Mock_log2FoldChange,Flg22_SynCom33_vs_Mock_pvalue,Flg22_SynCom33_vs_Mock_padj,Flg22_SynCom33_vs_Mock_log2FoldChange,Flg22_SynCom35_vs_Mock_pvalue,Flg22_SynCom35_vs_Mock_padj,Flg22_SynCom35_vs_Mock_log2FoldChange,Flg22_vs_Mock,Flg22_SynCom33_vs_Mock,Flg22_SynCom35_vs_Mock,cl
AT1G22620.1,GO:0043813,SAC1,1,7994166,8002989,-,8823,protein_coding,ATSAC1 [Source:UniProtKB/TrEMBL;Acc:A0A178WK36],0.019137253195091207,0.22424877426358664,-0.24339352461677713,0.2777299294085959,0.6477473505432827,-0.11254385722651154,0.42738980429477486,0.79040937188983,-0.08214384508244764,0,0,0,8
AT1G47510.4,GO:0043813,IP5P11,1,17435601,17438159,-,2558,protein_coding,Type IV inositol polyphosphate 5-phosphatase 11 [Source:UniProtKB/Swiss-Prot;Acc:Q5EAF2],0.0019646960479227315,0.05374326269371448,2.0394788338443237,0.8711374727508459,0.9655019633971729,0.10975358186032905,0.009984802412404832,0.12676790764045365,-1.9058685113171323,0,0,-0,7
