ID,Path,Gene,Chromosome,Start,End,Strand,Length,BioType,Description,Flg22_vs_Mock_pvalue,Flg22_vs_Mock_padj,Flg22_vs_Mock_log2FoldChange,Flg22_SynCom33_vs_Mock_pvalue,Flg22_SynCom33_vs_Mock_padj,Flg22_SynCom33_vs_Mock_log2FoldChange,Flg22_SynCom35_vs_Mock_pvalue,Flg22_SynCom35_vs_Mock_padj,Flg22_SynCom35_vs_Mock_log2FoldChange,Flg22_vs_Mock,Flg22_SynCom33_vs_Mock,Flg22_SynCom35_vs_Mock,cl
AT2G27350.3,GO:0016578,,2,11699549,11704238,-,4689,protein_coding,OTU-containing deubiquitinating enzyme OTU6 [Source:UniProtKB/TrEMBL;Acc:F4IFS7],0.44901286082673547,0.8611704124013225,-0.19170951292002042,0.5449706630311053,0.8390208255783796,-0.1532449009349635,0.2868143541683072,0.6931370901638508,-0.2697235222901886,0,0,0,8
AT2G27350.5,GO:0016578,,2,11699549,11704248,-,4699,protein_coding,OTU-containing deubiquitinating enzyme OTU6 [Source:UniProtKB/TrEMBL;Acc:F4IFS7],0.40513507856585174,0.8403341915918284,-0.38307743396838567,0.6865983455046114,0.9068063635577756,0.18469521539153014,0.6855387510619837,0.9129132775959927,0.18523028969475586,0,0,0,1
AT2G27350.1,GO:0016578,,2,11699569,11704232,-,4663,protein_coding,OTU-containing deubiquitinating enzyme OTU6 [Source:UniProtKB/TrEMBL;Acc:F4IFS7],0.8744881135659985,0.9814209923914092,0.022785026236664636,0.2850641429333472,0.654917951914117,0.15390185473754006,0.07906626144768927,0.4013995584445387,-0.25421729835802104,0,0,0,9
AT3G27100.1,GO:0016578,,3,9994481,9996115,-,1634,protein_coding,Transcription and mRNA export factor ENY2 [Source:UniProtKB/Swiss-Prot;Acc:Q6NQ54],0.8694130601421975,0.9797879668546474,0.03755576201152934,0.33517906945385595,0.6978781476633382,0.219567520100384,0.17203383926479154,0.5659496930168679,-0.31350986699817285,0,0,0,9
AT3G27100.2,GO:0016578,,3,9994545,9996025,-,1480,protein_coding,Transcription and mRNA export factor ENY2 [Source:UniProtKB/Swiss-Prot;Acc:Q6NQ54],0.4259613668600796,0.8493424862090211,0.48223781340730415,0.6317133688503906,0.8826715931927959,0.2918350972247145,0.833201602983597,NA,-0.12951653485442882,0,0,0,7
