ID,Path,Gene,Chromosome,Start,End,Strand,Length,BioType,Description,Flg22_vs_Mock_pvalue,Flg22_vs_Mock_padj,Flg22_vs_Mock_log2FoldChange,Flg22_SynCom33_vs_Mock_pvalue,Flg22_SynCom33_vs_Mock_padj,Flg22_SynCom33_vs_Mock_log2FoldChange,Flg22_SynCom35_vs_Mock_pvalue,Flg22_SynCom35_vs_Mock_padj,Flg22_SynCom35_vs_Mock_log2FoldChange,Flg22_vs_Mock,Flg22_SynCom33_vs_Mock,Flg22_SynCom35_vs_Mock,cl
AT5G17770.1,GO:0004128,CBR1,5,5864182,5866809,-,2627,protein_coding,NADH-cytochrome b5 reductase [Source:UniProtKB/TrEMBL;Acc:A0A178US77],0.08693278397009423,0.4854786420524116,0.1576193882738419,0.10190311060515765,0.40788595808159156,0.15063099954730644,0.6996038002718707,0.9180268837973876,-0.03555856879443675,0,0,0,9
AT5G20080.1,GO:0004128,CBR2,5,6782511,6786847,+,4336,protein_coding,NADH-cytochrome b5 reductase-like protein [Source:UniProtKB/Swiss-Prot;Acc:P83291],0.3759662974563923,0.822724129571266,0.06742495066552086,0.7570589412276545,0.9308123618759256,-0.023600564849971004,0.16869002174815534,0.5605071675834307,-0.1049950979344713,0,0,0,7
