ID,Path,Gene,Chromosome,Start,End,Strand,Length,BioType,Description,Flg22_vs_Mock_pvalue,Flg22_vs_Mock_padj,Flg22_vs_Mock_log2FoldChange,Flg22_SynCom33_vs_Mock_pvalue,Flg22_SynCom33_vs_Mock_padj,Flg22_SynCom33_vs_Mock_log2FoldChange,Flg22_SynCom35_vs_Mock_pvalue,Flg22_SynCom35_vs_Mock_padj,Flg22_SynCom35_vs_Mock_log2FoldChange,Flg22_vs_Mock,Flg22_SynCom33_vs_Mock,Flg22_SynCom35_vs_Mock,cl
AT4G21070.1,GO:0071158,BRCA1,4,11247991,11252757,+,4766,protein_coding,Protein BREAST CANCER SUSCEPTIBILITY 1 homolog [Source:UniProtKB/Swiss-Prot;Acc:Q8RXD4],0.29399400136420906,0.7659813944947316,-0.23896449574645118,0.017413095872089994,0.15212832084287398,-0.5502241158642962,0.3582074202925505,0.7452870463891879,0.20502586589171176,0,0,0,4
AT4G29860.1,GO:0071158,DSE1,4,14601698,14605810,-,4112,protein_coding,Protein DECREASED SIZE EXCLUSION LIMIT 1 [Source:UniProtKB/Swiss-Prot;Acc:Q3MV14],0.5583527621370795,0.9008973223824984,0.11658347175819946,0.8409078870939046,0.9561765048481763,0.04010865598347804,0.3160224557485621,0.7154967288160085,-0.2015157707500427,0,0,0,2
