ID,Path,Gene,Chromosome,Start,End,Strand,Length,BioType,Description,Flg22_vs_Mock_pvalue,Flg22_vs_Mock_padj,Flg22_vs_Mock_log2FoldChange,Flg22_SynCom33_vs_Mock_pvalue,Flg22_SynCom33_vs_Mock_padj,Flg22_SynCom33_vs_Mock_log2FoldChange,Flg22_SynCom35_vs_Mock_pvalue,Flg22_SynCom35_vs_Mock_padj,Flg22_SynCom35_vs_Mock_log2FoldChange,Flg22_vs_Mock,Flg22_SynCom33_vs_Mock,Flg22_SynCom35_vs_Mock,cl
AT5G60410.1,GO:0090352,ATSIZ1,5,24294704,24301157,+,6453,protein_coding,"DNA-binding protein with MIZ/SP-RING zinc finger, PHD-finger and SAP domain [Source:TAIR;Acc:AT5G60410]",0.7546809018127174,0.9540286461177013,0.042101286438402295,0.21539450205939623,0.5812687243079235,-0.16723467317610297,0.056001635318874025,0.3395381407513789,-0.2579729465123256,0,0,0,2
AT5G60410.2,GO:0090352,ATSIZ1,5,24294761,24301148,+,6387,protein_coding,"DNA-binding protein with MIZ/SP-RING zinc finger, PHD-finger and SAP domain [Source:TAIR;Acc:AT5G60410]",0.6157307444868242,0.9190515323520648,-0.7310681231456477,0.8507947428519038,0.9599736719599279,0.2736428257759982,0.955056378682955,0.9896443259135058,-0.08200779510589201,0,0,0,1
AT5G60410.6,GO:0090352,ATSIZ1,5,24294860,24301147,+,6287,protein_coding,"DNA-binding protein with MIZ/SP-RING zinc finger, PHD-finger and SAP domain [Source:TAIR;Acc:AT5G60410]",0.1671830905267454,0.6342044350954313,1.7024491561280672,0.07015225167774397,0.3360956744967231,2.2307120985597324,0.14163739267026998,0.5226246001321097,1.8110111481043243,0,0,0,5
AT5G60410.3,GO:0090352,ATSIZ1,5,24294890,24300576,+,5686,protein_coding,"DNA-binding protein with MIZ/SP-RING zinc finger, PHD-finger and SAP domain [Source:TAIR;Acc:AT5G60410]",0.6319014692314195,0.9245114056253814,-0.2588355678844654,0.5777625017938366,0.8567636569517826,-0.3009925089335226,0.41326329963773706,0.7804431521196624,0.438363785022078,0,0,0,4
AT5G60410.4,GO:0090352,ATSIZ1,5,24294890,24301091,+,6201,protein_coding,"DNA-binding protein with MIZ/SP-RING zinc finger, PHD-finger and SAP domain [Source:TAIR;Acc:AT5G60410]",0.7796425169945673,0.9610189095435712,-0.2949103323230277,0.8376054173752625,0.9551211496324509,0.21588686993502296,0.800641254108016,0.9496289800588924,-0.2661236630898284,0,0,0,10
