ID,Path,Gene,Chromosome,Start,End,Strand,Length,BioType,Description,Flg22_vs_Mock_pvalue,Flg22_vs_Mock_padj,Flg22_vs_Mock_log2FoldChange,Flg22_SynCom33_vs_Mock_pvalue,Flg22_SynCom33_vs_Mock_padj,Flg22_SynCom33_vs_Mock_log2FoldChange,Flg22_SynCom35_vs_Mock_pvalue,Flg22_SynCom35_vs_Mock_padj,Flg22_SynCom35_vs_Mock_log2FoldChange,Flg22_vs_Mock,Flg22_SynCom33_vs_Mock,Flg22_SynCom35_vs_Mock,cl
AT3G26380.1,GO:0004557,,3,9660006,9663325,+,3319,protein_coding,Alpha-galactosidase [Source:UniProtKB/TrEMBL;Acc:F4JCI4],0.5782900350741552,0.9063365094182143,-0.07604494670129981,0.003693816596421043,0.05657375519398642,-0.4024255210997298,0.3351795105540521,0.7300066863327959,-0.13172928550501617,0,0,0,3
AT3G56310.1,GO:0004557,AGAL3,3,20882729,20885915,+,3186,protein_coding,Alpha-galactosidase 3 [Source:UniProtKB/Swiss-Prot;Acc:Q8VXZ7],0.230633243821009,0.7071443209807116,-0.12165050332196009,0.08158766610168221,0.36499245134721603,-0.17680840652815297,3.553645952314257e-8,7.3595151510862136e-6,-0.5607002453587832,0,0,0,2
AT3G56310.2,GO:0004557,AGAL3,3,20882827,20885915,+,3088,protein_coding,Alpha-galactosidase 3 [Source:UniProtKB/Swiss-Prot;Acc:Q8VXZ7],0.045100900416980935,0.35630137883840673,2.3260621530525807,0.007641144108029446,0.09177837033245416,3.0907827538423964,0.8004533567461944,0.9496181693673231,0.29732508879670033,0,0,0,9
AT5G08370.2,GO:0004557,AGAL2,5,2690879,2693550,-,2671,protein_coding,Alpha-galactosidase 2 [Source:UniProtKB/Swiss-Prot;Acc:Q8RX86],0.6629754463636834,0.9323171279156285,-0.28387501083810573,0.6725300014756515,0.9006717578675277,0.2747064952281521,0.38482453257389554,0.7649079996594348,0.5641721255268359,0,0,0,1
AT5G08370.1,GO:0004557,AGAL2,5,2690879,2693585,-,2706,protein_coding,Alpha-galactosidase 2 [Source:UniProtKB/Swiss-Prot;Acc:Q8RX86],0.01721212837773618,0.2104706406862968,1.8584710280626409,0.1302839624178586,0.4593774236249836,1.1861521989734283,0.13216913413121764,0.5077791780844242,1.179523548421294,0,0,0,7
AT5G08380.1,GO:0004557,AGAL1,5,2694669,2697781,-,3112,protein_coding,Alpha-galactosidase 1 [Source:UniProtKB/Swiss-Prot;Acc:Q9FT97],0.051994446041101476,0.3830017034574341,0.7953564128270869,0.9189638616350674,0.9801673242646731,0.041928589921854345,0.6264378221332209,0.8921768713791742,0.20007494151176133,0,0,0,7
