ID,Path,Gene,Chromosome,Start,End,Strand,Length,BioType,Description,Flg22_vs_Mock_pvalue,Flg22_vs_Mock_padj,Flg22_vs_Mock_log2FoldChange,Flg22_SynCom33_vs_Mock_pvalue,Flg22_SynCom33_vs_Mock_padj,Flg22_SynCom33_vs_Mock_log2FoldChange,Flg22_SynCom35_vs_Mock_pvalue,Flg22_SynCom35_vs_Mock_padj,Flg22_SynCom35_vs_Mock_log2FoldChange,Flg22_vs_Mock,Flg22_SynCom33_vs_Mock,Flg22_SynCom35_vs_Mock,cl
AT1G18190.1,GO:0000301,GC2,1,6257851,6261501,-,3650,protein_coding,Golgin candidate 2 [Source:UniProtKB/Swiss-Prot;Acc:B0F9L7],0.6057277378414334,0.9152012067831463,0.043771777154729276,0.3189168285906519,0.6836821428146599,0.08440394516403421,0.8899924730179087,0.9747532141271933,-0.011715918498035145,0,0,0,5
AT2G19950.2,GO:0000301,GC1,2,8615971,8621774,-,5803,protein_coding,GC1 [Source:UniProtKB/TrEMBL;Acc:A0A178VUM2],0.50254933141101,0.8811247922861399,-0.1772695884606575,0.775469313967363,0.936485449149625,0.07513188893126904,0.03933823950074167,0.28049773737665773,-0.5477433749353127,0,0,0,10
AT2G19950.1,GO:0000301,GC1,2,8616093,8621405,-,5312,protein_coding,GC1 [Source:UniProtKB/TrEMBL;Acc:A0A178VUM2],0.019107727597158425,0.22423557128962138,0.22821677060293658,6.847192539588975e-4,0.017138382667526146,0.33002274394042186,0.0034682827408945007,0.06432024734384453,0.2838140903869608,0,0,0,6
