ID,Path,Gene,Chromosome,Start,End,Strand,Length,BioType,Description,Flg22_vs_Mock_pvalue,Flg22_vs_Mock_padj,Flg22_vs_Mock_log2FoldChange,Flg22_SynCom33_vs_Mock_pvalue,Flg22_SynCom33_vs_Mock_padj,Flg22_SynCom33_vs_Mock_log2FoldChange,Flg22_SynCom35_vs_Mock_pvalue,Flg22_SynCom35_vs_Mock_padj,Flg22_SynCom35_vs_Mock_log2FoldChange,Flg22_vs_Mock,Flg22_SynCom33_vs_Mock,Flg22_SynCom35_vs_Mock,cl
AT1G19570.1,GO:0045174,DHAR1,1,6773302,6774523,-,1221,protein_coding,"Glutathione S-transferase DHAR1, mitochondrial [Source:UniProtKB/Swiss-Prot;Acc:Q9FWR4]",0.31617447475214117,0.7813000411312929,0.19493689690223323,0.22704133640637722,0.5963619885993113,-0.23512943596365998,0.02407218590311618,0.21535856367149175,0.43853902110417003,0,0,0,4
AT1G75270.1,GO:0045174,DHAR2,1,28250075,28251469,-,1394,protein_coding,Glutathione S-transferase DHAR2 [Source:UniProtKB/Swiss-Prot;Acc:Q9FRL8],0.954768676103977,0.99359763643049,-0.016157967802635564,0.008901263308998151,0.10160669226007997,-0.7464647531697907,1.6996532744784074e-4,0.00713617076394442,-1.0737738143991942,0,0,-1,2
AT5G16710.1,GO:0045174,DHAR3,5,5483260,5485185,+,1925,protein_coding,DHAR3 [Source:UniProtKB/TrEMBL;Acc:A0A178UIL9],0.4057709935952654,0.8403341915918284,-0.17606283360702424,0.49946263207218883,0.8128202131211016,-0.1429094254399678,0.08653577211844288,0.4193951663226226,0.3566129121258785,0,0,0,4
