ID,Path,Gene,Chromosome,Start,End,Strand,Length,BioType,Description,Flg22_vs_Mock_pvalue,Flg22_vs_Mock_padj,Flg22_vs_Mock_log2FoldChange,Flg22_SynCom33_vs_Mock_pvalue,Flg22_SynCom33_vs_Mock_padj,Flg22_SynCom33_vs_Mock_log2FoldChange,Flg22_SynCom35_vs_Mock_pvalue,Flg22_SynCom35_vs_Mock_padj,Flg22_SynCom35_vs_Mock_log2FoldChange,Flg22_vs_Mock,Flg22_SynCom33_vs_Mock,Flg22_SynCom35_vs_Mock,cl
AT3G23470.1,GO:0008825,,3,8414690,8418451,+,3761,protein_coding,Cyclopropane-fatty-acyl-phospholipid synthase [Source:UniProtKB/TrEMBL;Acc:A0A1I9LMW4],0.6544506027790447,0.9293527381919027,0.16802476183086384,0.5155289996776107,0.8221903742125569,0.24405340978706777,0.3501814837636239,0.7407653644032445,0.3504328010991713,0,0,0,6
AT3G23510.1,GO:0008825,,3,8427557,8433340,+,5783,protein_coding,Cyclopropane-fatty-acyl-phospholipid synthase [Source:UniProtKB/TrEMBL;Acc:Q8GZ28],1.0392572203659031e-19,2.239279538436101e-16,-3.162885527488332,1.817592211267362e-4,0.006614461784872119,-1.2638619018755943,1.834363229003268e-5,0.001271789929779845,1.4320054587853221,-1,-1,1,4
AT3G23530.1,GO:0008825,,3,8436436,8442847,+,6411,protein_coding,AT3g23510/MEE5_5 [Source:UniProtKB/TrEMBL;Acc:Q8VZH1],0.10353578366495124,0.5235238109637538,-0.5107924086615584,0.0023749167584782,0.0416998774013135,-0.9542851362417648,0.8540833527649049,0.9647624801356561,-0.057664240805877336,0,0,0,8
