ID,Path,Gene,Chromosome,Start,End,Strand,Length,BioType,Description,Flg22_vs_Mock_pvalue,Flg22_vs_Mock_padj,Flg22_vs_Mock_log2FoldChange,Flg22_SynCom33_vs_Mock_pvalue,Flg22_SynCom33_vs_Mock_padj,Flg22_SynCom33_vs_Mock_log2FoldChange,Flg22_SynCom35_vs_Mock_pvalue,Flg22_SynCom35_vs_Mock_padj,Flg22_SynCom35_vs_Mock_log2FoldChange,Flg22_vs_Mock,Flg22_SynCom33_vs_Mock,Flg22_SynCom35_vs_Mock,cl
AT5G45600.1,GO:0090239,TAF14B,5,18487798,18489869,+,2071,protein_coding,Transcription initiation factor TFIID subunit 14b [Source:UniProtKB/Swiss-Prot;Acc:Q9FH40],0.7484944867709762,0.9530196132125169,-0.05765555400628926,0.1399521882527665,0.47597141674412297,-0.26764222409300664,0.3286450326360336,0.7247285992676452,0.17391143396380995,0,0,0,4
AT5G45600.2,GO:0090239,TAF14B,5,18487950,18489783,+,1833,protein_coding,Transcription initiation factor TFIID subunit 14b [Source:UniProtKB/Swiss-Prot;Acc:Q9FH40],0.4936615511267037,0.8778713716054527,0.2200252661589517,0.02438592630564546,0.1864985692598467,0.714901507077398,0.5657411924632147,0.8670023042623188,0.18438621481652617,0,0,0,5
