ID,Path,Gene,Chromosome,Start,End,Strand,Length,BioType,Description,Flg22_vs_Mock_pvalue,Flg22_vs_Mock_padj,Flg22_vs_Mock_log2FoldChange,Flg22_SynCom33_vs_Mock_pvalue,Flg22_SynCom33_vs_Mock_padj,Flg22_SynCom33_vs_Mock_log2FoldChange,Flg22_SynCom35_vs_Mock_pvalue,Flg22_SynCom35_vs_Mock_padj,Flg22_SynCom35_vs_Mock_log2FoldChange,Flg22_vs_Mock,Flg22_SynCom33_vs_Mock,Flg22_SynCom35_vs_Mock,cl
AT2G36740.2,GO:0043486,SWC2,2,15406622,15409835,-,3213,protein_coding,SWR1 complex subunit 2 [Source:UniProtKB/Swiss-Prot;Acc:F4IP06],0.9332699451681147,0.9914951924265751,-0.07544420551737356,0.46968871616716895,0.7943986452753137,0.6468350598584652,0.7900398999565346,0.946297758513792,-0.24017451494754927,0,0,0,5
AT2G36740.1,GO:0043486,SWC2,2,15406622,15409912,-,3290,protein_coding,SWR1 complex subunit 2 [Source:UniProtKB/Swiss-Prot;Acc:F4IP06],0.7791289999842003,0.9608423598849695,0.04065983382438457,0.48716693240617964,0.8049183452331237,0.10058924514866358,0.9267629103994127,0.9831582193486671,-0.013316296155436643,0,0,0,5
AT3G12810.1,GO:0043486,PIE1,3,4065042,4074194,+,9152,protein_coding,Protein PHOTOPERIOD-INDEPENDENT EARLY FLOWERING 1 [Source:UniProtKB/Swiss-Prot;Acc:Q7X9V2],0.8544405089537557,0.9766526746740126,-0.01932334999562903,0.6602140181439868,0.8964642420146048,-0.04634285054851852,0.08348149464763145,0.41138832409519,-0.18264694972724826,0,0,0,2
AT5G37055.1,GO:0043486,SWC6,5,14641442,14642513,-,1071,protein_coding,SWR1 complex subunit 6 [Source:UniProtKB/Swiss-Prot;Acc:Q9FHW2],0.965601325729578,0.9946629527453268,0.009040457435302712,0.2814424668558018,0.6513202818541378,0.22286285390533678,0.17563864103134674,0.5718783943750684,0.2778637417544203,0,0,0,1
