ID,Path,Gene,Chromosome,Start,End,Strand,Length,BioType,Description,Flg22_vs_Mock_pvalue,Flg22_vs_Mock_padj,Flg22_vs_Mock_log2FoldChange,Flg22_SynCom33_vs_Mock_pvalue,Flg22_SynCom33_vs_Mock_padj,Flg22_SynCom33_vs_Mock_log2FoldChange,Flg22_SynCom35_vs_Mock_pvalue,Flg22_SynCom35_vs_Mock_padj,Flg22_SynCom35_vs_Mock_log2FoldChange,Flg22_vs_Mock,Flg22_SynCom33_vs_Mock,Flg22_SynCom35_vs_Mock,cl
AT2G41760.1,GO:0008418,NTAQ1,2,17421689,17424371,+,2682,protein_coding,Protein N-terminal glutamine amidohydrolase [Source:UniProtKB/Swiss-Prot;Acc:O22944],0.6037455299408726,0.914445150951007,-0.0667639815310843,0.785704167075586,0.9408094867507961,-0.03493492250874181,0.5408853724282463,0.8549123112725018,0.07778272020427557,0,0,0,4
AT2G44420.2,GO:0008418,,2,18330447,18332936,+,2489,protein_coding,protein N-terminal asparagine amidohydrolase family protein [Source:TAIR;Acc:AT2G44420],0.48393888205742136,0.8748378202846357,-0.326331026936143,0.3118724354313642,0.677639412323467,0.45751359898139377,0.5108041656827346,0.8386614015789674,0.2981315370809636,0,0,0,1
AT2G44420.3,GO:0008418,,2,18330801,18332913,+,2112,protein_coding,protein N-terminal asparagine amidohydrolase family protein [Source:TAIR;Acc:AT2G44420],0.3337223035012339,0.7944595538033034,-0.16680465231145436,0.27413669232180593,0.6438918796849966,0.18654830825459792,0.8588546584423686,0.9661370733453339,0.030397164558730625,0,0,0,1
