ID,Path,Gene,Chromosome,Start,End,Strand,Length,BioType,Description,Flg22_vs_Mock_pvalue,Flg22_vs_Mock_padj,Flg22_vs_Mock_log2FoldChange,Flg22_SynCom33_vs_Mock_pvalue,Flg22_SynCom33_vs_Mock_padj,Flg22_SynCom33_vs_Mock_log2FoldChange,Flg22_SynCom35_vs_Mock_pvalue,Flg22_SynCom35_vs_Mock_padj,Flg22_SynCom35_vs_Mock_log2FoldChange,Flg22_vs_Mock,Flg22_SynCom33_vs_Mock,Flg22_SynCom35_vs_Mock,cl
AT1G55540.1,GO:0044615,NUP214,1,20734446,20743188,-,8742,protein_coding,Nuclear pore complex protein NUP214 [Source:UniProtKB/Swiss-Prot;Acc:F4I1T7],0.6160388026269058,0.9190515323520648,-0.11125508260861518,0.5033737799223857,0.8148186880155099,-0.1485661731804149,0.8484142091673322,0.9629717420337648,-0.042324021241515464,0,0,0,4
AT1G55540.2,GO:0044615,NUP214,1,20734608,20743174,-,8566,protein_coding,Nuclear pore complex protein NUP214 [Source:UniProtKB/Swiss-Prot;Acc:F4I1T7],0.7286087933291956,0.9497003680755746,0.491693436427533,0.9094558203765516,0.9765903494998903,0.1612243658012032,0.4276459179878852,0.7905567461927572,1.1233849821874782,0,0,0,6
AT3G16310.1,GO:0044615,NUP35,3,5526249,5528602,-,2353,protein_coding,Nuclear pore complex protein NUP35 [Source:UniProtKB/Swiss-Prot;Acc:O04326],0.5543932635395056,0.8991099536629277,-0.1377360964527209,0.0639379997975067,0.31924590395725094,-0.43314889243830496,0.2167064106305412,0.6199194800177836,0.28654290684513706,0,0,0,4
