ID,Path,Gene,Chromosome,Start,End,Strand,Length,BioType,Description,Flg22_vs_Mock_pvalue,Flg22_vs_Mock_padj,Flg22_vs_Mock_log2FoldChange,Flg22_SynCom33_vs_Mock_pvalue,Flg22_SynCom33_vs_Mock_padj,Flg22_SynCom33_vs_Mock_log2FoldChange,Flg22_SynCom35_vs_Mock_pvalue,Flg22_SynCom35_vs_Mock_padj,Flg22_SynCom35_vs_Mock_log2FoldChange,Flg22_vs_Mock,Flg22_SynCom33_vs_Mock,Flg22_SynCom35_vs_Mock,cl
AT4G37870.1,GO:0004612,PCKA,4,17802690,17806705,-,4015,protein_coding,Phosphoenolpyruvate carboxykinase (ATP)-like protein [Source:UniProtKB/TrEMBL;Acc:Q0WWL8],0.7468063412409136,0.9530196132125169,0.07153560862005609,0.12155068121679038,0.4432393210616829,-0.3432266028205927,0.5730690168730421,0.8699183449674571,-0.12487983459392023,0,0,0,3
AT5G65690.1,GO:0004612,PCK2,5,26266180,26269687,+,3507,protein_coding,phosphoenolpyruvate carboxykinase 2 [Source:TAIR;Acc:AT5G65690],0.20847136621418091,0.6837339260234317,-0.605420140121779,3.71914940841934e-5,0.0018899465859570643,1.9792295471393964,0.0011482474726712203,0.029064993123675498,1.5606011060644722,0,1,1,5
AT5G65690.3,GO:0004612,PCK2,5,26266259,26269686,+,3427,protein_coding,phosphoenolpyruvate carboxykinase 2 [Source:TAIR;Acc:AT5G65690],0.08644550634656521,0.48464193636850583,1.349632415409054,0.0011419633056064867,0.024578268679994856,2.5507401764019457,0.0018210280196743896,0.04020268180996723,2.444953590542971,0,1,1,5
AT5G65690.2,GO:0004612,PCK2,5,26266259,26269686,+,3427,protein_coding,phosphoenolpyruvate carboxykinase 2 [Source:TAIR;Acc:AT5G65690],0.9228965909508055,0.988840470073175,-0.11315279151514152,0.3882591080893751,0.7413823940658176,1.0065376218893767,0.4784593007365966,0.8216112674604598,0.8269814353692386,0,0,0,5
AT5G65690.4,GO:0004612,PCK2,5,26266266,26269763,+,3497,protein_coding,phosphoenolpyruvate carboxykinase 2 [Source:TAIR;Acc:AT5G65690],0.15239408018853468,0.6099029261553143,-1.5517700596357398,0.16856625821584198,0.519870110726156,1.4762542201754352,0.9265989163105719,0.9831142989459642,0.09900513617258422,-0,0,0,5
