ID,Path,Gene,Chromosome,Start,End,Strand,Length,BioType,Description,Flg22_vs_Mock_pvalue,Flg22_vs_Mock_padj,Flg22_vs_Mock_log2FoldChange,Flg22_SynCom33_vs_Mock_pvalue,Flg22_SynCom33_vs_Mock_padj,Flg22_SynCom33_vs_Mock_log2FoldChange,Flg22_SynCom35_vs_Mock_pvalue,Flg22_SynCom35_vs_Mock_padj,Flg22_SynCom35_vs_Mock_log2FoldChange,Flg22_vs_Mock,Flg22_SynCom33_vs_Mock,Flg22_SynCom35_vs_Mock,cl
AT3G03310.1,GO:0052740,LCAT3,3,778568,781703,-,3135,protein_coding,Phospholipase A(1) LCAT3 [Source:UniProtKB/Swiss-Prot;Acc:Q93V61],0.25714597107635867,0.7353665947748731,0.21645309491973438,0.9781513830608598,0.9950797714787954,-0.005250214841323467,0.8986192522103025,0.9772338869898635,-0.024396647242990614,0,0,0,7
AT3G61680.2,GO:0052740,PLIP1,3,22823423,22827171,+,3748,protein_coding,"Phospholipase A1 PLIP1, chloroplastic [Source:UniProtKB/Swiss-Prot;Acc:Q7Y220]",0.8237600268292873,0.9687305448239355,-0.15373064971425476,0.8300841605175256,0.9528252719815481,-0.14813792886073338,0.20933919586780989,0.6115104841129076,-0.8755488599542869,0,0,0,2
AT3G61680.1,GO:0052740,PLIP1,3,22823423,22827171,+,3748,protein_coding,"Phospholipase A1 PLIP1, chloroplastic [Source:UniProtKB/Swiss-Prot;Acc:Q7Y220]",0.6162954869817032,0.9190515323520648,0.15263270107777763,0.7271386335117529,0.9222547173029948,0.10644006202477775,0.9298931724093813,0.9844741101982533,-0.026868840282565802,0,0,0,7
AT3G61680.3,GO:0052740,PLIP1,3,22823981,22827083,+,3102,protein_coding,"Phospholipase A1 PLIP1, chloroplastic [Source:UniProtKB/Swiss-Prot;Acc:Q7Y220]",0.507061124754905,0.8827465912350162,-0.2519761483905427,0.4442234556021082,0.7794157220299502,-0.2906394280238507,0.11944152960738143,0.48712058303006994,-0.5920066454443084,0,0,0,2
AT3G62590.1,GO:0052740,PLIP3,3,23147918,23150606,-,2688,protein_coding,"Phospholipase A1 PLIP3, chloroplastic [Source:UniProtKB/Swiss-Prot;Acc:Q940L4]",0.2831547662221992,0.7579924576516822,0.2810202364733414,0.486676962548461,0.8047023070013365,-0.18309556970488622,0.0015087091850873673,0.035342283909281284,-0.8426965575423188,0,0,0,2
