ID,Path,Gene,Chromosome,Start,End,Strand,Length,BioType,Description,Flg22_vs_Mock_pvalue,Flg22_vs_Mock_padj,Flg22_vs_Mock_log2FoldChange,Flg22_SynCom33_vs_Mock_pvalue,Flg22_SynCom33_vs_Mock_padj,Flg22_SynCom33_vs_Mock_log2FoldChange,Flg22_SynCom35_vs_Mock_pvalue,Flg22_SynCom35_vs_Mock_padj,Flg22_SynCom35_vs_Mock_log2FoldChange,Flg22_vs_Mock,Flg22_SynCom33_vs_Mock,Flg22_SynCom35_vs_Mock,cl
AT4G32272.1,GO:0036071,,4,15576763,15579896,-,3133,protein_coding,Nucleotide/sugar transporter family protein [Source:UniProtKB/TrEMBL;Acc:F4JU87],0.15910193165462833,0.6204519881548838,0.19252961055619816,0.6563551033458984,0.8948229770466689,-0.06204687181551924,0.12002856283843684,0.48802554753542565,-0.21791458705974742,0,0,0,7
AT5G28910.2,GO:0036071,,5,10930539,10933061,-,2522,protein_coding,"Alpha-(1,6)-fucosyltransferase [Source:UniProtKB/TrEMBL;Acc:Q6ICX5]",0.4592508704756416,0.8647537061638342,-0.34944312449901527,0.1655146673306633,0.5149728341646864,-0.6734154292354048,0.3246538942260723,NA,0.4410316775071141,0,0,0,4
AT5G28960.1,GO:0036071,,5,10996524,10998901,+,2377,protein_coding,unknown protein; FUNCTIONS IN: molecular_function unknown; INVOLVED IN: biological_process unknown; LOCATED IN: endomembrane system; BEST Arabidopsis thaliana protein match is: unknown protein (TAIR:AT5G28910.2); Has 30201 Blast hits to 17322 protei /.../780 species: Archae - 12; Bacteria - 1396; Metazoa - 17338; Fungi - 3422; Plants - 5037; Viruses - 0; Other Eukaryotes - 2996 (source: NCBI BLink). [Source:TAIR;Acc:AT5G28960],0.019394390740494538,0.2256787328680058,-1.826726926059801,0.8697817510382779,0.9652913419734153,0.11237574889001682,0.2537137136840884,NA,0.7654250932962973,-0,0,0,1
