ID,Path,Gene,Chromosome,Start,End,Strand,Length,BioType,Description,Flg22_vs_Mock_pvalue,Flg22_vs_Mock_padj,Flg22_vs_Mock_log2FoldChange,Flg22_SynCom33_vs_Mock_pvalue,Flg22_SynCom33_vs_Mock_padj,Flg22_SynCom33_vs_Mock_log2FoldChange,Flg22_SynCom35_vs_Mock_pvalue,Flg22_SynCom35_vs_Mock_padj,Flg22_SynCom35_vs_Mock_log2FoldChange,Flg22_vs_Mock,Flg22_SynCom33_vs_Mock,Flg22_SynCom35_vs_Mock,cl
AT1G08490.1,GO:0001887,NFS2,1,2685659,2688658,-,2999,protein_coding,SUFS [Source:UniProtKB/TrEMBL;Acc:A0A178WGK3],0.6446640696664498,0.9273604099470842,-0.06226309742539648,0.4950720761775627,0.8096688904182783,-0.09226725632986284,0.4043548640996052,0.7754029457994341,-0.11243911428750263,0,0,0,8
AT3G01120.1,GO:0001887,CGS1,3,38759,42159,-,3400,protein_coding,MTO1 [Source:UniProtKB/TrEMBL;Acc:A0A178VB36],0.8264849691153139,0.9694017327903826,0.03781511718088513,0.9927035975091,0.9978620192163213,0.0015776265661457275,0.15800455445635633,0.5468848822165213,0.24346139793263918,0,0,0,4
AT3G22890.1,GO:0001887,APS1,3,8112614,8115024,+,2410,protein_coding,"ATP sulfurylase 1, chloroplastic [Source:UniProtKB/Swiss-Prot;Acc:Q9LIK9]",0.00557796604565102,0.10673310240296813,0.43722893871330765,0.8381981384631007,0.9552647563225275,0.03223590457024719,0.7416503309601702,0.9314525565355267,-0.05204278522947199,0,0,0,7
AT5G49810.1,GO:0001887,MMT1,5,20239293,20246398,+,7105,protein_coding,Methionine S-methyltransferase [Source:UniProtKB/Swiss-Prot;Acc:Q9LTB2],0.3117719301650277,0.7777556975246918,0.11447200511063915,0.42325181436854614,0.7651550285040523,0.09063927864561976,0.9992449047394298,0.9998272537485365,1.0711777785632297e-4,0,0,0,6
