ID,Path,Gene,Chromosome,Start,End,Strand,Length,BioType,Description,Flg22_vs_Mock_pvalue,Flg22_vs_Mock_padj,Flg22_vs_Mock_log2FoldChange,Flg22_SynCom33_vs_Mock_pvalue,Flg22_SynCom33_vs_Mock_padj,Flg22_SynCom33_vs_Mock_log2FoldChange,Flg22_SynCom35_vs_Mock_pvalue,Flg22_SynCom35_vs_Mock_padj,Flg22_SynCom35_vs_Mock_log2FoldChange,Flg22_vs_Mock,Flg22_SynCom33_vs_Mock,Flg22_SynCom35_vs_Mock,cl
AT1G74120.1,GO:0000394,MTERF15,1,27871174,27873332,-,2158,protein_coding,"Transcription termination factor MTERF15, mitochondrial [Source:UniProtKB/Swiss-Prot;Acc:Q9C6A1]",0.6995856810973902,0.9415314713505499,0.09716468225672086,0.3167827997989215,0.681996495658328,-0.25564198618312345,0.6168174374207085,0.8878038252303444,-0.126649472445639,0,0,0,3
AT2G13540.1,GO:0000394,ABH1,2,5636884,5643066,+,6182,protein_coding,Nuclear cap-binding protein subunit 1 [Source:UniProtKB/Swiss-Prot;Acc:Q9SIU2],0.18973331438752922,0.6654087729196295,-0.17885867270746886,0.21522757274670978,0.5811901165823257,-0.1690359565615696,0.6786219385883661,0.9105382043276685,0.05618791819487639,0,0,0,4
AT5G24360.1,GO:0000394,ATIRE1-1,5,8316388,8319981,+,3593,protein_coding,Inositol requiring 1-1 [Source:UniProtKB/TrEMBL;Acc:F4KH40],0.6741823732797375,0.9356602967833784,0.03996430807493431,0.5914560819401455,0.8645743553406738,0.05102001549646313,0.07293533164549977,0.38499626801462317,-0.17132712863021665,0,0,0,9
AT5G44200.2,GO:0000394,CBP20,5,17801737,17804203,-,2466,protein_coding,Nuclear cap-binding protein subunit 2 [Source:UniProtKB/Swiss-Prot;Acc:Q9XFD1],0.9029472877525093,0.9867002759463096,-0.13463049211947511,0.6998572523379912,0.9117940647101159,0.4248895437165583,0.39805506645051497,0.7716421076463479,0.9302191267686937,0,0,0,1
AT5G44200.1,GO:0000394,CBP20,5,17801769,17804106,-,2337,protein_coding,Nuclear cap-binding protein subunit 2 [Source:UniProtKB/Swiss-Prot;Acc:Q9XFD1],0.6310989130400556,0.9243819041789407,0.14067224070536916,0.3154677587076639,0.680758729310151,0.293732675862039,0.9362896055318457,0.9851868880707652,-0.023435221083878126,0,0,0,9
