ID,Path,Gene,Chromosome,Start,End,Strand,Length,BioType,Description,Flg22_vs_Mock_pvalue,Flg22_vs_Mock_padj,Flg22_vs_Mock_log2FoldChange,Flg22_SynCom33_vs_Mock_pvalue,Flg22_SynCom33_vs_Mock_padj,Flg22_SynCom33_vs_Mock_log2FoldChange,Flg22_SynCom35_vs_Mock_pvalue,Flg22_SynCom35_vs_Mock_padj,Flg22_SynCom35_vs_Mock_log2FoldChange,Flg22_vs_Mock,Flg22_SynCom33_vs_Mock,Flg22_SynCom35_vs_Mock,cl
AT2G43090.1,GO:0016836,,2,17918926,17920496,+,1570,protein_coding,3-isopropylmalate dehydratase small subunit 3 [Source:UniProtKB/Swiss-Prot;Acc:Q9ZW85],0.7869738810832027,0.9626793429420232,-0.030912321324530943,0.1644150247845366,0.5133338787755997,-0.15934170836218228,0.7850734628601594,0.9447424131333823,0.031141345353199186,0,0,0,4
AT2G43100.1,GO:0016836,IPMI2,2,17920647,17921844,+,1197,protein_coding,IPMI2 [Source:UniProtKB/TrEMBL;Acc:A0A178VZE1],0.04899656058777673,0.3733521922263912,0.5778550714704057,0.21431339924257847,0.5798913021535359,-0.36594307148778515,0.9302356806588061,0.9845058437585001,0.02574039007826785,0,0,0,3
AT3G23940.1,GO:0016836,DHAD,3,8648669,8652605,+,3936,protein_coding,"Dihydroxy-acid dehydratase, chloroplastic [Source:UniProtKB/Swiss-Prot;Acc:Q9LIR4]",0.13375327170986684,0.5816465960425915,-0.39193127051285853,0.08376730865651598,0.3704699179735299,-0.4520906740007982,0.3338212954547104,0.7287063538743692,0.2521692636027087,0,0,0,4
AT3G58990.1,GO:0016836,IPMI1,3,21797058,21798303,-,1245,protein_coding,3-isopropylmalate dehydratase small subunit 2 [Source:UniProtKB/Swiss-Prot;Acc:Q9LYT7],0.17332898388040952,0.6436587786655378,0.44645672641453954,0.8991754497430853,0.9736132186367745,-0.041627108991861034,0.1226067806908299,0.4917066771532413,0.506026517063679,0,0,0,6
AT5G10160.1,GO:0016836,,5,3185734,3187312,+,1578,protein_coding,(3R)-hydroxymyristoyl-[acyl carrier protein] dehydratase-like protein [Source:UniProtKB/TrEMBL;Acc:Q9LX13],0.2867468380462977,0.7606615451114601,0.15329116362017486,0.9018374875590871,0.9743342439671361,0.017811929029065695,0.1916770821845576,0.5912767333242834,0.1874012926831997,0,0,0,6
AT5G42650.1,GO:0016836,CYP74A,5,17097564,17099595,-,2031,protein_coding,"Allene oxide synthase, chloroplastic [Source:UniProtKB/Swiss-Prot;Acc:Q96242]",0.413506397784754,0.8445661834165121,0.1632183180577073,0.5689661245461005,0.8520449645921881,-0.11441696250720425,0.6313222479129392,0.8944309716984339,0.09575883095022159,0,0,0,3
