ID,Path,Gene,Chromosome,Start,End,Strand,Length,BioType,Description,Flg22_vs_Mock_pvalue,Flg22_vs_Mock_padj,Flg22_vs_Mock_log2FoldChange,Flg22_SynCom33_vs_Mock_pvalue,Flg22_SynCom33_vs_Mock_padj,Flg22_SynCom33_vs_Mock_log2FoldChange,Flg22_SynCom35_vs_Mock_pvalue,Flg22_SynCom35_vs_Mock_padj,Flg22_SynCom35_vs_Mock_log2FoldChange,Flg22_vs_Mock,Flg22_SynCom33_vs_Mock,Flg22_SynCom35_vs_Mock,cl
AT5G46030.1,GO:0048096,,5,18670051,18671461,+,1410,protein_coding,Transcription elongation factor 1 homolog [Source:UniProtKB/Swiss-Prot;Acc:Q8LEF3],0.06972847618265503,0.43896065960693614,0.3000835510594337,0.0026906405410895493,0.04537628546146127,0.4951560284253332,0.96172090375032,0.9904996576234085,0.007970404754988083,0,0,0,9
AT5G46030.2,GO:0048096,,5,18670106,18671393,+,1287,protein_coding,Transcription elongation factor 1 homolog [Source:UniProtKB/Swiss-Prot;Acc:Q8LEF3],0.5220313631218049,0.8887284181920557,-1.1155612878247922,0.7378119716774751,0.9249030348320281,-0.5816304780712269,0.7702939657822084,NA,-0.5069745643687815,-0,0,0,8
