ID,Path,Gene,Chromosome,Start,End,Strand,Length,BioType,Description,Flg22_vs_Mock_pvalue,Flg22_vs_Mock_padj,Flg22_vs_Mock_log2FoldChange,Flg22_SynCom33_vs_Mock_pvalue,Flg22_SynCom33_vs_Mock_padj,Flg22_SynCom33_vs_Mock_log2FoldChange,Flg22_SynCom35_vs_Mock_pvalue,Flg22_SynCom35_vs_Mock_padj,Flg22_SynCom35_vs_Mock_log2FoldChange,Flg22_vs_Mock,Flg22_SynCom33_vs_Mock,Flg22_SynCom35_vs_Mock,cl
AT1G12650.1,GO:0030686,,1,4306059,4308005,+,1946,protein_coding,At1g12650/T12C24_1 [Source:UniProtKB/TrEMBL;Acc:Q8W1E4],0.5620034651658785,0.9019295899370587,-0.09819406407863121,0.35622037298832204,0.7153680013948956,-0.15645505265664153,0.9346429849927869,0.9851661236325965,-0.013843156486427597,0,0,0,4
AT1G48920.1,GO:0030686,NUCL1,1,18098081,18101732,+,3651,protein_coding,Nucleolin 1 [Source:UniProtKB/Swiss-Prot;Acc:Q9FVQ1],0.12662940152798086,0.5690654953428536,-0.4370695734567912,0.22046055998023456,0.5877636391340539,-0.35058192725809706,0.45780351616477605,0.8094416074556751,0.21238229768687752,0,0,0,4
AT2G01640.1,GO:0030686,,2,282830,284311,+,1481,protein_coding,Expressed protein [Source:UniProtKB/TrEMBL;Acc:Q9ZU92],0.28973360694566086,0.7628372997200498,-0.33011306900043946,0.3612875032396884,0.7198970174256395,-0.2843240720749919,0.4630812614188618,0.8122105628649526,-0.22748849332292215,0,0,0,8
AT2G01640.2,GO:0030686,,2,282969,284598,+,1629,protein_coding,Expressed protein [Source:UniProtKB/TrEMBL;Acc:Q9ZU92],0.7663526454567245,0.9571733012705728,0.1621226423803054,0.27292980781815357,0.6428514891474275,0.5945268436788582,0.5853465933127767,0.8756021219492602,0.2966950957485875,0,0,0,5
AT2G42650.1,GO:0030686,,2,17765178,17766888,+,1710,protein_coding,Ribosomal protein L1p/L10e family [Source:UniProtKB/TrEMBL;Acc:Q8S8D2],0.22884634809720403,0.7049257695561986,-0.2519283611805551,0.022346193681818984,0.17663509494227075,-0.48410719323234264,0.33679166915501585,0.7306821152972649,-0.1999085159078893,0,0,0,8
AT3G58660.1,GO:0030686,,3,21701520,21703114,+,1594,protein_coding,Ribosomal protein L1p/L10e family [Source:UniProtKB/TrEMBL;Acc:Q9LXT5],0.08189220678181593,0.47283936807742727,-0.4521538057016819,0.09836545352425462,0.40096183341537706,-0.4295319783896691,0.7268269240226302,0.9263125569813231,0.09063129059666514,0,0,0,4
