ID,Path,Gene,Chromosome,Start,End,Strand,Length,BioType,Description,Flg22_vs_Mock_pvalue,Flg22_vs_Mock_padj,Flg22_vs_Mock_log2FoldChange,Flg22_SynCom33_vs_Mock_pvalue,Flg22_SynCom33_vs_Mock_padj,Flg22_SynCom33_vs_Mock_log2FoldChange,Flg22_SynCom35_vs_Mock_pvalue,Flg22_SynCom35_vs_Mock_padj,Flg22_SynCom35_vs_Mock_log2FoldChange,Flg22_vs_Mock,Flg22_SynCom33_vs_Mock,Flg22_SynCom35_vs_Mock,cl
AT2G26500.2,GO:0009512,,2,11270218,11270874,+,656,protein_coding,At2g26500/T9J22.17 [Source:UniProtKB/TrEMBL;Acc:O48717],0.7047770328801305,0.9435268257053323,-0.22688619834570428,0.6216651298429812,NA,-0.2975459410223799,0.7110666408060144,NA,0.21354270052798638,0,0,0,4
AT4G03280.1,GO:0009512,PETC,4,1440146,1441863,+,1717,protein_coding,"Cytochrome b6-f complex iron-sulfur subunit, chloroplastic [Source:UniProtKB/Swiss-Prot;Acc:Q9ZR03]",0.11371781484215539,0.5445129445765851,0.7976512051824488,0.3203743725459595,0.6843852417975591,0.5038664896238153,0.10343927634150418,0.45736851869581097,0.8199114333399938,0,0,0,6
ATCG00540.1,GO:0009512,PETA,Pt,61657,62619,+,962,protein_coding,Cytochrome f [Source:UniProtKB/Swiss-Prot;Acc:P56771],0.9319110941318596,NA,-0.07901156038148816,0.3899346155826492,NA,-0.839469302919563,0.6931151194122178,NA,-0.36954470323931443,0,0,0,3
ATCG00720.1,GO:0009512,PETB,Pt,74841,76292,+,1451,protein_coding,Cytochrome b6 [Source:UniProtKB/Swiss-Prot;Acc:P56773],0.9628307475017792,0.9944633830616663,-0.03798002217396648,0.5185562577726357,NA,-0.5371536466164986,0.872224481877408,NA,0.13004344152995728,0,0,0,3
ATCG00730.1,GO:0009512,PETD,Pt,76481,77672,+,1191,protein_coding,Cytochrome b6-f complex subunit 4 [Source:UniProtKB/Swiss-Prot;Acc:P56774],0.7528369948342888,0.9533765664324588,-0.19802126701251246,0.24366724092339162,NA,-0.7676766611208857,0.6644050563385591,NA,0.26432634814899625,0,0,0,4
