ID,Path,Gene,Chromosome,Start,End,Strand,Length,BioType,Description,Flg22_vs_Mock_pvalue,Flg22_vs_Mock_padj,Flg22_vs_Mock_log2FoldChange,Flg22_SynCom33_vs_Mock_pvalue,Flg22_SynCom33_vs_Mock_padj,Flg22_SynCom33_vs_Mock_log2FoldChange,Flg22_SynCom35_vs_Mock_pvalue,Flg22_SynCom35_vs_Mock_padj,Flg22_SynCom35_vs_Mock_log2FoldChange,Flg22_vs_Mock,Flg22_SynCom33_vs_Mock,Flg22_SynCom35_vs_Mock,cl
AT2G43430.1,GO:0043200,GLX2-1,2,18035349,18038334,-,2985,protein_coding,"Hydroxyacylglutathione hydrolase 1, mitochondrial [Source:UniProtKB/Swiss-Prot;Acc:O24495]",0.01583977041592823,0.20071052694503846,0.8153301398885088,0.007059727344115219,0.08669693488556662,0.9088589773128489,0.1700504374634504,0.5629881250518913,0.4666422677706931,0,0,0,9
AT2G43430.2,GO:0043200,GLX2-1,2,18035349,18038334,-,2985,protein_coding,"Hydroxyacylglutathione hydrolase 1, mitochondrial [Source:UniProtKB/Swiss-Prot;Acc:O24495]",0.9220192011041601,0.988783730625729,-0.13140847350694188,0.8360808721084174,0.9545341305346319,-0.2781225778896184,0.7585384342944665,NA,-0.41337225498565366,0,0,0,3
AT2G43430.3,GO:0043200,GLX2-1,2,18035369,18038282,-,2913,protein_coding,"Hydroxyacylglutathione hydrolase 1, mitochondrial [Source:UniProtKB/Swiss-Prot;Acc:O24495]",0.7555038125150186,0.9542506782864312,0.05000940983914338,0.7190981706175484,0.919780187502129,0.0577662605327238,0.5256931925366235,0.8462446855835455,-0.10208084677933088,0,0,0,9
