ID,Path,Gene,Chromosome,Start,End,Strand,Length,BioType,Description,Flg22_vs_Mock_pvalue,Flg22_vs_Mock_padj,Flg22_vs_Mock_log2FoldChange,Flg22_SynCom33_vs_Mock_pvalue,Flg22_SynCom33_vs_Mock_padj,Flg22_SynCom33_vs_Mock_log2FoldChange,Flg22_SynCom35_vs_Mock_pvalue,Flg22_SynCom35_vs_Mock_padj,Flg22_SynCom35_vs_Mock_log2FoldChange,Flg22_vs_Mock,Flg22_SynCom33_vs_Mock,Flg22_SynCom35_vs_Mock,cl
AT1G72030.1,GO:0031415,,1,27110832,27111932,+,1100,protein_coding,Acyl-CoA N-acyltransferases (NAT) superfamily protein [Source:UniProtKB/TrEMBL;Acc:Q9C7G6],0.2680142620974183,NA,1.7643444746785981,0.08024923623710355,NA,2.70543470827507,0.450439626929882,NA,1.2285592489210078,0,0,0,5
AT1G80410.1,GO:0031415,EMB2753,1,30227485,30235087,-,7602,protein_coding,Tetratricopeptide repeat (TPR)-containing protein [Source:UniProtKB/TrEMBL;Acc:F4HS68],0.007421862974336144,0.1277773840037675,-0.21408302121748352,0.005094785625100919,0.06951029804008874,-0.22404558192978447,0.6743915098241962,0.9090380403042645,0.0334449054841401,0,0,0,4
AT5G11340.1,GO:0031415,,5,3619152,3621511,+,2359,protein_coding,Acyl-CoA N-acyltransferases (NAT) superfamily protein [Source:UniProtKB/TrEMBL;Acc:Q9LFM3],0.6899183376642217,0.9388704857252624,-0.057135578206263256,0.33859472240367755,0.7003234075290959,-0.1375431950003423,0.452835206176616,0.8064348285901018,0.1065660288666998,0,0,0,4
AT5G13780.1,GO:0031415,NAA10,5,4447259,4448675,-,1416,protein_coding,N-terminal acetyltransferase A complex catalytic subunit NAA10 [Source:UniProtKB/Swiss-Prot;Acc:Q9FKI4],0.02872025088586593,0.28034129324674617,-0.2399831553214322,0.019051016620715004,0.16054214068904724,-0.2573749976714241,0.14775611559138527,0.532063557685608,0.15757789873076647,0,0,0,4
