ID,Path,Gene,Chromosome,Start,End,Strand,Length,BioType,Description,Flg22_vs_Mock_pvalue,Flg22_vs_Mock_padj,Flg22_vs_Mock_log2FoldChange,Flg22_SynCom33_vs_Mock_pvalue,Flg22_SynCom33_vs_Mock_padj,Flg22_SynCom33_vs_Mock_log2FoldChange,Flg22_SynCom35_vs_Mock_pvalue,Flg22_SynCom35_vs_Mock_padj,Flg22_SynCom35_vs_Mock_log2FoldChange,Flg22_vs_Mock,Flg22_SynCom33_vs_Mock,Flg22_SynCom35_vs_Mock,cl
AT1G66170.1,GO:0000212,MMD1,1,24638685,24641494,-,2809,protein_coding,PHD finger protein MALE MEIOCYTE DEATH 1 [Source:UniProtKB/Swiss-Prot;Acc:Q7X6Y7],0.500860679578947,NA,-0.583191969780913,0.18250531929732094,NA,-1.217274886330274,0.4968815687872144,NA,-0.5855182703030556,0,-0,0,8
AT3G61650.1,GO:0000212,TUBG1,3,22812082,22815216,-,3134,protein_coding,Tubulin gamma-1 chain [Source:UniProtKB/Swiss-Prot;Acc:P38557],0.019426361058578322,0.22576807049863598,-0.5336989893269777,0.013191657961610849,0.12897161696824858,-0.5664927894035103,0.5913636419787657,0.8775614667360686,0.12110532071561197,0,0,0,4
AT5G05620.1,GO:0000212,TUBG2,5,1679230,1682055,+,2825,protein_coding,Tubulin gamma-2 chain [Source:UniProtKB/Swiss-Prot;Acc:P38558],0.42664758780306983,0.8493424862090211,-0.151964806915456,0.5054406201595516,0.815855335122437,-0.12725396862494867,0.1842238304685581,0.5815515787834475,0.25069907628417204,0,0,0,4
AT5G57880.1,GO:0000212,MPS1,5,23443962,23447244,+,3282,protein_coding,Protein MULTIPOLAR SPINDLE 1 [Source:UniProtKB/Swiss-Prot;Acc:F4KDF5],0.5487829873271002,0.8972259061811516,-0.28191532053022145,0.3554216612441443,0.7147785664371278,0.41955040228545615,0.23686562292153174,0.6449200041021061,0.5328261484146987,0,0,0,1
