ID,Path,Gene,Chromosome,Start,End,Strand,Length,BioType,Description,Flg22_vs_Mock_pvalue,Flg22_vs_Mock_padj,Flg22_vs_Mock_log2FoldChange,Flg22_SynCom33_vs_Mock_pvalue,Flg22_SynCom33_vs_Mock_padj,Flg22_SynCom33_vs_Mock_log2FoldChange,Flg22_SynCom35_vs_Mock_pvalue,Flg22_SynCom35_vs_Mock_padj,Flg22_SynCom35_vs_Mock_log2FoldChange,Flg22_vs_Mock,Flg22_SynCom33_vs_Mock,Flg22_SynCom35_vs_Mock,cl
AT1G14120.1,GO:0009852,,1,4833396,4835089,-,1693,protein_coding,2-oxoglutarate (2OG) and Fe(II)-dependent oxygenase superfamily protein [Source:UniProtKB/TrEMBL;Acc:Q9XI76],0.15634196080049842,0.6171497553527003,0.8011960129363053,0.40878949107593926,0.754600325201662,-0.4720709261189084,0.4031195486713247,0.7743732115885285,-0.4773071330198602,0,0,0,7
AT1G14120.2,GO:0009852,,1,4833396,4835089,-,1693,protein_coding,2-oxoglutarate (2OG) and Fe(II)-dependent oxygenase superfamily protein [Source:UniProtKB/TrEMBL;Acc:Q9XI76],0.8948465740816832,0.9850486279416031,0.20920748488778398,0.8510907422407852,0.9600437306390465,-0.2974042896913902,0.3989559478003452,0.7718950821633426,1.333516367920107,0,0,0,4
AT1G14120.3,GO:0009852,,1,4833518,4835089,-,1571,protein_coding,2-oxoglutarate (2OG) and Fe(II)-dependent oxygenase superfamily protein [Source:UniProtKB/TrEMBL;Acc:Q9XI76],0.31713615549548885,0.7822980100599901,0.3913345271824141,0.7915229507210738,0.9418456273769076,0.10344545745327209,0.5335113427331822,0.8507680101403001,0.2435990194783616,0,0,0,6
AT1G14130.1,GO:0009852,,1,4835724,4837771,-,2047,protein_coding,2-oxoglutarate (2OG) and Fe(II)-dependent oxygenase superfamily protein [Source:UniProtKB/TrEMBL;Acc:Q9XI75],0.9447513458181083,0.9933269717125698,0.015243446295093055,0.02550161954414608,0.19224187789841135,-0.4948856682666678,5.302097970552048e-4,0.01654447120305333,-0.7701614459548778,0,0,0,2
