ID,Path,Gene,Chromosome,Start,End,Strand,Length,BioType,Description,Flg22_vs_Mock_pvalue,Flg22_vs_Mock_padj,Flg22_vs_Mock_log2FoldChange,Flg22_SynCom33_vs_Mock_pvalue,Flg22_SynCom33_vs_Mock_padj,Flg22_SynCom33_vs_Mock_log2FoldChange,Flg22_SynCom35_vs_Mock_pvalue,Flg22_SynCom35_vs_Mock_padj,Flg22_SynCom35_vs_Mock_log2FoldChange,Flg22_vs_Mock,Flg22_SynCom33_vs_Mock,Flg22_SynCom35_vs_Mock,cl
AT3G10380.1,GO:0090522,SEC8,3,3219507,3229034,-,9527,protein_coding,SEC8 [Source:UniProtKB/TrEMBL;Acc:A0A178VA38],0.9964354394494804,0.9993324120936764,-3.942102694272848e-4,0.20751241997324082,0.5716407884708202,0.11106140929481724,0.9185101958227355,0.98141402962797,-0.00901880061394735,0,0,0,5
AT3G10380.2,GO:0090522,SEC8,3,3219523,3228954,-,9431,protein_coding,SEC8 [Source:UniProtKB/TrEMBL;Acc:A0A178VA38],0.1190509819388415,0.5568103281163616,0.5099251518066146,0.31233925456776296,0.677886633399855,0.3313465316770005,0.1513924808661315,0.5368584424951717,-0.4766617822625733,0,0,0,9
