ID,Path,Gene,Chromosome,Start,End,Strand,Length,BioType,Description,Flg22_vs_Mock_pvalue,Flg22_vs_Mock_padj,Flg22_vs_Mock_log2FoldChange,Flg22_SynCom33_vs_Mock_pvalue,Flg22_SynCom33_vs_Mock_padj,Flg22_SynCom33_vs_Mock_log2FoldChange,Flg22_SynCom35_vs_Mock_pvalue,Flg22_SynCom35_vs_Mock_padj,Flg22_SynCom35_vs_Mock_log2FoldChange,Flg22_vs_Mock,Flg22_SynCom33_vs_Mock,Flg22_SynCom35_vs_Mock,cl
AT4G25720.3,GO:0016603,QCT,4,13099812,13102578,-,2766,protein_coding,Glutaminyl-peptide cyclotransferase [Source:UniProtKB/Swiss-Prot;Acc:Q84WV9],0.29079284242514447,0.7640369861336387,0.7664357050624685,0.9870254615720361,0.9967399871517459,0.012043392881583768,0.8262366272626229,NA,0.16136317604373093,0,0,0,7
AT4G25720.2,GO:0016603,QCT,4,13099816,13102594,-,2778,protein_coding,Glutaminyl-peptide cyclotransferase [Source:UniProtKB/Swiss-Prot;Acc:Q84WV9],0.040665234102924226,0.33922869253401644,0.5731131067965973,0.17465429072356642,0.5292590061132807,0.3823781712878056,0.40436467528471615,0.7754029457994341,0.2353341092529286,0,0,0,7
AT4G25720.1,GO:0016603,QCT,4,13099818,13102594,-,2776,protein_coding,Glutaminyl-peptide cyclotransferase [Source:UniProtKB/Swiss-Prot;Acc:Q84WV9],0.3359571555009544,0.7961763289794269,0.09738012463553421,7.354265999635003e-4,0.017972488963835284,0.33623853471000287,0.04255503147753567,0.29326523840921026,0.2025496043406472,0,0,0,5
AT4G25720.4,GO:0016603,QCT,4,13100275,13102558,-,2283,protein_coding,Glutaminyl-peptide cyclotransferase [Source:UniProtKB/Swiss-Prot;Acc:Q84WV9],0.5065995338753047,0.882613010471477,-0.3442118681527747,0.15459874885672073,0.49812035903851826,-0.7446643244326648,0.15798662606418123,0.5468848822165213,-0.7367993727540935,0,0,0,2
AT4G25720.5,GO:0016603,QCT,4,13100738,13102592,-,1854,protein_coding,Glutaminyl-peptide cyclotransferase [Source:UniProtKB/Swiss-Prot;Acc:Q84WV9],0.617646640886361,0.9195611513350547,-0.36492967016402017,0.8601317036075873,0.962617004845094,0.12696118431820447,0.4165709451667256,NA,-0.597221419826057,0,0,0,10
