ID,Path,Gene,Chromosome,Start,End,Strand,Length,BioType,Description,Flg22_vs_Mock_pvalue,Flg22_vs_Mock_padj,Flg22_vs_Mock_log2FoldChange,Flg22_SynCom33_vs_Mock_pvalue,Flg22_SynCom33_vs_Mock_padj,Flg22_SynCom33_vs_Mock_log2FoldChange,Flg22_SynCom35_vs_Mock_pvalue,Flg22_SynCom35_vs_Mock_padj,Flg22_SynCom35_vs_Mock_log2FoldChange,Flg22_vs_Mock,Flg22_SynCom33_vs_Mock,Flg22_SynCom35_vs_Mock,cl
AT3G12120.1,GO:0016720,FAD2,3,3860251,3863250,-,2999,protein_coding,FAD2 [Source:UniProtKB/TrEMBL;Acc:A0A178VIK7],0.7645249686507566,0.9571339617671963,0.02357653864711918,3.8443382813438413e-7,4.634237743456733e-5,-0.40062955745542994,0.08303502771810507,0.41011223503226685,-0.13648899729054198,0,0,0,3
AT3G12120.2,GO:0016720,FAD2,3,3860445,3862498,-,2053,protein_coding,FAD2 [Source:UniProtKB/TrEMBL;Acc:A0A178VIK7],0.48237750238971366,0.8738763561918426,-0.2628577337565496,0.833142419755657,0.9537641905229258,-0.07861774153964222,0.3340295276794873,0.728880483675421,-0.3615955972811686,0,0,0,10
