ID,Path,Gene,Chromosome,Start,End,Strand,Length,BioType,Description,Flg22_vs_Mock_pvalue,Flg22_vs_Mock_padj,Flg22_vs_Mock_log2FoldChange,Flg22_SynCom33_vs_Mock_pvalue,Flg22_SynCom33_vs_Mock_padj,Flg22_SynCom33_vs_Mock_log2FoldChange,Flg22_SynCom35_vs_Mock_pvalue,Flg22_SynCom35_vs_Mock_padj,Flg22_SynCom35_vs_Mock_log2FoldChange,Flg22_vs_Mock,Flg22_SynCom33_vs_Mock,Flg22_SynCom35_vs_Mock,cl
AT2G43790.1,GO:0080136,MPK6,2,18138246,18140988,+,2742,protein_coding,Mitogen-activated protein kinase [Source:UniProtKB/TrEMBL;Acc:A0A178VTX8],0.6527834675801163,0.9289707441860648,-0.02971671183637099,0.6568537178854785,0.8950378636632024,-0.029358344266807775,0.41293249538761556,0.780209363030231,0.05367901172726007,0,0,0,4
AT3G45640.1,GO:0080136,MPK3,3,16756571,16758874,+,2303,protein_coding,MPK3 [Source:UniProtKB/TrEMBL;Acc:A0A384L050],0.5285282895810752,0.8896699137220958,0.09783937310560162,0.056534892590279336,0.29940326686601443,0.2953710814313354,0.5445763130075127,0.8565816893321179,-0.09419997801917948,0,0,0,9
