ID,Path,Gene,Chromosome,Start,End,Strand,Length,BioType,Description,Flg22_vs_Mock_pvalue,Flg22_vs_Mock_padj,Flg22_vs_Mock_log2FoldChange,Flg22_SynCom33_vs_Mock_pvalue,Flg22_SynCom33_vs_Mock_padj,Flg22_SynCom33_vs_Mock_log2FoldChange,Flg22_SynCom35_vs_Mock_pvalue,Flg22_SynCom35_vs_Mock_padj,Flg22_SynCom35_vs_Mock_log2FoldChange,Flg22_vs_Mock,Flg22_SynCom33_vs_Mock,Flg22_SynCom35_vs_Mock,cl
AT1G44790.1,GO:0003839,GGCT2;3,1,16912154,16913664,-,1510,protein_coding,Gamma-glutamylcyclotransferase 2-3 [Source:UniProtKB/Swiss-Prot;Acc:Q84QC1],0.3497183244819533,0.8064147291504189,0.12399223894282191,0.4890866726098455,0.8058911034150318,0.09194829309632374,0.19387052440424335,0.5945362748396796,0.17104399183821012,0,0,0,6
AT4G31290.1,GO:0003839,GGCT2;2,4,15185775,15188484,+,2709,protein_coding,Gamma-glutamylcyclotransferase 2-2 [Source:UniProtKB/Swiss-Prot;Acc:Q84MC1],0.8469147488825509,0.9743510961054258,-0.02519192269214141,0.05926303172370086,0.3061174776777905,-0.24679667502598943,0.23568236781427201,0.6435340235137428,-0.15482818341597984,0,0,0,3
AT5G26220.1,GO:0003839,GGCT2;1,5,9162969,9164884,-,1915,protein_coding,Gamma-glutamylcyclotransferase 2-1 [Source:UniProtKB/Swiss-Prot;Acc:Q8GY54],0.0055692825396697785,0.10670394884999328,1.8767456991970697,0.94885833422182,0.9890437735109785,0.043788519310404915,0.155130601013438,0.5419883821059093,-0.9806745933677007,0,0,0,7
