ID,Path,Gene,Chromosome,Start,End,Strand,Length,BioType,Description,Flg22_vs_Mock_pvalue,Flg22_vs_Mock_padj,Flg22_vs_Mock_log2FoldChange,Flg22_SynCom33_vs_Mock_pvalue,Flg22_SynCom33_vs_Mock_padj,Flg22_SynCom33_vs_Mock_log2FoldChange,Flg22_SynCom35_vs_Mock_pvalue,Flg22_SynCom35_vs_Mock_padj,Flg22_SynCom35_vs_Mock_log2FoldChange,Flg22_vs_Mock,Flg22_SynCom33_vs_Mock,Flg22_SynCom35_vs_Mock,cl
AT1G68020.3,GO:0003825,TPS6,1,25497145,25500584,+,3439,protein_coding,"Alpha,alpha-trehalose-phosphate synthase [UDP-forming] 6 [Source:UniProtKB/Swiss-Prot;Acc:Q94AH8]",0.010389735306970896,0.1582228122269291,-0.8570929290624341,0.35560905678023763,0.7148428107100375,-0.3072012212194193,0.6298827112906751,0.8938664701369115,0.15960119679195053,0,0,0,4
AT1G68020.1,GO:0003825,TPS6,1,25497290,25500374,+,3084,protein_coding,"Alpha,alpha-trehalose-phosphate synthase [UDP-forming] 6 [Source:UniProtKB/Swiss-Prot;Acc:Q94AH8]",0.8926306311717866,0.9850342389027601,-0.1383924062992442,0.7149879673965265,0.9173932766719214,0.37385979833914634,0.23008628102701148,0.6381277349837351,1.22662926158376,0,0,0,1
AT1G78580.1,GO:0003825,TPS1,1,29552340,29559811,-,7471,protein_coding,TPS1 [Source:UniProtKB/TrEMBL;Acc:A0A384L3B9],0.9004987933360162,0.9865028762843637,-0.034848665201317616,0.020003758813279426,0.16500185468504988,-0.6633717610720098,0.5621388288155166,0.8653103809356771,0.16038724596014678,0,0,0,3
AT1G78580.4,GO:0003825,TPS1,1,29552495,29560912,-,8417,protein_coding,TPS1 [Source:UniProtKB/TrEMBL;Acc:A0A384L3B9],0.4563149242872092,0.8641384981661862,-0.1810694344061249,0.0023152446297841247,0.04106506961130475,-0.7443160040437897,0.9534493840653689,0.9892872421350933,0.014163590798887328,0,0,0,3
AT4G27550.2,GO:0003825,TPS4,4,13755649,13759740,+,4091,protein_coding,"Probable alpha,alpha-trehalose-phosphate synthase [UDP-forming] 4 [Source:UniProtKB/Swiss-Prot;Acc:Q9T079]",0.512821291604731,NA,0.5786548210100788,0.5185455482546504,NA,-0.6125053161366085,0.21857747942349373,NA,-1.2246669670820085,0,0,-0,2
