ID,Path,Gene,Chromosome,Start,End,Strand,Length,BioType,Description,Flg22_vs_Mock_pvalue,Flg22_vs_Mock_padj,Flg22_vs_Mock_log2FoldChange,Flg22_SynCom33_vs_Mock_pvalue,Flg22_SynCom33_vs_Mock_padj,Flg22_SynCom33_vs_Mock_log2FoldChange,Flg22_SynCom35_vs_Mock_pvalue,Flg22_SynCom35_vs_Mock_padj,Flg22_SynCom35_vs_Mock_log2FoldChange,Flg22_vs_Mock,Flg22_SynCom33_vs_Mock,Flg22_SynCom35_vs_Mock,cl
AT1G77810.2,GO:0048531,,1,29260621,29263030,-,2409,protein_coding,Hexosyltransferase (Fragment) [Source:UniProtKB/TrEMBL;Acc:W8QP14],0.3006465338423255,0.7704858242870429,0.15066576410857332,0.871592328823209,0.9655942709015252,0.02366745102967775,0.009422660502489067,0.12250921639982261,-0.3861762849897896,0,0,0,2
AT1G77810.1,GO:0048531,,1,29260899,29263119,-,2220,protein_coding,Hexosyltransferase (Fragment) [Source:UniProtKB/TrEMBL;Acc:W8QP14],0.2474723036324912,0.7273052876980076,0.5339303571029791,0.46322677246061317,0.7905287377712255,0.3400376861393165,0.9030068320186746,0.9780694128264688,-0.056898907249098234,0,0,0,7
