ID,Path,Gene,Chromosome,Start,End,Strand,Length,BioType,Description,Flg22_vs_Mock_pvalue,Flg22_vs_Mock_padj,Flg22_vs_Mock_log2FoldChange,Flg22_SynCom33_vs_Mock_pvalue,Flg22_SynCom33_vs_Mock_padj,Flg22_SynCom33_vs_Mock_log2FoldChange,Flg22_SynCom35_vs_Mock_pvalue,Flg22_SynCom35_vs_Mock_padj,Flg22_SynCom35_vs_Mock_log2FoldChange,Flg22_vs_Mock,Flg22_SynCom33_vs_Mock,Flg22_SynCom35_vs_Mock,cl
AT1G11870.6,GO:0004828,OVA7,1,4004498,4006749,+,2251,protein_coding,"Serine--tRNA ligase, chloroplastic/mitochondrial [Source:UniProtKB/Swiss-Prot;Acc:Q8RWT8]",0.050254773953070826,0.37719358874583786,-0.4437114073252041,0.6410650383221155,0.8878057882307854,0.1032377364367023,0.9206612507322317,0.9816218121777806,0.02204837683754072,0,0,0,1
AT5G27470.1,GO:0004828,,5,9694938,9697389,+,2451,protein_coding,"Serine--tRNA ligase, cytoplasmic [Source:UniProtKB/Swiss-Prot;Acc:Q39230]",0.5199057979905695,0.8881733199744493,-0.06739925233317762,0.38831302878961077,0.7414326898162027,-0.09039982242270798,0.7244229897693061,0.9256393518353461,0.036840415647545977,0,0,0,4
