ID,Path,Gene,Chromosome,Start,End,Strand,Length,BioType,Description,Flg22_vs_Mock_pvalue,Flg22_vs_Mock_padj,Flg22_vs_Mock_log2FoldChange,Flg22_SynCom33_vs_Mock_pvalue,Flg22_SynCom33_vs_Mock_padj,Flg22_SynCom33_vs_Mock_log2FoldChange,Flg22_SynCom35_vs_Mock_pvalue,Flg22_SynCom35_vs_Mock_padj,Flg22_SynCom35_vs_Mock_log2FoldChange,Flg22_vs_Mock,Flg22_SynCom33_vs_Mock,Flg22_SynCom35_vs_Mock,cl
AT2G38210.1,GO:0016843,PDX1L4,2,16006749,16007722,+,973,protein_coding,Pyridoxal 5'-phosphate synthase PDX1-like 4 [Source:UniProtKB/Swiss-Prot;Acc:O80446],0.45834032060698476,0.8643297983803209,-0.5666224979128547,0.5016438857498767,NA,-0.5121833955220335,0.347101148856054,NA,-0.7213210563556756,0,0,0,8
AT2G38230.1,GO:0016843,PDX11,2,16011233,16012515,+,1282,protein_coding,Pyridoxal 5'-phosphate synthase subunit PDX1.1 [Source:UniProtKB/Swiss-Prot;Acc:O80448],0.4148977380401942,0.8453375429330725,-0.34568083322991217,0.9770109776807284,0.994954644313541,-0.01214259376695172,0.0928177932237607,0.4354364015115492,0.700676488825184,0,0,0,4
AT3G16050.1,GO:0016843,PDX12,3,5443950,5445329,-,1379,protein_coding,Pyridoxal 5'-phosphate synthase-like subunit PDX1.2 [Source:UniProtKB/Swiss-Prot;Acc:Q9ZNR6],0.6250736436357087,0.9224874531516924,0.1248174006533371,0.4287846795556108,0.7683375257455508,-0.20315138346567901,0.7244376983765024,0.9256393518353461,0.08999296470137025,0,0,0,3
AT5G01410.1,GO:0016843,PDX13,5,171889,173663,-,1774,protein_coding,Pyridoxal 5'-phosphate synthase subunit PDX1.3 [Source:UniProtKB/Swiss-Prot;Acc:Q8L940],0.19063914422568706,0.6660268383682721,-0.10928838503791635,4.1496083242298265e-6,3.1065044382971646e-4,-0.3889996489609507,0.1913484370016362,0.5909448905501108,-0.10879943338561039,0,0,0,3
AT5G01410.2,GO:0016843,PDX13,5,171889,173663,-,1774,protein_coding,Pyridoxal 5'-phosphate synthase subunit PDX1.3 [Source:UniProtKB/Swiss-Prot;Acc:Q8L940],0.6070777928860908,0.9154700434203116,-0.18058057211208814,0.008924434956713759,0.10169845718795222,-0.9247104998557639,0.6971541491037306,0.9175675652101709,-0.13654333460803067,0,0,0,3
