ID,Path,Gene,Chromosome,Start,End,Strand,Length,BioType,Description,Flg22_vs_Mock_pvalue,Flg22_vs_Mock_padj,Flg22_vs_Mock_log2FoldChange,Flg22_SynCom33_vs_Mock_pvalue,Flg22_SynCom33_vs_Mock_padj,Flg22_SynCom33_vs_Mock_log2FoldChange,Flg22_SynCom35_vs_Mock_pvalue,Flg22_SynCom35_vs_Mock_padj,Flg22_SynCom35_vs_Mock_log2FoldChange,Flg22_vs_Mock,Flg22_SynCom33_vs_Mock,Flg22_SynCom35_vs_Mock,cl
AT1G65290.1,GO:0000035,MTACP2,1,24248727,24250436,-,1709,protein_coding,"Acyl carrier protein 2, mitochondrial [Source:UniProtKB/Swiss-Prot;Acc:O80800]",0.602268642559494,0.9142238114278536,0.06464437206896136,0.4933204979567066,0.8085876266996621,-0.08510595638773304,0.7750514597178249,0.9418840856368269,0.035433178950441103,0,0,0,3
AT2G44620.1,GO:0000035,MTACP1,2,18414201,18415335,+,1134,protein_coding,"Acyl carrier protein 1, mitochondrial [Source:UniProtKB/Swiss-Prot;Acc:P53665]",0.6095557950423358,0.9163410558399375,0.07009331270168684,0.9547293610344214,0.9900487861484902,0.007799866654069513,0.8272056740839429,0.9571428485528808,0.029943095382353277,0,0,0,6
AT5G20350.1,GO:0000035,PAT24,5,6876441,6881506,+,5065,protein_coding,Protein S-acyltransferase 24 [Source:UniProtKB/Swiss-Prot;Acc:Q52T38],0.15105159683133765,0.6084432975551044,-0.14538349195185463,0.16343064198786525,0.5121042683200598,0.14056494664183658,0.9515554328097653,0.9888296246553694,0.006131394059228667,0,0,0,1
AT5G47630.1,GO:0000035,MTACP2,5,19306139,19307094,+,955,protein_coding,Acyl carrier protein [Source:UniProtKB/TrEMBL;Acc:A0A178UB54],0.4276631882845816,0.8495097171188976,-0.25724098679707014,0.7732039540285187,0.936273364513272,-0.09244309201315663,0.19230637070553444,0.5921633712634238,0.4043311272318536,0,0,0,4
