ID,Path,Gene,Chromosome,Start,End,Strand,Length,BioType,Description,Flg22_vs_Mock_pvalue,Flg22_vs_Mock_padj,Flg22_vs_Mock_log2FoldChange,Flg22_SynCom33_vs_Mock_pvalue,Flg22_SynCom33_vs_Mock_padj,Flg22_SynCom33_vs_Mock_log2FoldChange,Flg22_SynCom35_vs_Mock_pvalue,Flg22_SynCom35_vs_Mock_padj,Flg22_SynCom35_vs_Mock_log2FoldChange,Flg22_vs_Mock,Flg22_SynCom33_vs_Mock,Flg22_SynCom35_vs_Mock,cl
AT1G01760.2,GO:0004000,,1,276368,278599,-,2231,protein_coding,TAD1 [Source:UniProtKB/TrEMBL;Acc:A0A178W782],0.29179192087528943,0.7645655107401625,0.5610978618499659,0.5338602843858171,0.8328344357541427,0.33448343188023877,0.19924740028857318,NA,0.6782556086043408,0,0,0,6
AT1G01760.4,GO:0004000,,1,276412,278448,-,2036,protein_coding,TAD1 [Source:UniProtKB/TrEMBL;Acc:A0A178W782],0.8668100323453967,0.9791199216076663,-0.18668160541166776,0.8105282967930738,0.9478671281329191,-0.2670826486300739,0.885630472104013,NA,-0.15996378149049661,0,0,0,8
