ID,Path,Gene,Chromosome,Start,End,Strand,Length,BioType,Description,Flg22_vs_Mock_pvalue,Flg22_vs_Mock_padj,Flg22_vs_Mock_log2FoldChange,Flg22_SynCom33_vs_Mock_pvalue,Flg22_SynCom33_vs_Mock_padj,Flg22_SynCom33_vs_Mock_log2FoldChange,Flg22_SynCom35_vs_Mock_pvalue,Flg22_SynCom35_vs_Mock_padj,Flg22_SynCom35_vs_Mock_log2FoldChange,Flg22_vs_Mock,Flg22_SynCom33_vs_Mock,Flg22_SynCom35_vs_Mock,cl
AT2G16385.1,GO:0005179,CIF1,2,7094743,7095824,+,1081,protein_coding,Protein CASPARIAN STRIP INTEGRITY FACTOR 1 [Source:UniProtKB/Swiss-Prot;Acc:Q84MD2],0.4532303480880533,0.8630861437706642,-0.34819143288737564,0.0503151018119609,0.2823364771388077,-0.9326677424712908,0.3919851115530164,0.7681296739609792,-0.39695137849022244,0,0,0,8
AT2G35612.1,GO:0005179,CEP4,2,14954883,14955605,-,722,protein_coding,FUNCTIONS IN: molecular_function unknown; INVOLVED IN: biological_process unknown; LOCATED IN: endomembrane system; EXPRESSED IN: flower; BEST Arabidopsis thaliana protein match is: Copper amine oxidase family protein (TAIR:AT1G31670.1); Has 35333 B /.../its to 34131 proteins in 2444 species: Archae - 798; Bacteria - 22429; Metazoa - 974; Fungi - 991; Plants - 531; Viruses - 0; Other Eukaryotes - 9610 (source: NCBI BLink). [Source:TAIR;Acc:AT2G35612],0.814100903519892,NA,-0.2792751639188875,0.3525797051933287,NA,-1.1557224311256111,0.6234768933222425,NA,-0.5887175848897125,0,-0,0,8
AT4G34600.1,GO:0005179,CIF2,4,16529058,16530228,+,1170,protein_coding,Protein CASPARIAN STRIP INTEGRITY FACTOR 2 [Source:UniProtKB/Swiss-Prot;Acc:O65684],0.6098929165267215,0.9163410558399375,0.18079256363986934,0.42296092785252304,0.7649265523073981,-0.2852879143834881,0.5190608674381055,0.8430139977604768,-0.22919736979372848,0,0,0,3
AT4G34600.2,GO:0005179,CIF2,4,16529058,16530228,+,1170,protein_coding,Protein CASPARIAN STRIP INTEGRITY FACTOR 2 [Source:UniProtKB/Swiss-Prot;Acc:O65684],0.9239273294584983,0.9888479453408986,0.028043268794383534,0.6784224477730103,0.9033136172471161,-0.12256626052098542,0.005783744870445161,0.09030725760745746,-0.8428182133096271,0,0,0,2
AT5G66815.1,GO:0005179,CEP5,5,26677365,26678002,+,637,protein_coding,Precursor of CEP5 [Source:UniProtKB/Swiss-Prot;Acc:Q058G9],0.710815126537089,0.9451763028424377,0.1879197487001954,2.0473723227492966e-6,1.803295147160558e-4,-3.832526601540094,7.125553689429034e-4,NA,-1.9732769116100046,0,-1,-0,2
