ID,Path,Gene,Chromosome,Start,End,Strand,Length,BioType,Description,Flg22_vs_Mock_pvalue,Flg22_vs_Mock_padj,Flg22_vs_Mock_log2FoldChange,Flg22_SynCom33_vs_Mock_pvalue,Flg22_SynCom33_vs_Mock_padj,Flg22_SynCom33_vs_Mock_log2FoldChange,Flg22_SynCom35_vs_Mock_pvalue,Flg22_SynCom35_vs_Mock_padj,Flg22_SynCom35_vs_Mock_log2FoldChange,Flg22_vs_Mock,Flg22_SynCom33_vs_Mock,Flg22_SynCom35_vs_Mock,cl
AT5G19500.1,GO:0015801,,5,6578890,6581945,+,3055,protein_coding,At5g19500 [Source:UniProtKB/TrEMBL;Acc:Q5PP33],0.6187372796244643,NA,0.4128836049882374,0.5367752231036345,NA,0.509651864497875,0.6464323184278268,NA,0.3794069359391324,0,0,0,6
AT5G65990.1,GO:0015801,AVT3A,5,26394823,26396513,+,1690,protein_coding,Amino acid transporter AVT3A [Source:UniProtKB/Swiss-Prot;Acc:Q9FKY3],2.684036834329255e-4,0.013169232299942385,1.0015834354409467,0.11786281319592223,0.4364170997703556,0.4333715281114909,0.11219152379790955,0.4731948947282798,-0.4480533041081357,1,0,0,7
