ID,Path,Gene,Chromosome,Start,End,Strand,Length,BioType,Description,Flg22_vs_Mock_pvalue,Flg22_vs_Mock_padj,Flg22_vs_Mock_log2FoldChange,Flg22_SynCom33_vs_Mock_pvalue,Flg22_SynCom33_vs_Mock_padj,Flg22_SynCom33_vs_Mock_log2FoldChange,Flg22_SynCom35_vs_Mock_pvalue,Flg22_SynCom35_vs_Mock_padj,Flg22_SynCom35_vs_Mock_log2FoldChange,Flg22_vs_Mock,Flg22_SynCom33_vs_Mock,Flg22_SynCom35_vs_Mock,cl
AT1G32100.1,GO:0010283,PRR1,1,11546160,11548016,-,1856,protein_coding,Pinoresinol reductase 1 [Source:UniProtKB/Swiss-Prot;Acc:Q9FVQ6],0.0010902117745482827,0.03648497254106565,-0.5571894521065316,0.0025533105593801802,0.043863039772912414,-0.5144542930669485,0.14714895212931509,0.5309024941066472,-0.2461316039427808,0,0,0,8
AT4G13660.1,GO:0010283,PRR2,4,7945683,7948376,+,2693,protein_coding,Pinoresinol reductase 2 [Source:UniProtKB/Swiss-Prot;Acc:Q9SVP6],0.5860819894647911,0.9088734680048683,0.6160299925114013,0.1276491419148269,0.4535863805407793,1.7185743776107067,0.4903653846970897,0.8279906250029888,0.7796584503549244,0,0,0,5
AT4G13660.2,GO:0010283,PRR2,4,7945906,7948443,+,2537,protein_coding,Pinoresinol reductase 2 [Source:UniProtKB/Swiss-Prot;Acc:Q9SVP6],0.2112681806894869,0.6874806005219816,0.19311607694963703,0.46168968743390515,0.7897640583899611,-0.11384362042044303,1.1396119455788891e-5,8.648827819159909e-4,-0.6803807741696257,0,0,0,2
AT4G34540.1,GO:0010283,PLR3,4,16498391,16502174,+,3783,protein_coding,Probable pinoresinol-lariciresinol reductase 3 [Source:UniProtKB/Swiss-Prot;Acc:O65679],0.27778596300404906,0.7531506502661182,0.163244296629411,0.9409073674427489,0.9866002984591011,0.0112207705871244,0.8094986138616493,0.9523225360874094,0.036324803141611614,0,0,0,3
