ID,Path,Gene,Chromosome,Start,End,Strand,Length,BioType,Description,Flg22_vs_Mock_pvalue,Flg22_vs_Mock_padj,Flg22_vs_Mock_log2FoldChange,Flg22_SynCom33_vs_Mock_pvalue,Flg22_SynCom33_vs_Mock_padj,Flg22_SynCom33_vs_Mock_log2FoldChange,Flg22_SynCom35_vs_Mock_pvalue,Flg22_SynCom35_vs_Mock_padj,Flg22_SynCom35_vs_Mock_log2FoldChange,Flg22_vs_Mock,Flg22_SynCom33_vs_Mock,Flg22_SynCom35_vs_Mock,cl
AT2G31600.4,GO:0043982,,2,13448180,13450145,-,1965,protein_coding,INO80 complex subunit D-like protein [Source:UniProtKB/TrEMBL;Acc:Q84LR3],0.9598302658149526,0.9942094621695396,0.0832688561381603,0.7370287611981361,NA,0.5528135327568717,0.5926482486959634,NA,0.8782840539623261,0,0,0,1
AT2G31600.2,GO:0043982,,2,13448180,13450145,-,1965,protein_coding,INO80 complex subunit D-like protein [Source:UniProtKB/TrEMBL;Acc:Q84LR3],0.9637424715904955,0.9946350676733123,0.03288128603613254,0.7243480037305892,0.9214248088866843,0.2530409207674346,0.795413983036207,NA,-0.1886903520169265,0,0,0,10
AT2G31600.3,GO:0043982,,2,13448180,13450145,-,1965,protein_coding,INO80 complex subunit D-like protein [Source:UniProtKB/TrEMBL;Acc:Q84LR3],0.6018484519660018,0.9142238114278536,-0.611023212414092,0.16951106966279839,0.5212533258608266,-1.623579690693185,0.5467487670298781,0.8575532422851746,-0.7058366165872696,0,-0,0,8
AT3G53860.1,GO:0043982,,3,19949557,19951350,-,1793,protein_coding,INO80 complex subunit D-like protein [Source:UniProtKB/TrEMBL;Acc:Q9M340],0.7008796002695274,0.941709392359911,0.11564082408039694,0.31559766045817855,0.680835912722635,0.2986153420155335,0.1796808833585266,0.576802860075795,0.39473406274135897,0,0,0,1
AT4G14385.1,GO:0043982,,4,8286812,8288952,-,2140,protein_coding,Histone acetyltransferase subunit NuA4-domain protein [Source:UniProtKB/TrEMBL;Acc:Q93VF4],0.5193054878646581,0.8876169160713289,0.21000126376928172,0.37988268971631634,0.7352932607317105,0.2858118448232811,0.5435640583320822,0.8564453543357937,0.1977049391404017,0,0,0,6
AT4G14385.7,GO:0043982,,4,8286812,8288952,-,2140,protein_coding,Histone acetyltransferase subunit NuA4-domain protein [Source:UniProtKB/TrEMBL;Acc:Q93VF4],0.6340415740905623,0.9253214416817163,-0.4413477728578268,0.7369124351433342,0.9246921570985908,0.30894689991947105,0.9337257156686375,0.9851661236325965,0.07657269224158429,0,0,0,1
