ID,Path,Gene,Chromosome,Start,End,Strand,Length,BioType,Description,Flg22_vs_Mock_pvalue,Flg22_vs_Mock_padj,Flg22_vs_Mock_log2FoldChange,Flg22_SynCom33_vs_Mock_pvalue,Flg22_SynCom33_vs_Mock_padj,Flg22_SynCom33_vs_Mock_log2FoldChange,Flg22_SynCom35_vs_Mock_pvalue,Flg22_SynCom35_vs_Mock_padj,Flg22_SynCom35_vs_Mock_log2FoldChange,Flg22_vs_Mock,Flg22_SynCom33_vs_Mock,Flg22_SynCom35_vs_Mock,cl
AT1G50030.1,GO:0050687,TOR,1,18522248,18539995,-,17747,protein_coding,Serine/threonine-protein kinase TOR [Source:UniProtKB/TrEMBL;Acc:A0A178WN52],0.6305398565642562,0.9243611989086742,-0.048562174654481365,0.8352387087422063,0.9541832887853466,-0.02099597199719667,0.13149104895925517,0.5059839500738581,-0.15233193813179868,0,0,0,10
AT5G35620.3,GO:0050687,EIF(ISO)4E,5,13824424,13826403,-,1979,protein_coding,LSP1 [Source:UniProtKB/TrEMBL;Acc:A0A178UEE3],0.0931809748314376,0.5025206557572965,1.0358896261630675,0.7914485396767512,0.9418456273769076,0.16382569503976038,0.27211366099167716,0.6797069651326413,0.6783227165912572,0,0,0,6
AT5G35620.1,GO:0050687,EIF(ISO)4E,5,13824621,13826444,-,1823,protein_coding,LSP1 [Source:UniProtKB/TrEMBL;Acc:A0A178UEE3],0.21740615987285364,0.6933863324901999,-0.1990503063384886,0.40607992713420094,0.7526365555172083,-0.13400013596091367,0.4720136278028172,0.8181101130992801,-0.11587995634035463,0,0,0,8
AT5G35620.2,GO:0050687,EIF(ISO)4E,5,13824729,13826368,-,1639,protein_coding,LSP1 [Source:UniProtKB/TrEMBL;Acc:A0A178UEE3],0.723260115734907,0.9474527408091342,0.3178838331026566,0.40165598640100897,NA,-0.7839634450845989,0.6787952532310833,NA,-0.3788796411887591,0,0,0,3
