ID,Path,Gene,Chromosome,Start,End,Strand,Length,BioType,Description,Flg22_vs_Mock_pvalue,Flg22_vs_Mock_padj,Flg22_vs_Mock_log2FoldChange,Flg22_SynCom33_vs_Mock_pvalue,Flg22_SynCom33_vs_Mock_padj,Flg22_SynCom33_vs_Mock_log2FoldChange,Flg22_SynCom35_vs_Mock_pvalue,Flg22_SynCom35_vs_Mock_padj,Flg22_SynCom35_vs_Mock_log2FoldChange,Flg22_vs_Mock,Flg22_SynCom33_vs_Mock,Flg22_SynCom35_vs_Mock,cl
AT3G02760.1,GO:0004821,,3,597105,600783,-,3678,protein_coding,"Histidine--tRNA ligase, cytoplasmic [Source:UniProtKB/Swiss-Prot;Acc:F4IYF8]",0.18634296418296828,0.6616368069120452,-0.1661085725029475,0.13446302684801678,0.4664045274488241,-0.18819489992253474,0.30786169262019053,0.7087427933384843,0.12780363721099633,0,0,0,4
AT3G46100.1,GO:0004821,ATHRS1,3,16928158,16931053,-,2895,protein_coding,"Histidine--tRNA ligase, chloroplastic/mitochondrial [Source:UniProtKB/Swiss-Prot;Acc:O82413]",0.7409007259203365,0.9527081225971279,-0.06823083076931799,0.9939679274558391,0.9980610969050794,-0.001557446708476462,0.9664671996444799,0.9919482887818643,-0.008640252766864037,0,0,0,4
AT5G03406.1,GO:0004821,,5,839754,841900,+,2146,protein_coding,Class II aaRS and biotin synthetases superfamily protein [Source:UniProtKB/TrEMBL;Acc:F4KFB0],0.532848539402522,0.8912839511904785,0.11129301178064048,0.33824375150089125,0.700058627221703,0.17028230764005473,0.27036849869445745,0.6778645595635677,-0.2002331721209021,0,0,0,9
