ID,Path,Gene,Chromosome,Start,End,Strand,Length,BioType,Description,Flg22_vs_Mock_pvalue,Flg22_vs_Mock_padj,Flg22_vs_Mock_log2FoldChange,Flg22_SynCom33_vs_Mock_pvalue,Flg22_SynCom33_vs_Mock_padj,Flg22_SynCom33_vs_Mock_log2FoldChange,Flg22_SynCom35_vs_Mock_pvalue,Flg22_SynCom35_vs_Mock_padj,Flg22_SynCom35_vs_Mock_log2FoldChange,Flg22_vs_Mock,Flg22_SynCom33_vs_Mock,Flg22_SynCom35_vs_Mock,cl
AT1G55670.1,GO:0030093,PSAG,1,20802670,20803449,-,779,protein_coding,"Photosystem I reaction center subunit V, chloroplastic [Source:UniProtKB/Swiss-Prot;Acc:Q9S7N7]",0.022362503971609125,0.24363908936162706,1.2340854183231889,0.011846689160711221,0.1204594453686064,1.3572628175887562,0.026420284086268838,0.2261359136049307,1.1985681999920403,0,0,0,6
AT2G46820.2,GO:0030093,CURT1B,2,19243427,19245141,+,1714,protein_coding,"Protein CURVATURE THYLAKOID 1B, chloroplastic [Source:UniProtKB/Swiss-Prot;Acc:Q8LCA1]",0.6531529267108919,0.9290745200784276,0.15791875625516089,0.6134715297072596,0.8739306003446592,-0.17946851553735724,0.36621766408812845,0.7525166179221211,0.3155649966211365,0,0,0,4
AT5G64040.1,GO:0030093,PSAN,5,25628521,25629708,-,1187,protein_coding,"Photosystem I reaction center subunit PSI-N, chloroplast, putative / PSI-N, putative (PSAN) [Source:UniProtKB/TrEMBL;Acc:F4KC80]",0.7499267067777322,0.953104244259399,0.15650536894923336,0.09862249360291572,0.40144910251871296,0.7987636663962484,0.02014933357646808,0.19397865833640218,1.1160070073861696,0,0,0,1
