ID,Path,Gene,Chromosome,Start,End,Strand,Length,BioType,Description,Flg22_vs_Mock_pvalue,Flg22_vs_Mock_padj,Flg22_vs_Mock_log2FoldChange,Flg22_SynCom33_vs_Mock_pvalue,Flg22_SynCom33_vs_Mock_padj,Flg22_SynCom33_vs_Mock_log2FoldChange,Flg22_SynCom35_vs_Mock_pvalue,Flg22_SynCom35_vs_Mock_padj,Flg22_SynCom35_vs_Mock_log2FoldChange,Flg22_vs_Mock,Flg22_SynCom33_vs_Mock,Flg22_SynCom35_vs_Mock,cl
AT3G16150.1,GO:0033345,,3,5471735,5473360,+,1625,protein_coding,ASPGB1 [Source:UniProtKB/TrEMBL;Acc:A0A384KV24],0.21543277667503122,0.6912925476463905,0.41784664528006227,2.42876366493366e-4,0.008100499359894126,1.2320316757424734,0.4284483975690321,0.7913458125597453,0.2672494051356882,0,1,0,5
AT5G08100.1,GO:0033345,,5,2592976,2594701,-,1725,protein_coding,Isoaspartyl peptidase/L-asparaginase 1 [Source:UniProtKB/Swiss-Prot;Acc:P50287],0.44325016325978006,0.8582208006545724,-0.08611087250494805,0.013112607917743442,0.12845959403964258,-0.28216123671761495,0.1635700641884332,0.5543271734392626,0.1538406817165948,0,0,0,4
AT5G08100.2,GO:0033345,,5,2592976,2594701,-,1725,protein_coding,Isoaspartyl peptidase/L-asparaginase 1 [Source:UniProtKB/Swiss-Prot;Acc:P50287],0.8089995397072449,0.966254819317097,0.13578350374736015,0.16408928930219105,0.5127933358546268,0.7719607955049491,0.2328945385576761,0.6407795984241277,0.6620487235323148,0,0,0,5
