ID,Path,Gene,Chromosome,Start,End,Strand,Length,BioType,Description,Flg22_vs_Mock_pvalue,Flg22_vs_Mock_padj,Flg22_vs_Mock_log2FoldChange,Flg22_SynCom33_vs_Mock_pvalue,Flg22_SynCom33_vs_Mock_padj,Flg22_SynCom33_vs_Mock_log2FoldChange,Flg22_SynCom35_vs_Mock_pvalue,Flg22_SynCom35_vs_Mock_padj,Flg22_SynCom35_vs_Mock_log2FoldChange,Flg22_vs_Mock,Flg22_SynCom33_vs_Mock,Flg22_SynCom35_vs_Mock,cl
AT4G30000.2,GO:0003848,,4,14670156,14672463,-,2307,protein_coding,Dihydropterin pyrophosphokinase / Dihydropteroate synthase [Source:TAIR;Acc:AT4G30000],0.5776820068357846,0.9063365094182143,0.44150741652034586,0.3215242297017258,0.6849898664222929,0.7828053767433218,0.13222274029497025,0.5077791780844242,1.183113541637246,0,0,0,6
AT4G30000.1,GO:0003848,,4,14670156,14672669,-,2513,protein_coding,Dihydropterin pyrophosphokinase / Dihydropteroate synthase [Source:TAIR;Acc:AT4G30000],0.43880107170319105,0.8560343082525557,-0.29461705685476713,0.7979960777382312,0.9442614033699768,-0.09693698650744716,0.9125533583020249,0.9802172575629858,-0.041456993527181824,0,0,0,1
