ID,Path,Gene,Chromosome,Start,End,Strand,Length,BioType,Description,Flg22_vs_Mock_pvalue,Flg22_vs_Mock_padj,Flg22_vs_Mock_log2FoldChange,Flg22_SynCom33_vs_Mock_pvalue,Flg22_SynCom33_vs_Mock_padj,Flg22_SynCom33_vs_Mock_log2FoldChange,Flg22_SynCom35_vs_Mock_pvalue,Flg22_SynCom35_vs_Mock_padj,Flg22_SynCom35_vs_Mock_log2FoldChange,Flg22_vs_Mock,Flg22_SynCom33_vs_Mock,Flg22_SynCom35_vs_Mock,cl
AT1G68760.1,GO:0006203,NUDT1,1,25828890,25829813,+,923,protein_coding,Nudix hydrolase 1 [Source:UniProtKB/Swiss-Prot;Acc:Q9CA40],0.21102808934757486,0.6872582037803651,0.24038334141771212,0.3510843533943053,0.7113778237691802,0.17960784614591246,0.7278963457473042,0.9267672613344106,0.06706173014017022,0,0,0,7
AT5G40270.1,GO:0006203,,5,16093035,16097243,-,4208,protein_coding,AT5g40270/MSN9_170 [Source:UniProtKB/TrEMBL;Acc:Q9FL05],0.8494734311098162,0.9750652184685179,0.02677615222579265,0.6851088240436009,0.9062639212646432,0.05717013832813792,0.007597910068272307,0.10615012800377188,-0.38143005700208016,0,0,0,9
