ID,Path,Gene,Chromosome,Start,End,Strand,Length,BioType,Description,Flg22_vs_Mock_pvalue,Flg22_vs_Mock_padj,Flg22_vs_Mock_log2FoldChange,Flg22_SynCom33_vs_Mock_pvalue,Flg22_SynCom33_vs_Mock_padj,Flg22_SynCom33_vs_Mock_log2FoldChange,Flg22_SynCom35_vs_Mock_pvalue,Flg22_SynCom35_vs_Mock_padj,Flg22_SynCom35_vs_Mock_log2FoldChange,Flg22_vs_Mock,Flg22_SynCom33_vs_Mock,Flg22_SynCom35_vs_Mock,cl
AT1G11130.1,GO:0010063,SUB,1,3722708,3727450,+,4742,protein_coding,Leucine-rich repeat receptor-like protein kinase (Fragment) [Source:UniProtKB/TrEMBL;Acc:C0LGE3],0.8552224966506008,0.9767267292200514,-0.062448229590039726,0.23125548640018345,0.6003731991406419,-0.4109602585427528,0.07531636877840543,0.39059305886416856,-0.6112108875111296,0,0,0,2
AT1G11130.2,GO:0010063,SUB,1,3723569,3727450,+,3881,protein_coding,Leucine-rich repeat receptor-like protein kinase (Fragment) [Source:UniProtKB/TrEMBL;Acc:C0LGE3],0.140855129215819,0.594111282105753,-0.3691475015657916,0.0021878064602764103,0.03941864159862631,-0.7718247486834541,0.04041875524380583,0.28490899902006467,-0.5141180967928995,0,0,0,8
AT2G46410.1,GO:0010063,CPC,2,19049021,19050369,-,1348,protein_coding,Transcription factor CPC [Source:UniProtKB/Swiss-Prot;Acc:O22059],0.6561301905516943,0.929775017329059,-0.16162489377726771,0.09220854587502979,0.3882124239222692,-0.6188357327702507,0.03479828497428481,0.26275298452282636,-0.7773665027905454,0,0,0,2
