ID,Path,Gene,Chromosome,Start,End,Strand,Length,BioType,Description,Flg22_vs_Mock_pvalue,Flg22_vs_Mock_padj,Flg22_vs_Mock_log2FoldChange,Flg22_SynCom33_vs_Mock_pvalue,Flg22_SynCom33_vs_Mock_padj,Flg22_SynCom33_vs_Mock_log2FoldChange,Flg22_SynCom35_vs_Mock_pvalue,Flg22_SynCom35_vs_Mock_padj,Flg22_SynCom35_vs_Mock_log2FoldChange,Flg22_vs_Mock,Flg22_SynCom33_vs_Mock,Flg22_SynCom35_vs_Mock,cl
AT2G32390.3,GO:0070584,GLR3.5,2,13748280,13752281,-,4001,protein_coding,Glutamate receptor 3.5 [Source:UniProtKB/Swiss-Prot;Acc:Q9SW97],0.864403100449218,0.9786901878206566,-0.1958688480055839,0.967178335131259,0.993030456049332,-0.04717346692334265,0.5737830344559061,0.8699985619604491,-0.6460897805599917,0,0,0,10
AT2G32390.2,GO:0070584,GLR3.5,2,13748356,13751757,-,3401,protein_coding,Glutamate receptor 3.5 [Source:UniProtKB/Swiss-Prot;Acc:Q9SW97],0.23074938102368028,0.7071443209807116,-0.4574670156942125,0.49866840098092835,0.8118986142437665,-0.2578127070150124,0.7156365514605068,0.9235696532865258,-0.1385784006350175,0,0,0,8
