ID,Path,Gene,Chromosome,Start,End,Strand,Length,BioType,Description,Flg22_vs_Mock_pvalue,Flg22_vs_Mock_padj,Flg22_vs_Mock_log2FoldChange,Flg22_SynCom33_vs_Mock_pvalue,Flg22_SynCom33_vs_Mock_padj,Flg22_SynCom33_vs_Mock_log2FoldChange,Flg22_SynCom35_vs_Mock_pvalue,Flg22_SynCom35_vs_Mock_padj,Flg22_SynCom35_vs_Mock_log2FoldChange,Flg22_vs_Mock,Flg22_SynCom33_vs_Mock,Flg22_SynCom35_vs_Mock,cl
AT1G73930.2,GO:0055037,,1,27795040,27798005,-,2965,protein_coding,AT1G73930 protein [Source:UniProtKB/TrEMBL;Acc:Q9C9B4],0.7476321072161516,0.9530196132125169,0.12268988855174026,0.8224064033863714,0.9516081857693248,-0.0857176172081385,0.12815549888072902,0.5009203886389243,0.5784227471550889,0,0,0,4
AT1G73930.1,GO:0055037,,1,27795040,27798005,-,2965,protein_coding,AT1G73930 protein [Source:UniProtKB/TrEMBL;Acc:Q9C9B4],0.7644165710621291,0.9571339617671963,-0.11592729630830298,0.8633561333056825,0.9637578545103545,0.0664916520626027,0.1635234981943929,0.5542752192096395,-0.5406067373998287,0,0,0,10
AT2G29700.1,GO:0055037,PH1,2,12697226,12698291,+,1065,protein_coding,PH1 [Source:UniProtKB/TrEMBL;Acc:A0A178W3K4],0.7954891937490733,0.9648799648791603,-0.030208293861437505,0.1630889789803307,0.5115668623516599,-0.16297885947391916,0.07514805229554823,0.3902248741908697,-0.20777121954668235,0,0,0,2
AT4G37650.1,GO:0055037,SHR,4,17691687,17693859,+,2172,protein_coding,SHR [Source:UniProtKB/TrEMBL;Acc:A0A178UYJ6],0.28341295423041896,0.7579924576516822,-0.18579883092734661,0.04004790390788026,0.2479606339952288,-0.357183919970139,0.690673887619392,0.9150539021954867,0.06846799963686302,0,0,0,4
AT5G05710.1,GO:0055037,,5,1715780,1716549,+,769,protein_coding,At5g05710 [Source:UniProtKB/TrEMBL;Acc:Q9FFK5],0.9122877150040594,0.9873390174685266,0.030595719498946496,0.3250049209782132,0.6887850659456147,0.270994073331082,0.9128757808184965,0.9802826348350642,0.03029371428394004,0,0,0,5
