ID,Path,Gene,Chromosome,Start,End,Strand,Length,BioType,Description,Flg22_vs_Mock_pvalue,Flg22_vs_Mock_padj,Flg22_vs_Mock_log2FoldChange,Flg22_SynCom33_vs_Mock_pvalue,Flg22_SynCom33_vs_Mock_padj,Flg22_SynCom33_vs_Mock_log2FoldChange,Flg22_SynCom35_vs_Mock_pvalue,Flg22_SynCom35_vs_Mock_padj,Flg22_SynCom35_vs_Mock_log2FoldChange,Flg22_vs_Mock,Flg22_SynCom33_vs_Mock,Flg22_SynCom35_vs_Mock,cl
AT1G08490.1,GO:0009000,NFS2,1,2685659,2688658,-,2999,protein_coding,SUFS [Source:UniProtKB/TrEMBL;Acc:A0A178WGK3],0.6446640696664498,0.9273604099470842,-0.06226309742539648,0.4950720761775627,0.8096688904182783,-0.09226725632986284,0.4043548640996052,0.7754029457994341,-0.11243911428750263,0,0,0,8
AT1G16540.3,GO:0009000,SIR3,1,5659370,5665449,+,6079,protein_coding,molybdenum cofactor sulfurase (LOS5) (ABA3) [Source:TAIR;Acc:AT1G16540],0.8320129269843045,0.9703513554687313,-0.07906913795153207,0.15988502875914304,0.5069626495757588,-0.5291073684849434,0.8030545304785638,0.9500804472217009,0.09257016751281387,0,0,0,3
AT1G16540.2,GO:0009000,SIR3,1,5659370,5665488,+,6118,protein_coding,molybdenum cofactor sulfurase (LOS5) (ABA3) [Source:TAIR;Acc:AT1G16540],0.6018361697054173,0.9142238114278536,0.26926447845006324,0.8225372764337342,0.9516081857693248,0.1159443276723835,0.4389070774294774,0.7984895998788843,-0.40234415696979436,0,0,0,7
AT1G16540.1,GO:0009000,SIR3,1,5659370,5665488,+,6118,protein_coding,molybdenum cofactor sulfurase (LOS5) (ABA3) [Source:TAIR;Acc:AT1G16540],0.6862684965654975,0.9384196103438033,0.07180845583270415,0.40695594039627175,0.7532215360598029,0.14722480839884775,1.84262832404108e-5,0.0012738492017178248,-0.777878976506505,0,0,0,9
