ID,Path,Gene,Chromosome,Start,End,Strand,Length,BioType,Description,Flg22_vs_Mock_pvalue,Flg22_vs_Mock_padj,Flg22_vs_Mock_log2FoldChange,Flg22_SynCom33_vs_Mock_pvalue,Flg22_SynCom33_vs_Mock_padj,Flg22_SynCom33_vs_Mock_log2FoldChange,Flg22_SynCom35_vs_Mock_pvalue,Flg22_SynCom35_vs_Mock_padj,Flg22_SynCom35_vs_Mock_log2FoldChange,Flg22_vs_Mock,Flg22_SynCom33_vs_Mock,Flg22_SynCom35_vs_Mock,cl
AT1G14080.1,GO:0031127,FUT6,1,4822439,4824414,+,1975,protein_coding,Fucosyltransferase 6 [Source:UniProtKB/Swiss-Prot;Acc:Q9XI80],0.5776124334653219,0.9063365094182143,0.08158582543897253,0.04734210319586297,0.2722246883660296,0.28946232159328417,0.35495557690533597,0.7435368976219916,-0.135924135283966,0,0,0,9
AT2G15390.2,GO:0031127,FUT4,2,6709116,6711156,-,2040,protein_coding,Probable fucosyltransferase 4 [Source:UniProtKB/Swiss-Prot;Acc:Q9SJP2],0.0036015606015921617,0.08000262808183825,1.100782685740236,0.0033054749089117858,0.052330845996093424,1.1108910462688666,0.40464145986963646,0.7754258080835655,0.31763038203016725,0,0,0,9
AT2G15390.1,GO:0031127,FUT4,2,6709260,6710856,-,1596,protein_coding,Probable fucosyltransferase 4 [Source:UniProtKB/Swiss-Prot;Acc:Q9SJP2],0.6554763928435454,0.9295922271622888,0.06552233827141966,9.875002400265582e-5,0.004147809601936552,0.5684361910791746,0.589277077041301,0.8769753160708315,-0.07936160339065061,0,0,0,5
