ID,Path,Gene,Chromosome,Start,End,Strand,Length,BioType,Description,Flg22_vs_Mock_pvalue,Flg22_vs_Mock_padj,Flg22_vs_Mock_log2FoldChange,Flg22_SynCom33_vs_Mock_pvalue,Flg22_SynCom33_vs_Mock_padj,Flg22_SynCom33_vs_Mock_log2FoldChange,Flg22_SynCom35_vs_Mock_pvalue,Flg22_SynCom35_vs_Mock_padj,Flg22_SynCom35_vs_Mock_log2FoldChange,Flg22_vs_Mock,Flg22_SynCom33_vs_Mock,Flg22_SynCom35_vs_Mock,cl
AT5G44450.2,GO:0006480,,5,17913997,17916019,-,2022,protein_coding,methyltransferases [Source:TAIR;Acc:AT5G44450],0.4153154096001794,0.8456074432281361,-0.16497591033752107,0.5606799292605396,0.8467696444968922,-0.11766648134751206,0.7463505326578503,0.9332970068445637,-0.06506375749589846,0,0,0,8
AT5G44450.1,GO:0006480,,5,17914360,17915843,-,1483,protein_coding,methyltransferases [Source:TAIR;Acc:AT5G44450],0.3689080857793943,0.8170054072396122,0.3567206712409878,0.5988475138887055,0.8683893911321087,0.20939680073689268,0.28918750407267796,0.6947268819386689,0.4199048083806283,0,0,0,6
