ID,Path,Gene,Chromosome,Start,End,Strand,Length,BioType,Description,Flg22_vs_Mock_pvalue,Flg22_vs_Mock_padj,Flg22_vs_Mock_log2FoldChange,Flg22_SynCom33_vs_Mock_pvalue,Flg22_SynCom33_vs_Mock_padj,Flg22_SynCom33_vs_Mock_log2FoldChange,Flg22_SynCom35_vs_Mock_pvalue,Flg22_SynCom35_vs_Mock_padj,Flg22_SynCom35_vs_Mock_log2FoldChange,Flg22_vs_Mock,Flg22_SynCom33_vs_Mock,Flg22_SynCom35_vs_Mock,cl
AT4G33150.2,GO:0047131,,4,15985174,15991633,-,6459,protein_coding,Lysine-ketoglutarate reductase/saccharopine dehydrogenase bifunctional enzyme [Source:UniProtKB/TrEMBL;Acc:F4JVY8],0.7519472472767733,0.9531706513115944,0.37290878595957216,0.8503941934668582,0.9597863766645485,0.22261706381064708,0.9371762482586191,0.9852328950155615,-0.09308507141113076,0,0,0,9
AT4G33150.1,GO:0047131,,4,15985189,15991536,-,6347,protein_coding,Lysine-ketoglutarate reductase/saccharopine dehydrogenase bifunctional enzyme [Source:UniProtKB/TrEMBL;Acc:F4JVY8],0.23690065947304384,0.7149132053974823,-0.32675867670185843,0.17872570044311137,0.5354401292000134,-0.3715590451609903,0.3382089250527051,0.7315140087132949,-0.2644712757531662,0,0,0,8
AT4G33150.4,GO:0047131,,4,15985201,15991202,-,6001,protein_coding,Lysine-ketoglutarate reductase/saccharopine dehydrogenase bifunctional enzyme [Source:UniProtKB/TrEMBL;Acc:F4JVY8],0.7884386509137927,0.9629952135775635,-0.6264530802537194,0.9606561084804562,0.9911214626712666,0.11512623522763193,0.8258196709284391,0.9569867649805217,-0.5137048338829169,0,0,0,10
AT4G33150.3,GO:0047131,,4,15985202,15988441,-,3239,protein_coding,Lysine-ketoglutarate reductase/saccharopine dehydrogenase bifunctional enzyme [Source:UniProtKB/TrEMBL;Acc:F4JVY8],0.3857130507251005,0.8305818161024593,0.21657381341547155,0.02536675276088309,0.19170903787406782,0.557598675029307,0.12243240993735229,0.4914865540251662,0.3853319639926456,0,0,0,5
