ID,Path,Gene,Chromosome,Start,End,Strand,Length,BioType,Description,Flg22_vs_Mock_pvalue,Flg22_vs_Mock_padj,Flg22_vs_Mock_log2FoldChange,Flg22_SynCom33_vs_Mock_pvalue,Flg22_SynCom33_vs_Mock_padj,Flg22_SynCom33_vs_Mock_log2FoldChange,Flg22_SynCom35_vs_Mock_pvalue,Flg22_SynCom35_vs_Mock_padj,Flg22_SynCom35_vs_Mock_log2FoldChange,Flg22_vs_Mock,Flg22_SynCom33_vs_Mock,Flg22_SynCom35_vs_Mock,cl
AT3G22910.1,GO:0099132,ACA13,3,8116292,8119490,-,3198,protein_coding,"Putative calcium-transporting ATPase 13, plasma membrane-type [Source:UniProtKB/Swiss-Prot;Acc:Q9LIK7]",0.11077148164548505,0.5379368884139532,0.813552531462979,0.01342734833159131,0.13036745911637204,1.2590393998956435,0.014535678271645248,0.1592530632189515,-1.271280251136963,0,0,-0,9
AT3G63380.1,GO:0099132,ACA12,3,23406484,23410360,-,3876,protein_coding,Calcium-transporting ATPase [Source:UniProtKB/TrEMBL;Acc:A0A178VEV7],0.10538722188683228,0.5266494835580603,-0.6110518059087584,0.7456039240786485,0.9269875444955243,0.12236245742110247,2.7290126496764335e-4,0.010188236476466304,-1.374692882123222,0,0,-1,10
