ID,Path,Gene,Chromosome,Start,End,Strand,Length,BioType,Description,Flg22_vs_Mock_pvalue,Flg22_vs_Mock_padj,Flg22_vs_Mock_log2FoldChange,Flg22_SynCom33_vs_Mock_pvalue,Flg22_SynCom33_vs_Mock_padj,Flg22_SynCom33_vs_Mock_log2FoldChange,Flg22_SynCom35_vs_Mock_pvalue,Flg22_SynCom35_vs_Mock_padj,Flg22_SynCom35_vs_Mock_log2FoldChange,Flg22_vs_Mock,Flg22_SynCom33_vs_Mock,Flg22_SynCom35_vs_Mock,cl
AT2G01470.1,GO:0005090,STL2P,2,211913,214473,-,2560,protein_coding,SEC12-like protein 2 [Source:UniProtKB/Swiss-Prot;Acc:Q39221],0.10712069162332177,0.5307219832896145,0.123353696841509,0.20583403639249664,0.5695349278480664,-0.09751552323582917,7.405329185823337e-4,0.020992556381170535,-0.26069725611088984,0,0,0,2
AT3G52190.1,GO:0005090,PHF1,3,19353867,19357261,-,3394,protein_coding,SEC12-like protein 1 [Source:UniProtKB/Swiss-Prot;Acc:Q8GYE0],0.7411972737339925,0.9528009816456702,0.08169979753256996,0.7206673282108615,0.9205939515759543,0.0884546296188744,0.07939998671883614,0.4023743280123532,-0.43490425393541376,0,0,0,9
AT5G50550.1,GO:0005090,,5,20576733,20579103,+,2370,protein_coding,At5g50550 [Source:UniProtKB/TrEMBL;Acc:Q9FGP3],0.3584843804235274,0.8109479257536198,0.2393164996768629,0.23461169269435822,0.6033286971776597,0.3087175428828279,0.2425735492602638,0.650581467115928,0.30212898329973914,0,0,0,6
