ID,Path,Gene,Chromosome,Start,End,Strand,Length,BioType,Description,Flg22_vs_Mock_pvalue,Flg22_vs_Mock_padj,Flg22_vs_Mock_log2FoldChange,Flg22_SynCom33_vs_Mock_pvalue,Flg22_SynCom33_vs_Mock_padj,Flg22_SynCom33_vs_Mock_log2FoldChange,Flg22_SynCom35_vs_Mock_pvalue,Flg22_SynCom35_vs_Mock_padj,Flg22_SynCom35_vs_Mock_log2FoldChange,Flg22_vs_Mock,Flg22_SynCom33_vs_Mock,Flg22_SynCom35_vs_Mock,cl
AT2G43810.3,GO:0030490,LSM6B,2,18149311,18151295,+,1984,protein_coding,Sm-like protein LSM36B [Source:UniProtKB/Swiss-Prot;Acc:O22823],0.08846944655926463,0.4888492451734293,-0.2916991320120413,0.7015693303594284,0.9123600213337673,-0.06507606302813108,0.2892916342294557,0.6947268819386689,0.17802984766866964,0,0,0,1
AT3G10090.1,GO:0030490,RPS28A,3,3108789,3110094,-,1305,protein_coding,40S ribosomal protein S28-1 [Source:UniProtKB/Swiss-Prot;Acc:Q9SR73],0.6626196231996979,0.9322737588752192,0.1739447347370088,0.6842680328768966,0.9059987814508563,0.1621970932768953,0.2955177683931956,0.6994109171486471,0.41466179811398285,0,0,0,6
AT3G59810.3,GO:0030490,LSM6A,3,22096503,22097908,+,1405,protein_coding,Sm-like protein LSM6A [Source:UniProtKB/Swiss-Prot;Acc:Q9M1Z3],0.43928256761671763,0.856399220595203,0.1572470665364263,0.08321017162255737,0.3689354830212085,0.34965174452168923,0.9793246859571795,0.995521142960847,-0.005288036430093392,0,0,0,5
AT5G41190.1,GO:0030490,,5,16487466,16490101,-,2635,protein_coding,RNA-binding NOB1-like protein [Source:UniProtKB/TrEMBL;Acc:Q9FLL1],0.13427896400892134,0.5822478459159895,-0.24638335210759044,0.08930814455117743,0.3819828745359002,-0.27974734539170254,0.733120224395858,0.9288879785291552,0.05582045083374588,0,0,0,4
AT5G64140.1,GO:0030490,RPS28C,5,25667324,25668777,-,1453,protein_coding,RPS28 [Source:UniProtKB/TrEMBL;Acc:A0A178UA91],0.911037459450234,0.9872868128618356,0.03036115145404527,0.9110306815441342,0.9772096721339376,-0.03037545374979925,0.05093125077599861,0.32434708373100846,0.5291010810375774,0,0,0,4
