ID,Path,Gene,Chromosome,Start,End,Strand,Length,BioType,Description,Flg22_vs_Mock_pvalue,Flg22_vs_Mock_padj,Flg22_vs_Mock_log2FoldChange,Flg22_SynCom33_vs_Mock_pvalue,Flg22_SynCom33_vs_Mock_padj,Flg22_SynCom33_vs_Mock_log2FoldChange,Flg22_SynCom35_vs_Mock_pvalue,Flg22_SynCom35_vs_Mock_padj,Flg22_SynCom35_vs_Mock_log2FoldChange,Flg22_vs_Mock,Flg22_SynCom33_vs_Mock,Flg22_SynCom35_vs_Mock,cl
AT1G06820.4,GO:0009662,CRTISO,1,2092946,2096518,-,3572,protein_coding,"Prolycopene isomerase, chloroplastic [Source:UniProtKB/Swiss-Prot;Acc:Q9M9Y8]",0.5771212178635226,0.9062875630636722,-0.15820708651055854,0.8632768999025915,0.9637578545103545,0.04870139128241968,0.6707030397245788,0.907287451653778,-0.12039991077710163,0,0,0,10
AT1G06820.3,GO:0009662,CRTISO,1,2092946,2096545,-,3599,protein_coding,"Prolycopene isomerase, chloroplastic [Source:UniProtKB/Swiss-Prot;Acc:Q9M9Y8]",0.7298208485191462,0.9499540793619796,0.4112102007248783,0.5594637677692124,0.8463206441997111,-0.6965839796887507,0.979838105585248,0.995521142960847,-0.030107891804872958,0,0,0,3
AT1G06820.2,GO:0009662,CRTISO,1,2092946,2096545,-,3599,protein_coding,"Prolycopene isomerase, chloroplastic [Source:UniProtKB/Swiss-Prot;Acc:Q9M9Y8]",0.30429485022091884,0.7724922855013607,-0.4754266708388891,0.9968128371869344,0.998856476283564,0.001825520124184556,0.1641002722191621,0.5549051489141392,-0.6458475501039223,0,0,0,10
AT1G06820.1,GO:0009662,CRTISO,1,2092946,2096784,-,3838,protein_coding,"Prolycopene isomerase, chloroplastic [Source:UniProtKB/Swiss-Prot;Acc:Q9M9Y8]",0.5521641755099886,0.8978838967355656,1.0232445443834328,0.7482216888360926,0.927631795883506,0.5528601325366058,0.8689971388216637,0.9694279030186989,0.2841744409956598,0,0,0,7
AT1G69200.1,GO:0009662,FLN2,1,26016024,26018365,+,2341,protein_coding,"Fructokinase-like 2, chloroplastic [Source:UniProtKB/Swiss-Prot;Acc:F4I0K2]",0.09639026002875292,0.5092456325675195,-0.58839185577694475,0.10301038737933062,0.40950312637200176,-0.5769955641096052,0.7206820954986329,0.9248010376310066,-0.124979558339712,0,0,0,8
AT4G09080.3,GO:0009662,TOC75-IV,4,5804642,5806355,+,1713,protein_coding,Outer membrane OMP85 family protein [Source:TAIR;Acc:AT4G09080],0.24853090591792654,0.7283238539034593,-1.5197297294585648,0.8970999388061989,NA,0.15985913292837886,0.4224647896023149,NA,0.977082211748579,-0,0,0,1
