ID,Path,Gene,Chromosome,Start,End,Strand,Length,BioType,Description,Flg22_vs_Mock_pvalue,Flg22_vs_Mock_padj,Flg22_vs_Mock_log2FoldChange,Flg22_SynCom33_vs_Mock_pvalue,Flg22_SynCom33_vs_Mock_padj,Flg22_SynCom33_vs_Mock_log2FoldChange,Flg22_SynCom35_vs_Mock_pvalue,Flg22_SynCom35_vs_Mock_padj,Flg22_SynCom35_vs_Mock_log2FoldChange,Flg22_vs_Mock,Flg22_SynCom33_vs_Mock,Flg22_SynCom35_vs_Mock,cl
AT3G19870.2,GO:0030119,,3,6907053,6911246,+,4193,protein_coding,AP-5 complex subunit beta-like protein [Source:UniProtKB/TrEMBL;Acc:Q9LT22],0.15082661106409512,0.6084432975551044,-0.3218662771327784,0.8198665470120259,0.9505996341072798,-0.050794255472988804,0.49825167961568523,0.832137376479983,0.15044623375066274,0,0,0,1
AT3G19870.1,GO:0030119,,3,6907395,6911233,+,3838,protein_coding,AP-5 complex subunit beta-like protein [Source:UniProtKB/TrEMBL;Acc:Q9LT22],0.24584499925678843,0.725773082763871,0.19086235358369552,0.21299839643668445,0.5784828140039353,0.2048100485492719,0.9601725631633442,0.9904777929830886,0.008227255111185902,0,0,0,9
