ID,Path,Gene,Chromosome,Start,End,Strand,Length,BioType,Description,Flg22_vs_Mock_pvalue,Flg22_vs_Mock_padj,Flg22_vs_Mock_log2FoldChange,Flg22_SynCom33_vs_Mock_pvalue,Flg22_SynCom33_vs_Mock_padj,Flg22_SynCom33_vs_Mock_log2FoldChange,Flg22_SynCom35_vs_Mock_pvalue,Flg22_SynCom35_vs_Mock_padj,Flg22_SynCom35_vs_Mock_log2FoldChange,Flg22_vs_Mock,Flg22_SynCom33_vs_Mock,Flg22_SynCom35_vs_Mock,cl
AT1G78590.1,GO:0042736,NADK3,1,29564241,29566812,+,2571,protein_coding,NAD(H) kinase 3 [Source:TAIR;Acc:AT1G78590],0.3485692286091992,0.8050917943168526,-0.3508627712771285,0.08684944016438907,0.37726430274621325,-0.6443409732224624,0.21209553410606966,0.614805793362752,-0.4673556554111601,0,0,0,8
AT1G78590.2,GO:0042736,NADK3,1,29564249,29566770,+,2521,protein_coding,NAD(H) kinase 3 [Source:TAIR;Acc:AT1G78590],0.5701091643558406,0.9045727768648153,0.29547035760401474,0.7050190419080575,0.9132846623360282,0.1974625495688685,0.8917672185798735,0.975454021305565,0.07104034846424248,0,0,0,7
AT3G21070.2,GO:0042736,NADK1,3,7380191,7384098,-,3907,protein_coding,NAD kinase 1 [Source:UniProtKB/TrEMBL;Acc:A0A1I9LRY1],0.47467895507136754,0.8705653345071391,0.14471520800500767,0.34810385300092256,0.709009649972136,0.1899212264003238,0.09054052046369819,0.42912211215832374,-0.3429942731064407,0,0,0,9
AT3G21070.1,GO:0042736,NADK1,3,7380434,7383980,-,3546,protein_coding,NAD kinase 1 [Source:UniProtKB/TrEMBL;Acc:A0A1I9LRY1],0.567227238299765,0.9035882755187352,0.25398639328951517,0.10448665489729624,0.4125143570199908,0.7124372194442218,0.23625785052403103,0.6441973713765731,0.5209676295813194,0,0,0,5
AT3G21070.4,GO:0042736,NADK1,3,7381311,7384136,-,2825,protein_coding,NAD kinase 1 [Source:UniProtKB/TrEMBL;Acc:A0A1I9LRY1],0.6485880117325469,0.9273604099470842,-0.3179781664471472,0.5984519637155626,0.8683693980083413,-0.3678390211689798,0.5052419371510566,0.8353453731001388,-0.46544024723898364,0,0,0,8
