ID,Path,Gene,Chromosome,Start,End,Strand,Length,BioType,Description,Flg22_vs_Mock_pvalue,Flg22_vs_Mock_padj,Flg22_vs_Mock_log2FoldChange,Flg22_SynCom33_vs_Mock_pvalue,Flg22_SynCom33_vs_Mock_padj,Flg22_SynCom33_vs_Mock_log2FoldChange,Flg22_SynCom35_vs_Mock_pvalue,Flg22_SynCom35_vs_Mock_padj,Flg22_SynCom35_vs_Mock_log2FoldChange,Flg22_vs_Mock,Flg22_SynCom33_vs_Mock,Flg22_SynCom35_vs_Mock,cl
AT1G19025.1,GO:0031848,,1,6568674,6570939,+,2265,protein_coding,DNA repair metallo-beta-lactamase family protein [Source:UniProtKB/TrEMBL;Acc:F4IDZ7],0.36450436756679927,0.8145469697356371,-1.150985269244183,0.46596370655996244,0.7923223433549307,-0.9235907585509578,0.2691926491612751,NA,-1.4049500378960533,-0,0,-0,8
AT2G45700.1,GO:0031848,,2,18826937,18830664,-,3727,protein_coding,Sterile alpha motif (SAM) domain-containing protein [Source:UniProtKB/TrEMBL;Acc:O64649],0.2621020824181917,0.7399435951320353,0.18569804693816583,0.6986621789806545,0.9113043322412959,0.06431629151717357,0.26645979480072013,0.6739371050584235,0.1836827286398602,0,0,0,6
AT3G26680.2,GO:0031848,SNM1,3,9801169,9804282,+,3113,protein_coding,DNA cross-link repair protein SNM1 [Source:UniProtKB/Swiss-Prot;Acc:Q38961],0.05521027109842054,0.39501785536088324,-0.5413319632256578,0.26095491597142834,0.6315976941022001,-0.31621348847530373,0.4003485554248704,0.7723186229180925,-0.2359492017213697,0,0,0,8
AT3G26680.3,GO:0031848,SNM1,3,9801187,9804247,+,3060,protein_coding,DNA cross-link repair protein SNM1 [Source:UniProtKB/Swiss-Prot;Acc:Q38961],0.9414280457380628,0.9926950113592679,-0.13095544731374525,0.9561481867265313,0.9902213489841898,-0.09799998882617449,0.9425372692656425,0.9865976003276843,0.1283726664912947,0,0,0,4
AT3G26680.1,GO:0031848,SNM1,3,9801187,9804282,+,3095,protein_coding,DNA cross-link repair protein SNM1 [Source:UniProtKB/Swiss-Prot;Acc:Q38961],0.20795491162429428,0.6830470250361288,1.213653844321202,0.1052869118722815,0.41420847616376566,1.5585060694841388,0.9260470185144395,0.9830388100982324,0.09023806932752558,0,0,0,9
AT3G26680.4,GO:0031848,SNM1,3,9801210,9803051,+,1841,protein_coding,DNA cross-link repair protein SNM1 [Source:UniProtKB/Swiss-Prot;Acc:Q38961],0.30722845505003815,0.7738505419756193,-0.5182150690300967,0.9529760963933503,0.9897133560042455,0.02964997051752831,0.35975122530053394,0.7467705065886534,-0.4635912749012244,0,0,0,10
