ID,Path,Gene,Chromosome,Start,End,Strand,Length,BioType,Description,Flg22_vs_Mock_pvalue,Flg22_vs_Mock_padj,Flg22_vs_Mock_log2FoldChange,Flg22_SynCom33_vs_Mock_pvalue,Flg22_SynCom33_vs_Mock_padj,Flg22_SynCom33_vs_Mock_log2FoldChange,Flg22_SynCom35_vs_Mock_pvalue,Flg22_SynCom35_vs_Mock_padj,Flg22_SynCom35_vs_Mock_log2FoldChange,Flg22_vs_Mock,Flg22_SynCom33_vs_Mock,Flg22_SynCom35_vs_Mock,cl
AT1G33270.1,GO:0019433,,1,12068063,12070455,-,2392,protein_coding,Patatin [Source:UniProtKB/TrEMBL;Acc:Q6NPP7],0.008958806625156189,0.14347920661935393,0.3564250175538898,0.28199534429474443,0.6519823553222086,0.14860086582949336,0.48995291566179444,0.8277593053355974,-0.09631528118745175,0,0,0,7
AT1G33270.2,GO:0019433,,1,12068080,12070421,-,2341,protein_coding,Patatin [Source:UniProtKB/TrEMBL;Acc:Q6NPP7],0.34299381114887967,0.8007252269899245,0.6542297237050452,0.37469283952761107,0.7302740716870395,0.6126945803670435,0.7073082715254154,0.9211509985578111,0.25971134297832726,0,0,0,9
AT5G04040.1,GO:0019433,SDP1,5,1089342,1093204,+,3862,protein_coding,SDP1 [Source:UniProtKB/TrEMBL;Acc:A0A178UB07],0.016862953158357712,0.20908844927114253,1.1480286710240013,0.004179987539635857,0.06153692499479251,1.3736350476708965,6.804440292903454e-4,0.019842572674748035,1.625575407596295,0,0,1,6
AT5G04040.2,GO:0019433,SDP1,5,1089941,1093184,+,3243,protein_coding,SDP1 [Source:UniProtKB/TrEMBL;Acc:A0A178UB07],0.23650020877304628,0.7143203955080656,-0.12574505842238506,0.058214484707304684,0.30386830638869217,0.19997678707423638,0.004945087388183107,0.08131846369440136,0.2958440447970552,0,0,0,1
AT5G10050.1,GO:0019433,,5,3144200,3145760,+,1560,protein_coding,At5g10050 [Source:UniProtKB/TrEMBL;Acc:Q147P9],0.3986167203513856,0.837381645665241,0.10161876671992276,0.14822219474450024,0.4884173865066996,0.173227963473919,0.41675876424210945,0.7832391076132291,0.09717581834750676,0,0,0,6
AT5G65205.1,GO:0019433,,5,26050790,26052207,-,1417,protein_coding,AT5g10050/T31P16_40 [Source:UniProtKB/TrEMBL;Acc:Q944R2],0.7503535268505426,0.953104244259399,-0.09667600262607262,0.8172795501819232,0.9498944557910182,-0.07015177584429219,0.5882905321952151,0.8765152616898991,-0.16438511265410488,0,0,0,8
