ID,Path,Gene,Chromosome,Start,End,Strand,Length,BioType,Description,Flg22_vs_Mock_pvalue,Flg22_vs_Mock_padj,Flg22_vs_Mock_log2FoldChange,Flg22_SynCom33_vs_Mock_pvalue,Flg22_SynCom33_vs_Mock_padj,Flg22_SynCom33_vs_Mock_log2FoldChange,Flg22_SynCom35_vs_Mock_pvalue,Flg22_SynCom35_vs_Mock_padj,Flg22_SynCom35_vs_Mock_log2FoldChange,Flg22_vs_Mock,Flg22_SynCom33_vs_Mock,Flg22_SynCom35_vs_Mock,cl
AT2G21230.1,GO:0090567,,2,9093607,9096414,-,2807,protein_coding,Basic-leucine zipper (BZIP) transcription factor family protein [Source:UniProtKB/TrEMBL;Acc:B3H7M2],0.6108524563451799,0.9165731816308568,0.08318727787137904,0.9430699770985936,0.9873613349407674,-0.011694805300990678,0.7257291548692277,0.9257062176972022,-0.05740870766252253,0,0,0,3
AT2G21230.4,GO:0090567,,2,9093636,9096347,-,2711,protein_coding,Basic-leucine zipper (BZIP) transcription factor family protein [Source:UniProtKB/TrEMBL;Acc:B3H7M2],0.803912381002452,0.9662426756893417,0.1718957895446413,0.8395387475467809,0.9557137875273545,0.14021433924945018,0.17761555304837978,0.5735740639114175,-0.9401124081781375,0,0,0,2
AT2G21230.2,GO:0090567,,2,9094174,9096347,-,2173,protein_coding,Basic-leucine zipper (BZIP) transcription factor family protein [Source:UniProtKB/TrEMBL;Acc:B3H7M2],0.44690468475129186,0.8605648207422417,0.9662172195401482,0.7792082627768562,NA,-0.3656303797504718,0.8284320666097904,NA,-0.28127374388258397,0,0,0,7
AT4G38900.3,GO:0090567,,4,18139237,18141726,-,2489,protein_coding,Basic-leucine zipper (BZIP) transcription factor family protein [Source:UniProtKB/TrEMBL;Acc:Q9T0J7],0.5682253978203318,0.9038999813672274,0.08118751914084854,0.002076506947623491,0.03806341339266935,0.43560227623060715,0.05693656485477954,0.3415058282912705,0.26964283731269323,0,0,0,5
AT4G38900.2,GO:0090567,,4,18139275,18142071,-,2796,protein_coding,Basic-leucine zipper (BZIP) transcription factor family protein [Source:UniProtKB/TrEMBL;Acc:Q9T0J7],0.7378080001920104,0.9522162274734305,0.23840127672349598,0.7215799657254824,0.921015746575776,-0.2548301781840952,0.4590315923841846,0.8097508468674816,-0.5305226126913044,0,0,0,2
