ID,Path,Gene,Chromosome,Start,End,Strand,Length,BioType,Description,Flg22_vs_Mock_pvalue,Flg22_vs_Mock_padj,Flg22_vs_Mock_log2FoldChange,Flg22_SynCom33_vs_Mock_pvalue,Flg22_SynCom33_vs_Mock_padj,Flg22_SynCom33_vs_Mock_log2FoldChange,Flg22_SynCom35_vs_Mock_pvalue,Flg22_SynCom35_vs_Mock_padj,Flg22_SynCom35_vs_Mock_log2FoldChange,Flg22_vs_Mock,Flg22_SynCom33_vs_Mock,Flg22_SynCom35_vs_Mock,cl
AT3G09670.1,GO:0098532,,3,2966201,2969058,+,2857,protein_coding,Tudor/PWWP/MBT superfamily protein [Source:UniProtKB/TrEMBL;Acc:Q9SF36],0.9842705642936426,0.9969480479390793,0.010980740419936685,0.13548300864823662,0.46813036484343146,-0.8417863157303044,0.7058379769592087,0.9203110073334314,-0.21056405777711584,0,0,0,3
AT3G09670.2,GO:0098532,,3,2966375,2968970,+,2595,protein_coding,Tudor/PWWP/MBT superfamily protein [Source:UniProtKB/TrEMBL;Acc:Q9SF36],0.17544847182337603,0.646387892180006,-0.250883818306033,0.4094032791999888,0.7550997565320137,0.150345351838842,0.08258347672367557,0.40941462886569313,0.3137091513669624,0,0,0,1
AT5G27650.1,GO:0098532,,5,9785407,9789354,+,3947,protein_coding,Tudor/PWWP/MBT superfamily protein [Source:UniProtKB/TrEMBL;Acc:F4K4D6],0.811758395923861,0.9667017409037706,0.021977491148224608,0.6981295502956262,0.9112247908475098,-0.0358910188848862,0.3857167738672562,0.765136390641363,0.07962497994500894,0,0,0,4
AT5G40340.1,GO:0098532,,5,16131397,16135393,-,3996,protein_coding,Tudor/PWWP/MBT superfamily protein [Source:UniProtKB/TrEMBL;Acc:Q9FNE4],0.3756376782556728,0.8224800285796646,0.08882036569466054,0.07124865332489048,0.33908600397026406,0.18074869142277386,0.6028556611801119,0.8819268072753663,0.05214713140069773,0,0,0,5
