ID,Path,Gene,Chromosome,Start,End,Strand,Length,BioType,Description,Flg22_vs_Mock_pvalue,Flg22_vs_Mock_padj,Flg22_vs_Mock_log2FoldChange,Flg22_SynCom33_vs_Mock_pvalue,Flg22_SynCom33_vs_Mock_padj,Flg22_SynCom33_vs_Mock_log2FoldChange,Flg22_SynCom35_vs_Mock_pvalue,Flg22_SynCom35_vs_Mock_padj,Flg22_SynCom35_vs_Mock_log2FoldChange,Flg22_vs_Mock,Flg22_SynCom33_vs_Mock,Flg22_SynCom35_vs_Mock,cl
AT2G21385.1,GO:0043461,,2,9149577,9151970,+,2393,protein_coding,Expressed protein [Source:UniProtKB/TrEMBL;Acc:Q94AU3],0.3936663479346519,0.8338820666529552,-0.8670657208703286,0.8113889494248265,0.9483372929755732,-0.2399313495732492,0.35968460188622553,NA,-0.9307886062962689,0,0,0,10
AT2G21385.4,GO:0043461,,2,9149628,9151913,+,2285,protein_coding,Expressed protein [Source:UniProtKB/TrEMBL;Acc:Q94AU3],0.00525997769261748,0.10260253144004751,1.9033406264271258,0.02614445960206108,0.19495571789808763,1.5369998907096203,3.115801664299126e-4,NA,2.4214935753566658,0,0,0,6
AT2G21385.2,GO:0043461,,2,9149643,9151898,+,2255,protein_coding,Expressed protein [Source:UniProtKB/TrEMBL;Acc:Q94AU3],0.6987249146628955,0.9413837455553973,-0.09909688138981172,0.15828272191464696,0.5042346755050672,-0.36593499500133225,0.5920206857504564,0.8778866899521992,0.13554140355149036,0,0,0,4
AT5G40660.1,GO:0043461,,5,16283146,16285344,-,2198,protein_coding,AT5g40660/MNF13_180 [Source:UniProtKB/TrEMBL;Acc:Q94BY8],0.7068597211609579,0.9442888043418347,-0.06894161461485336,0.20344431732894347,0.5664999107558171,-0.23369658888604672,0.8549688608869146,0.9650040540703506,0.03343515400727592,0,0,0,4
