ID,Path,Gene,Chromosome,Start,End,Strand,Length,BioType,Description,Flg22_vs_Mock_pvalue,Flg22_vs_Mock_padj,Flg22_vs_Mock_log2FoldChange,Flg22_SynCom33_vs_Mock_pvalue,Flg22_SynCom33_vs_Mock_padj,Flg22_SynCom33_vs_Mock_log2FoldChange,Flg22_SynCom35_vs_Mock_pvalue,Flg22_SynCom35_vs_Mock_padj,Flg22_SynCom35_vs_Mock_log2FoldChange,Flg22_vs_Mock,Flg22_SynCom33_vs_Mock,Flg22_SynCom35_vs_Mock,cl
AT1G78000.3,GO:0080160,SULTR1;2,1,29327515,29333220,+,5705,protein_coding,Sulfate transporter 1.2 [Source:UniProtKB/Swiss-Prot;Acc:Q9MAX3],0.5940063200682238,0.9109115860851318,0.3704224314714541,0.05922113653741329,0.3060327936175979,1.2913293693955648,0.15041289908893396,0.5351424913164113,0.9871122717289339,0,0,0,5
AT1G78000.1,GO:0080160,SULTR1;2,1,29329329,29333212,+,3883,protein_coding,Sulfate transporter 1.2 [Source:UniProtKB/Swiss-Prot;Acc:Q9MAX3],0.41317514924187143,0.8445661834165121,0.42171385415263685,0.2193774550346432,0.586579310876718,0.6321872472094084,0.8427232434222209,0.9621569169406498,0.10242041823021966,0,0,0,9
AT1G78000.2,GO:0080160,SULTR1;2,1,29329591,29333175,+,3584,protein_coding,Sulfate transporter 1.2 [Source:UniProtKB/Swiss-Prot;Acc:Q9MAX3],0.47220472863492446,0.8697919809162142,-0.2842095786410857,0.9163762115026189,0.9796804330442195,0.04150875123340996,0.13455161953413322,0.5106560923966348,-0.5916096782757644,0,0,0,10
AT1G78000.6,GO:0080160,SULTR1;2,1,29329617,29333167,+,3550,protein_coding,Sulfate transporter 1.2 [Source:UniProtKB/Swiss-Prot;Acc:Q9MAX3],0.7652560998587592,0.9571733012705728,0.12911731569497623,0.49738323571006055,0.811155942837035,-0.294730494278654,0.04532151422557587,0.30324392710846965,-0.8751853308894447,0,0,0,2
AT1G78000.7,GO:0080160,SULTR1;2,1,29330225,29333156,+,2931,protein_coding,Sulfate transporter 1.2 [Source:UniProtKB/Swiss-Prot;Acc:Q9MAX3],0.8477151418832819,0.9746879911046962,-0.09028898031747837,0.2672940792540742,0.638192119761461,0.5211277239516644,0.4514211549883443,0.8058523818202363,-0.35418206018776405,0,0,0,5
AT4G08620.1,GO:0080160,SULTR1;1,4,5500313,5506313,+,6000,protein_coding,Sulfate transporter 1.1 [Source:UniProtKB/Swiss-Prot;Acc:Q9SAY1],0.2180383606861851,0.6944255282752394,-0.6068086772579546,0.15474329570214193,0.49839556580390937,0.6985798207832064,0.020644339627152473,0.1962313404780854,1.1353869508237586,0,0,0,1
