ID,Path,Gene,Chromosome,Start,End,Strand,Length,BioType,Description,Flg22_vs_Mock_pvalue,Flg22_vs_Mock_padj,Flg22_vs_Mock_log2FoldChange,Flg22_SynCom33_vs_Mock_pvalue,Flg22_SynCom33_vs_Mock_padj,Flg22_SynCom33_vs_Mock_log2FoldChange,Flg22_SynCom35_vs_Mock_pvalue,Flg22_SynCom35_vs_Mock_padj,Flg22_SynCom35_vs_Mock_log2FoldChange,Flg22_vs_Mock,Flg22_SynCom33_vs_Mock,Flg22_SynCom35_vs_Mock,cl
AT1G77220.1,GO:0098876,,1,29012674,29015846,+,3172,protein_coding,Protein LAZ1 homolog 1 [Source:UniProtKB/Swiss-Prot;Acc:Q94CA0],0.7344893242214277,0.9510368631612078,0.05156331359195319,0.85216954777139,0.9604994301496065,0.02835453478661728,0.8183705848979186,0.9543983771902524,-0.03491936639668541,0,0,0,6
AT1G77220.2,GO:0098876,,1,29012674,29015846,+,3172,protein_coding,Protein LAZ1 homolog 1 [Source:UniProtKB/Swiss-Prot;Acc:Q94CA0],0.30297382050208804,0.7716571415133543,-0.688051074869604,0.9189416885143523,0.9801673242646731,-0.06757078597721754,0.10429061144733649,0.4588545155271273,-1.0897371169867944,0,0,-0,10
AT2G47170.1,GO:0098876,ARF1,2,19366596,19368840,+,2244,protein_coding,ADP-ribosylation factor 1 [Source:UniProtKB/Swiss-Prot;Acc:P36397],0.3850103100868484,0.8300864101311024,0.10661695709092332,0.8222299829921093,0.9516081857693248,0.027584764805378137,0.7680177872591641,0.9395602402199302,0.03620097407963117,0,0,0,6
AT4G38360.1,GO:0098876,LAZ1,4,17967050,17969958,+,2908,protein_coding,LAZ1 [Source:UniProtKB/TrEMBL;Acc:A0A178UWL9],0.3428646245147376,0.8007252269899245,-0.6835281738372093,0.7812496627849621,0.9388267069729704,-0.19928230370357428,0.09815059622616756,0.4459132776303385,-1.1980459536645842,0,0,-0,10
AT4G38360.2,GO:0098876,LAZ1,4,17967107,17969958,+,2851,protein_coding,LAZ1 [Source:UniProtKB/TrEMBL;Acc:A0A178UWL9],0.0671856036857306,0.4319225804184943,0.17877370788064686,0.8118912305947025,0.9485119539698736,-0.023367828899588394,0.001736999522656541,0.03909142611419183,-0.309238475360557,0,0,0,7
