ID,Path,Gene,Chromosome,Start,End,Strand,Length,BioType,Description,Flg22_vs_Mock_pvalue,Flg22_vs_Mock_padj,Flg22_vs_Mock_log2FoldChange,Flg22_SynCom33_vs_Mock_pvalue,Flg22_SynCom33_vs_Mock_padj,Flg22_SynCom33_vs_Mock_log2FoldChange,Flg22_SynCom35_vs_Mock_pvalue,Flg22_SynCom35_vs_Mock_padj,Flg22_SynCom35_vs_Mock_log2FoldChange,Flg22_vs_Mock,Flg22_SynCom33_vs_Mock,Flg22_SynCom35_vs_Mock,cl
AT2G06925.1,GO:0102567,PLA2-ALPHA,2,2842020,2843386,-,1366,protein_coding,PLA2-ALPHA [Source:UniProtKB/TrEMBL;Acc:A0A178VVH8],0.9897136672364467,0.9977997960322528,-0.004950570487932245,0.7193117911153046,0.919780187502129,0.13785006809764164,0.777773043675738,0.9430806856887709,-0.10839542895612359,0,0,0,10
AT2G19690.1,GO:0102567,PLA2-BETA,2,8503217,8504924,+,1707,protein_coding,Phospholipase A2-beta [Source:UniProtKB/TrEMBL;Acc:F4ITF6],0.9732389890571985,0.9946817906507939,-0.015233473061697101,0.6289980990032948,0.8814373697676972,0.2174723568050571,0.8344556104725354,0.9593657402620065,-0.09490202154303684,0,0,0,5
