ID,Path,Gene,Chromosome,Start,End,Strand,Length,BioType,Description,Flg22_vs_Mock_pvalue,Flg22_vs_Mock_padj,Flg22_vs_Mock_log2FoldChange,Flg22_SynCom33_vs_Mock_pvalue,Flg22_SynCom33_vs_Mock_padj,Flg22_SynCom33_vs_Mock_log2FoldChange,Flg22_SynCom35_vs_Mock_pvalue,Flg22_SynCom35_vs_Mock_padj,Flg22_SynCom35_vs_Mock_log2FoldChange,Flg22_vs_Mock,Flg22_SynCom33_vs_Mock,Flg22_SynCom35_vs_Mock,cl
AT5G41560.1,GO:0032434,,5,16621197,16622757,-,1560,protein_coding,At5g41560 [Source:UniProtKB/TrEMBL;Acc:Q9FFS4],0.4401182095027948,0.8570209362182688,0.16473566428474548,0.19223931192959326,0.5526443357171774,0.277070119080254,0.5144294984248103,0.8402569674182964,0.13880079852465682,0,0,0,5
AT5G41560.2,GO:0032434,,5,16621208,16622719,-,1511,protein_coding,At5g41560 [Source:UniProtKB/TrEMBL;Acc:Q9FFS4],0.33062108823195424,0.7924890726052773,1.2177015015828037,0.8776658727418666,NA,0.19562590523355444,0.34775385579214163,NA,-1.2464160744203405,0,0,-0,7
