ID,Path,Gene,Chromosome,Start,End,Strand,Length,BioType,Description,Flg22_vs_Mock_pvalue,Flg22_vs_Mock_padj,Flg22_vs_Mock_log2FoldChange,Flg22_SynCom33_vs_Mock_pvalue,Flg22_SynCom33_vs_Mock_padj,Flg22_SynCom33_vs_Mock_log2FoldChange,Flg22_SynCom35_vs_Mock_pvalue,Flg22_SynCom35_vs_Mock_padj,Flg22_SynCom35_vs_Mock_log2FoldChange,Flg22_vs_Mock,Flg22_SynCom33_vs_Mock,Flg22_SynCom35_vs_Mock,cl
AT5G53850.4,GO:0046570,,5,21860860,21865030,-,4170,protein_coding,haloacid dehalogenase-like hydrolase family protein [Source:TAIR;Acc:AT5G53850],0.34568409221327306,0.8033796014384696,0.3887116946299852,0.05120264668824408,0.28479816848197337,0.8006227349007372,0.8578595539725539,0.9656288377612737,-0.07418369676358404,0,0,0,9
AT5G53850.5,GO:0046570,,5,21860860,21865030,-,4170,protein_coding,haloacid dehalogenase-like hydrolase family protein [Source:TAIR;Acc:AT5G53850],0.5226674373842022,0.8891510198690612,0.6050365978585384,0.639060387167194,0.886761024509808,0.4441735997531207,0.5088747572862611,0.8377238050608415,0.625061224942286,0,0,0,6
AT5G53850.6,GO:0046570,,5,21860922,21865018,-,4096,protein_coding,haloacid dehalogenase-like hydrolase family protein [Source:TAIR;Acc:AT5G53850],0.616001186066692,0.9190515323520648,1.0549324842186258,0.7632018387655576,0.9326056561523578,-0.6381616717762831,0.7528995066514362,NA,0.6627061794666491,0,0,0,3
AT5G53850.2,GO:0046570,,5,21860940,21865150,-,4210,protein_coding,haloacid dehalogenase-like hydrolase family protein [Source:TAIR;Acc:AT5G53850],0.047846520951119076,0.3671859995511771,0.4203210777905982,0.29374180241202696,0.6614174297970893,0.22336593946800842,0.4350090696715114,0.7967693938372028,-0.16650517878902155,0,0,0,7
AT5G53850.1,GO:0046570,,5,21860997,21864907,-,3910,protein_coding,haloacid dehalogenase-like hydrolase family protein [Source:TAIR;Acc:AT5G53850],0.05828966181691159,0.4042465256631618,0.7296548588783669,0.16583965669360917,0.5152967421407145,0.5343135487545074,0.9429480962068164,0.9865976003276843,0.027639411969295022,0,0,0,7
