ID,Path,Gene,Chromosome,Start,End,Strand,Length,BioType,Description,Flg22_vs_Mock_pvalue,Flg22_vs_Mock_padj,Flg22_vs_Mock_log2FoldChange,Flg22_SynCom33_vs_Mock_pvalue,Flg22_SynCom33_vs_Mock_padj,Flg22_SynCom33_vs_Mock_log2FoldChange,Flg22_SynCom35_vs_Mock_pvalue,Flg22_SynCom35_vs_Mock_padj,Flg22_SynCom35_vs_Mock_log2FoldChange,Flg22_vs_Mock,Flg22_SynCom33_vs_Mock,Flg22_SynCom35_vs_Mock,cl
AT1G12230.2,GO:0004801,,1,4147962,4151056,+,3094,protein_coding,Aldolase superfamily protein [Source:UniProtKB/TrEMBL;Acc:F4IC59],0.5642727879668705,0.9026237829786996,0.40723257333385177,0.7240442530419517,0.9214248088866843,0.24986235447935978,0.4757826437974962,0.8202937397506208,0.5028550324008374,0,0,0,6
AT1G12230.1,GO:0004801,,1,4147991,4151025,+,3034,protein_coding,Aldolase superfamily protein [Source:UniProtKB/TrEMBL;Acc:F4IC59],0.02330102150171657,0.24940843396831655,0.2727860361735785,0.08948160402060798,0.38237734398402823,0.2044216741404764,0.0634479791600445,0.35819539332987665,0.22310996223839277,0,0,0,6
AT5G13420.1,GO:0004801,,5,4301792,4304315,-,2523,protein_coding,Aldolase-type TIM barrel family protein [Source:UniProtKB/TrEMBL;Acc:Q9LYR4],0.50020528406607,0.8799378390990823,0.11694428440383581,7.808297216952843e-4,0.01867461261442405,-0.5830434372008219,1.2408017572778306e-4,0.005600602003112579,-0.6660700215921654,0,0,0,2
