ID,Path,Gene,Chromosome,Start,End,Strand,Length,BioType,Description,Flg22_vs_Mock_pvalue,Flg22_vs_Mock_padj,Flg22_vs_Mock_log2FoldChange,Flg22_SynCom33_vs_Mock_pvalue,Flg22_SynCom33_vs_Mock_padj,Flg22_SynCom33_vs_Mock_log2FoldChange,Flg22_SynCom35_vs_Mock_pvalue,Flg22_SynCom35_vs_Mock_padj,Flg22_SynCom35_vs_Mock_log2FoldChange,Flg22_vs_Mock,Flg22_SynCom33_vs_Mock,Flg22_SynCom35_vs_Mock,cl
AT3G45040.2,GO:0043048,EVN,3,16472538,16475782,-,3244,protein_coding,Dolichol kinase EVAN [Source:UniProtKB/Swiss-Prot;Acc:F4J4C8],0.2809771520798185,0.7559359607793554,-1.7964306624312039,0.3777268383335112,0.7330972510846497,-1.4638258321241853,0.6146290433853978,NA,-0.8301132220391827,-0,-0,0,8
AT3G45040.1,GO:0043048,EVN,3,16472538,16475782,-,3244,protein_coding,Dolichol kinase EVAN [Source:UniProtKB/Swiss-Prot;Acc:F4J4C8],0.37137286234075345,0.8197146182071812,0.16638892046101836,0.6613613219910908,0.8966884973934139,0.08170330414297165,0.7922871175892909,0.9467851538208981,0.04905806776835029,0,0,0,6
