ID,Path,Gene,Chromosome,Start,End,Strand,Length,BioType,Description,Flg22_vs_Mock_pvalue,Flg22_vs_Mock_padj,Flg22_vs_Mock_log2FoldChange,Flg22_SynCom33_vs_Mock_pvalue,Flg22_SynCom33_vs_Mock_padj,Flg22_SynCom33_vs_Mock_log2FoldChange,Flg22_SynCom35_vs_Mock_pvalue,Flg22_SynCom35_vs_Mock_padj,Flg22_SynCom35_vs_Mock_log2FoldChange,Flg22_vs_Mock,Flg22_SynCom33_vs_Mock,Flg22_SynCom35_vs_Mock,cl
AT2G16070.2,GO:0043572,PDV2,2,6983846,6985620,-,1774,protein_coding,Plastid division protein PDV2 [Source:UniProtKB/Swiss-Prot;Acc:Q9XII1],0.025809817661313097,0.26424475898682365,0.3884957312541614,0.3988025639094567,0.7481711271676625,0.1491033075305146,0.5965934324685804,0.879721970888283,0.09333970219119611,0,0,0,7
AT2G16070.1,GO:0043572,PDV2,2,6983892,6985462,-,1570,protein_coding,Plastid division protein PDV2 [Source:UniProtKB/Swiss-Prot;Acc:Q9XII1],0.3002402394700661,0.770078687647287,-1.0838348470327552,0.9920169243754577,0.9978620192163213,0.010233048091328089,0.9439127812693898,NA,0.07180452415384744,-0,0,0,1
AT3G19180.1,GO:0043572,CDP1,3,6632637,6637292,+,4655,protein_coding,"Plastid division protein CDP1, chloroplastic [Source:UniProtKB/Swiss-Prot;Acc:Q8VY16]",0.6162752535463676,0.9190515323520648,-0.09282910032918659,0.3799395433466915,0.7352932607317105,-0.16315623817274094,0.36397916184245094,0.7500308929854975,0.16620941173080225,0,0,0,4
AT4G23940.1,GO:0043572,FTSHI1,4,12437108,12442030,+,4922,protein_coding,"Probable inactive ATP-dependent zinc metalloprotease FTSHI 1, chloroplastic [Source:UniProtKB/Swiss-Prot;Acc:O22993]",0.30105188517961573,0.7706370970679437,-0.1684970532265486,0.09779513613220345,0.3998979083519764,-0.27083872906427475,0.14534611016507512,0.528095495635908,0.2338855615164056,0,0,0,4
AT5G51020.1,GO:0043572,CRL,5,20745349,20747305,-,1956,protein_coding,"Chromophore lyase CRL, chloroplastic [Source:UniProtKB/Swiss-Prot;Acc:Q9FI46]",0.627991759638449,0.9235876599509517,0.08799362230233675,0.21940097254587226,0.586579310876718,-0.225804177322407,0.2553099478345962,0.6636679335499422,-0.2082327360524898,0,0,0,3
AT5G55280.1,GO:0043572,FTSZ1,5,22420600,22422649,-,2049,protein_coding,"Cell division protein FtsZ homolog 1, chloroplastic [Source:UniProtKB/Swiss-Prot;Acc:Q42545]",0.4139404740066309,0.8446773961826866,-0.21223249403974492,0.41259860109793667,0.7574209635652195,-0.2128820700561529,0.10461084300011907,0.4595477074921501,0.4179360538430049,0,0,0,4
