ID,Path,Gene,Chromosome,Start,End,Strand,Length,BioType,Description,Flg22_vs_Mock_pvalue,Flg22_vs_Mock_padj,Flg22_vs_Mock_log2FoldChange,Flg22_SynCom33_vs_Mock_pvalue,Flg22_SynCom33_vs_Mock_padj,Flg22_SynCom33_vs_Mock_log2FoldChange,Flg22_SynCom35_vs_Mock_pvalue,Flg22_SynCom35_vs_Mock_padj,Flg22_SynCom35_vs_Mock_log2FoldChange,Flg22_vs_Mock,Flg22_SynCom33_vs_Mock,Flg22_SynCom35_vs_Mock,cl
AT1G14410.1,GO:0032211,WHY1,1,4928921,4931080,-,2159,protein_coding,"Single-stranded DNA-binding protein WHY1, chloroplastic [Source:UniProtKB/Swiss-Prot;Acc:Q9M9S3]",0.16769630164321062,0.6345185877790048,-0.3867056517872931,0.24123581928858223,0.6112287681481192,-0.32778071500486633,0.7924980697018644,0.9467851538208981,0.07224858525849401,0,0,0,4
AT1G56260.1,GO:0032211,TEN1,1,21064223,21065875,-,1652,protein_coding,CST complex subunit TEN1 [Source:UniProtKB/Swiss-Prot;Acc:Q6NME7],0.029737080798147013,0.2843855821908146,0.9326536906753008,0.1696552490991957,0.5215177136974932,0.6021536772065621,0.23410778350861752,NA,0.5213015058749706,0,0,0,7
