ID,Path,Gene,Chromosome,Start,End,Strand,Length,BioType,Description,Flg22_vs_Mock_pvalue,Flg22_vs_Mock_padj,Flg22_vs_Mock_log2FoldChange,Flg22_SynCom33_vs_Mock_pvalue,Flg22_SynCom33_vs_Mock_padj,Flg22_SynCom33_vs_Mock_log2FoldChange,Flg22_SynCom35_vs_Mock_pvalue,Flg22_SynCom35_vs_Mock_padj,Flg22_SynCom35_vs_Mock_log2FoldChange,Flg22_vs_Mock,Flg22_SynCom33_vs_Mock,Flg22_SynCom35_vs_Mock,cl
AT1G01860.1,GO:0000179,PFC1,1,304133,306310,-,2177,protein_coding,rRNA adenine N(6)-methyltransferase [Source:UniProtKB/TrEMBL;Acc:A0A178WMV6],0.0506207417259959,0.37825356568105095,-0.6078827106873296,0.9252495006870121,0.9814675562150245,0.028016279123496413,0.6058710172214483,0.8830766242292517,0.15240200256962663,0,0,0,1
AT2G47420.1,GO:0000179,DIM1A,2,19457374,19458924,+,1550,protein_coding,rRNA adenine N(6)-methyltransferase [Source:UniProtKB/TrEMBL;Acc:A0A178VWJ8],0.2892624180988518,0.7628068667030656,-0.21911999629699153,0.31042073044654955,0.6765631648989902,-0.20973763926908787,0.264951379212726,0.673339769098994,0.22914096383286034,0,0,0,4
AT5G66360.2,GO:0000179,DIM1B,5,26510146,26511844,+,1698,protein_coding,"Ribosomal RNA small subunit methyltransferase, mitochondrial [Source:UniProtKB/Swiss-Prot;Acc:Q9FK02]",0.919083014465366,0.9884516680850549,0.03217721894350305,0.9506396578218049,0.9892187448899618,-0.019631680693896137,0.6485499039206294,0.9002315709971441,0.14386449104130636,0,0,0,4
AT5G66360.1,GO:0000179,DIM1B,5,26510148,26511822,+,1674,protein_coding,"Ribosomal RNA small subunit methyltransferase, mitochondrial [Source:UniProtKB/Swiss-Prot;Acc:Q9FK02]",0.7773597913326491,0.960334529197267,-0.3698433663414537,0.5206674098146937,0.8250755311623789,-0.8434590674782143,0.5809419905698097,NA,-0.7235225854086735,0,0,0,2
