ID,Path,Gene,Chromosome,Start,End,Strand,Length,BioType,Description,Flg22_vs_Mock_pvalue,Flg22_vs_Mock_padj,Flg22_vs_Mock_log2FoldChange,Flg22_SynCom33_vs_Mock_pvalue,Flg22_SynCom33_vs_Mock_padj,Flg22_SynCom33_vs_Mock_log2FoldChange,Flg22_SynCom35_vs_Mock_pvalue,Flg22_SynCom35_vs_Mock_padj,Flg22_SynCom35_vs_Mock_log2FoldChange,Flg22_vs_Mock,Flg22_SynCom33_vs_Mock,Flg22_SynCom35_vs_Mock,cl
AT5G62380.1,GO:0010981,NAC101,5,25050152,25052054,+,1902,protein_coding,NAC domain-containing protein 101 [Source:UniProtKB/Swiss-Prot;Acc:Q9LVA1],0.02676274372649881,0.2686921915852897,-1.2672796062431477,0.2212345266689003,0.5885459330581496,-0.6872028954027299,0.16730946716386813,0.5586633831078901,-0.7757424377785054,-0,0,0,8
AT5G62380.2,GO:0010981,NAC101,5,25050679,25051858,+,1179,protein_coding,NAC domain-containing protein 101 [Source:UniProtKB/Swiss-Prot;Acc:Q9LVA1],0.9241997882574254,0.9889650757362081,-0.1090018188612725,0.1528123266880099,0.49546507852214233,-1.6968520085942214,0.3367750630643864,NA,1.0887206669545921,0,-0,0,4
