ID,Path,Gene,Chromosome,Start,End,Strand,Length,BioType,Description,Flg22_vs_Mock_pvalue,Flg22_vs_Mock_padj,Flg22_vs_Mock_log2FoldChange,Flg22_SynCom33_vs_Mock_pvalue,Flg22_SynCom33_vs_Mock_padj,Flg22_SynCom33_vs_Mock_log2FoldChange,Flg22_SynCom35_vs_Mock_pvalue,Flg22_SynCom35_vs_Mock_padj,Flg22_SynCom35_vs_Mock_log2FoldChange,Flg22_vs_Mock,Flg22_SynCom33_vs_Mock,Flg22_SynCom35_vs_Mock,cl
AT2G41210.1,GO:0046488,PIP5K5,2,17173374,17176866,+,3492,protein_coding,Phosphatidylinositol 4-phosphate 5-kinase 5 [Source:UniProtKB/Swiss-Prot;Acc:Q9SLG9],0.3383511564330506,0.7980983883857707,0.33861254646656264,0.47179934284486197,0.7952684011727476,-0.2594244675007243,0.16282557110517484,0.5529725564156263,-0.5063213670130801,0,0,0,7
AT3G56960.1,GO:0046488,PIP5K4,3,21079957,21084103,+,4146,protein_coding,Phosphatidylinositol 4-phosphate 5-kinase 4 [Source:UniProtKB/Swiss-Prot;Acc:Q9M1K2],0.2922673706367496,0.7646527988982244,-1.32303346533451,0.38028607140817067,0.7353736967477292,-1.1013176973237233,0.91067008371687,0.979913269257557,-0.14046019101524862,-0,-0,0,8
AT3G59770.1,GO:0046488,SAC9,3,22078972,22086236,-,7264,protein_coding,SacI homology domain-containing protein / WW domain-containing protein [Source:UniProtKB/TrEMBL;Acc:F4J9G0],0.28496990772924324,0.759305318991195,-0.2242612663661782,0.36654299084008957,0.7241294421997436,0.18912916815968547,0.9832725978502341,0.9964331903110417,-0.004392860476420756,0,0,0,1
AT3G59770.4,GO:0046488,SAC9,3,22078972,22086236,-,7264,protein_coding,SacI homology domain-containing protein / WW domain-containing protein [Source:UniProtKB/TrEMBL;Acc:F4J9G0],0.46243658169548346,0.8657571523940272,-0.26587881830720494,0.5349178192316265,0.8333136773635016,-0.22445571335951955,0.9385102616065403,0.9855767661217948,0.027831365285868215,0,0,0,4
AT3G59770.3,GO:0046488,SAC9,3,22079033,22086149,-,7116,protein_coding,SacI homology domain-containing protein / WW domain-containing protein [Source:UniProtKB/TrEMBL;Acc:F4J9G0],0.21622667489107286,0.6924325288964166,2.9936921191289008,0.5587080907792454,0.8461312352443102,1.4160800456995235,0.8332471778164794,0.9592697744784173,-0.5104799129628933,0,0,0,7
