ID,Path,Gene,Chromosome,Start,End,Strand,Length,BioType,Description,Flg22_vs_Mock_pvalue,Flg22_vs_Mock_padj,Flg22_vs_Mock_log2FoldChange,Flg22_SynCom33_vs_Mock_pvalue,Flg22_SynCom33_vs_Mock_padj,Flg22_SynCom33_vs_Mock_log2FoldChange,Flg22_SynCom35_vs_Mock_pvalue,Flg22_SynCom35_vs_Mock_padj,Flg22_SynCom35_vs_Mock_log2FoldChange,Flg22_vs_Mock,Flg22_SynCom33_vs_Mock,Flg22_SynCom35_vs_Mock,cl
AT1G43700.1,GO:0051019,VIP1,1,16484231,16486327,+,2096,protein_coding,Transcription factor VIP1 [Source:UniProtKB/Swiss-Prot;Acc:Q9MA75],0.5690151025103267,0.9040447903376051,0.10718129604500624,0.703659237488139,0.9129361913172397,0.07161491335182359,0.6862943218672184,0.9132622819559456,-0.07607534288251196,0,0,0,7
AT5G56580.1,GO:0051019,MKK6,5,22904622,22906764,-,2142,protein_coding,Mitogen-activated protein kinase kinase 6 [Source:UniProtKB/Swiss-Prot;Acc:Q9FJV0],0.1525062016189769,0.6099159356866308,-0.3136713978504676,0.0020823683708458404,0.038132306910816,-0.6860845863254068,0.3068139187012564,0.7077813522520477,0.2197287447367583,0,0,0,4
