ID,Path,Gene,Chromosome,Start,End,Strand,Length,BioType,Description,Flg22_vs_Mock_pvalue,Flg22_vs_Mock_padj,Flg22_vs_Mock_log2FoldChange,Flg22_SynCom33_vs_Mock_pvalue,Flg22_SynCom33_vs_Mock_padj,Flg22_SynCom33_vs_Mock_log2FoldChange,Flg22_SynCom35_vs_Mock_pvalue,Flg22_SynCom35_vs_Mock_padj,Flg22_SynCom35_vs_Mock_log2FoldChange,Flg22_vs_Mock,Flg22_SynCom33_vs_Mock,Flg22_SynCom35_vs_Mock,cl
AT3G07020.1,GO:0051507,UGT80A2,3,2217622,2221867,-,4245,protein_coding,Sterol 3-beta-glucosyltransferase UGT80A2 [Source:UniProtKB/Swiss-Prot;Acc:Q9M8Z7],0.20159092206659868,0.6764210970301264,-0.5076048695377889,0.5039735576337012,0.8151514546515738,-0.2649754570416634,0.22175050001394409,0.6265891512284203,-0.48515030328813247,0,0,0,10
AT3G07020.2,GO:0051507,UGT80A2,3,2217653,2221956,-,4303,protein_coding,Sterol 3-beta-glucosyltransferase UGT80A2 [Source:UniProtKB/Swiss-Prot;Acc:Q9M8Z7],0.11203112279650494,0.54060042339754,-0.17763667081816822,0.044596354896507213,0.263439693554959,-0.22490374081501863,0.8663025914785947,0.968441315187411,0.01867853231662922,0,0,0,4
