ID,Path,Gene,Chromosome,Start,End,Strand,Length,BioType,Description,Flg22_vs_Mock_pvalue,Flg22_vs_Mock_padj,Flg22_vs_Mock_log2FoldChange,Flg22_SynCom33_vs_Mock_pvalue,Flg22_SynCom33_vs_Mock_padj,Flg22_SynCom33_vs_Mock_log2FoldChange,Flg22_SynCom35_vs_Mock_pvalue,Flg22_SynCom35_vs_Mock_padj,Flg22_SynCom35_vs_Mock_log2FoldChange,Flg22_vs_Mock,Flg22_SynCom33_vs_Mock,Flg22_SynCom35_vs_Mock,cl
AT1G03630.1,GO:0016630,PORC,1,907523,909650,+,2127,protein_coding,"Protochlorophyllide reductase C, chloroplastic [Source:UniProtKB/Swiss-Prot;Acc:O48741]",0.022543741627053332,0.2447568785718569,-1.660257272253039,0.23496035410901495,NA,-0.816194177766236,0.0921473252650955,NA,-1.1756410247439348,-0,0,-0,8
AT1G03630.2,GO:0016630,PORC,1,907651,909376,+,1725,protein_coding,"Protochlorophyllide reductase C, chloroplastic [Source:UniProtKB/Swiss-Prot;Acc:O48741]",0.7833983103906883,0.9618554428137798,0.19074257670695713,0.18413366532094916,0.5428882454134855,-0.9869404184279994,0.5675436338108193,NA,0.39260855748789647,0,0,0,3
AT4G27440.1,GO:0016630,PORB,4,13725546,13727440,+,1894,protein_coding,"Protochlorophyllide reductase B, chloroplastic [Source:UniProtKB/Swiss-Prot;Acc:P21218]",0.03790469638529409,0.3252905791815174,-0.8681424135685772,0.30018068970664397,0.6682240561894256,0.41733048019367874,0.033354614688716165,0.25738102392987305,0.8499269099123665,0,0,0,1
