ID,Path,Gene,Chromosome,Start,End,Strand,Length,BioType,Description,Flg22_vs_Mock_pvalue,Flg22_vs_Mock_padj,Flg22_vs_Mock_log2FoldChange,Flg22_SynCom33_vs_Mock_pvalue,Flg22_SynCom33_vs_Mock_padj,Flg22_SynCom33_vs_Mock_log2FoldChange,Flg22_SynCom35_vs_Mock_pvalue,Flg22_SynCom35_vs_Mock_padj,Flg22_SynCom35_vs_Mock_log2FoldChange,Flg22_vs_Mock,Flg22_SynCom33_vs_Mock,Flg22_SynCom35_vs_Mock,cl
AT1G30400.1,GO:0042908,ABCC1,1,10727317,10738092,+,10775,protein_coding,ABC transporter C family member 1 [Source:UniProtKB/Swiss-Prot;Acc:Q9C8G9],0.27377739931815914,0.7504158561712203,-0.16786183475380925,0.05139933030546046,0.2853504203673234,-0.2988469981725228,4.647523539940774e-6,4.1139755489087834e-4,-0.7028352314650725,0,0,0,2
AT1G30400.2,GO:0042908,ABCC1,1,10727649,10738055,+,10406,protein_coding,ABC transporter C family member 1 [Source:UniProtKB/Swiss-Prot;Acc:Q9C8G9],0.9076967740131385,0.9869002016097549,0.22968753865860045,0.4190932742666259,0.7617868279691283,-1.602535737021724,0.42736467774760084,0.79040937188983,-1.5740017207278896,0,-0,-0,2
