ID,Path,Gene,Chromosome,Start,End,Strand,Length,BioType,Description,Flg22_vs_Mock_pvalue,Flg22_vs_Mock_padj,Flg22_vs_Mock_log2FoldChange,Flg22_SynCom33_vs_Mock_pvalue,Flg22_SynCom33_vs_Mock_padj,Flg22_SynCom33_vs_Mock_log2FoldChange,Flg22_SynCom35_vs_Mock_pvalue,Flg22_SynCom35_vs_Mock_padj,Flg22_SynCom35_vs_Mock_log2FoldChange,Flg22_vs_Mock,Flg22_SynCom33_vs_Mock,Flg22_SynCom35_vs_Mock,cl
AT2G04700.2,GO:0030385,FTRC,2,1646799,1648621,+,1822,protein_coding,"Ferredoxin-thioredoxin reductase, catalytic chain [Source:UniProtKB/TrEMBL;Acc:A0A178VTW5]",0.546959055027862,0.8966389705849735,0.18725892599535365,0.7223108291752336,0.9212685905662129,-0.1117502714065744,0.6080487084231453,0.8842537896126721,-0.16100977089691437,0,0,0,7
AT2G04700.1,GO:0030385,FTRC,2,1646807,1649037,+,2230,protein_coding,"Ferredoxin-thioredoxin reductase, catalytic chain [Source:UniProtKB/TrEMBL;Acc:A0A178VTW5]",0.009291263672231508,0.1471213039699699,0.6881206918729513,0.008501556817167435,0.09850812515478233,0.6961864191532403,0.21593044255911029,0.6190804108980485,0.3294676195225725,0,0,0,9
AT5G08410.2,GO:0030385,FTRA2,5,2709810,2710598,-,788,protein_coding,ferredoxin/thioredoxin reductase subunit A (variable subunit) 2 [Source:TAIR;Acc:AT5G08410],0.8991087698547241,0.9859448563872337,-0.11731373550012092,0.8842256813894693,0.969323659045417,-0.1347574760683926,0.9956171750052918,0.9991552391552878,0.0050770305541163315,0,0,0,4
AT5G23440.1,GO:0030385,FTRA1,5,7902895,7903899,-,1004,protein_coding,At5g23440 [Source:UniProtKB/TrEMBL;Acc:Q9FHL4],0.7374664530986101,0.9522162274734305,0.07981428913599284,0.5501065273565788,0.8411332500085065,-0.14447598948943446,0.46768473647202713,0.81538947677687,-0.17484659092936503,0,0,0,2
