ID,Path,Gene,Chromosome,Start,End,Strand,Length,BioType,Description,Flg22_vs_Mock_pvalue,Flg22_vs_Mock_padj,Flg22_vs_Mock_log2FoldChange,Flg22_SynCom33_vs_Mock_pvalue,Flg22_SynCom33_vs_Mock_padj,Flg22_SynCom33_vs_Mock_log2FoldChange,Flg22_SynCom35_vs_Mock_pvalue,Flg22_SynCom35_vs_Mock_padj,Flg22_SynCom35_vs_Mock_log2FoldChange,Flg22_vs_Mock,Flg22_SynCom33_vs_Mock,Flg22_SynCom35_vs_Mock,cl
AT4G37550.2,GO:0004328,,4,17643110,17645830,+,2720,protein_coding,Acetamidase/Formamidase family protein [Source:TAIR;Acc:AT4G37550],0.23605254441639895,0.7139056736516016,-0.765965186498706,0.6744052964553144,0.9015098098658244,-0.2684698338356642,0.7767095624057027,0.9423611201954912,0.17959895691823505,0,0,0,4
AT4G37550.5,GO:0004328,,4,17643335,17645584,+,2249,protein_coding,Acetamidase/Formamidase family protein [Source:TAIR;Acc:AT4G37550],0.9615633593966957,0.9944633830616663,-0.04500271126597079,0.06852485253768029,0.33160847631285717,-1.7555996912814436,0.8215327228147585,NA,-0.21083473836745906,0,-0,0,3
AT4G37550.6,GO:0004328,,4,17643548,17645729,+,2181,protein_coding,Acetamidase/Formamidase family protein [Source:TAIR;Acc:AT4G37550],0.21509617450253707,0.6912925476463905,-1.0471903630441188,0.6533270930044067,0.8932739071912961,0.37336052694686833,0.4115328803956193,0.7790886084795254,0.6810185591947244,-0,0,0,1
AT4G37550.3,GO:0004328,,4,17643570,17645830,+,2260,protein_coding,Acetamidase/Formamidase family protein [Source:TAIR;Acc:AT4G37550],0.24138306079398222,0.719525477907868,-0.431956657330831,0.6080048248267129,0.8720556827804652,-0.1881705687702009,0.23755317762106495,0.6456958928039296,0.4284365915169022,0,0,0,4
AT4G37560.1,GO:0004328,,4,17646408,17648684,+,2276,protein_coding,Acetamidase/Formamidase family protein [Source:UniProtKB/TrEMBL;Acc:Q8H1G4],0.017168179841251897,0.21030859170092317,1.387275890871203,0.3058789148070503,0.6733906795133063,0.6087908941035232,0.07934769558791029,NA,1.0278293919272603,0,0,0,6
AT4G37560.2,GO:0004328,,4,17646489,17648220,+,1731,protein_coding,Acetamidase/Formamidase family protein [Source:UniProtKB/TrEMBL;Acc:Q8H1G4],0.05630495840160819,0.3987837555168346,-2.9542865153777953,0.6977309600774579,NA,-0.5642470912197539,0.7432964466465277,NA,-0.4748891594627818,-0,0,0,8
