ID,Path,Gene,Chromosome,Start,End,Strand,Length,BioType,Description,Flg22_vs_Mock_pvalue,Flg22_vs_Mock_padj,Flg22_vs_Mock_log2FoldChange,Flg22_SynCom33_vs_Mock_pvalue,Flg22_SynCom33_vs_Mock_padj,Flg22_SynCom33_vs_Mock_log2FoldChange,Flg22_SynCom35_vs_Mock_pvalue,Flg22_SynCom35_vs_Mock_padj,Flg22_SynCom35_vs_Mock_log2FoldChange,Flg22_vs_Mock,Flg22_SynCom33_vs_Mock,Flg22_SynCom35_vs_Mock,cl
AT5G49650.1,GO:0005997,XK-2,5,20152731,20156613,+,3882,protein_coding,Xylulose kinase 2 [Source:UniProtKB/Swiss-Prot;Acc:Q949W8],0.3030044232446319,0.7716571415133543,0.2462655296046373,0.8171778154080518,0.9498172792199605,-0.055540682510766826,0.23450951972405776,0.6422117274355585,0.2837953106879017,0,0,0,6
AT5G49650.2,GO:0005997,XK-2,5,20152781,20155768,+,2987,protein_coding,Xylulose kinase 2 [Source:UniProtKB/Swiss-Prot;Acc:Q949W8],0.21847443972479488,0.6949363388318148,0.21168285788161878,0.42226158534801767,0.7640328422511551,0.13821088666320952,0.280655297613881,0.6870413780953446,0.18544911044690127,0,0,0,6
