ID,Path,Gene,Chromosome,Start,End,Strand,Length,BioType,Description,Flg22_vs_Mock_pvalue,Flg22_vs_Mock_padj,Flg22_vs_Mock_log2FoldChange,Flg22_SynCom33_vs_Mock_pvalue,Flg22_SynCom33_vs_Mock_padj,Flg22_SynCom33_vs_Mock_log2FoldChange,Flg22_SynCom35_vs_Mock_pvalue,Flg22_SynCom35_vs_Mock_padj,Flg22_SynCom35_vs_Mock_log2FoldChange,Flg22_vs_Mock,Flg22_SynCom33_vs_Mock,Flg22_SynCom35_vs_Mock,cl
AT2G18600.2,GO:0019788,RCE2,2,8073167,8075009,-,1842,protein_coding,Probable NEDD8-conjugating enzyme Ubc12-like [Source:UniProtKB/Swiss-Prot;Acc:Q9ZU75],0.4058854184696024,0.8403341915918284,0.6180099857724624,0.9096238113408774,0.9766158357882206,-0.08511745962243518,0.7488668462030875,0.9342693406682733,-0.2402913637368178,0,0,0,7
AT4G36800.1,GO:0019788,RCE1,4,17340932,17343035,-,2103,protein_coding,NEDD8-conjugating enzyme Ubc12 [Source:UniProtKB/Swiss-Prot;Acc:Q9SDY5],0.07086871374539727,0.44240910388317956,0.46357183398318164,0.990350011652993,0.9976985839175446,-0.003135698701967958,0.25799191183169656,0.6658909360419435,-0.29483022523434166,0,0,0,7
AT4G36800.2,GO:0019788,RCE1,4,17340950,17342735,-,1785,protein_coding,NEDD8-conjugating enzyme Ubc12 [Source:UniProtKB/Swiss-Prot;Acc:Q9SDY5],0.3473058204312203,0.8041315371217485,-0.08945628058476714,0.32455761001728356,0.688008335839649,-0.09379293321720203,0.039656068880905226,0.28167162429065473,-0.19591502652707501,0,0,0,8
AT5G20570.1,GO:0019788,ROC1,5,6956573,6958338,-,1765,protein_coding,RING-box 1 [Source:UniProtKB/TrEMBL;Acc:F4K5K0],0.5449555813995293,0.8955944458511282,0.0641265148572651,0.5149834862237792,0.8219248343854993,-0.06924560205422092,0.731168596925875,0.9281665500905588,-0.03641700718183002,0,0,0,3
