ID,Path,Gene,Chromosome,Start,End,Strand,Length,BioType,Description,Flg22_vs_Mock_pvalue,Flg22_vs_Mock_padj,Flg22_vs_Mock_log2FoldChange,Flg22_SynCom33_vs_Mock_pvalue,Flg22_SynCom33_vs_Mock_padj,Flg22_SynCom33_vs_Mock_log2FoldChange,Flg22_SynCom35_vs_Mock_pvalue,Flg22_SynCom35_vs_Mock_padj,Flg22_SynCom35_vs_Mock_log2FoldChange,Flg22_vs_Mock,Flg22_SynCom33_vs_Mock,Flg22_SynCom35_vs_Mock,cl
AT1G06470.1,GO:0015786,,1,1969694,1974299,+,4605,protein_coding,Probable sugar phosphate/phosphate translocator At1g06470 [Source:UniProtKB/Swiss-Prot;Acc:Q8H184],0.053688794765512186,0.38940363287849866,0.43425671137224914,0.259622963364471,0.6302826160221248,0.25451990291691984,0.6351947361280348,0.8954336834668395,0.10722684165021423,0,0,0,7
AT1G06470.4,GO:0015786,,1,1969729,1973767,+,4038,protein_coding,Probable sugar phosphate/phosphate translocator At1g06470 [Source:UniProtKB/Swiss-Prot;Acc:Q8H184],0.3928238675327042,0.8336715101230874,-0.24514402794555146,0.8307453235425932,0.9529337570905425,0.06109141152165011,0.6843877191466575,0.91252252858753935,-0.1162993898468723,0,0,0,10
AT1G76670.1,GO:0015786,URGT1,1,28772563,28775002,-,2439,protein_coding,UDP-rhamnose/UDP-galactose transporter 1 [Source:UniProtKB/Swiss-Prot;Acc:Q9SRE4],0.25447466458016504,0.7329586476337072,-0.19206360544707948,0.15949317446164907,0.5063173731551783,-0.23723093759544203,0.3598979577283947,0.7469256034283906,0.15378288005423998,0,0,0,4
AT1G77610.1,GO:0015786,UDP-GALT1,1,29165170,29167773,+,2603,protein_coding,UDP-galactose transporter 1 [Source:UniProtKB/Swiss-Prot;Acc:Q9C521],0.05367325668277035,0.38940363287849866,0.2198578884564203,0.3936201968657402,0.7455894406980399,-0.09796161109868426,0.8029291876416362,0.9500381006332708,0.028506987601964656,0,0,0,3
AT4G31600.1,GO:0015786,UTR7,4,15314867,15317160,-,2293,protein_coding,UDP-galactose/UDP-glucose transporter 7 [Source:UniProtKB/Swiss-Prot;Acc:Q94B65],0.5998741415043458,0.9142042751729179,0.07456805931880431,0.837633637353586,0.9551211496324509,0.029235442237185334,0.07736655362442596,0.3961022658217578,0.24722452914397186,0,0,0,4
