ID,Path,Gene,Chromosome,Start,End,Strand,Length,BioType,Description,Flg22_vs_Mock_pvalue,Flg22_vs_Mock_padj,Flg22_vs_Mock_log2FoldChange,Flg22_SynCom33_vs_Mock_pvalue,Flg22_SynCom33_vs_Mock_padj,Flg22_SynCom33_vs_Mock_log2FoldChange,Flg22_SynCom35_vs_Mock_pvalue,Flg22_SynCom35_vs_Mock_padj,Flg22_SynCom35_vs_Mock_log2FoldChange,Flg22_vs_Mock,Flg22_SynCom33_vs_Mock,Flg22_SynCom35_vs_Mock,cl
AT1G67690.1,GO:0006518,,1,25368874,25373977,+,5103,protein_coding,Probable thimet oligopeptidase [Source:UniProtKB/Swiss-Prot;Acc:F4HTQ1],0.09927853530397798,0.5145986403404381,-0.29955267450339423,0.36863091812140064,0.7257535543629332,-0.16219545789235018,0.5573715253524694,0.8628750877858858,-0.10503153212406846,0,0,0,8
AT1G71696.1,GO:0006518,SOL1,1,26966766,26970603,+,3837,protein_coding,Carboxypeptidase SOL1 [Source:UniProtKB/Swiss-Prot;Acc:Q9M9H7],0.9533713467108067,0.99359763643049,0.02705075165265725,0.33827134071384984,0.700058627221703,0.4414868734560791,0.6908950930260545,0.9150822587547247,0.18357007937511852,0,0,0,5
AT1G71696.2,GO:0006518,SOL1,1,26966766,26970603,+,3837,protein_coding,Carboxypeptidase SOL1 [Source:UniProtKB/Swiss-Prot;Acc:Q9M9H7],0.1784878580028484,0.6508231437799773,0.16321014807117418,0.006012959667186984,0.07774910138206854,0.33145874237807094,0.3038680938583865,0.7066021930863418,0.12454552916834788,0,0,0,5
AT5G10540.1,GO:0006518,CYOP,5,3324812,3334971,+,10159,protein_coding,Probable cytosolic oligopeptidase A [Source:UniProtKB/Swiss-Prot;Acc:Q949P2],0.45201869014099405,0.8622977414835249,0.07286013085171202,0.7776528817251929,0.9373958462193012,-0.027395488885886905,0.09682513580683258,0.4427711684548143,0.1605631361692874,0,0,0,4
AT5G51540.1,GO:0006518,OCT1,5,20932031,20936413,+,4382,protein_coding,"Mitochondrial intermediate peptidase, mitochondrial [Source:UniProtKB/Swiss-Prot;Acc:F4KDA5]",0.07821607146711325,0.46323382400989227,-0.5623778184975645,0.14615143946170117,0.4854180455391417,-0.46272394450887927,0.4493651885787479,0.8044092765433346,0.23618484162230183,0,0,0,4
AT5G65620.1,GO:0006518,,5,26221932,26225903,+,3971,protein_coding,Zincin-like metalloproteases family protein [Source:TAIR;Acc:AT5G65620],0.6078946987153597,0.9155269761939208,0.0395255826706026,0.8558040601172713,0.9617778653701443,0.014009316001733827,0.043822262531105494,0.2976499130359503,-0.15567076015777442,0,0,0,2
