ID,Path,Gene,Chromosome,Start,End,Strand,Length,BioType,Description,Flg22_vs_Mock_pvalue,Flg22_vs_Mock_padj,Flg22_vs_Mock_log2FoldChange,Flg22_SynCom33_vs_Mock_pvalue,Flg22_SynCom33_vs_Mock_padj,Flg22_SynCom33_vs_Mock_log2FoldChange,Flg22_SynCom35_vs_Mock_pvalue,Flg22_SynCom35_vs_Mock_padj,Flg22_SynCom35_vs_Mock_log2FoldChange,Flg22_vs_Mock,Flg22_SynCom33_vs_Mock,Flg22_SynCom35_vs_Mock,cl
AT1G66960.3,GO:0042299,,1,24984915,24989856,-,4941,protein_coding,Terpenoid cyclases family protein [Source:TAIR;Acc:AT1G66960],0.009789325507174026,0.15208167983751802,-1.169428988376902,0.942290551921817,0.9871265584646851,0.03138105963104636,0.293594976744498,0.6979141743984854,0.4504757621010502,-0,0,0,1
AT1G78960.3,GO:0042299,LUP2,1,29696434,29701321,+,4887,protein_coding,Amyrin synthase LUP2 [Source:UniProtKB/Swiss-Prot;Acc:Q8RWT0],0.08747699989771274,0.48727303077612993,1.8600070403314661,0.7046510834920463,0.9131082394038654,0.4159047478679357,0.6711935111276243,0.9075749488932321,0.46525153684597137,0,0,0,7
AT1G78960.4,GO:0042299,LUP2,1,29696470,29701410,+,4940,protein_coding,Amyrin synthase LUP2 [Source:UniProtKB/Swiss-Prot;Acc:Q8RWT0],0.34993126685089154,0.8064147291504189,-0.7882817065196122,0.6531151223353312,NA,-0.37284956014086373,0.9773825296793577,NA,-0.02319874186105194,0,0,0,8
AT1G78960.5,GO:0042299,LUP2,1,29697334,29701410,+,4076,protein_coding,Amyrin synthase LUP2 [Source:UniProtKB/Swiss-Prot;Acc:Q8RWT0],0.6573902320282785,0.9306189816214742,-0.1523122352055999,0.6423878262658747,0.8881550443199389,0.15880293103984872,0.43359831801475707,0.7959550173308425,-0.26907506120517405,0,0,0,10
AT1G78970.3,GO:0042299,LUP1,1,29703055,29707844,+,4789,protein_coding,Lupeol synthase 1 [Source:UniProtKB/Swiss-Prot;Acc:Q9C5M3],0.6575691755171453,0.9306655838865832,0.22506859166026336,0.6566924549620572,0.8948753776190005,-0.22791872328309748,0.535991436700179,0.851765769478361,0.31333610249861943,0,0,0,3
AT5G36150.1,GO:0042299,PEN3,5,14220634,14226211,-,5577,protein_coding,Tirucalladienol synthase [Source:UniProtKB/Swiss-Prot;Acc:Q9LVY2],0.12603533351966809,0.5683595335023539,0.901912430845232,0.8731829254297356,0.9662555962626285,-0.09420725100444986,0.038888740871559975,0.2787753502943026,-1.2219996713600643,0,0,-0,7
