ID,Path,Gene,Chromosome,Start,End,Strand,Length,BioType,Description,Flg22_vs_Mock_pvalue,Flg22_vs_Mock_padj,Flg22_vs_Mock_log2FoldChange,Flg22_SynCom33_vs_Mock_pvalue,Flg22_SynCom33_vs_Mock_padj,Flg22_SynCom33_vs_Mock_log2FoldChange,Flg22_SynCom35_vs_Mock_pvalue,Flg22_SynCom35_vs_Mock_padj,Flg22_SynCom35_vs_Mock_log2FoldChange,Flg22_vs_Mock,Flg22_SynCom33_vs_Mock,Flg22_SynCom35_vs_Mock,cl
AT1G56160.1,GO:0009866,ATMYB72,1,21022384,21023587,+,1203,protein_coding,MYB72 [Source:UniProtKB/TrEMBL;Acc:A0A178W4I7],0.0018563052324985063,0.051584291535233785,3.4104193752227525,0.009806445886437646,0.10746713343628896,2.8323196595598725,0.9187359961718027,0.9814809323224347,0.113328898074021,0,0,0,7
AT5G36890.2,GO:0009866,BGLU42,5,14541289,14546229,-,4940,protein_coding,Beta-glucosidase 42 [Source:UniProtKB/Swiss-Prot;Acc:Q9FIW4],9.17639527882978e-5,0.006027519244447577,2.193242012622882,0.005226379131619128,0.0707786014187332,1.5691741890550752,0.30642520860791655,0.7077813522520477,0.5775080768799943,1,0,0,7
AT5G36890.1,GO:0009866,BGLU42,5,14541718,14546230,-,4512,protein_coding,Beta-glucosidase 42 [Source:UniProtKB/Swiss-Prot;Acc:Q9FIW4],0.010033826649679844,0.15485262715381934,0.840017640727909,0.016940529264045982,0.14970259949904144,0.7793684795741909,0.6111906515532386,0.8852279259750058,0.16640070114129035,0,0,0,9
AT5G40440.6,GO:0009866,MKK3,5,16182251,16184627,+,2376,protein_coding,Mitogen-activated protein kinase kinase 3 [Source:UniProtKB/Swiss-Prot;Acc:O80396],0.7649343389387708,0.9571339617671963,-0.06990027781568608,0.7875621189080837,0.9411952022978174,0.06277237159502329,0.20025622112064545,0.602218869221441,-0.3008780120447108,0,0,0,10
AT5G40990.1,GO:0009866,GLIP1,5,16418842,16420616,+,1774,protein_coding,GDSL esterase/lipase 1 [Source:UniProtKB/Swiss-Prot;Acc:Q9FLN0],0.003810574063607369,0.08345425339773731,2.2569197224287825,0.043984325677324784,0.2613586743717606,1.5779277858007752,0.5595321646333147,0.8641897398007929,0.462452139448581,0,0,0,7
