ID,Path,Gene,Chromosome,Start,End,Strand,Length,BioType,Description,Flg22_vs_Mock_pvalue,Flg22_vs_Mock_padj,Flg22_vs_Mock_log2FoldChange,Flg22_SynCom33_vs_Mock_pvalue,Flg22_SynCom33_vs_Mock_padj,Flg22_SynCom33_vs_Mock_log2FoldChange,Flg22_SynCom35_vs_Mock_pvalue,Flg22_SynCom35_vs_Mock_padj,Flg22_SynCom35_vs_Mock_log2FoldChange,Flg22_vs_Mock,Flg22_SynCom33_vs_Mock,Flg22_SynCom35_vs_Mock,cl
AT1G04400.1,GO:0072387,CRY2,1,1185512,1188696,-,3184,protein_coding,Cryptochrome-2 [Source:UniProtKB/Swiss-Prot;Acc:Q96524],0.08958963894215494,0.49273421881184015,0.538185273772162,0.8376982515679767,0.9551211496324509,-0.06553528329184125,0.8756020366264088,0.9706346534814149,-0.04999351811911814,0,0,0,7
AT1G04400.2,GO:0072387,CRY2,1,1185556,1188434,-,2878,protein_coding,Cryptochrome-2 [Source:UniProtKB/Swiss-Prot;Acc:Q96524],0.39085709879273967,0.8330136341994546,-0.11372367979730219,0.39539377359850447,0.7461548207704456,0.112503948706389,0.5012460504433245,0.8334930523614529,0.08899805350926465,0,0,0,1
AT4G08920.1,GO:0072387,CRY1,4,5723651,5727268,+,3617,protein_coding,Cryptochrome-1 [Source:UniProtKB/Swiss-Prot;Acc:Q43125],0.39012945209650673,0.8325091972215397,0.1665775939997436,0.07803248482842422,0.3568678559301973,0.3411821854093893,0.2605022406365994,0.668970616376658,0.21790123512434878,0,0,0,5
