ID,Path,Gene,Chromosome,Start,End,Strand,Length,BioType,Description,Flg22_vs_Mock_pvalue,Flg22_vs_Mock_padj,Flg22_vs_Mock_log2FoldChange,Flg22_SynCom33_vs_Mock_pvalue,Flg22_SynCom33_vs_Mock_padj,Flg22_SynCom33_vs_Mock_log2FoldChange,Flg22_SynCom35_vs_Mock_pvalue,Flg22_SynCom35_vs_Mock_padj,Flg22_SynCom35_vs_Mock_log2FoldChange,Flg22_vs_Mock,Flg22_SynCom33_vs_Mock,Flg22_SynCom35_vs_Mock,cl
AT1G07510.1,GO:0042407,FTSH10,1,2304435,2312399,+,7964,protein_coding,"ATP-dependent zinc metalloprotease FTSH 10, mitochondrial [Source:UniProtKB/Swiss-Prot;Acc:Q8VZI8]",0.13177926269604137,0.5782968709664444,-0.1348088835959255,0.03454346076708843,0.2278766410652445,-0.1892551630998325,0.0034598070637575167,0.06427493308098714,-0.2617082512252705,0,0,0,8
AT1G79560.1,GO:0042407,FTSH12,1,29926759,29932585,+,5826,protein_coding,AT1G79560 protein [Source:UniProtKB/TrEMBL;Acc:B9DHQ6],0.1494603569032764,0.6069554640349317,-0.27400351081159974,0.02411635868182972,0.1853535996796687,-0.42973508667263105,0.3994204322403433,0.7721415367320192,0.159240604160588,0,0,0,4
AT2G29080.1,GO:0042407,FTSH3,2,12489627,12493329,-,3702,protein_coding,"ATP-dependent zinc metalloprotease FTSH 3, mitochondrial [Source:UniProtKB/Swiss-Prot;Acc:Q84WU8]",0.24281584182676463,0.721426325673347,-0.07073853299471389,0.08820899247301273,0.3800663785317403,-0.10338926180436947,0.332770872278521,0.7281959241522586,-0.05851114309719082,0,0,0,8
AT2G31170.2,GO:0042407,SYCO,2,13282355,13285666,-,3311,protein_coding,SYCO ARATH [Source:UniProtKB/TrEMBL;Acc:A0A178VWT1],0.4947110829503733,0.8783390011488378,1.1797538408223147,0.4476993899768182,0.7813448679709684,1.3112010296063008,0.4146897891267246,NA,1.407744559647526,0,0,0,6
AT2G31170.1,GO:0042407,SYCO,2,13282355,13285678,-,3323,protein_coding,SYCO ARATH [Source:UniProtKB/TrEMBL;Acc:A0A178VWT1],0.5156286763557401,0.886043035602738,-0.26456455131807727,0.09777755724737794,0.39988685439282123,-0.6795599467789443,0.85482249870447935,0.9650040540703506,-0.07414529198906716,0,0,0,8
