ID,Path,Gene,Chromosome,Start,End,Strand,Length,BioType,Description,Flg22_vs_Mock_pvalue,Flg22_vs_Mock_padj,Flg22_vs_Mock_log2FoldChange,Flg22_SynCom33_vs_Mock_pvalue,Flg22_SynCom33_vs_Mock_padj,Flg22_SynCom33_vs_Mock_log2FoldChange,Flg22_SynCom35_vs_Mock_pvalue,Flg22_SynCom35_vs_Mock_padj,Flg22_SynCom35_vs_Mock_log2FoldChange,Flg22_vs_Mock,Flg22_SynCom33_vs_Mock,Flg22_SynCom35_vs_Mock,cl
AT4G26910.3,GO:0004149,,4,13519811,13522442,-,2631,protein_coding,"Dihydrolipoyllysine-residue succinyltransferase component of 2-oxoglutarate dehydrogenase complex 2, mitochondrial [Source:UniProtKB/Swiss-Prot;Acc:Q8H107]",0.11379353587803896,0.5445875163983853,-0.22863075547242162,0.6335978904317839,0.8839264357562517,-0.06885253949376038,0.037449527710540845,0.27384328817835085,-0.30083116949558897,0,0,0,10
AT4G26910.1,GO:0004149,,4,13519811,13523222,-,3411,protein_coding,"Dihydrolipoyllysine-residue succinyltransferase component of 2-oxoglutarate dehydrogenase complex 2, mitochondrial [Source:UniProtKB/Swiss-Prot;Acc:Q8H107]",0.7988483015933889,0.9656771389215525,0.07906386258324617,0.7929580907137475,0.9421568793178766,-0.08152754302747582,0.27516589727745017,0.682150388870844,-0.33939426443045206,0,0,0,2
AT4G26910.2,GO:0004149,,4,13519811,13523405,-,3594,protein_coding,"Dihydrolipoyllysine-residue succinyltransferase component of 2-oxoglutarate dehydrogenase complex 2, mitochondrial [Source:UniProtKB/Swiss-Prot;Acc:Q8H107]",0.30308483041255513,0.771741999453079,0.15952711739633305,0.6315441650389149,0.8826645650710258,-0.07452957045104411,0.016201751044425526,0.17065749852311266,-0.37489809226327087,0,0,0,2
AT5G55070.1,GO:0004149,,5,22347211,22350827,+,3616,protein_coding,"Dihydrolipoyllysine-residue succinyltransferase component of 2-oxoglutarate dehydrogenase complex 1, mitochondrial [Source:UniProtKB/Swiss-Prot;Acc:Q9FLQ4]",0.7540029016611376,0.9536680589281199,0.0375433336350215,0.2032377914384523,0.5662177118761819,-0.15263563815914247,0.05241147617212956,0.3287653612154523,-0.23267825802277065,0,0,0,2
AT5G55070.2,GO:0004149,,5,22347211,22351168,+,3957,protein_coding,"Dihydrolipoyllysine-residue succinyltransferase component of 2-oxoglutarate dehydrogenase complex 1, mitochondrial [Source:UniProtKB/Swiss-Prot;Acc:Q9FLQ4]",0.8772787154970263,0.9821556512710204,-0.15440241008611183,0.19128459441961038,0.551492113598023,-1.32481186862033,0.87130187235644,0.9699650789268321,0.16155929186900492,0,-0,0,3
