ID,Path,Gene,Chromosome,Start,End,Strand,Length,BioType,Description,Flg22_vs_Mock_pvalue,Flg22_vs_Mock_padj,Flg22_vs_Mock_log2FoldChange,Flg22_SynCom33_vs_Mock_pvalue,Flg22_SynCom33_vs_Mock_padj,Flg22_SynCom33_vs_Mock_log2FoldChange,Flg22_SynCom35_vs_Mock_pvalue,Flg22_SynCom35_vs_Mock_padj,Flg22_SynCom35_vs_Mock_log2FoldChange,Flg22_vs_Mock,Flg22_SynCom33_vs_Mock,Flg22_SynCom35_vs_Mock,cl
AT3G05360.1,GO:0032491,RLP30,3,1530668,1533361,-,2693,protein_coding,Receptor-like protein 30 [Source:UniProtKB/Swiss-Prot;Acc:Q9MA83],0.6365043844828338,0.925881592848161,-0.13329341650016463,0.0337082952526732,0.2245782538299838,-0.6007145342752624,4.4113410913015876e-5,0.0025866128857510253,-1.1601630519206527,0,0,-1,2
AT3G21630.1,GO:0032491,CERK1,3,7615357,7618671,-,3314,protein_coding,Chitin elicitor receptor kinase 1 [Source:UniProtKB/Swiss-Prot;Acc:A8R7E6],0.3086503915971163,0.77476531221676,-0.17033416350621247,0.8533247889385491,0.9608909814462352,0.030895528477774967,0.12323893671445292,0.49280030423904186,-0.25790006519587333,0,0,0,10
