ID,Path,Gene,Chromosome,Start,End,Strand,Length,BioType,Description,Flg22_vs_Mock_pvalue,Flg22_vs_Mock_padj,Flg22_vs_Mock_log2FoldChange,Flg22_SynCom33_vs_Mock_pvalue,Flg22_SynCom33_vs_Mock_padj,Flg22_SynCom33_vs_Mock_log2FoldChange,Flg22_SynCom35_vs_Mock_pvalue,Flg22_SynCom35_vs_Mock_padj,Flg22_SynCom35_vs_Mock_log2FoldChange,Flg22_vs_Mock,Flg22_SynCom33_vs_Mock,Flg22_SynCom35_vs_Mock,cl
AT1G54340.1,GO:0006739,ICDH,1,20283326,20286786,+,3460,protein_coding,Peroxisomal isocitrate dehydrogenase [NADP] [Source:UniProtKB/Swiss-Prot;Acc:Q9SLK0],0.2250188251322724,0.7017930357126057,0.1861216276097247,0.18550247618430646,0.5442335134696357,-0.20390124734871728,0.044210038519400044,0.2990116632736832,-0.3099286912338485,0,0,0,2
AT1G54340.2,GO:0006739,ICDH,1,20283393,20286786,+,3393,protein_coding,Peroxisomal isocitrate dehydrogenase [NADP] [Source:UniProtKB/Swiss-Prot;Acc:Q9SLK0],0.025829215312053233,0.26424475898682365,0.7805415199190474,0.3027017252828066,0.670496953906181,0.3646204633347206,0.5214255056209349,0.8441759632724396,-0.23050930540476142,0,0,0,7
AT1G65930.1,GO:0006739,CICDH,1,24538886,24542712,+,3826,protein_coding,Isocitrate dehydrogenase [NADP] [Source:UniProtKB/TrEMBL;Acc:A0A178W7K0],0.31371769788634635,0.7796609716911944,0.12064459336709343,0.303428320869926,0.6709871286676982,0.12323924696250411,0.2189701002241209,0.62284023069187755,0.1471930445812056,0,0,0,6
AT5G14590.1,GO:0006739,,5,4703298,4706826,-,3528,protein_coding,"Isocitrate dehydrogenase [NADP], chloroplastic/mitochondrial [Source:UniProtKB/Swiss-Prot;Acc:Q8LPJ5]",0.013633708045005834,0.18558107650536462,0.2403903778051124,0.030171495395016786,0.2107770632039608,-0.21366467876553621,0.0091464223179935,0.12004616919055518,-0.25656956173165546,0,0,0,7
AT5G19150.1,GO:0006739,,5,6426071,6428468,-,2397,protein_coding,ATP-dependent (S)-NAD(P)H-hydrate dehydratase [Source:UniProtKB/TrEMBL;Acc:A0A178UA58],0.9919796662266307,0.9981690165484822,0.0018499066213935975,0.838194816048255,0.9552647563225275,-0.037648302602951676,0.6586181831133814,0.9033595062178489,0.08087005129080443,0,0,0,4
AT5G49970.1,GO:0006739,PPOX1,5,20329103,20333172,+,4069,protein_coding,"Pyridoxine/pyridoxamine 5'-phosphate oxidase 1, chloroplastic [Source:UniProtKB/Swiss-Prot;Acc:Q9LTX3]",0.0017427131947773285,0.049458094527768746,0.32219869096209897,0.9289105857588745,0.9824903354725395,0.009315180952412721,0.21147918365890106,0.6140936874430708,0.12919750625602122,0,0,0,3
