ID,Path,Gene,Chromosome,Start,End,Strand,Length,BioType,Description,Flg22_vs_Mock_pvalue,Flg22_vs_Mock_padj,Flg22_vs_Mock_log2FoldChange,Flg22_SynCom33_vs_Mock_pvalue,Flg22_SynCom33_vs_Mock_padj,Flg22_SynCom33_vs_Mock_log2FoldChange,Flg22_SynCom35_vs_Mock_pvalue,Flg22_SynCom35_vs_Mock_padj,Flg22_SynCom35_vs_Mock_log2FoldChange,Flg22_vs_Mock,Flg22_SynCom33_vs_Mock,Flg22_SynCom35_vs_Mock,cl
AT3G06670.1,GO:0070878,,3,2105399,2113436,-,8037,protein_coding,Binding protein [Source:UniProtKB/TrEMBL;Acc:F4JC31],0.5911188207203288,0.910141178910532,0.03475300772004329,0.7718994800867719,0.9359719718613438,0.018769756423606336,0.9600496010312213,0.9904777929830886,-0.0032361749846796625,0,0,0,4
AT5G23080.1,GO:0070878,TGH,5,7742940,7749020,-,6080,protein_coding,G patch domain-containing protein TGH [Source:UniProtKB/Swiss-Prot;Acc:Q8GXN9],0.25856721380952463,0.7366718377858494,-0.2261131614690522,0.2519676911076794,0.6223797027882546,-0.22931731781746925,0.4574085718172498,0.8093208370066483,-0.1484492212281743,0,0,0,8
AT5G53060.1,GO:0070878,RCF3,5,21514896,21518547,+,3651,protein_coding,RNA-binding KH domain-containing protein RCF3 [Source:UniProtKB/Swiss-Prot;Acc:Q8W4B1],0.9734050500369861,0.9946817906507939,0.007028652965905831,0.6216123373084161,0.8780045634470809,0.10385199049556,0.3940022178786807,0.7690166301691852,0.17872223245943894,0,0,0,1
AT5G53060.3,GO:0070878,RCF3,5,21515009,21517705,+,2696,protein_coding,RNA-binding KH domain-containing protein RCF3 [Source:UniProtKB/Swiss-Prot;Acc:Q8W4B1],0.9951053642535231,0.9990643855951769,0.010777430944513104,0.2339667964642289,0.6026464794149806,-2.107970662330391,0.9550902801172075,0.9896443259135058,-0.09894319499727174,0,-0,0,3
