ID,Path,Gene,Chromosome,Start,End,Strand,Length,BioType,Description,Flg22_vs_Mock_pvalue,Flg22_vs_Mock_padj,Flg22_vs_Mock_log2FoldChange,Flg22_SynCom33_vs_Mock_pvalue,Flg22_SynCom33_vs_Mock_padj,Flg22_SynCom33_vs_Mock_log2FoldChange,Flg22_SynCom35_vs_Mock_pvalue,Flg22_SynCom35_vs_Mock_padj,Flg22_SynCom35_vs_Mock_log2FoldChange,Flg22_vs_Mock,Flg22_SynCom33_vs_Mock,Flg22_SynCom35_vs_Mock,cl
AT5G21105.1,GO:0008447,,5,7172604,7177985,+,5381,protein_coding,Plant L-ascorbate oxidase [Source:UniProtKB/TrEMBL;Acc:F4K6Z5],0.005234674545033625,0.10225137285978861,0.4197156317730391,0.0747056997627186,0.34810861865512244,-0.2694139652110972,0.6330540663641187,0.8948830559132714,0.07189934435996963,0,0,0,3
AT5G21105.2,GO:0008447,,5,7173926,7177841,+,3915,protein_coding,Plant L-ascorbate oxidase [Source:UniProtKB/TrEMBL;Acc:F4K6Z5],0.04531709547532751,0.3565283273887725,0.8049377744973805,0.9931544303133096,0.9978620192163213,0.0034841964711866914,0.942296056514702,0.986568336165163,0.029343997779178958,0,0,0,7
