ID,Path,Gene,Chromosome,Start,End,Strand,Length,BioType,Description,Flg22_vs_Mock_pvalue,Flg22_vs_Mock_padj,Flg22_vs_Mock_log2FoldChange,Flg22_SynCom33_vs_Mock_pvalue,Flg22_SynCom33_vs_Mock_padj,Flg22_SynCom33_vs_Mock_log2FoldChange,Flg22_SynCom35_vs_Mock_pvalue,Flg22_SynCom35_vs_Mock_padj,Flg22_SynCom35_vs_Mock_log2FoldChange,Flg22_vs_Mock,Flg22_SynCom33_vs_Mock,Flg22_SynCom35_vs_Mock,cl
AT1G17730.1,GO:0000578,CHMP1A,1,6099039,6100397,+,1358,protein_coding,ESCRT-related protein CHMP1A [Source:UniProtKB/Swiss-Prot;Acc:Q8LE58],0.8376404291174899,0.9713577338029399,0.022100086214047913,0.6168977419346711,0.8758137019485452,0.0539142287017522,0.9231347495251907,0.9825418024329171,0.010382654195908328,0,0,0,1
AT1G73030.1,GO:0000578,CHMP1B,1,27473763,27475122,+,1359,protein_coding,VPS46.2 [Source:UniProtKB/TrEMBL;Acc:A0A178W5G8],0.44542645808707515,0.859878740005311,-0.09609379391360164,0.920323793148254,0.9806278641994398,0.012582156202367387,0.4002094801350944,0.772211721483533,-0.10585499169939747,0,0,0,10
