ID,Path,Gene,Chromosome,Start,End,Strand,Length,BioType,Description,Flg22_vs_Mock_pvalue,Flg22_vs_Mock_padj,Flg22_vs_Mock_log2FoldChange,Flg22_SynCom33_vs_Mock_pvalue,Flg22_SynCom33_vs_Mock_padj,Flg22_SynCom33_vs_Mock_log2FoldChange,Flg22_SynCom35_vs_Mock_pvalue,Flg22_SynCom35_vs_Mock_padj,Flg22_SynCom35_vs_Mock_log2FoldChange,Flg22_vs_Mock,Flg22_SynCom33_vs_Mock,Flg22_SynCom35_vs_Mock,cl
AT1G17070.1,GO:0000390,STIPL1,1,5837590,5840332,+,2742,protein_coding,Septin and tuftelin-interacting protein 1 homolog 1 [Source:UniProtKB/Swiss-Prot;Acc:Q9SHG6],0.9119399544791142,0.9873131364742431,0.010110753247183666,0.5686392991757239,0.8519812132472423,-0.05234145841180706,0.9323791195647435,0.9849899819298554,-0.007729565554680109,0,0,0,4
AT2G42330.1,GO:0000390,STIPL2,2,17630729,17634299,-,3570,protein_coding,Septin and tuftelin-interacting protein 1 homolog 2 [Source:UniProtKB/Swiss-Prot;Acc:Q9SLC6],0.8767317541108205,0.9818966065462236,0.04911539659447198,0.19103405226490833,0.5512270418750275,0.41059082107267175,0.017061442123959686,0.1760893070005243,0.7432493745415655,0,0,0,1
AT2G42330.2,GO:0000390,STIPL2,2,17630856,17634299,-,3443,protein_coding,Septin and tuftelin-interacting protein 1 homolog 2 [Source:UniProtKB/Swiss-Prot;Acc:Q9SLC6],0.8954258653148728,0.9851838261895935,-0.02335474955338035,0.0967396277928207,0.3982300717562915,0.2934729244828294,0.6620361542691962,0.9047403583070569,-0.07762794287208302,0,0,0,5
AT3G26560.1,GO:0000390,,3,9749493,9753855,-,4362,protein_coding,Probable pre-mRNA-splicing factor ATP-dependent RNA helicase DEAH5 [Source:UniProtKB/Swiss-Prot;Acc:Q38953],0.5067639601777463,0.8826803479212264,-0.051207469359970725,0.12809774067551327,0.4544901144031494,-0.11757237672339736,0.6829719288884435,0.9122401050006969,-0.03143669800517144,0,0,0,4
