ID,Path,Gene,Chromosome,Start,End,Strand,Length,BioType,Description,Flg22_vs_Mock_pvalue,Flg22_vs_Mock_padj,Flg22_vs_Mock_log2FoldChange,Flg22_SynCom33_vs_Mock_pvalue,Flg22_SynCom33_vs_Mock_padj,Flg22_SynCom33_vs_Mock_log2FoldChange,Flg22_SynCom35_vs_Mock_pvalue,Flg22_SynCom35_vs_Mock_padj,Flg22_SynCom35_vs_Mock_log2FoldChange,Flg22_vs_Mock,Flg22_SynCom33_vs_Mock,Flg22_SynCom35_vs_Mock,cl
AT3G09070.1,GO:0022622,OPS,3,2768641,2771375,-,2734,protein_coding,"UPF0503 protein At3g09070, chloroplastic [Source:UniProtKB/Swiss-Prot;Acc:Q9SS80]",0.2917392519320694,0.7645655107401625,-0.2345779228139875,7.952674328857511e-4,0.018935676820934243,-0.751967901445024,0.8715784297600141,0.969992734333449,0.03583478034178984,0,0,0,4
AT4G08480.1,GO:0022622,MEKK2,4,5387351,5391575,-,4224,protein_coding,Mitogen-activated protein kinase kinase kinase 9 [Source:UniProtKB/Swiss-Prot;Acc:O81472],0.5221930279152907,0.8888101661867417,-0.10392822110431346,0.6079698200703638,0.8720556827804652,-0.08328219171448045,0.8412463358257856,0.9612970734752376,0.03234680286045617,0,0,0,4
AT4G08500.1,GO:0022622,MEKK1,4,5403671,5407320,-,3649,protein_coding,Mitogen-activated protein kinase kinase kinase 1 [Source:UniProtKB/Swiss-Prot;Acc:Q39008],0.38593945654193057,0.8308777278607344,0.09215807914628864,0.7027431722879849,0.9128532114017813,0.04064687985043234,0.12481141004278959,0.49550756306459537,-0.16413185779317863,0,0,0,7
AT5G51451.1,GO:0022622,RGF5,5,20898108,20898775,+,667,protein_coding,Root meristem growth factor 5 [Source:UniProtKB/Swiss-Prot;Acc:B3H5J1],0.4903320281183104,0.8768902716239193,-0.46463690727895285,0.4214708575611423,NA,-0.545262695951353,0.3475570690191536,NA,-0.6371485606979593,0,0,0,8
