ID,Path,Gene,Chromosome,Start,End,Strand,Length,BioType,Description,Flg22_vs_Mock_pvalue,Flg22_vs_Mock_padj,Flg22_vs_Mock_log2FoldChange,Flg22_SynCom33_vs_Mock_pvalue,Flg22_SynCom33_vs_Mock_padj,Flg22_SynCom33_vs_Mock_log2FoldChange,Flg22_SynCom35_vs_Mock_pvalue,Flg22_SynCom35_vs_Mock_padj,Flg22_SynCom35_vs_Mock_log2FoldChange,Flg22_vs_Mock,Flg22_SynCom33_vs_Mock,Flg22_SynCom35_vs_Mock,cl
AT1G70570.1,GO:0004048,,1,26608600,26612349,+,3749,protein_coding,Anthranilate phosphoribosyltransferase [Source:UniProtKB/TrEMBL;Acc:F4I5H7],0.8004701580785996,0.9659645699612119,0.022914278346354518,0.5835164773329193,0.8598943472612578,-0.04983656703391468,0.2557110903344982,0.6639932446052194,-0.10319643675312974,0,0,0,3
AT5G17990.1,GO:0004048,PAT1,5,5957080,5960201,+,3121,protein_coding,"Anthranilate phosphoribosyltransferase, chloroplastic [Source:UniProtKB/Swiss-Prot;Acc:Q02166]",3.1992027675364927e-6,4.480643436073235e-4,0.8166307996988973,0.018263063336632995,0.15693732349525213,0.41482515270049675,0.23833388030944275,0.6465031562165491,-0.20813646542158512,0,0,0,7
