ID,Path,Gene,Chromosome,Start,End,Strand,Length,BioType,Description,Flg22_vs_Mock_pvalue,Flg22_vs_Mock_padj,Flg22_vs_Mock_log2FoldChange,Flg22_SynCom33_vs_Mock_pvalue,Flg22_SynCom33_vs_Mock_padj,Flg22_SynCom33_vs_Mock_log2FoldChange,Flg22_SynCom35_vs_Mock_pvalue,Flg22_SynCom35_vs_Mock_padj,Flg22_SynCom35_vs_Mock_log2FoldChange,Flg22_vs_Mock,Flg22_SynCom33_vs_Mock,Flg22_SynCom35_vs_Mock,cl
AT1G36280.1,GO:0070626,,1,13640508,13643122,+,2614,protein_coding,Adenylosuccinate lyase [Source:UniProtKB/TrEMBL;Acc:Q8GUN7],0.2883155581442253,0.7618671814796104,-0.22602140301073834,0.08886313897826166,0.3812959141282729,-0.3637298129498082,0.8310936225976198,0.958616438824633,-0.04510412735111604,0,0,0,8
AT4G18440.1,GO:0070626,,4,10186073,10188981,-,2908,protein_coding,Adenylosuccinate lyase [Source:UniProtKB/TrEMBL;Acc:Q8RY94],0.2070075460505518,0.682255367975292,-0.3635663109397499,0.09590354748190691,0.3963226999859526,-0.48045647801837116,0.3100202603643906,0.7103302308425247,0.29062260301844606,0,0,0,4
