ID,Path,Gene,Chromosome,Start,End,Strand,Length,BioType,Description,Flg22_vs_Mock_pvalue,Flg22_vs_Mock_padj,Flg22_vs_Mock_log2FoldChange,Flg22_SynCom33_vs_Mock_pvalue,Flg22_SynCom33_vs_Mock_padj,Flg22_SynCom33_vs_Mock_log2FoldChange,Flg22_SynCom35_vs_Mock_pvalue,Flg22_SynCom35_vs_Mock_padj,Flg22_SynCom35_vs_Mock_log2FoldChange,Flg22_vs_Mock,Flg22_SynCom33_vs_Mock,Flg22_SynCom35_vs_Mock,cl
AT1G67110.1,GO:0033466,CYP735A2,1,25061673,25065446,-,3773,protein_coding,Cytokinin hydroxylase [Source:UniProtKB/Swiss-Prot;Acc:Q9ZW95],0.02886942828793863,0.28092747669551843,-0.8388118713913552,0.423428133501721,0.7652164762886227,-0.30596834977360254,0.08324651687556982,0.41076954534521753,0.6587167379661758,0,0,0,4
AT1G67110.2,GO:0033466,CYP735A2,1,25063472,25065446,-,1974,protein_coding,Cytokinin hydroxylase [Source:UniProtKB/Swiss-Prot;Acc:Q9ZW95],0.40520710150119116,0.8403341915918284,-0.6001875708924809,0.7337428537225257,0.923790960024197,-0.24331376502212124,0.9916872222822176,NA,-0.007407610232992754,0,0,0,1
AT5G38450.1,GO:0033466,CYP735A1,5,15393720,15397295,-,3575,protein_coding,Cytokinin hydroxylase [Source:UniProtKB/Swiss-Prot;Acc:Q9FF18],0.1161463080134451,0.5495307748139011,-0.6982791286710774,0.23670991396061428,0.6057340225691796,-0.5238109840425564,0.6153820825544642,0.8868652237616831,-0.2206553177383156,0,0,0,8
