ID,Path,Gene,Chromosome,Start,End,Strand,Length,BioType,Description,Flg22_vs_Mock_pvalue,Flg22_vs_Mock_padj,Flg22_vs_Mock_log2FoldChange,Flg22_SynCom33_vs_Mock_pvalue,Flg22_SynCom33_vs_Mock_padj,Flg22_SynCom33_vs_Mock_log2FoldChange,Flg22_SynCom35_vs_Mock_pvalue,Flg22_SynCom35_vs_Mock_padj,Flg22_SynCom35_vs_Mock_log2FoldChange,Flg22_vs_Mock,Flg22_SynCom33_vs_Mock,Flg22_SynCom35_vs_Mock,cl
AT1G01910.4,GO:0071816,,1,313101,315980,-,2879,protein_coding,ATPase [Source:UniProtKB/TrEMBL;Acc:A0A178WPT5],0.2787418408020572,0.7536522879060256,0.4767160665618379,0.2941565910814945,0.6616266761611584,0.46187536383623995,0.9971720379571977,0.9995751679663003,0.001569813583560203,0,0,0,9
AT1G01910.2,GO:0071816,,1,313154,316090,-,2936,protein_coding,ATPase [Source:UniProtKB/TrEMBL;Acc:A0A178WPT5],0.7761053805658347,0.9598585171710462,-0.18079980052277642,0.15369854909184014,0.49673391466010847,0.9030228625565264,0.11120927596469574,0.471337888449591,1.007725433872111,0,0,0,1
AT1G01910.3,GO:0071816,,1,313210,315902,-,2692,protein_coding,ATPase [Source:UniProtKB/TrEMBL;Acc:A0A178WPT5],0.14830618719079736,0.6055691850439395,-0.5231320108167653,0.9498054765682966,0.9892187448899618,-0.022685404786700163,0.5895924844085547,0.8770011161049346,-0.19451186291163425,0,0,0,10
AT1G01910.1,GO:0071816,,1,313215,315925,-,2710,protein_coding,ATPase [Source:UniProtKB/TrEMBL;Acc:A0A178WPT5],0.36886333543362154,0.8170054072396122,-0.16583331927464007,0.040436477240490196,0.24943806502985758,-0.3795632407599196,0.4806166964839958,0.8224806716379757,-0.12994735898145698,0,0,0,8
AT1G01910.5,GO:0071816,,1,313229,315902,-,2673,protein_coding,ATPase [Source:UniProtKB/TrEMBL;Acc:A0A178WPT5],0.882281808893343,0.9829583821909567,-0.07037819315219786,0.11368448514641775,0.43006843930565747,-0.7552273912092403,0.2779161640766093,0.6838791751608709,-0.5167840522921066,0,0,0,2
AT4G16444.1,GO:0071816,,4,9274438,9276447,-,2009,protein_coding,At4g16444 [Source:UniProtKB/TrEMBL;Acc:Q1H5D2],0.3117019825529193,0.7776863127540592,0.17079888528367163,0.31647298443162614,0.6818411448914083,0.16919503537077485,0.5849808643874441,0.8754240409851898,-0.09282406954648509,0,0,0,9
