ID,Path,Gene,Chromosome,Start,End,Strand,Length,BioType,Description,Flg22_vs_Mock_pvalue,Flg22_vs_Mock_padj,Flg22_vs_Mock_log2FoldChange,Flg22_SynCom33_vs_Mock_pvalue,Flg22_SynCom33_vs_Mock_padj,Flg22_SynCom33_vs_Mock_log2FoldChange,Flg22_SynCom35_vs_Mock_pvalue,Flg22_SynCom35_vs_Mock_padj,Flg22_SynCom35_vs_Mock_log2FoldChange,Flg22_vs_Mock,Flg22_SynCom33_vs_Mock,Flg22_SynCom35_vs_Mock,cl
AT1G47600.1,GO:0102799,TGG4,1,17491731,17494779,+,3048,protein_coding,Myrosinase 4 [Source:UniProtKB/Swiss-Prot;Acc:Q8GRX1],0.8244229070405701,0.968944803618052,-0.06079844676072765,0.002522965714914301,0.04361577643704074,0.827192050031409,0.4361757017183438,0.797010886767086,-0.21340298884199052,0,0,0,5
AT1G51470.1,GO:0102799,TGG5,1,19087384,19090523,+,3139,protein_coding,Myrosinase 5 [Source:UniProtKB/Swiss-Prot;Acc:Q3ECS3],1.1267725414708794e-6,1.9363205925853252e-4,-1.28667848747407,0.8875958517355488,0.9707738783124256,-0.0372836759043626,0.42054486992835066,0.7855173401213235,-0.21248342917204785,-1,0,0,1
