ID,Path,Gene,Chromosome,Start,End,Strand,Length,BioType,Description,Flg22_vs_Mock_pvalue,Flg22_vs_Mock_padj,Flg22_vs_Mock_log2FoldChange,Flg22_SynCom33_vs_Mock_pvalue,Flg22_SynCom33_vs_Mock_padj,Flg22_SynCom33_vs_Mock_log2FoldChange,Flg22_SynCom35_vs_Mock_pvalue,Flg22_SynCom35_vs_Mock_padj,Flg22_SynCom35_vs_Mock_log2FoldChange,Flg22_vs_Mock,Flg22_SynCom33_vs_Mock,Flg22_SynCom35_vs_Mock,cl
AT3G18790.1,GO:0000384,,3,6477661,6479582,+,1921,protein_coding,AT3G18790 protein [Source:UniProtKB/TrEMBL;Acc:Q9LS97],0.764748891556706,0.9571339617671963,-0.03762850464015828,0.30740104631523785,0.6745987113710903,-0.12879243311776295,0.8208233362587838,0.9549479096529725,0.028348217735999385,0,0,0,4
AT3G47120.1,GO:0000384,,3,17350961,17352838,-,1877,protein_coding,Zinc finger CCCH domain-containing protein 42 [Source:UniProtKB/Swiss-Prot;Acc:Q9SD61],0.674018982919615,0.9356602967833784,0.03988361686787588,0.7857713252734271,0.9408094867507961,-0.025927048890876506,0.4183048191991883,0.7843793281095675,-0.07694850416136408,0,0,0,3
