ID,Path,Gene,Chromosome,Start,End,Strand,Length,BioType,Description,Flg22_vs_Mock_pvalue,Flg22_vs_Mock_padj,Flg22_vs_Mock_log2FoldChange,Flg22_SynCom33_vs_Mock_pvalue,Flg22_SynCom33_vs_Mock_padj,Flg22_SynCom33_vs_Mock_log2FoldChange,Flg22_SynCom35_vs_Mock_pvalue,Flg22_SynCom35_vs_Mock_padj,Flg22_SynCom35_vs_Mock_log2FoldChange,Flg22_vs_Mock,Flg22_SynCom33_vs_Mock,Flg22_SynCom35_vs_Mock,cl
AT3G07740.3,GO:0035065,ADA2A,3,2469783,2472636,-,2853,protein_coding,Transcriptional adapter [Source:UniProtKB/TrEMBL;Acc:F4JFM6],0.8849855254622474,0.9836697919951837,0.025210152040348162,0.8539839164861338,0.9608909814462352,0.032078178924910834,0.17790300338933177,0.5737719081964591,-0.2362028234333389,0,0,0,2
AT3G07740.1,GO:0035065,ADA2A,3,2469783,2473095,-,3312,protein_coding,Transcriptional adapter [Source:UniProtKB/TrEMBL;Acc:F4JFM6],0.8591349315872195,0.9777456097747521,0.3060915975331284,0.8920934734020446,0.971575766937266,0.2340188765869085,0.518886909566769,0.842845268405734,1.110575833682822,0,0,0,6
