ID,Path,Gene,Chromosome,Start,End,Strand,Length,BioType,Description,Flg22_vs_Mock_pvalue,Flg22_vs_Mock_padj,Flg22_vs_Mock_log2FoldChange,Flg22_SynCom33_vs_Mock_pvalue,Flg22_SynCom33_vs_Mock_padj,Flg22_SynCom33_vs_Mock_log2FoldChange,Flg22_SynCom35_vs_Mock_pvalue,Flg22_SynCom35_vs_Mock_padj,Flg22_SynCom35_vs_Mock_log2FoldChange,Flg22_vs_Mock,Flg22_SynCom33_vs_Mock,Flg22_SynCom35_vs_Mock,cl
AT3G07740.3,GO:0035066,ADA2A,3,2469783,2472636,-,2853,protein_coding,Transcriptional adapter [Source:UniProtKB/TrEMBL;Acc:F4JFM6],0.8849855254622474,0.9836697919951837,0.025210152040348162,0.8539839164861338,0.9608909814462352,0.032078178924910834,0.17790300338933177,0.5737719081964591,-0.2362028234333389,0,0,0,2
AT3G07740.1,GO:0035066,ADA2A,3,2469783,2473095,-,3312,protein_coding,Transcriptional adapter [Source:UniProtKB/TrEMBL;Acc:F4JFM6],0.8591349315872195,0.9777456097747521,0.3060915975331284,0.8920934734020446,0.971575766937266,0.2340188765869085,0.518886909566769,0.842845268405734,1.110575833682822,0,0,0,6
AT4G16420.3,GO:0035066,ADA2B,4,9262621,9266086,-,3465,protein_coding,Transcriptional adapter ADA2b [Source:UniProtKB/Swiss-Prot;Acc:Q9ATB4],0.9947647147431979,0.9990179300711909,0.0016723753129006434,0.9620306357210259,0.9915765327039844,0.012133674375140848,0.11393869930645474,0.4770204804962151,0.40049044100657855,0,0,0,4
AT4G16420.2,GO:0035066,ADA2B,4,9262621,9266157,-,3536,protein_coding,Transcriptional adapter ADA2b [Source:UniProtKB/Swiss-Prot;Acc:Q9ATB4],0.8861820768058444,0.9837440685142131,-0.04237295525378499,0.20353862833672134,0.5667038225735622,0.3740752777079835,0.49850089400098163,0.8321389231972239,-0.20065728353577914,0,0,0,5
AT4G16420.1,GO:0035066,ADA2B,4,9262621,9266157,-,3536,protein_coding,Transcriptional adapter ADA2b [Source:UniProtKB/Swiss-Prot;Acc:Q9ATB4],0.6698189899069749,0.9345636444652456,0.16501149245193325,0.631301223578713,0.8826055701905317,-0.18643712672893148,0.3205874303521086,0.7183953427171228,-0.3864077595326246,0,0,0,2
AT4G21070.1,GO:0035066,BRCA1,4,11247991,11252757,+,4766,protein_coding,Protein BREAST CANCER SUSCEPTIBILITY 1 homolog [Source:UniProtKB/Swiss-Prot;Acc:Q8RXD4],0.29399400136420906,0.7659813944947316,-0.23896449574645118,0.017413095872089994,0.15212832084287398,-0.5502241158642962,0.3582074202925505,0.7452870463891879,0.20502586589171176,0,0,0,4
