ID,Path,Gene,Chromosome,Start,End,Strand,Length,BioType,Description,Flg22_vs_Mock_pvalue,Flg22_vs_Mock_padj,Flg22_vs_Mock_log2FoldChange,Flg22_SynCom33_vs_Mock_pvalue,Flg22_SynCom33_vs_Mock_padj,Flg22_SynCom33_vs_Mock_log2FoldChange,Flg22_SynCom35_vs_Mock_pvalue,Flg22_SynCom35_vs_Mock_padj,Flg22_SynCom35_vs_Mock_log2FoldChange,Flg22_vs_Mock,Flg22_SynCom33_vs_Mock,Flg22_SynCom35_vs_Mock,cl
AT3G54610.1,GO:0043970,HAG1,3,20213406,20217653,+,4247,protein_coding,Histone acetyltransferase GCN5 [Source:UniProtKB/Swiss-Prot;Acc:Q9AR19],0.12551616407933847,0.5674809176230383,0.1624764580394157,0.09762954393835915,0.399732425713948,0.17563961970904857,0.17322082503810604,0.567758393564953,0.14391130856309697,0,0,0,6
AT5G09230.6,GO:0043970,SRT2,5,2871365,2873789,+,2424,protein_coding,sirtuin 2 [Source:TAIR;Acc:AT5G09230],0.6548716087331246,0.9293565154053939,-0.438856363543152,0.828599507843585,0.9523464747574365,-0.21232458920458988,0.9652958373922923,0.9919443273438805,-0.042623608915115054,0,0,0,8
AT5G09230.5,GO:0043970,SRT2,5,2871369,2873789,+,2420,protein_coding,sirtuin 2 [Source:TAIR;Acc:AT5G09230],0.5106663773307201,0.8839818232185205,0.3222191199309761,0.6858956058627057,0.9066354760683117,0.19832067668733278,0.8975763155060105,0.9768339364174251,-0.0632180822399636,0,0,0,7
AT5G09230.3,GO:0043970,SRT2,5,2871393,2873789,+,2396,protein_coding,sirtuin 2 [Source:TAIR;Acc:AT5G09230],0.3741113969548001,0.8213401529152472,-0.5425848029340473,0.281139069533995,0.6510176969591779,-0.6591024464287987,0.2648030382902933,0.673191937329875,-0.6812991858701826,0,0,0,8
AT5G55760.1,GO:0043970,SRT1,5,22567222,22571008,+,3786,protein_coding,SRT1 [Source:UniProtKB/TrEMBL;Acc:A0A178UR49],0.8276644303652816,0.969723826381849,-0.036068647528971896,0.07261311305484389,0.3428639184067975,-0.3049062186430767,0.9798301036566456,0.995521142960847,0.004147666866811569,0,0,0,3
