ID,Path,Gene,Chromosome,Start,End,Strand,Length,BioType,Description,Flg22_vs_Mock_pvalue,Flg22_vs_Mock_padj,Flg22_vs_Mock_log2FoldChange,Flg22_SynCom33_vs_Mock_pvalue,Flg22_SynCom33_vs_Mock_padj,Flg22_SynCom33_vs_Mock_log2FoldChange,Flg22_SynCom35_vs_Mock_pvalue,Flg22_SynCom35_vs_Mock_padj,Flg22_SynCom35_vs_Mock_log2FoldChange,Flg22_vs_Mock,Flg22_SynCom33_vs_Mock,Flg22_SynCom35_vs_Mock,cl
AT2G46370.2,GO:0018117,JAR1,2,19033586,19036683,+,3097,protein_coding,Auxin-responsive GH3 family protein [Source:UniProtKB/TrEMBL;Acc:F4II77],0.2841165024384939,0.7584400088330262,-0.5282150477415289,0.15402029193426284,0.49699598733590866,-0.7048736481116863,0.015529812185909755,0.16605165403049638,-1.2052478213417428,0,0,-0,2
AT2G46370.4,GO:0018117,JAR1,2,19033741,19036445,+,2704,protein_coding,Auxin-responsive GH3 family protein [Source:UniProtKB/TrEMBL;Acc:F4II77],0.6464020750361856,0.9273604099470842,0.663630873120238,0.6608503589402823,0.8966884973934139,0.6348052446940999,0.8649874239281133,NA,0.2464799022247705,0,0,0,9
AT2G46370.1,GO:0018117,JAR1,2,19033790,19036659,+,2869,protein_coding,Auxin-responsive GH3 family protein [Source:UniProtKB/TrEMBL;Acc:F4II77],0.09841147139268651,0.5130293707232653,0.3911104190476448,0.40381609166679205,0.751163878493034,0.1978230461324536,0.44334626911591957,0.8012887021633215,-0.18203345695763903,0,0,0,7
AT2G46370.3,GO:0018117,JAR1,2,19033790,19036659,+,2869,protein_coding,Auxin-responsive GH3 family protein [Source:UniProtKB/TrEMBL;Acc:F4II77],0.6503877382325249,0.927947997411851,-0.0808867464892343,0.5033230789065852,0.8148186880155099,0.11929586621859958,0.4811169668554318,0.8224899077577839,-0.12570470758093247,0,0,0,10
