ID,Path,Gene,Chromosome,Start,End,Strand,Length,BioType,Description,Flg22_vs_Mock_pvalue,Flg22_vs_Mock_padj,Flg22_vs_Mock_log2FoldChange,Flg22_SynCom33_vs_Mock_pvalue,Flg22_SynCom33_vs_Mock_padj,Flg22_SynCom33_vs_Mock_log2FoldChange,Flg22_SynCom35_vs_Mock_pvalue,Flg22_SynCom35_vs_Mock_padj,Flg22_SynCom35_vs_Mock_log2FoldChange,Flg22_vs_Mock,Flg22_SynCom33_vs_Mock,Flg22_SynCom35_vs_Mock,cl
AT1G12550.1,GO:0016618,HPR3,1,4274531,4276031,+,1500,protein_coding,Glyoxylate/hydroxypyruvate reductase HPR3 [Source:UniProtKB/Swiss-Prot;Acc:Q9LE33],0.31553854180636476,0.7805837759019768,-0.25246183523706284,0.3382800281373907,0.700058627221703,0.236008012855115,0.666689674236068,0.9064938314007508,-0.10722205941314436,0,0,0,5
AT1G79870.1,GO:0016618,HPR2,1,30044746,30046148,+,1402,protein_coding,Glyoxylate/hydroxypyruvate reductase A HPR2 [Source:UniProtKB/Swiss-Prot;Acc:Q9CA90],0.8072944218206797,0.966254819317097,-0.02858347679325679,0.8168159061182044,0.9497862177721881,-0.027149549534449657,0.8339763789071544,0.9593021144512703,-0.02452828174133467,0,0,0,4
AT2G45630.2,GO:0016618,,2,18795988,18797263,+,1275,protein_coding,D-isomer specific 2-hydroxyacid dehydrogenase family protein [Source:UniProtKB/TrEMBL;Acc:Q67Y01],0.015090484475836757,0.19587560734599788,-0.6236897471909145,0.019196629548991352,0.16120477633513824,-0.6004846468795295,0.10694228145971202,0.4630700877173779,-0.40675371433475377,0,0,0,8
AT5G28310.1,GO:0016618,,5,10300117,10301844,-,1727,protein_coding,NAD(P)-binding Rossmann-fold superfamily protein [Source:UniProtKB/TrEMBL;Acc:F4K732],0.7908469268954357,NA,0.488439783900384,0.4601652465631785,NA,1.3140915694572788,0.4296454624447009,NA,1.3977108438989372,0,0,0,1
