ID,Path,Gene,Chromosome,Start,End,Strand,Length,BioType,Description,Flg22_vs_Mock_pvalue,Flg22_vs_Mock_padj,Flg22_vs_Mock_log2FoldChange,Flg22_SynCom33_vs_Mock_pvalue,Flg22_SynCom33_vs_Mock_padj,Flg22_SynCom33_vs_Mock_log2FoldChange,Flg22_SynCom35_vs_Mock_pvalue,Flg22_SynCom35_vs_Mock_padj,Flg22_SynCom35_vs_Mock_log2FoldChange,Flg22_vs_Mock,Flg22_SynCom33_vs_Mock,Flg22_SynCom35_vs_Mock,cl
AT1G35720.1,GO:0110128,ANN1,1,13225168,13227239,+,2071,protein_coding,Annexin [Source:UniProtKB/TrEMBL;Acc:A0A178WGZ8],0.13378847660927554,0.5816465960425915,-0.23809622198767322,0.4948983927995225,0.8095719064468637,-0.10837951506181338,0.009398591932104417,0.12242085798731352,0.41226971836563214,0,0,0,4
AT5G65020.1,GO:0110128,ANN2,5,25973804,25975726,+,1922,protein_coding,Annexin D2 [Source:UniProtKB/Swiss-Prot;Acc:Q9XEE2],0.012634662833723366,0.17714652598603597,0.4404747547071263,0.019166293092498166,0.1610591719013866,0.41371518119626405,0.9493530059942227,0.9882917899922874,0.011224451336621312,0,0,0,9
AT5G65020.2,GO:0110128,ANN2,5,25973968,25975721,+,1753,protein_coding,Annexin D2 [Source:UniProtKB/Swiss-Prot;Acc:Q9XEE2],0.6039162276493126,0.914445150951007,-0.44167310521956454,0.8061817961093238,0.9464888817592991,-0.20831478812919388,0.03265033279925973,0.25558507145535625,-1.8723073716151357,0,0,-0,2
