ID,Path,Gene,Chromosome,Start,End,Strand,Length,BioType,Description,Flg22_vs_Mock_pvalue,Flg22_vs_Mock_padj,Flg22_vs_Mock_log2FoldChange,Flg22_SynCom33_vs_Mock_pvalue,Flg22_SynCom33_vs_Mock_padj,Flg22_SynCom33_vs_Mock_log2FoldChange,Flg22_SynCom35_vs_Mock_pvalue,Flg22_SynCom35_vs_Mock_padj,Flg22_SynCom35_vs_Mock_log2FoldChange,Flg22_vs_Mock,Flg22_SynCom33_vs_Mock,Flg22_SynCom35_vs_Mock,cl
AT2G28830.1,GO:0050777,PUB12,2,12368220,12370420,-,2200,protein_coding,PLANT U-BOX 12 [Source:TAIR;Acc:AT2G28830],0.8665456586282718,0.9790948748655727,-0.05259007642230826,0.4845819572037224,0.803041449775846,-0.21987944698013254,0.6436615338715713,0.8994661467171389,-0.14481810042288137,0,0,0,3
AT2G33550.1,GO:0050777,ASR3,2,14209982,14211693,-,1711,protein_coding,Trihelix transcription factor ASR3 [Source:UniProtKB/Swiss-Prot;Acc:Q8VZ20],0.35540794462887015,0.8098374633530693,0.19188700311373605,0.02742072771313639,0.20041435627638185,-0.4600665195284535,0.0374685088469604,0.27384328817835085,-0.4336033955508095,0,0,0,2
AT3G46510.1,GO:0050777,PUB13,3,17123731,17126897,-,3166,protein_coding,U-box domain-containing protein 13 [Source:UniProtKB/Swiss-Prot;Acc:Q9SNC6],0.009125414258935594,0.14523407886763917,-0.21514192438415108,0.4955795763440842,0.8101269918194036,-0.056068236594845326,0.3120640196169872,0.711803627841136,-0.08307884549012891,0,0,0,8
