ID,Path,Gene,Chromosome,Start,End,Strand,Length,BioType,Description,Flg22_vs_Mock_pvalue,Flg22_vs_Mock_padj,Flg22_vs_Mock_log2FoldChange,Flg22_SynCom33_vs_Mock_pvalue,Flg22_SynCom33_vs_Mock_padj,Flg22_SynCom33_vs_Mock_log2FoldChange,Flg22_SynCom35_vs_Mock_pvalue,Flg22_SynCom35_vs_Mock_padj,Flg22_SynCom35_vs_Mock_log2FoldChange,Flg22_vs_Mock,Flg22_SynCom33_vs_Mock,Flg22_SynCom35_vs_Mock,cl
AT3G28430.1,GO:0044090,TT9,3,10656979,10662772,-,5793,protein_coding,Protein TRANSPARENT TESTA 9 [Source:UniProtKB/Swiss-Prot;Acc:Q8W4P9],0.6689621474574998,0.9342093198926537,0.0638296580580812,0.82961474303605,0.9526250401575096,-0.0321898412923357,0.6175656876470333,0.8881998269991442,-0.07462067848858958,0,0,0,3
AT4G16144.1,GO:0044090,AMSH3,4,9137789,9141772,-,3983,protein_coding,associated molecule with the SH3 domain of STAM 3 [Source:TAIR;Acc:AT4G16144],0.28139180865447366,0.7562185505344393,0.14708390858988146,0.6612670142730008,0.8966884973934139,0.05999003299502675,0.3788905580701669,0.7602459588033423,-0.12079541366269245,0,0,0,7
