ID,Path,Gene,Chromosome,Start,End,Strand,Length,BioType,Description,Flg22_vs_Mock_pvalue,Flg22_vs_Mock_padj,Flg22_vs_Mock_log2FoldChange,Flg22_SynCom33_vs_Mock_pvalue,Flg22_SynCom33_vs_Mock_padj,Flg22_SynCom33_vs_Mock_log2FoldChange,Flg22_SynCom35_vs_Mock_pvalue,Flg22_SynCom35_vs_Mock_padj,Flg22_SynCom35_vs_Mock_log2FoldChange,Flg22_vs_Mock,Flg22_SynCom33_vs_Mock,Flg22_SynCom35_vs_Mock,cl
AT1G07370.1,GO:0043626,PCNA,1,2263037,2264553,+,1516,protein_coding,Proliferating cellular nuclear antigen 1 [Source:UniProtKB/Swiss-Prot;Acc:Q9M7Q7],0.2833772594667613,0.7579924576516822,-0.3121635478734414,0.4676732058431793,0.7932555555133828,-0.21108547158992558,0.10125282017519763,0.45345129333114376,0.4726234542538566,0,0,0,4
AT2G29570.1,GO:0043626,PCNA2,2,12649906,12651753,-,1847,protein_coding,Proliferating cell nuclear antigen 2 [Source:UniProtKB/Swiss-Prot;Acc:Q9ZW35],0.14016256970221164,0.5931956559530968,-0.29430011567944225,0.0917221781077338,0.3871692056011548,-0.3368689648491571,0.05485028337815849,0.3360152462713306,0.37769732092299585,0,0,0,4
