ID,Path,Gene,Chromosome,Start,End,Strand,Length,BioType,Description,Flg22_vs_Mock_pvalue,Flg22_vs_Mock_padj,Flg22_vs_Mock_log2FoldChange,Flg22_SynCom33_vs_Mock_pvalue,Flg22_SynCom33_vs_Mock_padj,Flg22_SynCom33_vs_Mock_log2FoldChange,Flg22_SynCom35_vs_Mock_pvalue,Flg22_SynCom35_vs_Mock_padj,Flg22_SynCom35_vs_Mock_log2FoldChange,Flg22_vs_Mock,Flg22_SynCom33_vs_Mock,Flg22_SynCom35_vs_Mock,cl
AT3G10680.1,GO:0097218,,3,3337689,3339345,+,1656,protein_coding,HSP20-like chaperones superfamily protein [Source:UniProtKB/TrEMBL;Acc:Q9S732],0.5011744208119209,0.8804591139606479,-0.2613867622027142,0.21063854738613674,0.5752110142593185,-0.4899385035401856,0.8948598476750635,0.9762672799987248,0.05086738140452005,0,0,0,4
AT3G15380.1,GO:0097218,CHER1,3,5193203,5196591,+,3388,protein_coding,Choline transporter protein 1 [Source:UniProtKB/Swiss-Prot;Acc:Q94AN2],0.6880906180458501,0.9384645833061259,0.09472946280927928,0.7404895119074163,0.92552878923798,-0.078445802343654,0.3732724380672344,0.756652036217167,0.20937563569068268,0,0,0,4
