ID,Path,Gene,Chromosome,Start,End,Strand,Length,BioType,Description,Flg22_vs_Mock_pvalue,Flg22_vs_Mock_padj,Flg22_vs_Mock_log2FoldChange,Flg22_SynCom33_vs_Mock_pvalue,Flg22_SynCom33_vs_Mock_padj,Flg22_SynCom33_vs_Mock_log2FoldChange,Flg22_SynCom35_vs_Mock_pvalue,Flg22_SynCom35_vs_Mock_padj,Flg22_SynCom35_vs_Mock_log2FoldChange,Flg22_vs_Mock,Flg22_SynCom33_vs_Mock,Flg22_SynCom35_vs_Mock,cl
AT1G55250.5,GO:0010390,HUB2,1,20606953,20612649,+,5696,protein_coding,E3 ubiquitin-protein ligase BRE1-like 2 [Source:UniProtKB/Swiss-Prot;Acc:Q9C895],0.07596175043545106,0.45587298773864915,0.3166261323222059,0.20327222096616063,0.5662177118761819,0.22739862547654865,0.4333930789198035,0.7959550173308425,-0.14079282963013237,0,0,0,9
AT1G55250.1,GO:0010390,HUB2,1,20607214,20612378,+,5164,protein_coding,E3 ubiquitin-protein ligase BRE1-like 2 [Source:UniProtKB/Swiss-Prot;Acc:Q9C895],0.1293345175681514,0.5731354188960956,-2.330319131550841,0.4645564053224685,0.7912443291776068,-1.119887640202785,0.8938025075673617,0.975823525143356,-0.20414218377193508,-0,-0,0,8
AT1G55250.4,GO:0010390,HUB2,1,20609675,20612410,+,2735,protein_coding,E3 ubiquitin-protein ligase BRE1-like 2 [Source:UniProtKB/Swiss-Prot;Acc:Q9C895],0.2885851269294877,0.7619528693017136,0.5810506777101512,0.17722653052117066,0.5330279249798735,0.7362519001896443,0.2371063421369425,0.6452636697816616,-0.6761918825555355,0,0,0,9
AT1G55250.2,GO:0010390,HUB2,1,20610119,20612378,+,2259,protein_coding,E3 ubiquitin-protein ligase BRE1-like 2 [Source:UniProtKB/Swiss-Prot;Acc:Q9C895],0.04086906371936284,0.33990004270875074,0.5963859036238943,0.8809665050482935,0.9681244075962442,0.04422421638772364,0.8967230463635123,0.9767006089013662,-0.038327355257250416,0,0,0,7
AT2G44950.1,GO:0010390,HUB1,2,18542175,18548652,-,6477,protein_coding,E3 ubiquitin-protein ligase BRE1-like 1 [Source:UniProtKB/Swiss-Prot;Acc:Q8RXD6],0.43411222458192594,0.853986763309525,-0.07820635650361851,0.6927737317837199,0.9091999930581437,-0.039467199112995656,0.784012952469564,0.9446743450649,-0.02729145846111251,0,0,0,4
