ID,Path,Gene,Chromosome,Start,End,Strand,Length,BioType,Description,Flg22_vs_Mock_pvalue,Flg22_vs_Mock_padj,Flg22_vs_Mock_log2FoldChange,Flg22_SynCom33_vs_Mock_pvalue,Flg22_SynCom33_vs_Mock_padj,Flg22_SynCom33_vs_Mock_log2FoldChange,Flg22_SynCom35_vs_Mock_pvalue,Flg22_SynCom35_vs_Mock_padj,Flg22_SynCom35_vs_Mock_log2FoldChange,Flg22_vs_Mock,Flg22_SynCom33_vs_Mock,Flg22_SynCom35_vs_Mock,cl
AT1G05900.2,GO:0006285,NTH2,1,1786849,1789737,+,2888,protein_coding,Endonuclease III homolog [Source:UniProtKB/TrEMBL;Acc:A0A178W393],0.8530369823617122,0.9758798820883774,0.04218812261097582,0.24441538226934328,0.6144996528416775,0.2632104067251292,0.3065934935629925,0.7077813522520477,-0.23461668382588033,0,0,0,9
AT1G19480.1,GO:0006285,,1,6744353,6746635,+,2282,protein_coding,At1g19480 [Source:UniProtKB/TrEMBL;Acc:Q0V7V4],0.3091185156902004,0.7756623437246442,0.18500727642952294,0.4916346091078304,0.8073482939148013,0.12552528231245877,0.2639985193624028,0.6728047011462592,0.20225723150549726,0,0,0,6
AT1G21710.1,GO:0006285,OGG1,1,7624320,7626138,+,1818,protein_coding,OGG1 [Source:UniProtKB/TrEMBL;Acc:A0A178WC14],0.5204739346727959,0.8884052993987572,-0.1163539466252118,0.3477944922179518,0.7087499340028224,-0.1704765626046175,0.25569637676128854,0.6639932446052194,0.2027030885867387,0,0,0,4
AT2G31450.1,GO:0006285,NTH1,2,13401132,13404193,-,3061,protein_coding,"Endonuclease III homolog 1, chloroplastic [Source:UniProtKB/Swiss-Prot;Acc:Q9SIC4]",0.5398337313775042,0.8933136046755455,0.6148966010216258,0.840365549512213,0.9560362545880232,0.20226620496657385,0.9309011408195536,0.9845959573479653,-0.08713287555171073,0,0,0,7
AT3G50880.1,GO:0006285,,3,18913310,18915094,+,1784,protein_coding,At3g50880 [Source:UniProtKB/TrEMBL;Acc:Q9SVL1],0.1782508915598881,0.650297697770777,0.22894000935080974,0.5789673829840183,0.8575545266697271,-0.09544454592932339,0.605936756177436,0.8831178578855489,0.08790348687424306,0,0,0,3
