ID,Path,Gene,Chromosome,Start,End,Strand,Length,BioType,Description,Flg22_vs_Mock_pvalue,Flg22_vs_Mock_padj,Flg22_vs_Mock_log2FoldChange,Flg22_SynCom33_vs_Mock_pvalue,Flg22_SynCom33_vs_Mock_padj,Flg22_SynCom33_vs_Mock_log2FoldChange,Flg22_SynCom35_vs_Mock_pvalue,Flg22_SynCom35_vs_Mock_padj,Flg22_SynCom35_vs_Mock_log2FoldChange,Flg22_vs_Mock,Flg22_SynCom33_vs_Mock,Flg22_SynCom35_vs_Mock,cl
AT5G04620.2,GO:0008710,BIOF,5,1327093,1330151,+,3058,protein_coding,8-amino-7-oxononanoate synthase [Source:UniProtKB/Swiss-Prot;Acc:Q8GW43],0.6404880304086444,0.9272253969779172,-0.08547022905516614,0.5587033767733576,0.8461312352443102,-0.10713387182395079,0.2903347898755482,0.6954968012372736,-0.19369885410822146,0,0,0,2
AT5G04620.3,GO:0008710,BIOF,5,1327115,1330095,+,2980,protein_coding,8-amino-7-oxononanoate synthase [Source:UniProtKB/Swiss-Prot;Acc:Q8GW43],0.8395722413000515,0.9719080072346051,0.4030087941723409,0.6411877372668755,0.8878057882307854,-0.9350138686383023,0.6546912122569907,NA,-0.8963614627139207,0,0,0,2
