ID,Path,Gene,Chromosome,Start,End,Strand,Length,BioType,Description,Flg22_vs_Mock_pvalue,Flg22_vs_Mock_padj,Flg22_vs_Mock_log2FoldChange,Flg22_SynCom33_vs_Mock_pvalue,Flg22_SynCom33_vs_Mock_padj,Flg22_SynCom33_vs_Mock_log2FoldChange,Flg22_SynCom35_vs_Mock_pvalue,Flg22_SynCom35_vs_Mock_padj,Flg22_SynCom35_vs_Mock_log2FoldChange,Flg22_vs_Mock,Flg22_SynCom33_vs_Mock,Flg22_SynCom35_vs_Mock,cl
AT1G47240.1,GO:0071421,NRAMP2,1,17308803,17311505,-,2702,protein_coding,Metal transporter Nramp2 [Source:UniProtKB/Swiss-Prot;Acc:Q9C6B2],0.7145283290750708,0.94581248599283,-0.043219937593575404,0.017355392792229765,0.1519204392838556,-0.284474207503533,0.502753063111947,0.8342389538959561,-0.0790338852635665,0,0,0,3
AT1G80830.1,GO:0071421,NRAMP1,1,30372668,30376065,-,3397,protein_coding,Metal transporter Nramp1 [Source:UniProtKB/Swiss-Prot;Acc:Q9SAH8],0.7837515100472883,0.9619773702231068,-0.31703488711906425,0.8319190160572012,0.95339272096686,0.24447950933396265,0.4054514099966271,0.7759406587939587,-0.9653023002096606,0,0,0,10
AT1G80830.2,GO:0071421,NRAMP1,1,30372784,30376072,-,3288,protein_coding,Metal transporter Nramp1 [Source:UniProtKB/Swiss-Prot;Acc:Q9SAH8],0.6063573019113877,0.9153247884940598,-0.10399361441999881,0.6571076834867013,0.8952596800714361,0.08955832271588737,0.40006583399681084,0.772211721483533,-0.16982798490859705,0,0,0,10
AT3G58060.1,GO:0071421,MTPC3,3,21497633,21499943,-,2310,protein_coding,Cation efflux family protein [Source:UniProtKB/TrEMBL;Acc:A0A178VEZ3],3.225924787412465e-5,0.0027549200981771514,3.000525858980662,3.226152270183052e-4,0.009877611085086653,2.6011101183825067,0.49821784271090014,0.832137376479983,0.5015307997406363,1,1,0,9
AT3G58060.2,GO:0071421,MTPC3,3,21497776,21499676,-,1900,protein_coding,Cation efflux family protein [Source:UniProtKB/TrEMBL;Acc:A0A178VEZ3],0.3538355451611708,0.8091849719908681,1.4263287437535992,0.32306620432224187,0.6866433985286612,1.519908456351128,0.9534692942899284,0.9892872421350933,0.09015347606053382,0,0,0,9
AT4G13590.1,GO:0071421,PAM71-HL,4,7901216,7904042,-,2826,protein_coding,"Protein PAM71-homolog, chloroplastic [Source:UniProtKB/Swiss-Prot;Acc:Q9T0H9]",0.8439140938484159,0.973394180884825,0.01872261171434044,0.63021252366941,0.882019415883813,-0.04598693317879604,0.5396341506841779,0.8545052329850308,0.05792709013483469,0,0,0,4
