ID,Path,Gene,Chromosome,Start,End,Strand,Length,BioType,Description,Flg22_vs_Mock_pvalue,Flg22_vs_Mock_padj,Flg22_vs_Mock_log2FoldChange,Flg22_SynCom33_vs_Mock_pvalue,Flg22_SynCom33_vs_Mock_padj,Flg22_SynCom33_vs_Mock_log2FoldChange,Flg22_SynCom35_vs_Mock_pvalue,Flg22_SynCom35_vs_Mock_padj,Flg22_SynCom35_vs_Mock_log2FoldChange,Flg22_vs_Mock,Flg22_SynCom33_vs_Mock,Flg22_SynCom35_vs_Mock,cl
AT3G03500.1,GO:0004536,,3,832718,834600,+,1882,protein_coding,T21P5.8 protein [Source:UniProtKB/TrEMBL;Acc:Q9SRQ4],0.01828071620417207,0.21735052578787414,-0.8791714357189506,0.1279668960417388,0.45424615071887264,0.5592421128721612,0.8038060306403481,0.9503436662873722,0.09149949295958655,0,0,0,5
AT3G03500.3,GO:0004536,,3,832718,834600,+,1882,protein_coding,T21P5.8 protein [Source:UniProtKB/TrEMBL;Acc:Q9SRQ4],0.2578729851187623,0.7359155415909219,-0.6242127468518767,0.3482277592655264,0.7091173869082554,0.4954289717660363,0.928990477588044,NA,-0.04774555881366221,0,0,0,5
AT3G03500.2,GO:0004536,,3,832718,834600,+,1882,protein_coding,T21P5.8 protein [Source:UniProtKB/TrEMBL;Acc:Q9SRQ4],5.523854079422834e-5,0.004085635632834152,-1.8494170107378687,0.6650100056553839,0.8977331561410682,0.1875042032072576,0.9765523104943901,0.9949138428844769,-0.012747550879967274,-1,0,0,1
AT3G52390.2,GO:0004536,,3,19422988,19425183,-,2195,protein_coding,TatD related DNase [Source:UniProtKB/TrEMBL;Acc:F4J6X3],0.8327978371671699,0.970503269675665,-0.05040157905018319,0.044794372920874986,0.264070687030474,-0.4871244251996763,0.14495920404326992,0.527789005135281,-0.3506597474415808,0,0,0,2
AT5G17570.1,GO:0004536,,5,5792926,5794823,+,1897,protein_coding,At5g17570 [Source:UniProtKB/TrEMBL;Acc:A2RVM4],0.7389364387076691,0.9526117721207897,-0.13650571988095206,0.88762970870973,0.9707738783124256,0.057571744389531714,0.7897716274185154,0.9462447161207849,0.10822582060817126,0,0,0,1
