ID,Path,Gene,Chromosome,Start,End,Strand,Length,BioType,Description,Flg22_vs_Mock_pvalue,Flg22_vs_Mock_padj,Flg22_vs_Mock_log2FoldChange,Flg22_SynCom33_vs_Mock_pvalue,Flg22_SynCom33_vs_Mock_padj,Flg22_SynCom33_vs_Mock_log2FoldChange,Flg22_SynCom35_vs_Mock_pvalue,Flg22_SynCom35_vs_Mock_padj,Flg22_SynCom35_vs_Mock_log2FoldChange,Flg22_vs_Mock,Flg22_SynCom33_vs_Mock,Flg22_SynCom35_vs_Mock,cl
AT3G03090.1,GO:0015755,AtVGT1,3,700433,704828,-,4395,protein_coding,D-xylose-proton symporter-like 1 [Source:UniProtKB/Swiss-Prot;Acc:Q8L6Z8],0.08138242717881082,0.47166488062544354,0.4905922283488027,0.8024103678078787,0.9456137612297311,0.07180291014016867,0.7962010062333209,0.9482206272804975,0.07377210364325248,0,0,0,7
AT4G15920.1,GO:0015755,SWEET17,4,9030486,9033648,-,3162,protein_coding,Nodulin MtN3 family protein [Source:TAIR;Acc:AT4G15920],0.49488667590240054,0.8783390011488378,-0.11774468915917961,0.7492093004126807,0.9278432180433916,-0.05508866551697784,0.05412904008912751,0.3341638302448626,0.32915572349912314,0,0,0,4
