ID,Path,Gene,Chromosome,Start,End,Strand,Length,BioType,Description,Flg22_vs_Mock_pvalue,Flg22_vs_Mock_padj,Flg22_vs_Mock_log2FoldChange,Flg22_SynCom33_vs_Mock_pvalue,Flg22_SynCom33_vs_Mock_padj,Flg22_SynCom33_vs_Mock_log2FoldChange,Flg22_SynCom35_vs_Mock_pvalue,Flg22_SynCom35_vs_Mock_padj,Flg22_SynCom35_vs_Mock_log2FoldChange,Flg22_vs_Mock,Flg22_SynCom33_vs_Mock,Flg22_SynCom35_vs_Mock,cl
AT3G20810.1,GO:0070544,JMJ30,3,7275645,7278420,+,2775,protein_coding,Lysine-specific demethylase JMJ30 [Source:UniProtKB/Swiss-Prot;Acc:Q8RWR1],0.6391532016603556,0.9265683051370145,-0.6452467191163841,0.007567180250171456,0.09122015223547492,-3.697862416403551,0.7136601553609934,0.9233387489119781,0.5047247452426542,0,-0,0,4
AT3G20810.5,GO:0070544,JMJ30,3,7275688,7278418,+,2730,protein_coding,Lysine-specific demethylase JMJ30 [Source:UniProtKB/Swiss-Prot;Acc:Q8RWR1],0.9380776783202104,0.9918277978117772,0.08507378563020375,0.005007833549020349,0.06871686645405008,-3.2530557531697473,0.9176333179073181,0.9811743272095226,0.11319738922883942,0,-0,0,3
