ID,Path,Gene,Chromosome,Start,End,Strand,Length,BioType,Description,Flg22_vs_Mock_pvalue,Flg22_vs_Mock_padj,Flg22_vs_Mock_log2FoldChange,Flg22_SynCom33_vs_Mock_pvalue,Flg22_SynCom33_vs_Mock_padj,Flg22_SynCom33_vs_Mock_log2FoldChange,Flg22_SynCom35_vs_Mock_pvalue,Flg22_SynCom35_vs_Mock_padj,Flg22_SynCom35_vs_Mock_log2FoldChange,Flg22_vs_Mock,Flg22_SynCom33_vs_Mock,Flg22_SynCom35_vs_Mock,cl
AT1G52160.1,GO:0042781,TRZ3,1,19420715,19424474,-,3759,protein_coding,"tRNase Z TRZ3, mitochondrial [Source:UniProtKB/Swiss-Prot;Acc:Q8VYS2]",0.026273261844018545,0.26635553293984926,-0.3295442342035186,2.5079380054415275e-4,0.00825194485462413,-0.5485825962670151,0.2538367311132313,0.6622129516481687,-0.167648830213367,0,0,0,8
AT1G74700.1,GO:0042781,TRZ1,1,28065014,28067423,+,2409,protein_coding,At1g74700 [Source:UniProtKB/TrEMBL;Acc:Q1WW71],0.3419432667862749,0.8003584273999759,-0.22365339392398537,0.5000522408850698,0.8132038747977804,0.15619218486689676,0.24052917438284221,0.6485095682284453,-0.2758399411931735,0,0,0,10
AT2G04530.1,GO:0042781,TRZ2,2,1576694,1578962,+,2268,protein_coding,"tRNase Z TRZ2, chloroplastic [Source:UniProtKB/Swiss-Prot;Acc:Q8L633]",0.39433413725999555,0.8342668820838168,-0.34531771293305125,0.10074918813790722,0.4064135167351774,-0.6787816579950093,0.4253797421488077,0.7890351454599858,0.3131974594620911,0,0,0,4
AT3G16260.1,GO:0042781,TRZ4,3,5509344,5513245,+,3901,protein_coding,TRZ4 [Source:UniProtKB/TrEMBL;Acc:A0A178V7J3],0.7669854120297228,0.9571733012705728,0.07270363762213775,0.6902486040524418,0.9079819021107044,-0.09820803831204142,0.34352788056968736,0.735867041699572,0.2312470032065476,0,0,0,4
