ID,Path,Gene,Chromosome,Start,End,Strand,Length,BioType,Description,Flg22_vs_Mock_pvalue,Flg22_vs_Mock_padj,Flg22_vs_Mock_log2FoldChange,Flg22_SynCom33_vs_Mock_pvalue,Flg22_SynCom33_vs_Mock_padj,Flg22_SynCom33_vs_Mock_log2FoldChange,Flg22_SynCom35_vs_Mock_pvalue,Flg22_SynCom35_vs_Mock_padj,Flg22_SynCom35_vs_Mock_log2FoldChange,Flg22_vs_Mock,Flg22_SynCom33_vs_Mock,Flg22_SynCom35_vs_Mock,cl
AT3G51300.1,GO:0051650,ARAC11,3,19042858,19044393,+,1535,protein_coding,Rac-like GTP-binding protein ARAC11 [Source:UniProtKB/Swiss-Prot;Acc:P92978],0.5839853075279061,0.9082234439600343,0.1547826060524176,0.7574583294072079,0.9308123618759256,-0.08826158835099226,0.4576188786235482,0.8094416074556751,-0.21262517282460835,0,0,0,7
AT5G16490.1,GO:0051650,RIC4,5,5384250,5385230,-,980,protein_coding,CRIB domain-containing protein RIC4 [Source:UniProtKB/Swiss-Prot;Acc:Q9FFD5],0.827440062086432,0.9696044000628784,0.07646198644460099,0.9280227369817527,0.9822172094001699,0.03176602523710883,0.6351664252940705,0.8954336834668395,0.16522289361766795,0,0,0,4
