ID,Path,Gene,Chromosome,Start,End,Strand,Length,BioType,Description,Flg22_vs_Mock_pvalue,Flg22_vs_Mock_padj,Flg22_vs_Mock_log2FoldChange,Flg22_SynCom33_vs_Mock_pvalue,Flg22_SynCom33_vs_Mock_padj,Flg22_SynCom33_vs_Mock_log2FoldChange,Flg22_SynCom35_vs_Mock_pvalue,Flg22_SynCom35_vs_Mock_padj,Flg22_SynCom35_vs_Mock_log2FoldChange,Flg22_vs_Mock,Flg22_SynCom33_vs_Mock,Flg22_SynCom35_vs_Mock,cl
AT2G23770.1,GO:0071323,LYK4,2,10119973,10122479,-,2506,protein_coding,LysM domain receptor-like kinase 4 [Source:UniProtKB/Swiss-Prot;Acc:O64825],0.5497521325431003,0.8973838569151972,-0.17257582806282037,0.46525948799905426,0.7915889592652263,0.21046077353302617,0.04216565241141177,0.29169921115944997,-0.5869702678878624,0,0,0,10
AT2G33580.1,GO:0071323,LYK5,2,14219481,14222254,-,2773,protein_coding,Protein LYK5 [Source:UniProtKB/Swiss-Prot;Acc:O22808],0.8969855535146829,0.9852100156517319,0.029953491155401794,0.09632592661154643,0.3971115727502938,-0.39062107772750426,0.006599547074921456,0.098067883587684,-0.642439450416199,0,0,0,2
AT3G15356.1,GO:0071323,LEC,3,5174402,5175523,-,1121,protein_coding,Lectin-like protein LEC [Source:UniProtKB/Swiss-Prot;Acc:Q9LJR2],0.051901780920841224,0.3830017034574341,0.6784197181171444,0.20903595554058246,0.5735154681406346,0.4394847206808236,0.060776012740437625,0.3511405654441519,0.6540921420156627,0,0,0,6
AT3G21630.1,GO:0071323,CERK1,3,7615357,7618671,-,3314,protein_coding,Chitin elicitor receptor kinase 1 [Source:UniProtKB/Swiss-Prot;Acc:A8R7E6],0.3086503915971163,0.77476531221676,-0.17033416350621247,0.8533247889385491,0.9608909814462352,0.030895528477774967,0.12323893671445292,0.49280030423904186,-0.25790006519587333,0,0,0,10
AT5G66850.1,GO:0071323,MAPKKK5,5,26695568,26699426,-,3858,protein_coding,Mitogen-activated protein kinase kinase kinase 5 [Source:UniProtKB/Swiss-Prot;Acc:Q9C5H5],0.0022747493444633467,0.059272561756058426,-0.3587386430214214,0.3770371528686071,0.7324527375129577,-0.10266216713982496,0.03406628587616103,0.2599065104267292,0.24227941591778615,0,0,0,4
AT5G66850.2,GO:0071323,MAPKKK5,5,26695568,26699426,-,3858,protein_coding,Mitogen-activated protein kinase kinase kinase 5 [Source:UniProtKB/Swiss-Prot;Acc:Q9C5H5],0.22101478600390134,0.6982467525378236,0.6977305177788303,0.07700356564825066,0.35445374173908806,1.0051002457309919,0.10520951115755826,0.46021791848595717,0.9208039820339486,0,0,0,6
