ID,Path,Gene,Chromosome,Start,End,Strand,Length,BioType,Description,Flg22_vs_Mock_pvalue,Flg22_vs_Mock_padj,Flg22_vs_Mock_log2FoldChange,Flg22_SynCom33_vs_Mock_pvalue,Flg22_SynCom33_vs_Mock_padj,Flg22_SynCom33_vs_Mock_log2FoldChange,Flg22_SynCom35_vs_Mock_pvalue,Flg22_SynCom35_vs_Mock_padj,Flg22_SynCom35_vs_Mock_log2FoldChange,Flg22_vs_Mock,Flg22_SynCom33_vs_Mock,Flg22_SynCom35_vs_Mock,cl
AT1G64660.1,GO:0019346,MGL,1,24028830,24030780,+,1950,protein_coding,Methionine gamma-lyase [Source:UniProtKB/Swiss-Prot;Acc:Q9SGU9],0.7265191732578842,0.948742590308932,0.13588547864161157,0.14737491826613663,0.487170082244712,0.5617309372525858,0.5660888858904645,0.8670023042623188,0.22273632090232745,0,0,0,5
AT3G57050.5,GO:0019346,CBL,3,21111700,21114112,-,2412,protein_coding,"Cystathionine beta-lyase, chloroplastic [Source:UniProtKB/Swiss-Prot;Acc:P53780]",0.8744768599058346,0.9814209923914092,0.03805161576091402,0.41444059134787725,0.7588714649283861,-0.19707789454423524,0.8093068212171729,0.9522327727707119,-0.05813755585931617,0,0,0,3
AT3G57050.4,GO:0019346,CBL,3,21111700,21114396,-,2696,protein_coding,"Cystathionine beta-lyase, chloroplastic [Source:UniProtKB/Swiss-Prot;Acc:P53780]",0.4741304021745071,0.8703814875828739,-0.28235110547307035,0.9374821457386702,0.9856230216960746,-0.030899418275142018,0.41283155383147757,0.780209363030231,0.32199353464730196,0,0,0,4
AT3G57050.1,GO:0019346,CBL,3,21111700,21114737,-,3037,protein_coding,"Cystathionine beta-lyase, chloroplastic [Source:UniProtKB/Swiss-Prot;Acc:P53780]",0.34283701758353885,0.8007252269899245,0.4769855601337089,0.32102377784391634,0.6846888718902974,-0.5028571714471246,0.6049467100836193,0.882690923774364,0.2603283865812438,0,0,0,3
AT3G57050.2,GO:0019346,CBL,3,21111700,21114737,-,3037,protein_coding,"Cystathionine beta-lyase, chloroplastic [Source:UniProtKB/Swiss-Prot;Acc:P53780]",0.831880055285676,0.9703015710433925,-0.1891962610133094,0.9943875746667867,0.9982762506491648,-0.0062566098130564475,0.22667387502466768,0.6343282639692283,1.0659938849688968,0,0,0,4
