ID,Path,Gene,Chromosome,Start,End,Strand,Length,BioType,Description,Flg22_vs_Mock_pvalue,Flg22_vs_Mock_padj,Flg22_vs_Mock_log2FoldChange,Flg22_SynCom33_vs_Mock_pvalue,Flg22_SynCom33_vs_Mock_padj,Flg22_SynCom33_vs_Mock_log2FoldChange,Flg22_SynCom35_vs_Mock_pvalue,Flg22_SynCom35_vs_Mock_padj,Flg22_SynCom35_vs_Mock_log2FoldChange,Flg22_vs_Mock,Flg22_SynCom33_vs_Mock,Flg22_SynCom35_vs_Mock,cl
AT4G04955.2,GO:0010136,ALN,4,2522034,2525094,-,3060,protein_coding,Allantoinase [Source:UniProtKB/Swiss-Prot;Acc:Q94AP0],0.038114725577622764,0.32642529596241393,-0.32027956366069166,0.9275764797675514,0.9821999814515822,0.013965193242458263,0.37944577271765295,0.760662144824706,0.1346519057142211,0,0,0,1
AT4G04955.1,GO:0010136,ALN,4,2522034,2525352,-,3318,protein_coding,Allantoinase [Source:UniProtKB/Swiss-Prot;Acc:Q94AP0],0.8364838323930379,0.9710214931272849,0.11667737098517744,0.2693587782453895,0.6399949334269543,-0.6300676885189872,0.7764371507651541,0.94215464348104,0.16035957303203688,0,0,0,3
AT4G17050.1,GO:0010136,UGLYAH,4,9589501,9592590,+,3089,protein_coding,(S)-ureidoglycine aminohydrolase [Source:UniProtKB/Swiss-Prot;Acc:Q8GXV5],6.384255938909931e-4,0.024906600710975776,0.42467490751968245,0.006309642563751816,0.08009187035261406,0.34073261652077613,0.1790233314484069,0.5757175922985929,0.16812207103747664,0,0,0,7
AT4G20070.1,GO:0010136,AAH,4,10861382,10864765,+,3383,protein_coding,Allantoate deiminase [Source:UniProtKB/Swiss-Prot;Acc:O49434],0.695354061070107,0.9405504194841998,0.1300197510554724,0.6935046026253016,0.9093943614475077,-0.13101054308960106,0.5426312818143089,0.8559847470912493,0.2020313824234037,0,0,0,3
AT5G43600.1,GO:0010136,UAH,5,17512440,17515513,+,3073,protein_coding,Ureidoglycolate hydrolase [Source:UniProtKB/Swiss-Prot;Acc:Q8VXY9],0.5959019473857105,0.9113737072465812,0.06977948497846938,0.11383328503513533,0.43029775472312387,0.20766363865088963,0.5036665212304603,0.8344669699280943,0.08786588633112974,0,0,0,5
