ID,Path,Gene,Chromosome,Start,End,Strand,Length,BioType,Description,Flg22_vs_Mock_pvalue,Flg22_vs_Mock_padj,Flg22_vs_Mock_log2FoldChange,Flg22_SynCom33_vs_Mock_pvalue,Flg22_SynCom33_vs_Mock_padj,Flg22_SynCom33_vs_Mock_log2FoldChange,Flg22_SynCom35_vs_Mock_pvalue,Flg22_SynCom35_vs_Mock_padj,Flg22_SynCom35_vs_Mock_log2FoldChange,Flg22_vs_Mock,Flg22_SynCom33_vs_Mock,Flg22_SynCom35_vs_Mock,cl
AT1G78660.3,GO:0034722,GGH1,1,29585677,29588302,+,2625,protein_coding,Gamma-glutamyl hydrolase 1 [Source:UniProtKB/Swiss-Prot;Acc:Q9SYL6],0.0016188353703297618,0.04721896845816167,-0.62786868219975,0.17660139479852383,0.5321599254538636,-0.2685984301732475,0.1685942822112557,0.5604787286041547,0.27294859456163084,0,0,0,4
AT1G78660.2,GO:0034722,GGH1,1,29585936,29588389,+,2453,protein_coding,Gamma-glutamyl hydrolase 1 [Source:UniProtKB/Swiss-Prot;Acc:Q9SYL6],0.461997114605592,0.8657571523940272,0.18938529854891586,0.008516108509604997,0.09854930217615218,0.6752607540680633,0.029436793603166603,0.2401567088128655,0.5589990452226935,0,0,0,5
AT1G78670.1,GO:0034722,GGH3,1,29590904,29593544,+,2640,protein_coding,Probable gamma-glutamyl hydrolase 3 [Source:UniProtKB/Swiss-Prot;Acc:Q9ZV85],0.26148209341330136,0.7393131037246375,0.125662390575295,0.8001170889725608,0.9449329263807015,-0.02840163057009509,0.029676735823226174,0.24095947027849318,-0.2443902967061832,0,0,0,2
AT1G78680.2,GO:0034722,GGH2,1,29593756,29596175,+,2419,protein_coding,Gamma-glutamyl hydrolase 2 [Source:UniProtKB/Swiss-Prot;Acc:O65355],0.5971878371805139,0.9124435993707181,0.3654288384343049,0.6041238359274543,0.8703800453396482,0.35860390909676126,0.9394236783931889,0.9857790581086966,-0.05276346988300716,0,0,0,9
AT1G78680.1,GO:0034722,GGH2,1,29593781,29596308,+,2527,protein_coding,Gamma-glutamyl hydrolase 2 [Source:UniProtKB/Swiss-Prot;Acc:O65355],0.9162492489610072,0.9881437536151686,-0.016540275701762815,0.5500109997349831,0.8410960262677453,0.09396144295004479,0.4180449537054235,0.7843651813334929,-0.12740104389007254,0,0,0,5
AT4G30530.1,GO:0034722,GGP1,4,14920376,14922519,+,2143,protein_coding,GGP1 [Source:UniProtKB/TrEMBL;Acc:A0A178V143],0.0764646830727575,0.45744275680899377,0.28609328026342573,0.9019123309520329,0.9743342439671361,-0.01992515023240815,0.4593943740201771,0.8101020812008148,-0.11961559168982297,0,0,0,7
