ID,Path,Gene,Chromosome,Start,End,Strand,Length,BioType,Description,Flg22_vs_Mock_pvalue,Flg22_vs_Mock_padj,Flg22_vs_Mock_log2FoldChange,Flg22_SynCom33_vs_Mock_pvalue,Flg22_SynCom33_vs_Mock_padj,Flg22_SynCom33_vs_Mock_log2FoldChange,Flg22_SynCom35_vs_Mock_pvalue,Flg22_SynCom35_vs_Mock_padj,Flg22_SynCom35_vs_Mock_log2FoldChange,Flg22_vs_Mock,Flg22_SynCom33_vs_Mock,Flg22_SynCom35_vs_Mock,cl
AT3G20390.1,GO:0019239,,3,7109862,7111832,-,1970,protein_coding,Endoribonuclease L-PSP family protein [Source:UniProtKB/TrEMBL;Acc:A0A1I9LS34],0.6793043375072991,0.9368212499545501,0.05538479955366017,0.7160559443052708,0.9181938511168808,-0.048773707910226526,0.007229280595422714,0.10321782348052205,0.3589448983433124,0,0,0,4
AT4G04880.1,GO:0019239,,4,2464840,2467259,-,2419,protein_coding,adenosine/AMP deaminase family protein [Source:TAIR;Acc:AT4G04880],0.5276958874413262,0.8896699137220958,0.17431914181651778,0.11735632727467402,0.4356960071450479,-0.44349187940322377,0.586311970594406,0.8756021219492602,-0.15155442005253056,0,0,0,3
