ID,Path,Gene,Chromosome,Start,End,Strand,Length,BioType,Description,Flg22_vs_Mock_pvalue,Flg22_vs_Mock_padj,Flg22_vs_Mock_log2FoldChange,Flg22_SynCom33_vs_Mock_pvalue,Flg22_SynCom33_vs_Mock_padj,Flg22_SynCom33_vs_Mock_log2FoldChange,Flg22_SynCom35_vs_Mock_pvalue,Flg22_SynCom35_vs_Mock_padj,Flg22_SynCom35_vs_Mock_log2FoldChange,Flg22_vs_Mock,Flg22_SynCom33_vs_Mock,Flg22_SynCom35_vs_Mock,cl
AT1G57820.3,GO:0090309,ORTH2,1,21414074,21418115,-,4041,protein_coding,E3 ubiquitin-protein ligase ORTHRUS 2 [Source:UniProtKB/Swiss-Prot;Acc:Q8VYZ0],0.05341367212682483,0.3883130988695796,-0.5216215370499869,0.02633894872136046,0.19533321048145713,-0.6006200763407994,0.8211355896965261,0.9551207257620273,-0.0606660570435976,0,0,0,8
AT1G57820.2,GO:0090309,ORTH2,1,21414170,21417937,-,3767,protein_coding,E3 ubiquitin-protein ligase ORTHRUS 2 [Source:UniProtKB/Swiss-Prot;Acc:Q8VYZ0],0.8115353923836743,0.9667017409037706,-0.08957106237284893,0.15493798126698782,0.4986283745264177,-0.5371025068421271,0.03517417566705209,0.2641137073027276,0.7858138438877064,0,0,0,4
AT1G66050.1,GO:0090309,ORTH5,1,24589343,24592780,+,3437,protein_coding,E3 ubiquitin-protein ligase ORTHRUS 5 [Source:UniProtKB/Swiss-Prot;Acc:Q680I0],0.12311236782927809,0.564125070300502,-0.5915959823660173,0.026837187299210506,0.19760497623902892,-0.8586240601333837,0.6961494266454299,0.916779361374357,0.14649010789327122,0,0,0,4
AT5G39550.1,GO:0090309,ORTH1,5,15837178,15840678,-,3500,protein_coding,E3 ubiquitin-protein ligase ORTHRUS 1 [Source:UniProtKB/Swiss-Prot;Acc:Q9FKA7],0.19628999118230037,0.6706022537318397,-0.3418847244124926,0.3632750070427029,0.721557465591986,-0.2403149765045601,0.1731437915519455,0.567758393564953,0.3580959031249006,0,0,0,4
