ID,Path,Gene,Chromosome,Start,End,Strand,Length,BioType,Description,Flg22_vs_Mock_pvalue,Flg22_vs_Mock_padj,Flg22_vs_Mock_log2FoldChange,Flg22_SynCom33_vs_Mock_pvalue,Flg22_SynCom33_vs_Mock_padj,Flg22_SynCom33_vs_Mock_log2FoldChange,Flg22_SynCom35_vs_Mock_pvalue,Flg22_SynCom35_vs_Mock_padj,Flg22_SynCom35_vs_Mock_log2FoldChange,Flg22_vs_Mock,Flg22_SynCom33_vs_Mock,Flg22_SynCom35_vs_Mock,cl
AT1G62580.1,GO:0004383,,1,23173286,23176931,+,3645,protein_coding,Flavin-binding monooxygenase family protein [Source:TAIR;Acc:AT1G62580],0.5979706307179729,0.912842952588214,-0.6747035560394248,0.5147142099859874,NA,0.8154890139112619,0.3938429609817784,NA,-1.1008906979397703,0,0,-0,10
AT1G62580.2,GO:0004383,,1,23173333,23176931,+,3598,protein_coding,Flavin-binding monooxygenase family protein [Source:TAIR;Acc:AT1G62580],0.8743448336727628,0.9813781509860457,0.09215318896764899,0.058106661740564274,0.30374595977143937,-1.1318174292406613,0.007530577763669179,0.10545438873012405,-1.6171666563585763,0,-0,-0,2
AT1G73080.1,GO:0004383,PEPR1,1,27484240,27488204,+,3964,protein_coding,Leucine-rich repeat receptor-like protein kinase PEPR1 [Source:UniProtKB/Swiss-Prot;Acc:Q9SSL9],0.25933471648444867,0.7373364546884924,-0.185011600231513,0.8039241778967536,0.9459780862095606,-0.04063890988388902,0.11449678671803641,0.47789099494492016,0.2570563287000266,0,0,0,4
AT1G79680.1,GO:0004383,WAKL10,1,29979973,29982819,-,2846,protein_coding,Wall-associated receptor kinase-like 10 [Source:UniProtKB/Swiss-Prot;Acc:Q8VYA3],0.07686959875433522,0.45844699560425983,0.9805703009763302,0.35138644483535214,0.7116680788114168,0.5216058782918388,0.8321935782394065,0.9588257101960915,-0.12051211206013868,0,0,0,7
AT2G02220.1,GO:0004383,PSKR1,2,583797,587401,-,3604,protein_coding,Phytosulfokine receptor 1 [Source:UniProtKB/Swiss-Prot;Acc:Q9ZVR7],0.6757925950115287,0.9358568248523207,-0.03583929931807395,0.4609732849551226,0.7891521974092262,-0.0632519252287874,4.5044168792282503e-4,0.01460475219413386,-0.3024550545602563,0,0,0,2
