ID,Path,Gene,Chromosome,Start,End,Strand,Length,BioType,Description,Flg22_vs_Mock_pvalue,Flg22_vs_Mock_padj,Flg22_vs_Mock_log2FoldChange,Flg22_SynCom33_vs_Mock_pvalue,Flg22_SynCom33_vs_Mock_padj,Flg22_SynCom33_vs_Mock_log2FoldChange,Flg22_SynCom35_vs_Mock_pvalue,Flg22_SynCom35_vs_Mock_padj,Flg22_SynCom35_vs_Mock_log2FoldChange,Flg22_vs_Mock,Flg22_SynCom33_vs_Mock,Flg22_SynCom35_vs_Mock,cl
AT3G47000.1,GO:0009251,,3,17313646,17316639,-,2993,protein_coding,At3g47000 [Source:UniProtKB/TrEMBL;Acc:Q9SD73],0.6796218794322307,0.936842770724521,0.06135820259877867,0.8664656844084069,0.964930215452613,0.025008451017337625,0.3102118653818756,0.7105975174569205,0.15025984940389328,0,0,0,4
AT3G47000.2,GO:0009251,,3,17313811,17316606,-,2795,protein_coding,At3g47000 [Source:UniProtKB/TrEMBL;Acc:Q9SD73],0.7150815880163255,0.945875287925117,0.3433883444668583,0.08352043829239787,0.36971062285079614,1.6024376341828521,0.2580719866433773,NA,1.051796961211783,0,0,0,5
AT3G47000.3,GO:0009251,,3,17314372,17316606,-,2234,protein_coding,At3g47000 [Source:UniProtKB/TrEMBL;Acc:Q9SD73],0.11188686861840928,0.5403557029086659,-1.411970455181023,0.12342252374514177,0.44674416520784316,-1.3664512591625473,0.967065844420715,NA,-0.03535132188747276,-0,-0,0,8
AT3G47010.1,GO:0009251,,3,17316635,17319531,-,2896,protein_coding,Beta-D-glucan exohydrolase-like protein [Source:UniProtKB/TrEMBL;Acc:Q9SD72],0.9555728412230351,0.9936537120066427,-0.01598026764348627,0.13712818690875786,0.4710900856845021,-0.4350691694826862,0.02349748351164365,0.21204143222922842,0.6343521694606624,0,0,0,4
AT3G47050.1,GO:0009251,,3,17327935,17330889,-,2954,protein_coding,Beta-D-glucan exohydrolase-like protein [Source:UniProtKB/TrEMBL;Acc:Q9SD68],0.709339017323533,0.9450949870794566,0.12337743942617907,0.6603928794217402,0.8964642420146048,0.14540918660997643,0.015457605316847598,0.1654266319896439,-0.8143786167236738,0,0,0,9
AT5G20940.1,GO:0009251,,5,7103927,7106834,-,2907,protein_coding,Beta-glucosidase-like protein [Source:UniProtKB/TrEMBL;Acc:Q8RWM4],0.5740467146461992,0.9052820905612992,0.21713736436837078,0.9436529586132473,0.9873613349407674,-0.027846751471648213,0.28204259746844107,NA,0.40802216714989553,0,0,0,4
