ID,Path,Gene,Chromosome,Start,End,Strand,Length,BioType,Description,Flg22_vs_Mock_pvalue,Flg22_vs_Mock_padj,Flg22_vs_Mock_log2FoldChange,Flg22_SynCom33_vs_Mock_pvalue,Flg22_SynCom33_vs_Mock_padj,Flg22_SynCom33_vs_Mock_log2FoldChange,Flg22_SynCom35_vs_Mock_pvalue,Flg22_SynCom35_vs_Mock_padj,Flg22_SynCom35_vs_Mock_log2FoldChange,Flg22_vs_Mock,Flg22_SynCom33_vs_Mock,Flg22_SynCom35_vs_Mock,cl
AT3G48330.2,GO:0004719,PIMT1,3,17892738,17893975,-,1237,protein_coding,Protein-L-isoaspartate O-methyltransferase [Source:UniProtKB/TrEMBL;Acc:A0A1I9LP18],0.35367869366332216,0.8091018127467877,-1.047093892262237,0.3056738648256375,0.6733001394292079,-1.1575360053882757,0.38330315429791134,0.7643188799087568,-0.9832863931679088,-0,-0,0,8
AT3G48330.1,GO:0004719,PIMT1,3,17892795,17894132,-,1337,protein_coding,Protein-L-isoaspartate O-methyltransferase [Source:UniProtKB/TrEMBL;Acc:A0A1I9LP18],0.07155898072104035,0.4438801297529398,0.2731780599335262,0.041654278408555664,0.25425756407329547,0.30844811296470714,0.9031086786981479,0.9780828486737418,0.018616951386701053,0,0,0,9
AT5G50240.3,GO:0004719,PIMT2,5,20451533,20452569,+,1036,protein_coding,Protein-L-isoaspartate O-methyltransferase 2 [Source:UniProtKB/Swiss-Prot;Acc:Q64J17],0.8189103349230896,0.9680612780538831,-0.22164997559564278,0.15195212383401918,0.4942856961406224,-1.4230330467712862,0.2695496543990516,NA,-1.084217840780871,0,-0,-0,2
