ID,Path,Gene,Chromosome,Start,End,Strand,Length,BioType,Description,Flg22_vs_Mock_pvalue,Flg22_vs_Mock_padj,Flg22_vs_Mock_log2FoldChange,Flg22_SynCom33_vs_Mock_pvalue,Flg22_SynCom33_vs_Mock_padj,Flg22_SynCom33_vs_Mock_log2FoldChange,Flg22_SynCom35_vs_Mock_pvalue,Flg22_SynCom35_vs_Mock_padj,Flg22_SynCom35_vs_Mock_log2FoldChange,Flg22_vs_Mock,Flg22_SynCom33_vs_Mock,Flg22_SynCom35_vs_Mock,cl
AT1G19480.1,GO:0043916,,1,6744353,6746635,+,2282,protein_coding,At1g19480 [Source:UniProtKB/TrEMBL;Acc:Q0V7V4],0.3091185156902004,0.7756623437246442,0.18500727642952294,0.4916346091078304,0.8073482939148013,0.12552528231245877,0.2639985193624028,0.6728047011462592,0.20225723150549726,0,0,0,6
AT3G12040.2,GO:0043916,MAG,3,3835129,3836834,-,1705,protein_coding,DNA-3-methyladenine glycosylase [Source:UniProtKB/Swiss-Prot;Acc:Q39147],0.5324572584529661,0.891245326184568,0.8373427227099043,0.6681912936546166,NA,0.5779721570831112,0.544193299047793,NA,0.8127375680259186,0,0,0,6
AT3G12040.1,GO:0043916,MAG,3,3835129,3836849,-,1720,protein_coding,DNA-3-methyladenine glycosylase [Source:UniProtKB/Swiss-Prot;Acc:Q39147],0.25725479613903324,0.7354017441026581,-0.2852933975153952,0.08377675140841784,0.3704699179735299,0.42883560834414935,0.8187528640209574,0.9543983771902524,0.05713192088750392,0,0,0,5
AT3G50880.1,GO:0043916,,3,18913310,18915094,+,1784,protein_coding,At3g50880 [Source:UniProtKB/TrEMBL;Acc:Q9SVL1],0.1782508915598881,0.650297697770777,0.22894000935080974,0.5789673829840183,0.8575545266697271,-0.09544454592932339,0.605936756177436,0.8831178578855489,0.08790348687424306,0,0,0,3
