ID,Path,Gene,Chromosome,Start,End,Strand,Length,BioType,Description,Flg22_vs_Mock_pvalue,Flg22_vs_Mock_padj,Flg22_vs_Mock_log2FoldChange,Flg22_SynCom33_vs_Mock_pvalue,Flg22_SynCom33_vs_Mock_padj,Flg22_SynCom33_vs_Mock_log2FoldChange,Flg22_SynCom35_vs_Mock_pvalue,Flg22_SynCom35_vs_Mock_padj,Flg22_SynCom35_vs_Mock_log2FoldChange,Flg22_vs_Mock,Flg22_SynCom33_vs_Mock,Flg22_SynCom35_vs_Mock,cl
AT5G39760.1,GO:0001173,ZHD10,5,15911350,15912860,+,1510,protein_coding,Zinc-finger homeodomain protein 10 [Source:UniProtKB/Swiss-Prot;Acc:Q9FIW9],0.29234391747611105,0.7646527988982244,0.3366253389331373,0.1813591450935056,0.539064190447105,-0.4292889128736733,0.009202933304439777,0.12040834911047978,-0.8388230296271271,0,0,0,2
AT5G43630.1,GO:0001173,TZP,5,17526729,17530605,+,3876,protein_coding,Zinc knuckle (CCHC-type) family protein [Source:UniProtKB/TrEMBL;Acc:Q9FIX7],0.7081560071105006,0.9447411776945802,0.8263502016034098,0.6944836604619747,0.9098893537644412,-0.867815059076007,0.4587785354537949,0.8097127672341095,1.6351774196570095,0,0,0,4
AT5G43630.3,GO:0001173,TZP,5,17526729,17530605,+,3876,protein_coding,Zinc knuckle (CCHC-type) family protein [Source:UniProtKB/TrEMBL;Acc:Q9FIX7],0.7521934178308871,0.9531706513115944,0.4631379610629441,0.3841439535378622,0.7375059105131275,-1.2833502468881903,0.742116751759236,0.9314525565355267,0.4825804710813001,0,-0,0,3
AT5G43630.4,GO:0001173,TZP,5,17526729,17530605,+,3876,protein_coding,Zinc knuckle (CCHC-type) family protein [Source:UniProtKB/TrEMBL;Acc:Q9FIX7],0.1747263257156395,0.6453400724710942,-0.5646952490868713,0.07815909693885327,0.357021723689083,-0.7331099721301126,0.0620985193733931,0.3546928250439437,-0.7763907369910592,0,0,0,8
