ID,Path,Gene,Chromosome,Start,End,Strand,Length,BioType,Description,Flg22_vs_Mock_pvalue,Flg22_vs_Mock_padj,Flg22_vs_Mock_log2FoldChange,Flg22_SynCom33_vs_Mock_pvalue,Flg22_SynCom33_vs_Mock_padj,Flg22_SynCom33_vs_Mock_log2FoldChange,Flg22_SynCom35_vs_Mock_pvalue,Flg22_SynCom35_vs_Mock_padj,Flg22_SynCom35_vs_Mock_log2FoldChange,Flg22_vs_Mock,Flg22_SynCom33_vs_Mock,Flg22_SynCom35_vs_Mock,cl
AT1G17840.1,GO:0015245,ABCG11,1,6142402,6146521,+,4119,protein_coding,ABC transporter G family member 11 [Source:UniProtKB/Swiss-Prot;Acc:Q8RXN0],0.6024403556773721,0.9142238114278536,0.13817420702747077,0.9185308035328357,0.9801673242646731,-0.027222050886458973,0.5863011016258342,0.8756021219492602,-0.1449162821534072,0,0,0,7
AT3G57280.1,GO:0015245,FAX1,3,21193680,21195790,+,2110,protein_coding,"Protein FATTY ACID EXPORT 1, chloroplastic [Source:UniProtKB/Swiss-Prot;Acc:Q93V66]",0.20201458978511927,0.6768696979032268,0.1956489035511634,0.1719441521251545,0.5253100008442326,0.20946486538799297,0.4929355566994056,0.8291877795465179,-0.10553852814910168,0,0,0,9
