ID,Path,Gene,Chromosome,Start,End,Strand,Length,BioType,Description,Flg22_vs_Mock_pvalue,Flg22_vs_Mock_padj,Flg22_vs_Mock_log2FoldChange,Flg22_SynCom33_vs_Mock_pvalue,Flg22_SynCom33_vs_Mock_padj,Flg22_SynCom33_vs_Mock_log2FoldChange,Flg22_SynCom35_vs_Mock_pvalue,Flg22_SynCom35_vs_Mock_padj,Flg22_SynCom35_vs_Mock_log2FoldChange,Flg22_vs_Mock,Flg22_SynCom33_vs_Mock,Flg22_SynCom35_vs_Mock,cl
AT1G09780.1,GO:0006007,PGM1,1,3165370,3167924,-,2554,protein_coding,IPGAM1 [Source:UniProtKB/TrEMBL;Acc:A0A178W6V9],0.12648771997443062,0.5688187366652343,0.16568459664537893,0.46965471203691167,0.7943986452753137,-0.0784352938025599,0.5066042343979732,0.836565910187542,-0.0720309157963672,0,0,0,7
AT3G08590.1,GO:0006007,,3,2608308,2611555,-,3247,protein_coding,IPGAM2 [Source:UniProtKB/TrEMBL;Acc:A0A384KAQ5],1.758789123887313e-5,0.001717218887268104,1.3705759903821755,0.0043382627761513115,0.0630384756478376,0.9152385269350523,0.20397355183499769,0.6058647019930082,-0.4177305525517996,1,0,0,7
AT3G08590.2,GO:0006007,,3,2608477,2611411,-,2934,protein_coding,IPGAM2 [Source:UniProtKB/TrEMBL;Acc:A0A384KAQ5],0.02464899128772791,0.25750792884195,0.3561765300811557,0.3896317568756488,0.7427899360563925,-0.1365016768510327,5.491662037573659e-4,0.016938257089736806,-0.5487296256932142,0,0,0,7
