ID,Path,Gene,Chromosome,Start,End,Strand,Length,BioType,Description,Flg22_vs_Mock_pvalue,Flg22_vs_Mock_padj,Flg22_vs_Mock_log2FoldChange,Flg22_SynCom33_vs_Mock_pvalue,Flg22_SynCom33_vs_Mock_padj,Flg22_SynCom33_vs_Mock_log2FoldChange,Flg22_SynCom35_vs_Mock_pvalue,Flg22_SynCom35_vs_Mock_padj,Flg22_SynCom35_vs_Mock_log2FoldChange,Flg22_vs_Mock,Flg22_SynCom33_vs_Mock,Flg22_SynCom35_vs_Mock,cl
AT1G66270.1,GO:0009804,BGLU21,1,24699868,24703166,-,3298,protein_coding,BGLU21 [Source:UniProtKB/TrEMBL;Acc:A0A178WA93],1.4875782526163216e-5,0.0014988688645336612,-0.807184434753938,0.21076301454830687,0.5753739706293909,-0.2330862511942897,0.0012512793978493493,0.030970452421254777,0.6005528775582735,0,0,0,4
AT1G66270.2,GO:0009804,BGLU21,1,24699990,24703041,-,3051,protein_coding,BGLU21 [Source:UniProtKB/TrEMBL;Acc:A0A178WA93],0.008999434330844195,0.14388307936145933,-0.5653198526555758,0.4299677995611717,0.7686635890006928,0.170536014005786,0.003034741477957557,0.05803641532329325,0.639974358387506,0,0,0,1
