ID,Path,Gene,Chromosome,Start,End,Strand,Length,BioType,Description,Flg22_vs_Mock_pvalue,Flg22_vs_Mock_padj,Flg22_vs_Mock_log2FoldChange,Flg22_SynCom33_vs_Mock_pvalue,Flg22_SynCom33_vs_Mock_padj,Flg22_SynCom33_vs_Mock_log2FoldChange,Flg22_SynCom35_vs_Mock_pvalue,Flg22_SynCom35_vs_Mock_padj,Flg22_SynCom35_vs_Mock_log2FoldChange,Flg22_vs_Mock,Flg22_SynCom33_vs_Mock,Flg22_SynCom35_vs_Mock,cl
AT3G55160.2,GO:0032006,,3,20444502,20452626,-,8124,protein_coding,Thyroid adenoma-associated-like protein [Source:UniProtKB/TrEMBL;Acc:F4JFA0],0.26767920108449766,0.7444842694161964,1.5215996373013092,0.822742273871604,0.9516399952423436,0.3084047762348931,0.3864713214171055,0.7653856935739713,1.1893506914760033,0,0,0,6
AT3G55160.1,GO:0032006,,3,20444535,20452400,-,7865,protein_coding,Thyroid adenoma-associated-like protein [Source:UniProtKB/TrEMBL;Acc:F4JFA0],0.08991938770748215,0.4934304811513348,-0.3973332487512852,0.015322435339203546,0.1417103538359273,-0.5694010042195016,0.5975931686725913,0.8800935691524852,0.1229683691866662,0,0,0,4
