ID,Path,Gene,Chromosome,Start,End,Strand,Length,BioType,Description,Flg22_vs_Mock_pvalue,Flg22_vs_Mock_padj,Flg22_vs_Mock_log2FoldChange,Flg22_SynCom33_vs_Mock_pvalue,Flg22_SynCom33_vs_Mock_padj,Flg22_SynCom33_vs_Mock_log2FoldChange,Flg22_SynCom35_vs_Mock_pvalue,Flg22_SynCom35_vs_Mock_padj,Flg22_SynCom35_vs_Mock_log2FoldChange,Flg22_vs_Mock,Flg22_SynCom33_vs_Mock,Flg22_SynCom35_vs_Mock,cl
AT1G11190.1,GO:0090502,ENDO1,1,3750066,3752780,-,2714,protein_coding,ENDO1 [Source:UniProtKB/TrEMBL;Acc:A0A178WKD4],6.343453225301117e-8,1.6301510852652256e-5,1.081299093697061,0.03678322082711537,0.23706702044462127,0.423286934327758,2.0564985369134225e-4,0.008329165286374262,-0.7841916357090448,1,0,0,7
AT1G68290.1,GO:0090502,ENDO2,1,25596671,25598438,+,1767,protein_coding,Endonuclease 2 [Source:UniProtKB/Swiss-Prot;Acc:Q9C9G4],0.04286461495418039,0.34850321135008056,0.46263338563735534,0.013522676479973305,0.13099696905752878,0.5615248364076275,0.35251140902083483,0.7416623040764484,-0.2210014267644037,0,0,0,9
AT4G21590.2,GO:0090502,ENDO3,4,11480329,11482724,+,2395,protein_coding,Endonuclease 3 [Source:UniProtKB/Swiss-Prot;Acc:Q8LDW6],0.30173891505639944,0.771004182589507,-0.36659065470137664,0.7414743003438466,0.9258152573105746,0.112536604603992,0.027598186366781824,0.23166684145570032,0.7197514470680092,0,0,0,1
