ID,Path,Gene,Chromosome,Start,End,Strand,Length,BioType,Description,Flg22_vs_Mock_pvalue,Flg22_vs_Mock_padj,Flg22_vs_Mock_log2FoldChange,Flg22_SynCom33_vs_Mock_pvalue,Flg22_SynCom33_vs_Mock_padj,Flg22_SynCom33_vs_Mock_log2FoldChange,Flg22_SynCom35_vs_Mock_pvalue,Flg22_SynCom35_vs_Mock_padj,Flg22_SynCom35_vs_Mock_log2FoldChange,Flg22_vs_Mock,Flg22_SynCom33_vs_Mock,Flg22_SynCom35_vs_Mock,cl
AT4G29210.2,GO:0102953,GGT3,4,14400920,14403519,+,2599,protein_coding,Glutathione hydrolase 3 [Source:UniProtKB/Swiss-Prot;Acc:Q9M0G0],0.17471557732436882,0.6453400724710942,1.3219967698602844,0.5723150208196348,0.8541038355450743,0.5536571421826287,0.8031145404292195,NA,0.24509923663809066,0,0,0,7
AT4G29210.1,GO:0102953,GGT3,4,14400932,14403519,+,2587,protein_coding,Glutathione hydrolase 3 [Source:UniProtKB/Swiss-Prot;Acc:Q9M0G0],0.9236187737558693,0.9888441457128984,-0.01033175801846968,0.7989619557625025,0.9445667322495317,-0.02746365463619609,0.23637800690512592,0.6443215601771493,-0.1277136349735666,0,0,0,2
AT4G39640.1,GO:0102953,GGT1,4,18399923,18403037,+,3114,protein_coding,Glutathione hydrolase 1 [Source:UniProtKB/Swiss-Prot;Acc:Q8VYW6],3.291902112239858e-10,1.4872495171927527e-7,1.4017707402403028,1.8945261936694236e-14,1.4551043753777555e-11,1.704155629935507,0.007425424742607821,0.10476796739980433,0.6020007550753912,1,1,0,9
AT4G39650.1,GO:0102953,GGT2,4,18403560,18406025,+,2465,protein_coding,Glutathione hydrolase 2 [Source:UniProtKB/Swiss-Prot;Acc:Q680I5],0.4603572317817749,NA,-1.0144591574886588,0.5167718270396735,NA,0.7665165327789332,0.4635111085688024,NA,0.8591562551232539,-0,0,0,1
