ID,Path,Gene,Chromosome,Start,End,Strand,Length,BioType,Description,Flg22_vs_Mock_pvalue,Flg22_vs_Mock_padj,Flg22_vs_Mock_log2FoldChange,Flg22_SynCom33_vs_Mock_pvalue,Flg22_SynCom33_vs_Mock_padj,Flg22_SynCom33_vs_Mock_log2FoldChange,Flg22_SynCom35_vs_Mock_pvalue,Flg22_SynCom35_vs_Mock_padj,Flg22_SynCom35_vs_Mock_log2FoldChange,Flg22_vs_Mock,Flg22_SynCom33_vs_Mock,Flg22_SynCom35_vs_Mock,cl
AT1G07980.2,GO:0008623,NF-YC10,1,2473165,2475013,-,1848,protein_coding,At1g07980 [Source:UniProtKB/TrEMBL;Acc:Q9LN09],0.39449946313456496,0.8343835911118753,-0.6897683780032826,0.8503106411529735,0.9597863766645485,0.14825109938528805,0.7448388339363707,NA,0.25432791606489097,0,0,0,1
AT1G07980.1,GO:0008623,NF-YC10,1,2473165,2475128,-,1963,protein_coding,At1g07980 [Source:UniProtKB/TrEMBL;Acc:Q9LN09],0.8724628648620911,0.9807526575733545,-0.020352501757275973,0.4316104423663968,0.7699105449033496,-0.10015057029481489,0.09729344162654688,0.4438160065702436,-0.2113756586924987,0,0,0,2
