ID,Path,Gene,Chromosome,Start,End,Strand,Length,BioType,Description,Flg22_vs_Mock_pvalue,Flg22_vs_Mock_padj,Flg22_vs_Mock_log2FoldChange,Flg22_SynCom33_vs_Mock_pvalue,Flg22_SynCom33_vs_Mock_padj,Flg22_SynCom33_vs_Mock_log2FoldChange,Flg22_SynCom35_vs_Mock_pvalue,Flg22_SynCom35_vs_Mock_padj,Flg22_SynCom35_vs_Mock_log2FoldChange,Flg22_vs_Mock,Flg22_SynCom33_vs_Mock,Flg22_SynCom35_vs_Mock,cl
AT1G04120.1,GO:0008281,ABCC5,1,1064264,1071080,-,6816,protein_coding,MRP5 [Source:UniProtKB/TrEMBL;Acc:A0A178WGC2],1.5605892680189697e-6,2.4979237706559634e-4,0.5982456761728806,0.7866283482067923,0.9408094867507961,0.03386447865660634,0.26782927431060105,0.6754126500382013,0.1383899315768558,0,0,0,7
AT1G04120.3,GO:0008281,ABCC5,1,1064454,1071019,-,6565,protein_coding,MRP5 [Source:UniProtKB/TrEMBL;Acc:A0A178WGC2],0.11578631866377118,0.5487214971897635,0.290570146031759,0.1779750066907307,0.5343829889082913,0.2489124093051357,0.656437836822122,0.9028566917481232,-0.08226834865677402,0,0,0,9
