ID,Path,Gene,Chromosome,Start,End,Strand,Length,BioType,Description,Flg22_vs_Mock_pvalue,Flg22_vs_Mock_padj,Flg22_vs_Mock_log2FoldChange,Flg22_SynCom33_vs_Mock_pvalue,Flg22_SynCom33_vs_Mock_padj,Flg22_SynCom33_vs_Mock_log2FoldChange,Flg22_SynCom35_vs_Mock_pvalue,Flg22_SynCom35_vs_Mock_padj,Flg22_SynCom35_vs_Mock_log2FoldChange,Flg22_vs_Mock,Flg22_SynCom33_vs_Mock,Flg22_SynCom35_vs_Mock,cl
AT5G05010.1,GO:0030137,,5,1476533,1480197,+,3664,protein_coding,Coatomer subunit delta [Source:UniProtKB/TrEMBL;Acc:B9DGK9],0.19593967558681727,0.6706022537318397,0.7123612764488043,0.8575135898686118,0.9620891873875449,0.0993068635732956,0.7082665039445868,0.9212703350031888,-0.20736078027612223,0,0,0,7
AT5G05010.2,GO:0030137,,5,1476673,1480197,+,3524,protein_coding,Coatomer subunit delta [Source:UniProtKB/TrEMBL;Acc:B9DGK9],0.19741513128591984,0.6710663381097558,0.11676692834897821,0.2522844757022492,0.6224951798192542,0.10373129487503577,0.07467044295255806,0.38951030280846527,0.16131732156732398,0,0,0,6
