ID,Path,Gene,Chromosome,Start,End,Strand,Length,BioType,Description,Flg22_vs_Mock_pvalue,Flg22_vs_Mock_padj,Flg22_vs_Mock_log2FoldChange,Flg22_SynCom33_vs_Mock_pvalue,Flg22_SynCom33_vs_Mock_padj,Flg22_SynCom33_vs_Mock_log2FoldChange,Flg22_SynCom35_vs_Mock_pvalue,Flg22_SynCom35_vs_Mock_padj,Flg22_SynCom35_vs_Mock_log2FoldChange,Flg22_vs_Mock,Flg22_SynCom33_vs_Mock,Flg22_SynCom35_vs_Mock,cl
AT2G44270.1,GO:0002143,NCS6,2,18297878,18300304,-,2426,protein_coding,Cytoplasmic tRNA 2-thiolation protein 1 [Source:UniProtKB/TrEMBL;Acc:A0A178VUZ0],0.2048599034350898,0.6793153636062266,-0.18890157514840333,0.14958939673560542,0.49015872294570273,-0.21501382972435157,0.18726226297994905,0.5858076234758328,0.19341579342252538,0,0,0,4
AT4G35910.1,GO:0002143,CTU2,4,17008388,17011642,-,3254,protein_coding,Cytoplasmic tRNA 2-thiolation protein 2 [Source:UniProtKB/Swiss-Prot;Acc:O65628],0.21467218906140217,0.6910016123640361,-0.16909954212620115,0.004123656105653346,0.06104191818952271,-0.39715354040811346,0.6503561826422084,0.9010895534638393,0.0606902926749694,0,0,0,4
AT5G55130.3,GO:0002143,MOCS3,5,22373168,22375413,-,2245,protein_coding,Adenylyltransferase and sulfurtransferase MOCS3 [Source:UniProtKB/Swiss-Prot;Acc:Q9ZNW0],0.6073933896864194,0.9155269761939208,0.19258661709092056,0.4728353283535062,0.795964637535159,0.26891168613544475,0.6041648204659285,0.8820562909131257,-0.19497970848327525,0,0,0,9
AT5G55130.1,GO:0002143,MOCS3,5,22373180,22376138,-,2958,protein_coding,Adenylyltransferase and sulfurtransferase MOCS3 [Source:UniProtKB/Swiss-Prot;Acc:Q9ZNW0],0.06873625832103215,0.437338020133438,-0.32297151461072787,0.032499319265598264,0.2200242663220182,-0.38009117123638925,0.8060646843945105,0.9509415955860436,-0.043204937076847444,0,0,0,8
