ID,Path,Gene,Chromosome,Start,End,Strand,Length,BioType,Description,Flg22_vs_Mock_pvalue,Flg22_vs_Mock_padj,Flg22_vs_Mock_log2FoldChange,Flg22_SynCom33_vs_Mock_pvalue,Flg22_SynCom33_vs_Mock_padj,Flg22_SynCom33_vs_Mock_log2FoldChange,Flg22_SynCom35_vs_Mock_pvalue,Flg22_SynCom35_vs_Mock_padj,Flg22_SynCom35_vs_Mock_log2FoldChange,Flg22_vs_Mock,Flg22_SynCom33_vs_Mock,Flg22_SynCom35_vs_Mock,cl
AT3G01420.1,GO:0001561,DOX1,3,159450,162905,-,3455,protein_coding,Alpha-dioxygenase 1 [Source:UniProtKB/Swiss-Prot;Acc:Q9SGH6],0.571620351742428,0.904829312885771,-0.09503693568323252,0.554834677074252,0.844193070941522,-0.09921462818892386,2.2613383634977334e-16,4.1848675653098823e-13,-1.3793553177959847,0,0,-1,2
AT5G17380.1,GO:0001561,HACL,5,5724759,5726912,-,2153,protein_coding,2-hydroxyacyl-CoA lyase [Source:UniProtKB/Swiss-Prot;Acc:Q9LF46],7.94447328242468e-4,0.029089234132548724,0.2629156585567399,0.386523946508444,0.7399613110696476,-0.06806779504428082,3.0860831056046683e-15,4.949665823642474e-12,-0.6233108205198311,0,0,0,2
