ID,Path,Gene,Chromosome,Start,End,Strand,Length,BioType,Description,Flg22_vs_Mock_pvalue,Flg22_vs_Mock_padj,Flg22_vs_Mock_log2FoldChange,Flg22_SynCom33_vs_Mock_pvalue,Flg22_SynCom33_vs_Mock_padj,Flg22_SynCom33_vs_Mock_log2FoldChange,Flg22_SynCom35_vs_Mock_pvalue,Flg22_SynCom35_vs_Mock_padj,Flg22_SynCom35_vs_Mock_log2FoldChange,Flg22_vs_Mock,Flg22_SynCom33_vs_Mock,Flg22_SynCom35_vs_Mock,cl
AT1G09530.6,GO:0031539,PIF3,1,3076401,3079544,+,3143,protein_coding,Transcription factor PIF3 [Source:UniProtKB/Swiss-Prot;Acc:O80536],0.004563854221687099,0.09379172458083444,1.34692204639619,0.40883954904480035,0.754600325201662,0.39865803645114006,0.8553312858955204,0.9650858304133959,0.08847831064468321,0,0,0,7
AT5G11260.1,GO:0031539,HY5,5,3593335,3595073,-,1738,protein_coding,Basic-leucine zipper (bZIP) transcription factor family protein [Source:TAIR;Acc:AT5G11260],0.22108777442772629,0.6982467525378236,-0.35773708653906455,0.021274810051857003,0.17133536514520348,-0.6748488843995248,0.34760408430841155,0.7394941081138766,-0.2743344763373474,0,0,0,8
AT5G11260.2,GO:0031539,HY5,5,3593361,3595003,-,1642,protein_coding,Basic-leucine zipper (bZIP) transcription factor family protein [Source:TAIR;Acc:AT5G11260],0.21682119064155667,0.6932738123383849,-0.6372449020954807,0.12215890606584623,0.44458396992192867,-0.8008420334763492,0.8282283660004652,0.957267260592803,0.11039066126662875,0,0,0,4
