ID,Path,Gene,Chromosome,Start,End,Strand,Length,BioType,Description,Flg22_vs_Mock_pvalue,Flg22_vs_Mock_padj,Flg22_vs_Mock_log2FoldChange,Flg22_SynCom33_vs_Mock_pvalue,Flg22_SynCom33_vs_Mock_padj,Flg22_SynCom33_vs_Mock_log2FoldChange,Flg22_SynCom35_vs_Mock_pvalue,Flg22_SynCom35_vs_Mock_padj,Flg22_SynCom35_vs_Mock_log2FoldChange,Flg22_vs_Mock,Flg22_SynCom33_vs_Mock,Flg22_SynCom35_vs_Mock,cl
AT1G50000.1,GO:0070042,,1,18515059,18517290,-,2231,protein_coding,Methyltransferase [Source:UniProtKB/TrEMBL;Acc:Q6E297],0.7877176450507688,0.9629422442315023,0.09074633702598378,0.4825066978302518,0.8017685267219379,-0.24172529111462296,0.5316331114763131,0.8499487902642969,0.2086026852944713,0,0,0,4
AT1G55800.1,GO:0070042,,1,20856526,20857630,-,1104,protein_coding,Domain of unknown function (DUF2431) [Source:TAIR;Acc:AT1G55800],0.25574778296241035,NA,1.2597745721335483,0.6417959761081915,NA,0.5315493990794034,0.8522051773348056,NA,0.21550383366951384,0,0,0,7
