ID,Path,Gene,Chromosome,Start,End,Strand,Length,BioType,Description,Flg22_vs_Mock_pvalue,Flg22_vs_Mock_padj,Flg22_vs_Mock_log2FoldChange,Flg22_SynCom33_vs_Mock_pvalue,Flg22_SynCom33_vs_Mock_padj,Flg22_SynCom33_vs_Mock_log2FoldChange,Flg22_SynCom35_vs_Mock_pvalue,Flg22_SynCom35_vs_Mock_padj,Flg22_SynCom35_vs_Mock_log2FoldChange,Flg22_vs_Mock,Flg22_SynCom33_vs_Mock,Flg22_SynCom35_vs_Mock,cl
AT4G16340.2,GO:0051493,SPK1,4,9228185,9241384,-,13199,protein_coding,Guanine nucleotide exchange factor SPIKE 1 [Source:UniProtKB/Swiss-Prot;Acc:Q8SAB7],0.18968365251602803,0.6653717492195932,-0.20531155638675477,0.0286101712584034,0.2053313866986007,-0.34297324596935297,0.35132220096680805,0.7410868394546415,0.14557816066059762,0,0,0,4
AT5G08120.2,GO:0051493,MPB2C,5,2600443,2602935,-,2492,protein_coding,MPB2C [Source:UniProtKB/TrEMBL;Acc:A0A178UL06],0.5431503231739392,0.8947940776583668,-0.564080231504606,0.6293947681641774,0.8815855647034919,-0.44698505203113764,0.11511125212515597,NA,-1.4868529307662786,0,0,-0,2
AT5G08120.1,GO:0051493,MPB2C,5,2600443,2602935,-,2492,protein_coding,MPB2C [Source:UniProtKB/TrEMBL;Acc:A0A178UL06],0.44768817049292303,0.860626816531279,-0.09335640996861985,0.2973974750247812,0.665221761872915,0.1268263806772471,0.052648064056384954,0.32935652541397603,0.23386352204015737,0,0,0,1
