ID,Path,Gene,Chromosome,Start,End,Strand,Length,BioType,Description,Flg22_vs_Mock_pvalue,Flg22_vs_Mock_padj,Flg22_vs_Mock_log2FoldChange,Flg22_SynCom33_vs_Mock_pvalue,Flg22_SynCom33_vs_Mock_padj,Flg22_SynCom33_vs_Mock_log2FoldChange,Flg22_SynCom35_vs_Mock_pvalue,Flg22_SynCom35_vs_Mock_padj,Flg22_SynCom35_vs_Mock_log2FoldChange,Flg22_vs_Mock,Flg22_SynCom33_vs_Mock,Flg22_SynCom35_vs_Mock,cl
AT1G04510.1,GO:0000349,PRP19A,1,1226483,1230947,+,4464,protein_coding,Pre-mRNA-processing factor 19 homolog 1 [Source:UniProtKB/Swiss-Prot;Acc:Q94BR4],0.36269617800453535,0.8136146882153515,0.1590659644453349,0.8248806102240357,0.9517485030993669,0.038725983856990207,0.0761724981177169,0.3931634228526448,0.3091782345847057,0,0,0,6
AT1G04510.2,GO:0000349,PRP19A,1,1226575,1230827,+,4252,protein_coding,Pre-mRNA-processing factor 19 homolog 1 [Source:UniProtKB/Swiss-Prot;Acc:Q94BR4],0.3550271296160127,0.8096095669928923,-0.4662201216470057,0.044120290144307045,0.26181934650314836,-1.019239424208592,0.4282194393348923,0.7912467183610326,-0.39900093851210744,0,-0,0,8
AT2G33340.1,GO:0000349,PRP19B,2,14126141,14131224,-,5083,protein_coding,Pre-mRNA-processing factor 19 homolog 2 [Source:UniProtKB/Swiss-Prot;Acc:O22785],0.4023830517294696,0.8393016186172841,-0.15062971550125182,0.028538285161136295,0.20506981601220686,-0.39441464642232416,0.7648828714960241,0.938648999945584,0.05373552041192977,0,0,0,4
AT2G33340.2,GO:0000349,PRP19B,2,14126217,14131153,-,4936,protein_coding,Pre-mRNA-processing factor 19 homolog 2 [Source:UniProtKB/Swiss-Prot;Acc:O22785],0.5958341714473173,0.9113451141152242,0.22434259204744575,0.06281324409275314,0.3159737214547436,-0.7945541194728669,0.38668237047411047,0.7654739133437135,0.36566115032206525,0,0,0,3
AT5G28740.1,GO:0000349,,5,10780503,10783996,+,3493,protein_coding,Tetratricopeptide repeat (TPR)-like superfamily protein [Source:UniProtKB/TrEMBL;Acc:Q9LKU3],0.08006957190176345,0.4681337463035475,-0.18920100896400144,0.06648429208721184,0.3263752264222842,-0.19843722073494663,0.716326686626686,0.9236460192338306,0.03911220094562361,0,0,0,4
