ID,Path,Gene,Chromosome,Start,End,Strand,Length,BioType,Description,Flg22_vs_Mock_pvalue,Flg22_vs_Mock_padj,Flg22_vs_Mock_log2FoldChange,Flg22_SynCom33_vs_Mock_pvalue,Flg22_SynCom33_vs_Mock_padj,Flg22_SynCom33_vs_Mock_log2FoldChange,Flg22_SynCom35_vs_Mock_pvalue,Flg22_SynCom35_vs_Mock_padj,Flg22_SynCom35_vs_Mock_log2FoldChange,Flg22_vs_Mock,Flg22_SynCom33_vs_Mock,Flg22_SynCom35_vs_Mock,cl
AT5G07390.1,GO:0031226,RBOHA,5,2335895,2339913,-,4018,protein_coding,Respiratory burst oxidase homolog protein A [Source:UniProtKB/Swiss-Prot;Acc:O81209],0.16028406996049152,0.6226481043751584,0.3394034041149177,0.023670480868312232,0.18342746229517712,0.5463297063361949,0.14930074320994738,0.5341479815159627,-0.35001086138228993,0,0,0,9
AT5G07390.2,GO:0031226,RBOHA,5,2336184,2339868,-,3684,protein_coding,Respiratory burst oxidase homolog protein A [Source:UniProtKB/Swiss-Prot;Acc:O81209],0.892846351205623,0.9850342389027601,-0.06616559399373069,0.7614640107101603,0.9320131811943192,-0.1492852345540012,0.07962327157177636,0.4029964206839773,-0.8709477794596665,0,0,0,2
