ID,Path,Gene,Chromosome,Start,End,Strand,Length,BioType,Description,Flg22_vs_Mock_pvalue,Flg22_vs_Mock_padj,Flg22_vs_Mock_log2FoldChange,Flg22_SynCom33_vs_Mock_pvalue,Flg22_SynCom33_vs_Mock_padj,Flg22_SynCom33_vs_Mock_log2FoldChange,Flg22_SynCom35_vs_Mock_pvalue,Flg22_SynCom35_vs_Mock_padj,Flg22_SynCom35_vs_Mock_log2FoldChange,Flg22_vs_Mock,Flg22_SynCom33_vs_Mock,Flg22_SynCom35_vs_Mock,cl
AT4G20140.1,GO:0035987,GSO1,4,10883921,10888270,+,4349,protein_coding,LRR receptor-like serine/threonine-protein kinase GSO1 [Source:UniProtKB/Swiss-Prot;Acc:C0LGQ5],0.4105224321157753,0.8438674149004016,0.17736106201272173,0.4860553154311216,0.8042316656247226,-0.15025175691465462,0.024707090644777534,0.2184502707578309,-0.48480044372188846,0,0,0,2
AT5G57620.1,GO:0035987,MYB36,5,23334767,23336632,+,1865,protein_coding,Transcription factor MYB36 [Source:UniProtKB/Swiss-Prot;Acc:Q9FKL2],0.016840562513198067,0.20891098164623165,0.40478927245306434,0.5536127057232847,0.8431373154639022,0.1006151731208718,7.437659080597745e-4,0.021051200254237713,-0.5772141683807652,0,0,0,7
