ID,Path,Gene,Chromosome,Start,End,Strand,Length,BioType,Description,Flg22_vs_Mock_pvalue,Flg22_vs_Mock_padj,Flg22_vs_Mock_log2FoldChange,Flg22_SynCom33_vs_Mock_pvalue,Flg22_SynCom33_vs_Mock_padj,Flg22_SynCom33_vs_Mock_log2FoldChange,Flg22_SynCom35_vs_Mock_pvalue,Flg22_SynCom35_vs_Mock_padj,Flg22_SynCom35_vs_Mock_log2FoldChange,Flg22_vs_Mock,Flg22_SynCom33_vs_Mock,Flg22_SynCom35_vs_Mock,cl
AT2G45490.2,GO:0043988,AUR3,2,18747509,18749178,-,1669,protein_coding,AUR3 [Source:UniProtKB/TrEMBL;Acc:A0A178VSR7],0.21202887788919475,0.6885162182418542,-1.335197887817367,0.9901700818445225,0.9976829991254665,0.012785567612722164,0.703486401595608,NA,-0.3970092229815384,-0,0,0,10
AT2G45490.1,GO:0043988,AUR3,2,18747536,18749215,-,1679,protein_coding,AUR3 [Source:UniProtKB/TrEMBL;Acc:A0A178VSR7],0.43252587894888017,0.8528426295394258,-0.35278078633896,0.04261546456073416,0.25708907502730155,-0.9376251833908078,0.36292895251327884,0.7491550757103846,0.3985209734170156,0,0,0,4
