ID,Path,Gene,Chromosome,Start,End,Strand,Length,BioType,Description,Flg22_vs_Mock_pvalue,Flg22_vs_Mock_padj,Flg22_vs_Mock_log2FoldChange,Flg22_SynCom33_vs_Mock_pvalue,Flg22_SynCom33_vs_Mock_padj,Flg22_SynCom33_vs_Mock_log2FoldChange,Flg22_SynCom35_vs_Mock_pvalue,Flg22_SynCom35_vs_Mock_padj,Flg22_SynCom35_vs_Mock_log2FoldChange,Flg22_vs_Mock,Flg22_SynCom33_vs_Mock,Flg22_SynCom35_vs_Mock,cl
AT1G03150.1,GO:0031416,NAA20,1,756414,758678,+,2264,protein_coding,N-terminal acetyltransferase B complex catalytic subunit NAA20 [Source:UniProtKB/Swiss-Prot;Acc:Q8LGI8],0.9650924308150309,0.9946629527453268,-0.0056109338900601335,0.6252413738929092,0.8796178884754651,-0.0628748173375244,0.757949362900448,0.9366522381682237,-0.03940224060569919,0,0,0,4
AT5G58450.2,GO:0031416,NAA25,5,23627059,23632223,+,5164,protein_coding,N-terminal acetyltransferase B complex auxiliary subunit NAA25 [Source:UniProtKB/Swiss-Prot;Acc:F4KEY9],0.17986505251417176,0.6530145695370422,-0.15085902927510358,0.07591768633626056,0.3517673804521346,-0.1999352915328249,0.20392602189162223,0.6058647019930082,-0.14261638674071359,0,0,0,8
