ID,Path,Gene,Chromosome,Start,End,Strand,Length,BioType,Description,Flg22_vs_Mock_pvalue,Flg22_vs_Mock_padj,Flg22_vs_Mock_log2FoldChange,Flg22_SynCom33_vs_Mock_pvalue,Flg22_SynCom33_vs_Mock_padj,Flg22_SynCom33_vs_Mock_log2FoldChange,Flg22_SynCom35_vs_Mock_pvalue,Flg22_SynCom35_vs_Mock_padj,Flg22_SynCom35_vs_Mock_log2FoldChange,Flg22_vs_Mock,Flg22_SynCom33_vs_Mock,Flg22_SynCom35_vs_Mock,cl
AT1G14560.2,GO:0015228,COAC1,1,4980624,4983367,+,2743,protein_coding,Mitochondrial carrier protein CoAc1 [Source:UniProtKB/Swiss-Prot;Acc:F4HW79],0.5527807687364481,0.8981925931362984,-0.27943590616664093,0.6016488229485968,0.8691317885216102,-0.24558966006554692,0.4778280318420504,0.8213419943293863,0.32901743390887517,0,0,0,4
AT1G14560.1,GO:0015228,COAC1,1,4980624,4983367,+,2743,protein_coding,Mitochondrial carrier protein CoAc1 [Source:UniProtKB/Swiss-Prot;Acc:F4HW79],0.5483833225867871,0.8971885549312828,0.08358133350792388,0.3605415781092569,0.7191678794640689,0.12707066426968383,0.25708745113307013,0.6650254264763386,-0.15946533871594845,0,0,0,9
AT1G14560.3,GO:0015228,COAC1,1,4980628,4983357,+,2729,protein_coding,Mitochondrial carrier protein CoAc1 [Source:UniProtKB/Swiss-Prot;Acc:F4HW79],0.7538088421603157,0.9536569017831775,-0.1981729643287412,0.25767154237126033,0.628245781274636,-0.7232386770766809,0.5512610731867114,0.8594551867841634,-0.3772030772023495,0,0,0,8
AT4G26180.1,GO:0015228,COAC2,4,13259969,13262110,-,2141,protein_coding,Mitochondrial carrier protein CoAc2 [Source:UniProtKB/Swiss-Prot;Acc:F4JU70],0.6355521599982041,0.9256149787558247,0.1576787537903144,0.6150160205937814,0.8748453032832813,-0.1683658113802684,0.25750383243983105,0.6654050047231315,-0.3800528160908708,0,0,0,2
