ID,Path,Gene,Chromosome,Start,End,Strand,Length,BioType,Description,Flg22_vs_Mock_pvalue,Flg22_vs_Mock_padj,Flg22_vs_Mock_log2FoldChange,Flg22_SynCom33_vs_Mock_pvalue,Flg22_SynCom33_vs_Mock_padj,Flg22_SynCom33_vs_Mock_log2FoldChange,Flg22_SynCom35_vs_Mock_pvalue,Flg22_SynCom35_vs_Mock_padj,Flg22_SynCom35_vs_Mock_log2FoldChange,Flg22_vs_Mock,Flg22_SynCom33_vs_Mock,Flg22_SynCom35_vs_Mock,cl
AT2G25180.1,GO:0031537,ARR12,2,10724301,10727272,-,2971,protein_coding,Two-component response regulator ARR12 [Source:UniProtKB/Swiss-Prot;Acc:P62598],0.4265156559178937,0.8493424862090211,0.07290895601809776,0.00597503783971504,0.07744501793983592,0.25098707381357405,0.2999720063503912,0.7029535811654035,-0.09527297975063288,0,0,0,9
AT3G16857.1,GO:0031537,ARR1,3,5755714,5759114,+,3400,protein_coding,Two-component response regulator ARR1 [Source:UniProtKB/Swiss-Prot;Acc:Q940D0],0.9501267574763892,0.9935543261146521,-0.011074705950165013,0.914124414136769,0.9788919278246344,0.019088726805378268,0.3501509858822939,0.7407653644032445,-0.1656101334691228,0,0,0,10
AT3G16857.2,GO:0031537,ARR1,3,5755821,5759443,+,3622,protein_coding,Two-component response regulator ARR1 [Source:UniProtKB/Swiss-Prot;Acc:Q940D0],0.5134850005762099,0.8851639187262633,0.14242122741411292,0.3641153822908225,0.7223113848740762,0.19773676529507841,0.8969360444263685,0.9767557195731293,-0.02825714477341004,0,0,0,9
AT3G16857.3,GO:0031537,ARR1,3,5756356,5759139,+,2783,protein_coding,Two-component response regulator ARR1 [Source:UniProtKB/Swiss-Prot;Acc:Q940D0],0.19463968011282753,0.668982780652327,-0.20644023825725266,0.7573089692778496,0.9308123618759256,-0.04907095212315199,0.9378204617163558,0.9852630661153253,0.012360559309435946,0,0,0,1
AT4G31920.1,GO:0031537,ARR10,4,15444053,15447042,-,2989,protein_coding,Two-component response regulator ARR10 [Source:UniProtKB/Swiss-Prot;Acc:O49397],0.8077642365510092,0.966254819317097,-0.044396131055995824,0.14089933405547095,0.4776363049280164,-0.26930912545589447,0.7084761774513371,0.9212703350031888,-0.06819145603214631,0,0,0,3
