ID,Path,Gene,Chromosome,Start,End,Strand,Length,BioType,Description,Flg22_vs_Mock_pvalue,Flg22_vs_Mock_padj,Flg22_vs_Mock_log2FoldChange,Flg22_SynCom33_vs_Mock_pvalue,Flg22_SynCom33_vs_Mock_padj,Flg22_SynCom33_vs_Mock_log2FoldChange,Flg22_SynCom35_vs_Mock_pvalue,Flg22_SynCom35_vs_Mock_padj,Flg22_SynCom35_vs_Mock_log2FoldChange,Flg22_vs_Mock,Flg22_SynCom33_vs_Mock,Flg22_SynCom35_vs_Mock,cl
AT3G01090.3,GO:0009594,,3,31145,34451,-,3306,protein_coding,,0.2457057655803542,0.725773082763871,-0.3219690540471933,0.9847126546576176,0.9963507069597287,0.005306946424010264,0.5919852763283939,0.8778866899521992,0.14831531372394594,0,0,0,1
AT3G01090.1,GO:0009594,,3,31163,34670,-,3507,protein_coding,,0.0873777950314462,0.4870725207215601,0.6457922059346545,0.24362176522277368,0.613890911209194,0.44083325674949786,0.6691650701066092,0.9068250161690296,-0.16192971349592564,0,0,0,9
