ID,Path,Gene,Chromosome,Start,End,Strand,Length,BioType,Description,Flg22_vs_Mock_pvalue,Flg22_vs_Mock_padj,Flg22_vs_Mock_log2FoldChange,Flg22_SynCom33_vs_Mock_pvalue,Flg22_SynCom33_vs_Mock_padj,Flg22_SynCom33_vs_Mock_log2FoldChange,Flg22_SynCom35_vs_Mock_pvalue,Flg22_SynCom35_vs_Mock_padj,Flg22_SynCom35_vs_Mock_log2FoldChange,Flg22_vs_Mock,Flg22_SynCom33_vs_Mock,Flg22_SynCom35_vs_Mock,cl
AT3G51240.2,GO:0045486,F3H,3,19025192,19026872,+,1680,protein_coding,"Naringenin,2-oxoglutarate 3-dioxygenase [Source:UniProtKB/Swiss-Prot;Acc:Q9S818]",0.9418981247491288,0.9928729686441472,-0.025400502517824487,5.393170117570897e-7,6.066075276173258e-5,-1.7543878230733503,0.16890001702190985,0.5609327180443273,-0.4797259413342568,0,-1,0,3
AT3G51240.1,GO:0045486,F3H,3,19025192,19026872,+,1680,protein_coding,"Naringenin,2-oxoglutarate 3-dioxygenase [Source:UniProtKB/Swiss-Prot;Acc:Q9S818]",0.014192397781211466,0.1887427193380095,2.26993958590156,0.30534304927566763,0.6731331445854233,0.9592546651552266,0.43895130196888704,0.7985096727990536,0.7256674290588041,0,0,0,7
AT5G08640.1,GO:0045486,FLS1,5,2803833,2805502,+,1669,protein_coding,Flavonol synthase/flavanone 3-hydroxylase [Source:UniProtKB/Swiss-Prot;Acc:Q96330],0.2298945684228121,0.70617137362555,-0.6058259442573595,1.1982717766854372e-6,1.1799246117530375e-4,-2.4540395441219847,0.647728995112762,0.8997669706347267,-0.2305203388327994,0,-1,0,8
