ID,Path,Gene,Chromosome,Start,End,Strand,Length,BioType,Description,Flg22_vs_Mock_pvalue,Flg22_vs_Mock_padj,Flg22_vs_Mock_log2FoldChange,Flg22_SynCom33_vs_Mock_pvalue,Flg22_SynCom33_vs_Mock_padj,Flg22_SynCom33_vs_Mock_log2FoldChange,Flg22_SynCom35_vs_Mock_pvalue,Flg22_SynCom35_vs_Mock_padj,Flg22_SynCom35_vs_Mock_log2FoldChange,Flg22_vs_Mock,Flg22_SynCom33_vs_Mock,Flg22_SynCom35_vs_Mock,cl
AT1G71100.1,GO:0004751,RPI1,1,26814260,26815922,+,1662,protein_coding,Probable ribose-5-phosphate isomerase 1 [Source:UniProtKB/Swiss-Prot;Acc:Q9C998],0.0033436495950655196,0.07633167791962532,0.7625208311248375,0.3298078320556395,0.6925938708944381,0.25473906460143747,0.8106064442164262,0.9529301367677017,-0.06285164910607313,0,0,0,7
AT2G01290.1,GO:0004751,RPI2,2,148919,150585,-,1666,protein_coding,Probable ribose-5-phosphate isomerase 2 [Source:UniProtKB/Swiss-Prot;Acc:Q9ZU38],0.6770713465521043,0.9361198520858621,-0.15041159678567062,0.944903547885642,0.987776477188274,0.024785358009205026,0.31855750600074845,0.7168305725888131,0.3524457374952778,0,0,0,1
AT3G04790.1,GO:0004751,RPI3,3,1313297,1314288,+,991,protein_coding,EMB3119 [Source:UniProtKB/TrEMBL;Acc:A0A178V804],0.2965768717623571,0.768110493460947,-0.13201310891855753,0.9465437645084177,0.988222920650553,-0.008452554348795535,0.3893306063191865,0.7671189398446937,-0.10855398881874158,0,0,0,10
AT5G44520.1,GO:0004751,,5,17934287,17936527,-,2240,protein_coding,NagB/RpiA/CoA transferase-like superfamily protein [Source:TAIR;Acc:AT5G44520],0.6365012883667027,0.925881592848161,0.2709093296645521,0.6607875344811263,0.8966830137264834,0.2516684572282436,0.5108380928813634,0.8386614015789674,0.3759371139445544,0,0,0,6
