ID,Path,Gene,Chromosome,Start,End,Strand,Length,BioType,Description,Flg22_vs_Mock_pvalue,Flg22_vs_Mock_padj,Flg22_vs_Mock_log2FoldChange,Flg22_SynCom33_vs_Mock_pvalue,Flg22_SynCom33_vs_Mock_padj,Flg22_SynCom33_vs_Mock_log2FoldChange,Flg22_SynCom35_vs_Mock_pvalue,Flg22_SynCom35_vs_Mock_padj,Flg22_SynCom35_vs_Mock_log2FoldChange,Flg22_vs_Mock,Flg22_SynCom33_vs_Mock,Flg22_SynCom35_vs_Mock,cl
AT3G06400.1,GO:0016589,CHR11,3,1940907,1946980,+,6073,protein_coding,Chromatin-remodeling complex ATPase [Source:UniProtKB/TrEMBL;Acc:F4JAV9],0.9636252496737304,0.9946112225375626,0.004969074667032631,0.5683439557637042,0.8518150531371226,-0.062227539969707396,0.1841460543592157,0.5814906280605644,0.1443176885343122,0,0,0,4
AT3G06400.2,GO:0016589,CHR11,3,1940907,1946980,+,6073,protein_coding,Chromatin-remodeling complex ATPase [Source:UniProtKB/TrEMBL;Acc:F4JAV9],0.2154667555421184,0.6912925476463905,-0.3356643491441996,0.007942139555180156,0.0937639857366504,-0.7212022750399273,0.01860029097241841,0.18572937567546902,-0.63863579597526,0,0,0,2
AT3G06400.3,GO:0016589,CHR11,3,1940973,1946885,+,5912,protein_coding,Chromatin-remodeling complex ATPase [Source:UniProtKB/TrEMBL;Acc:F4JAV9],0.18886328387679646,0.6640202641738353,0.969159926431798,0.13336479787730576,0.4649661410509784,1.1069548926984427,0.35256647938741453,0.7416623040764484,0.6858491361392363,0,0,0,9
