ID,Path,Gene,Chromosome,Start,End,Strand,Length,BioType,Description,Flg22_vs_Mock_pvalue,Flg22_vs_Mock_padj,Flg22_vs_Mock_log2FoldChange,Flg22_SynCom33_vs_Mock_pvalue,Flg22_SynCom33_vs_Mock_padj,Flg22_SynCom33_vs_Mock_log2FoldChange,Flg22_SynCom35_vs_Mock_pvalue,Flg22_SynCom35_vs_Mock_padj,Flg22_SynCom35_vs_Mock_log2FoldChange,Flg22_vs_Mock,Flg22_SynCom33_vs_Mock,Flg22_SynCom35_vs_Mock,cl
AT1G50200.2,GO:0004813,ALATS,1,18591194,18598479,-,7285,protein_coding,Alanyl-tRNA synthetase [Source:TAIR;Acc:AT1G50200],0.030278017164570233,0.2864718755661982,1.4184574301070632,0.2783976542909163,0.6484607696602038,0.711971730768851,0.16068630271968934,0.5498991565903678,0.9200032609823424,0,0,0,6
AT1G50200.1,GO:0004813,ALATS,1,18591204,18598569,-,7365,protein_coding,Alanyl-tRNA synthetase [Source:TAIR;Acc:AT1G50200],0.12830199564114667,0.571089655157184,-0.12097198969567281,0.3149787286385799,0.6801010588965707,-0.07991088078869751,0.23312208170292673,0.6408925884594916,-0.09477666012105736,0,0,0,8
AT5G22800.2,GO:0004813,EMB86,5,7615747,7620278,-,4531,protein_coding,"Alanyl-tRNA synthetase, class IIc [Source:TAIR;Acc:AT5G22800]",0.8057403444622329,0.9662426756893417,-0.09534689436785442,1.3312804123528893e-5,8.189354701343335e-4,-1.732223474688464,0.21083117011745534,0.6129445325167823,-0.48657963264586646,0,-1,0,3
