ID,Path,Gene,Chromosome,Start,End,Strand,Length,BioType,Description,Flg22_vs_Mock_pvalue,Flg22_vs_Mock_padj,Flg22_vs_Mock_log2FoldChange,Flg22_SynCom33_vs_Mock_pvalue,Flg22_SynCom33_vs_Mock_padj,Flg22_SynCom33_vs_Mock_log2FoldChange,Flg22_SynCom35_vs_Mock_pvalue,Flg22_SynCom35_vs_Mock_padj,Flg22_SynCom35_vs_Mock_log2FoldChange,Flg22_vs_Mock,Flg22_SynCom33_vs_Mock,Flg22_SynCom35_vs_Mock,cl
AT1G56190.1,GO:0050691,,1,21028137,21030684,+,2547,protein_coding,Phosphoglycerate kinase [Source:UniProtKB/TrEMBL;Acc:A0A178W4Q1],0.06462603864878164,0.42434129596601555,0.6497898276879059,0.1619087564840862,0.5092349586761676,0.49220482111565295,0.7702970528377204,0.9401913865193876,0.10290909526539893,0,0,0,9
AT1G56190.2,GO:0050691,,1,21028179,21030622,+,2443,protein_coding,Phosphoglycerate kinase [Source:UniProtKB/TrEMBL;Acc:A0A178W4Q1],0.7675393501277037,0.9571733012705728,-0.03724006394813006,0.9054218242940497,0.9755444952606935,0.014963266672562406,0.5063443793710258,0.8365361819858198,0.08358030167802873,0,0,0,4
AT1G80840.1,GO:0050691,WRKY40,1,30383561,30385499,+,1938,protein_coding,Probable WRKY transcription factor 40 [Source:UniProtKB/Swiss-Prot;Acc:Q9SAH7],0.8435819912427038,0.9732016728607761,0.09735171405608362,0.9450913567409722,0.987776477188274,0.03401657911539761,0.5153845798248053,0.8409122496499883,-0.3226484817133068,0,0,0,2
AT4G31800.3,GO:0050691,WRKY18,4,15383197,15385059,+,1862,protein_coding,WRKY like transcription factor [Source:UniProtKB/TrEMBL;Acc:Q0WTZ3],0.0012508302601273917,0.039679508965377544,2.017918797669586,0.687495138376546,0.9069259900761973,0.26878778799312436,0.24072773561924463,NA,0.7606208161039263,1,0,0,7
AT4G31800.2,GO:0050691,WRKY18,4,15383633,15385045,+,1412,protein_coding,WRKY like transcription factor [Source:UniProtKB/TrEMBL;Acc:Q0WTZ3],0.39282855061540606,0.8336715101230874,0.3180972145842668,0.8662194467833323,0.9648344905144911,-0.06306713854309474,0.012183397928911297,0.14304938378416204,-0.9547609124870086,0,0,0,2
