ID,Path,Gene,Chromosome,Start,End,Strand,Length,BioType,Description,Flg22_vs_Mock_pvalue,Flg22_vs_Mock_padj,Flg22_vs_Mock_log2FoldChange,Flg22_SynCom33_vs_Mock_pvalue,Flg22_SynCom33_vs_Mock_padj,Flg22_SynCom33_vs_Mock_log2FoldChange,Flg22_SynCom35_vs_Mock_pvalue,Flg22_SynCom35_vs_Mock_padj,Flg22_SynCom35_vs_Mock_log2FoldChange,Flg22_vs_Mock,Flg22_SynCom33_vs_Mock,Flg22_SynCom35_vs_Mock,cl
AT3G26090.1,GO:0043547,RGS1,3,9532613,9535629,+,3016,protein_coding,Regulator of G-protein signaling 1 [Source:UniProtKB/Swiss-Prot;Acc:Q8H1F2],9.50288766923275e-4,0.033025482196386916,0.37559081163662134,0.7861122675437244,0.9408094867507961,-0.03127325048081174,0.010901513103214083,0.13313127017112913,-0.2954437697214627,0,0,0,7
AT5G55060.1,GO:0043547,,5,22341750,22346646,+,4896,protein_coding,Rab3 GTPase-activating protein catalytic subunit [Source:UniProtKB/TrEMBL;Acc:Q683D2],0.6539570348547954,0.9291391076816493,0.2694591900733497,0.585485299765697,0.8611378140997684,0.3276931630053963,0.6972050734787525,0.9175675652101709,0.2337957655652474,0,0,0,6
AT5G55060.2,GO:0043547,,5,22341750,22346646,+,4896,protein_coding,Rab3 GTPase-activating protein catalytic subunit [Source:UniProtKB/TrEMBL;Acc:Q683D2],0.9644622612484952,0.9946629527453268,0.021008324824797833,0.3493495282312462,0.7101107007873241,0.43905609178803573,0.8712905263395299,0.9699650789268321,-0.07641611472577677,0,0,0,5
AT5G55060.3,GO:0043547,,5,22341967,22346577,+,4610,protein_coding,Rab3 GTPase-activating protein catalytic subunit [Source:UniProtKB/TrEMBL;Acc:Q683D2],0.3114963319761798,0.7775073521720517,-0.14441238718783192,0.27003975453923534,0.6404807377381088,0.15662756886649823,0.7144226681042204,0.9234733222202878,-0.05205985767271012,0,0,0,5
AT5G58510.1,GO:0043547,,5,23648094,23654622,-,6528,protein_coding,Rab3 GTPase-activating protein catalytic protein [Source:UniProtKB/TrEMBL;Acc:Q8RWW8],0.16716403959756906,0.6342044350954313,0.19647952079792608,0.04099577523889495,0.2515068231058392,0.2902324546834352,0.9377279116480022,0.9852630661153253,0.011135154641351182,0,0,0,9
AT5G58510.2,GO:0043547,,5,23648153,23654552,-,6399,protein_coding,Rab3 GTPase-activating protein catalytic protein [Source:UniProtKB/TrEMBL;Acc:Q8RWW8],0.4723737810487148,0.869803871299309,-0.7120764432574641,0.798587700545493,0.9444756388442851,-0.2521246754902169,0.7835160388567814,0.9445337131384762,0.2707122771713035,0,0,0,4
