ID,Path,Gene,Chromosome,Start,End,Strand,Length,BioType,Description,Flg22_vs_Mock_pvalue,Flg22_vs_Mock_padj,Flg22_vs_Mock_log2FoldChange,Flg22_SynCom33_vs_Mock_pvalue,Flg22_SynCom33_vs_Mock_padj,Flg22_SynCom33_vs_Mock_log2FoldChange,Flg22_SynCom35_vs_Mock_pvalue,Flg22_SynCom35_vs_Mock_padj,Flg22_SynCom35_vs_Mock_log2FoldChange,Flg22_vs_Mock,Flg22_SynCom33_vs_Mock,Flg22_SynCom35_vs_Mock,cl
AT1G07910.1,GO:0010069,ATRNL,1,2445437,2454645,+,9208,protein_coding,RNAligase [Source:TAIR;Acc:AT1G07910],0.7430323476219574,0.9529854144178901,-0.15208763747224718,0.5343245179833895,0.8331467255718362,0.28782470103041385,0.977018109211433,0.9950512941922215,0.013351288938099545,0,0,0,5
AT1G69770.1,GO:0010069,CMT3,1,26248118,26253687,-,5569,protein_coding,DNA (cytosine-5)-methyltransferase CMT3 [Source:UniProtKB/Swiss-Prot;Acc:Q94F88],0.33932169004488416,0.7991180554414168,-0.26095672537233955,0.5192453183410406,0.8242310391286597,-0.17591737536876303,0.07721757975876277,0.395767615852322,0.4801273309783948,0,0,0,4
AT2G01210.1,GO:0010069,ZAR1,2,119270,121980,-,2710,protein_coding,Receptor protein kinase-like protein ZAR1 [Source:UniProtKB/Swiss-Prot;Acc:Q9ZU46],0.3549580662752778,0.8096095669928923,-0.2876797351115627,0.16391549447247686,0.5127128041719556,-0.4346559426031587,0.11242574665953492,0.4736288687421173,0.48596436295500633,0,0,0,4
AT3G45590.2,GO:0010069,SEN1,3,16732540,16733854,+,1314,protein_coding,tRNA-splicing endonuclease subunit Sen2-1 [Source:UniProtKB/Swiss-Prot;Acc:Q9M1E8],0.2992550497681245,0.7694394319159354,0.9319656371782243,0.6899234497192115,0.9078598996220533,0.3596409346596198,0.49282204691550796,0.8291127835449853,0.6166446913948003,0,0,0,6
AT5G49160.1,GO:0010069,DMT1,5,19932114,19938470,+,6356,protein_coding,DNA (cytosine-5)-methyltransferase 1 [Source:UniProtKB/Swiss-Prot;Acc:P34881],0.48728085283322886,0.8755050206850759,-0.24920730795974622,0.09598286433271473,0.3965895110654838,-0.5979088299961653,0.19163132133814395,0.5912250945141414,0.46762903065885186,0,0,0,4
AT5G60230.1,GO:0010069,SEN2,5,24250008,24251613,-,1605,protein_coding,Splicing endonuclease 2 [Source:UniProtKB/TrEMBL;Acc:F4JYW0],0.7920817410991416,0.9638115017678341,-0.1482484448832595,0.9164108938058911,0.9796804330442195,-0.05886130899967574,0.2382728052560919,0.6464832692963864,0.647294633095356,0,0,0,4
