ID,Path,Gene,Chromosome,Start,End,Strand,Length,BioType,Description,Flg22_vs_Mock_pvalue,Flg22_vs_Mock_padj,Flg22_vs_Mock_log2FoldChange,Flg22_SynCom33_vs_Mock_pvalue,Flg22_SynCom33_vs_Mock_padj,Flg22_SynCom33_vs_Mock_log2FoldChange,Flg22_SynCom35_vs_Mock_pvalue,Flg22_SynCom35_vs_Mock_padj,Flg22_SynCom35_vs_Mock_log2FoldChange,Flg22_vs_Mock,Flg22_SynCom33_vs_Mock,Flg22_SynCom35_vs_Mock,cl
AT1G19250.1,GO:0062034,FMO1,1,6650476,6653195,-,2719,protein_coding,Probable flavin-containing monooxygenase 1 [Source:UniProtKB/Swiss-Prot;Acc:Q9LMA1],1.061422882850727e-8,3.3406198170260353e-6,-2.038125776659334,0.6299270771495648,0.882009463406146,0.1649576979683296,0.10429268600281141,0.4588545155271273,-0.5596880342572951,-1,0,0,10
AT2G13810.1,GO:0062034,ALD1,2,5768417,5772266,+,3849,protein_coding,EDTS5 [Source:UniProtKB/TrEMBL;Acc:A0A178VQ02],8.167985636284644e-10,3.342179003594408e-7,-3.620789217371995,0.37793260154435276,0.7332263419973507,0.4802234844508837,0.4047311444054091,0.7754258080835655,-0.45574038086144963,-1,0,0,10
AT5G52810.1,GO:0062034,SARD4,5,21399331,21400686,+,1355,protein_coding,Protein SAR DEFICIENT 4 [Source:UniProtKB/Swiss-Prot;Acc:Q9FLY0],0.19490882505374713,0.6691144104695629,-0.31888084494572383,0.7682102961564652,0.9347914639037542,-0.07219931137605858,0.022031208635609006,0.20448565484393577,-0.565261894692341,0,0,0,10
