ID,Path,Gene,Chromosome,Start,End,Strand,Length,BioType,Description,Flg22_vs_Mock_pvalue,Flg22_vs_Mock_padj,Flg22_vs_Mock_log2FoldChange,Flg22_SynCom33_vs_Mock_pvalue,Flg22_SynCom33_vs_Mock_padj,Flg22_SynCom33_vs_Mock_log2FoldChange,Flg22_SynCom35_vs_Mock_pvalue,Flg22_SynCom35_vs_Mock_padj,Flg22_SynCom35_vs_Mock_log2FoldChange,Flg22_vs_Mock,Flg22_SynCom33_vs_Mock,Flg22_SynCom35_vs_Mock,cl
AT3G11240.2,GO:0004057,ATE2,3,3518472,3521130,-,2658,protein_coding,Arginyl-tRNA--protein transferase 2 [Source:UniProtKB/Swiss-Prot;Acc:Q9C776],0.27474958277281203,0.7510325150248282,0.8481406282898328,0.26001827183127685,0.6306217235085154,0.8744665334317168,0.4234438742769458,NA,-0.6437469032109729,0,0,0,9
AT3G11240.1,GO:0004057,ATE2,3,3518483,3521188,-,2705,protein_coding,Arginyl-tRNA--protein transferase 2 [Source:UniProtKB/Swiss-Prot;Acc:Q9C776],0.31602969017066096,0.7811089430310053,0.2752499723961284,0.15521958904298808,0.4990812638031085,0.38902096237118017,0.2521971505428293,0.6604221106833336,0.3132719027366998,0,0,0,6
AT3G11240.5,GO:0004057,ATE2,3,3518484,3520352,-,1868,protein_coding,Arginyl-tRNA--protein transferase 2 [Source:UniProtKB/Swiss-Prot;Acc:Q9C776],0.1145508728437806,0.5465070952243848,-0.2903764365453672,0.1017317944692002,0.40757650464779355,-0.30143078311713095,0.051667811923596624,0.3267202881372736,-0.3578513974586757,0,0,0,8
AT5G05700.1,GO:0004057,ATE1,5,1712670,1715731,-,3061,protein_coding,Arginyl-tRNA--protein transferase 1 [Source:UniProtKB/Swiss-Prot;Acc:Q9ZT48],0.43931522845079934,0.8564032893127803,-0.1110233257964331,0.37663938887670695,0.7320381788579016,0.1264861463595855,0.1744208833388651,0.5700142785374855,-0.19499452399324665,0,0,0,10
