ID,Path,Gene,Chromosome,Start,End,Strand,Length,BioType,Description,Flg22_vs_Mock_pvalue,Flg22_vs_Mock_padj,Flg22_vs_Mock_log2FoldChange,Flg22_SynCom33_vs_Mock_pvalue,Flg22_SynCom33_vs_Mock_padj,Flg22_SynCom33_vs_Mock_log2FoldChange,Flg22_SynCom35_vs_Mock_pvalue,Flg22_SynCom35_vs_Mock_padj,Flg22_SynCom35_vs_Mock_log2FoldChange,Flg22_vs_Mock,Flg22_SynCom33_vs_Mock,Flg22_SynCom35_vs_Mock,cl
AT1G12370.3,GO:0000719,PHR1,1,4206360,4208951,-,2591,protein_coding,Deoxyribodipyrimidine photo-lyase [Source:UniProtKB/Swiss-Prot;Acc:Q9SB00],0.870279722605382,0.9800661732755555,0.10312305972732491,0.7985347832046483,0.9444756388442851,0.16085725801435286,0.27486266677790827,NA,0.6737460577143529,0,0,0,4
AT1G12370.2,GO:0000719,PHR1,1,4206360,4208999,-,2639,protein_coding,Deoxyribodipyrimidine photo-lyase [Source:UniProtKB/Swiss-Prot;Acc:Q9SB00],0.6738668493105648,0.9355977356152779,-0.12101323716926575,0.005772926976335762,0.075644587355112,-0.8031309885409073,0.4151560037859862,0.7819481045238594,-0.23442097066457615,0,0,0,3
AT3G04880.1,GO:0000719,DRT102,3,1346273,1347377,-,1104,protein_coding,DNA damage-repair/toleration protein DRT102 [Source:UniProtKB/Swiss-Prot;Acc:Q05212],0.12745345846738915,0.5699097082686115,-0.15659591687774202,0.9109726302806309,0.9772053570312816,0.011438273292091308,0.17672116938892538,0.572909027510951,0.13747946331789804,0,0,0,1
AT5G18070.1,GO:0000719,DRT101,5,5980769,5983135,+,2366,protein_coding,Phosphoacetylglucosamine mutase [Source:UniProtKB/Swiss-Prot;Acc:P57750],0.9346106356572162,0.9915020266177292,-0.01184992323598807,0.8238911246245529,0.9516514829217881,-0.032174995014333976,0.5780633748722368,0.872715499441688,0.07991268488367727,0,0,0,4
