ID,Path,Gene,Chromosome,Start,End,Strand,Length,BioType,Description,Flg22_vs_Mock_pvalue,Flg22_vs_Mock_padj,Flg22_vs_Mock_log2FoldChange,Flg22_SynCom33_vs_Mock_pvalue,Flg22_SynCom33_vs_Mock_padj,Flg22_SynCom33_vs_Mock_log2FoldChange,Flg22_SynCom35_vs_Mock_pvalue,Flg22_SynCom35_vs_Mock_padj,Flg22_SynCom35_vs_Mock_log2FoldChange,Flg22_vs_Mock,Flg22_SynCom33_vs_Mock,Flg22_SynCom35_vs_Mock,cl
AT1G13320.4,GO:0042325,PP2AA3,1,4563428,4567765,-,4337,protein_coding,Serine/threonine-protein phosphatase 2A 65 kDa regulatory subunit A gamma isoform [Source:UniProtKB/Swiss-Prot;Acc:Q38951],0.3192617796506784,0.7840499216199013,1.3462412932578693,0.32454476040979696,0.688008335839649,1.3318139488752083,0.4004769657505303,NA,1.13730912144968,0,0,0,6
AT1G13320.1,GO:0042325,PP2AA3,1,4563428,4567849,-,4421,protein_coding,Serine/threonine-protein phosphatase 2A 65 kDa regulatory subunit A gamma isoform [Source:UniProtKB/Swiss-Prot;Acc:Q38951],0.49092216823858836,0.8768902716239193,-0.7815862306561737,0.5219133604591091,0.825833524776536,-0.7265113420979922,0.2615740139213843,0.6698389856937208,-1.2759732064970333,0,0,-0,10
AT1G13320.3,GO:0042325,PP2AA3,1,4563471,4567807,-,4336,protein_coding,Serine/threonine-protein phosphatase 2A 65 kDa regulatory subunit A gamma isoform [Source:UniProtKB/Swiss-Prot;Acc:Q38951],0.41851276888804406,0.8465117461374367,0.07994061623044237,0.3428819862148928,0.7047984059817058,0.0937188762710022,0.11630311879408001,0.48041753316859337,0.15478079292318522,0,0,0,6
AT3G25800.1,GO:0042325,PP2AA2,3,9422476,9426049,-,3573,protein_coding,Serine/threonine-protein phosphatase 2A 65 kDa regulatory subunit A beta isoform [Source:UniProtKB/Swiss-Prot;Acc:Q38950],0.8965085122710325,0.9852100156517319,-0.009491126577066687,0.8564022187860185,0.9617778653701443,-0.013209042413158106,0.23025245081275938,0.6381277349837351,-0.08753791054363348,0,0,0,8
AT5G03470.1,GO:0042325,B'ALPHA,5,866339,869252,+,2913,protein_coding,Serine/threonine protein phosphatase 2A regulatory subunit [Source:UniProtKB/TrEMBL;Acc:A0A178UNX1],0.1478694581290704,0.6055691850439395,-0.2052920250047274,0.6603478540719436,0.8964642420146048,0.06184850975096406,0.04711111403321653,0.31081054826135857,0.2772301802726912,0,0,0,1
