ID,Path,Gene,Chromosome,Start,End,Strand,Length,BioType,Description,Flg22_vs_Mock_pvalue,Flg22_vs_Mock_padj,Flg22_vs_Mock_log2FoldChange,Flg22_SynCom33_vs_Mock_pvalue,Flg22_SynCom33_vs_Mock_padj,Flg22_SynCom33_vs_Mock_log2FoldChange,Flg22_SynCom35_vs_Mock_pvalue,Flg22_SynCom35_vs_Mock_padj,Flg22_SynCom35_vs_Mock_log2FoldChange,Flg22_vs_Mock,Flg22_SynCom33_vs_Mock,Flg22_SynCom35_vs_Mock,cl
AT2G24360.1,GO:0010344,STY13,2,10364451,10366902,-,2451,protein_coding,Serine/threonine-protein kinase STY13 [Source:UniProtKB/Swiss-Prot;Acc:Q9ZQ31],0.6788020240498405,0.9367266379343594,0.03455869729948876,0.8248134619913496,0.9517485030993669,-0.018497525640206475,0.8101032200903806,0.952610746807487,-0.02004431473057923,0,0,0,3
AT3G01570.1,GO:0010344,,3,221939,222827,-,888,protein_coding,Oleosin 5 [Source:UniProtKB/Swiss-Prot;Acc:Q9SS98],0.8484274989128473,0.9748667926838857,-0.1281035234645783,0.9050420899712124,NA,0.07896203364941258,0.3436729304000335,NA,0.6075262186243361,0,0,0,1
AT3G27660.2,GO:0010344,OL2,3,10243559,10245023,+,1464,protein_coding,Oleosin 20.3 kDa [Source:UniProtKB/Swiss-Prot;Acc:Q42431],0.41324739734942556,NA,1.3633906092525787,0.4046528461832202,NA,1.3875848992071316,0.7238308823505195,NA,0.6143968642123294,0,0,0,9
AT5G60620.1,GO:0010344,GPAT9,5,24367142,24369790,+,2648,protein_coding,GPAT9 [Source:UniProtKB/TrEMBL;Acc:A0A178UCY8],0.8817660794031441,0.9828551392821914,-0.012095826248638959,0.9581047914378008,0.990718460430751,0.004271337577596474,0.16834655093214176,0.5599448807307433,-0.11211755270376321,0,0,0,10
