ID,Path,Gene,Chromosome,Start,End,Strand,Length,BioType,Description,Flg22_vs_Mock_pvalue,Flg22_vs_Mock_padj,Flg22_vs_Mock_log2FoldChange,Flg22_SynCom33_vs_Mock_pvalue,Flg22_SynCom33_vs_Mock_padj,Flg22_SynCom33_vs_Mock_log2FoldChange,Flg22_SynCom35_vs_Mock_pvalue,Flg22_SynCom35_vs_Mock_padj,Flg22_SynCom35_vs_Mock_log2FoldChange,Flg22_vs_Mock,Flg22_SynCom33_vs_Mock,Flg22_SynCom35_vs_Mock,cl
AT1G37130.1,GO:0043546,NIA2,1,14158452,14161938,+,3486,protein_coding,Nitrate reductase [NADH] 2 [Source:UniProtKB/Swiss-Prot;Acc:P11035],0.25784924682842575,0.7359155415909219,0.3021785082511799,0.01651644986444947,0.14750671270967794,-0.6403464485505795,3.422190163495853e-7,4.731669595022025e-5,-1.3621734101283696,0,0,-1,2
AT1G77760.1,GO:0043546,NIA1,1,29235721,29239484,-,3763,protein_coding,Nitrate reductase [Source:UniProtKB/TrEMBL;Acc:A0A178WBR8],0.30276706943318066,0.7716175502843807,-0.5717197549840665,0.023642692432507946,0.18333562129316905,-1.2555837693575351,0.4564121198068912,0.8086877874734267,-0.41317612269810317,0,-0,0,8
AT3G01910.1,GO:0043546,SOX,3,314693,317431,-,2738,protein_coding,Sulfite oxidase [Source:UniProtKB/TrEMBL;Acc:Q0WWA1],0.0011496183915285355,0.03780223344387673,0.30554855607685333,0.045437770148527526,0.2660431253547847,0.18894839910178143,0.2301889571796892,0.6381277349837351,0.11325747032288294,0,0,0,6
AT3G01910.2,GO:0043546,SOX,3,314696,316712,-,2016,protein_coding,Sulfite oxidase [Source:UniProtKB/TrEMBL;Acc:Q0WWA1],0.7928069334801037,0.9639645952123239,-0.026927173132763885,0.1350410550863423,0.46750465458223484,-0.15355380500901963,0.16420479215580006,0.5549051489141392,-0.1426890405177335,0,0,0,3
