ID,Path,Gene,Chromosome,Start,End,Strand,Length,BioType,Description,Flg22_vs_Mock_pvalue,Flg22_vs_Mock_padj,Flg22_vs_Mock_log2FoldChange,Flg22_SynCom33_vs_Mock_pvalue,Flg22_SynCom33_vs_Mock_padj,Flg22_SynCom33_vs_Mock_log2FoldChange,Flg22_SynCom35_vs_Mock_pvalue,Flg22_SynCom35_vs_Mock_padj,Flg22_SynCom35_vs_Mock_log2FoldChange,Flg22_vs_Mock,Flg22_SynCom33_vs_Mock,Flg22_SynCom35_vs_Mock,cl
AT1G78310.1,GO:0006883,VQ9,1,29463548,29465249,-,1701,protein_coding,VQ motif-containing protein 9 [Source:UniProtKB/Swiss-Prot;Acc:Q9M9F0],0.47397652069650736,0.8703814875828739,-0.11589146245408594,0.940478710265461,0.9863816741194695,-0.012051178487718766,0.1819298513768918,0.5797781570800671,-0.21619247925976912,0,0,0,10
AT4G35290.1,GO:0006883,GLR3.2,4,16789540,16793685,+,4145,protein_coding,Glutamate receptor 3.2 [Source:UniProtKB/Swiss-Prot;Acc:Q93YT1],0.4668168448365526,0.8677675305536577,-0.8067854721291936,0.43137906319307523,0.7696146959402741,-0.8730199977494577,0.8971431857274843,0.9768142970711574,-0.14256423677987226,0,0,0,8
AT5G58070.1,GO:0006883,TIL,5,23500061,23501416,-,1355,protein_coding,TIL [Source:UniProtKB/TrEMBL;Acc:A0A178US04],0.49243581294640987,0.877421124800852,-0.20092559345778882,0.03748129878346114,0.23924522279586577,-0.6093016725944784,0.04867445003443351,0.3164540488529037,-0.5772651536017843,0,0,0,2
