ID,Path,Gene,Chromosome,Start,End,Strand,Length,BioType,Description,Flg22_vs_Mock_pvalue,Flg22_vs_Mock_padj,Flg22_vs_Mock_log2FoldChange,Flg22_SynCom33_vs_Mock_pvalue,Flg22_SynCom33_vs_Mock_padj,Flg22_SynCom33_vs_Mock_log2FoldChange,Flg22_SynCom35_vs_Mock_pvalue,Flg22_SynCom35_vs_Mock_padj,Flg22_SynCom35_vs_Mock_log2FoldChange,Flg22_vs_Mock,Flg22_SynCom33_vs_Mock,Flg22_SynCom35_vs_Mock,cl
AT1G79790.4,GO:0090711,,1,30016881,30018231,-,1350,protein_coding,Haloacid dehalogenase-like hydrolase (HAD) superfamily protein [Source:UniProtKB/TrEMBL;Acc:F4HQA8],0.2980076189790189,0.7687462524287476,0.5560979260311472,0.06732101923502135,0.32860134112559364,0.9669742199831184,0.7587659642905216,0.9369054264701028,0.16584608714475604,0,0,0,9
AT1G79790.1,GO:0090711,,1,30016881,30018231,-,1350,protein_coding,Haloacid dehalogenase-like hydrolase (HAD) superfamily protein [Source:UniProtKB/TrEMBL;Acc:F4HQA8],0.8655678964213672,0.9788377127911853,-0.03643794701958763,0.49833684052100885,0.8115698557491252,0.14395820361541603,0.6611330051761259,0.9044977177612626,-0.09417601059628355,0,0,0,5
AT1G79790.2,GO:0090711,,1,30016881,30018234,-,1353,protein_coding,Haloacid dehalogenase-like hydrolase (HAD) superfamily protein [Source:UniProtKB/TrEMBL;Acc:F4HQA8],0.7621431154217045,0.9567051904525229,-0.40482487757806856,0.5939160944884317,0.8660511229746689,0.7069279141637471,0.8774102507798547,NA,-0.20573190585597595,0,0,0,5
