ID,Path,Gene,Chromosome,Start,End,Strand,Length,BioType,Description,Flg22_vs_Mock_pvalue,Flg22_vs_Mock_padj,Flg22_vs_Mock_log2FoldChange,Flg22_SynCom33_vs_Mock_pvalue,Flg22_SynCom33_vs_Mock_padj,Flg22_SynCom33_vs_Mock_log2FoldChange,Flg22_SynCom35_vs_Mock_pvalue,Flg22_SynCom35_vs_Mock_padj,Flg22_SynCom35_vs_Mock_log2FoldChange,Flg22_vs_Mock,Flg22_SynCom33_vs_Mock,Flg22_SynCom35_vs_Mock,cl
AT1G09700.1,GO:0010589,DRB1,1,3137649,3140353,-,2704,protein_coding,Double-stranded RNA-binding protein 1 [Source:UniProtKB/Swiss-Prot;Acc:O04492],0.7582237193866408,0.9545451499051282,-0.067415224347455,0.06329689527330955,0.31739360916566073,-0.410824100421884,0.47083606277542683,0.8177135065491723,0.15684315860323553,0,0,0,4
AT1G48410.3,GO:0010589,AGO1,1,17885633,17892596,-,6963,protein_coding,ICU9 [Source:UniProtKB/TrEMBL;Acc:A0A178WL72],0.628495198915046,0.9235876599509517,-0.09230633628544103,0.44040206053082415,0.7772502566564377,-0.14723580296417366,0.3643696057149983,0.7505140388948142,0.17278807034847368,0,0,0,4
AT1G48410.2,GO:0010589,AGO1,1,17886036,17892632,-,6596,protein_coding,ICU9 [Source:UniProtKB/TrEMBL;Acc:A0A178WL72],0.5066729930520635,0.882613010471477,-1.4832605889007602,0.517641206062192,0.8237106836732896,-1.4451672559781552,0.47152308465832465,0.8178732783496737,-1.6083529367338298,-0,-0,-0,8
AT1G48410.1,GO:0010589,AGO1,1,17886083,17892601,-,6518,protein_coding,ICU9 [Source:UniProtKB/TrEMBL;Acc:A0A178WL72],0.1137881557340056,0.5445875163983853,0.17418339700301758,0.9522688968962013,0.989483104008475,-0.006604214393480374,0.015885016693362217,0.16835318573079658,0.26527280457500385,0,0,0,6
AT4G20910.2,GO:0010589,HEN1,4,11185936,11191123,-,5187,protein_coding,Small RNA 2'-O-methyltransferase [Source:UniProtKB/Swiss-Prot;Acc:Q9C5Q8],0.21965605907289198,0.6961740066407307,-0.9442089453621613,0.5206411326536429,0.8250755311623789,-0.49306059378732037,0.9038647686012202,0.978301969851137,-0.09254577703302003,0,0,0,8
