ID,Path,Gene,Chromosome,Start,End,Strand,Length,BioType,Description,Flg22_vs_Mock_pvalue,Flg22_vs_Mock_padj,Flg22_vs_Mock_log2FoldChange,Flg22_SynCom33_vs_Mock_pvalue,Flg22_SynCom33_vs_Mock_padj,Flg22_SynCom33_vs_Mock_log2FoldChange,Flg22_SynCom35_vs_Mock_pvalue,Flg22_SynCom35_vs_Mock_padj,Flg22_SynCom35_vs_Mock_log2FoldChange,Flg22_vs_Mock,Flg22_SynCom33_vs_Mock,Flg22_SynCom35_vs_Mock,cl
AT1G79050.1,GO:0009432,RECA,1,29736961,29740179,-,3218,protein_coding,RECA1 [Source:UniProtKB/TrEMBL;Acc:A0A178WA75],0.8703595208024584,0.9800661732755555,0.019626694547689047,0.6662064961805296,0.8977863597752898,-0.05213635333982288,0.4857363332678579,0.8251499777252876,-0.08394680858291953,0,0,0,3
AT2G19490.1,GO:0009432,,2,8441520,8444233,+,2713,protein_coding,"DNA repair protein recA homolog 3, mitochondrial [Source:UniProtKB/Swiss-Prot;Acc:Q9ZUP2]",0.051282789087710466,0.3811143492699848,-0.4213210179392209,0.05324498289967072,0.29085997222139254,-0.4179329236641424,0.6099965037466625,0.8851144810466468,-0.10890132448494826,0,0,0,8
AT3G10140.1,GO:0009432,RECA3,3,3134873,3137417,+,2544,protein_coding,"DNA repair protein recA homolog 2, mitochondrial [Source:UniProtKB/Swiss-Prot;Acc:Q8RY99]",0.42439474562856994,0.8486655110011069,-0.17540277694125278,0.7009819458452631,0.9122117791924481,-0.0840787500943363,0.6993142387698927,0.9180268837973876,0.08388680135026301,0,0,0,4
