ID,Path,Gene,Chromosome,Start,End,Strand,Length,BioType,Description,Flg22_vs_Mock_pvalue,Flg22_vs_Mock_padj,Flg22_vs_Mock_log2FoldChange,Flg22_SynCom33_vs_Mock_pvalue,Flg22_SynCom33_vs_Mock_padj,Flg22_SynCom33_vs_Mock_log2FoldChange,Flg22_SynCom35_vs_Mock_pvalue,Flg22_SynCom35_vs_Mock_padj,Flg22_SynCom35_vs_Mock_log2FoldChange,Flg22_vs_Mock,Flg22_SynCom33_vs_Mock,Flg22_SynCom35_vs_Mock,cl
AT1G30110.1,GO:0019693,NUDT25,1,10582060,10584152,+,2092,protein_coding,Nudix hydrolase 25 [Source:UniProtKB/Swiss-Prot;Acc:Q9C6Z2],0.06499315869086043,0.42568361031365537,-0.4080950896230525,0.32154925691477243,0.6849898664222929,0.2182421662158954,0.2631879522081762,0.6718777328336485,0.24617411940891934,0,0,0,1
AT3G10620.1,GO:0019693,NUDT26,3,3320163,3321724,+,1561,protein_coding,"Nudix hydrolase 26, chloroplastic [Source:UniProtKB/Swiss-Prot;Acc:Q9CAF2]",0.8719456161179513,0.9806106176207464,0.03172656959960167,0.9981926152871503,0.9994939428669561,-4.466841392429614e-4,0.4002159697480769,0.772211721483533,0.16418319176546908,0,0,0,4
AT4G11980.1,GO:0019693,NUDT14,4,7183650,7185581,-,1931,protein_coding,"Nudix hydrolase 14, chloroplastic [Source:UniProtKB/Swiss-Prot;Acc:Q9SZ63]",0.46837766938887704,0.8684580465793126,0.16132382667936065,0.625588955439653,0.8796570984880254,0.10900684824688235,0.869682680990994,0.9697717700709771,0.0366038961115932,0,0,0,6
AT5G06340.1,GO:0019693,NUDT27,5,1936339,1938134,+,1795,protein_coding,"Nudix hydrolase 27, chloroplastic [Source:UniProtKB/Swiss-Prot;Acc:Q9FNH4]",0.977222006993709,0.995356346740767,0.007560258836717335,0.36861423851895353,0.7257535543629332,-0.23909808486555176,0.6609897233178265,0.9044977177612626,-0.11620594141080871,0,0,0,3
