ID,Path,Gene,Chromosome,Start,End,Strand,Length,BioType,Description,Flg22_vs_Mock_pvalue,Flg22_vs_Mock_padj,Flg22_vs_Mock_log2FoldChange,Flg22_SynCom33_vs_Mock_pvalue,Flg22_SynCom33_vs_Mock_padj,Flg22_SynCom33_vs_Mock_log2FoldChange,Flg22_SynCom35_vs_Mock_pvalue,Flg22_SynCom35_vs_Mock_padj,Flg22_SynCom35_vs_Mock_log2FoldChange,Flg22_vs_Mock,Flg22_SynCom33_vs_Mock,Flg22_SynCom35_vs_Mock,cl
AT3G42660.1,GO:0043596,,3,14751280,14755701,+,4421,protein_coding,Transducin family protein / WD-40 repeat family protein [Source:UniProtKB/TrEMBL;Acc:F4JF14],0.13523875545450084,0.5834450378793907,-0.31094254876239485,0.03849850296415235,0.24219910055753416,-0.43185840632260175,0.37419516075849624,0.7573674069794945,0.1834059512913275,0,0,0,4
AT5G07810.1,GO:0043596,,5,2491200,2498542,-,7342,protein_coding,SNF2 domain-containing protein / helicase domain-containing protein / HNH endonuclease domain-containing protein [Source:TAIR;Acc:AT5G07810],0.39066996352411454,0.8327415225838195,-0.1462273374812505,0.14109297576429772,0.4779913515432705,0.2470673970999202,0.10752257290554093,0.4643292153942746,0.26919428507857207,0,0,0,1
