ID,Path,Gene,Chromosome,Start,End,Strand,Length,BioType,Description,Flg22_vs_Mock_pvalue,Flg22_vs_Mock_padj,Flg22_vs_Mock_log2FoldChange,Flg22_SynCom33_vs_Mock_pvalue,Flg22_SynCom33_vs_Mock_padj,Flg22_SynCom33_vs_Mock_log2FoldChange,Flg22_SynCom35_vs_Mock_pvalue,Flg22_SynCom35_vs_Mock_padj,Flg22_SynCom35_vs_Mock_log2FoldChange,Flg22_vs_Mock,Flg22_SynCom33_vs_Mock,Flg22_SynCom35_vs_Mock,cl
AT1G63660.1,GO:0003922,,1,23603791,23607275,-,3484,protein_coding,At1g63660 [Source:UniProtKB/TrEMBL;Acc:Q9CAD1],0.15667937912905416,0.6177030419449453,-0.38402192388765477,0.01302814810244006,0.12800536450650354,-0.6746588213925125,0.1913195552403757,0.5909315521855126,0.3529044088291169,0,0,0,4
AT1G63660.2,GO:0003922,,1,23603939,23607275,-,3336,protein_coding,At1g63660 [Source:UniProtKB/TrEMBL;Acc:Q9CAD1],0.006995649724374927,0.12245586646845459,-0.9370655644441667,0.5768008874720665,0.856306166620317,-0.19218794209269788,0.9577829209811143,0.9901780099456383,-0.018189363283338738,0,0,0,1
