ID,Path,Gene,Chromosome,Start,End,Strand,Length,BioType,Description,Flg22_vs_Mock_pvalue,Flg22_vs_Mock_padj,Flg22_vs_Mock_log2FoldChange,Flg22_SynCom33_vs_Mock_pvalue,Flg22_SynCom33_vs_Mock_padj,Flg22_SynCom33_vs_Mock_log2FoldChange,Flg22_SynCom35_vs_Mock_pvalue,Flg22_SynCom35_vs_Mock_padj,Flg22_SynCom35_vs_Mock_log2FoldChange,Flg22_vs_Mock,Flg22_SynCom33_vs_Mock,Flg22_SynCom35_vs_Mock,cl
AT1G29760.1,GO:0140042,SEI2,1,10422292,10424513,+,2221,protein_coding,Seipin-2 [Source:UniProtKB/Swiss-Prot;Acc:F4I340],0.7851633428674827,0.9624253821191183,0.04413928618316935,0.372553252558578,0.7287433098003184,0.14419222317264918,0.9025674616248043,0.977974507578685,0.01980597398082343,0,0,0,5
AT2G34380.1,GO:0140042,SEI3,2,14512707,14514516,+,1809,protein_coding,Seipin-3 [Source:UniProtKB/Swiss-Prot;Acc:Q8L615],0.1774621986666354,0.6489417293539327,-0.2101386591887078,0.5554769248010032,0.844365050668842,-0.09127876115193395,0.43530435796764927,0.7969372379564497,-0.12036453309141174,0,0,0,8
