ID,Path,Gene,Chromosome,Start,End,Strand,Length,BioType,Description,Flg22_vs_Mock_pvalue,Flg22_vs_Mock_padj,Flg22_vs_Mock_log2FoldChange,Flg22_SynCom33_vs_Mock_pvalue,Flg22_SynCom33_vs_Mock_padj,Flg22_SynCom33_vs_Mock_log2FoldChange,Flg22_SynCom35_vs_Mock_pvalue,Flg22_SynCom35_vs_Mock_padj,Flg22_SynCom35_vs_Mock_log2FoldChange,Flg22_vs_Mock,Flg22_SynCom33_vs_Mock,Flg22_SynCom35_vs_Mock,cl
AT1G17470.1,GO:0019003,DRG1,1,6002888,6006410,+,3522,protein_coding,Developmentally-regulated G-protein 1 [Source:UniProtKB/Swiss-Prot;Acc:Q9LQK0],0.6638423046024713,0.9325383080246943,0.5740995442795096,0.9762468610496923,0.9947867070519628,0.039377832480092106,0.3385623533200687,0.7317457506390012,-1.2721096474761735,0,0,-0,7
AT1G17470.2,GO:0019003,DRG1,1,6002959,6006405,+,3446,protein_coding,Developmentally-regulated G-protein 1 [Source:UniProtKB/Swiss-Prot;Acc:Q9LQK0],0.4207224934878545,0.847465681366913,-0.09729344987367697,0.6875104751516018,0.9069259900761973,-0.04856631291577337,0.05735135196792777,0.34262697433434475,0.22794527290983554,0,0,0,4
AT4G35020.3,GO:0019003,ARAC3,4,16672192,16674789,+,2597,protein_coding,At4g35020 [Source:UniProtKB/TrEMBL;Acc:Q5PNX9],0.7048083568627105,0.9435268257053323,0.22633648055926228,0.5031384611142232,0.8147321312976658,0.3992771461198078,0.8315312720988484,0.9587425463679218,0.12713373590657492,0,0,0,5
AT4G35020.1,GO:0019003,ARAC3,4,16672919,16674771,+,1852,protein_coding,At4g35020 [Source:UniProtKB/TrEMBL;Acc:Q5PNX9],0.9690094981332766,0.9946629527453268,0.014861372462177136,0.48570999427929984,0.803944096189652,-0.26779536876438664,0.36456845095615575,0.7508522503278878,0.3452414268791748,0,0,0,4
AT4G35020.5,GO:0019003,ARAC3,4,16672940,16674771,+,1831,protein_coding,At4g35020 [Source:UniProtKB/TrEMBL;Acc:Q5PNX9],0.8859043563584963,0.9837440685142131,0.1055211769878338,0.8045351097247688,0.9459780862095606,-0.18388227404501037,0.9566815470708298,NA,0.03992867721169405,0,0,0,3
AT4G39520.1,GO:0019003,DRG3,4,18370865,18374239,-,3374,protein_coding,Developmentally-regulated G-protein 3 [Source:UniProtKB/Swiss-Prot;Acc:Q9SVA6],0.6438997654559433,0.9273392630027173,-0.04046249209830242,0.06872323484218479,0.33214994588774027,-0.15996307605008173,0.9422457565157175,0.986568336165163,0.006319261266868008,0,0,0,4
