ID,Path,Gene,Chromosome,Start,End,Strand,Length,BioType,Description,Flg22_vs_Mock_pvalue,Flg22_vs_Mock_padj,Flg22_vs_Mock_log2FoldChange,Flg22_SynCom33_vs_Mock_pvalue,Flg22_SynCom33_vs_Mock_padj,Flg22_SynCom33_vs_Mock_log2FoldChange,Flg22_SynCom35_vs_Mock_pvalue,Flg22_SynCom35_vs_Mock_padj,Flg22_SynCom35_vs_Mock_log2FoldChange,Flg22_vs_Mock,Flg22_SynCom33_vs_Mock,Flg22_SynCom35_vs_Mock,cl
AT3G27170.1,GO:0009671,CLC-B,3,10023931,10027198,+,3267,protein_coding,CLC-B [Source:UniProtKB/TrEMBL;Acc:A0A178VKG6],0.5615844116044857,0.9019231720578516,-0.1832333696239495,0.04768690834294885,0.27350532751763407,-0.6254769726844862,0.6527247331512662,0.9021982227378911,-0.1420164529586396,0,0,0,3
AT5G40890.2,GO:0009671,CLC-A,5,16381314,16384504,-,3190,protein_coding,Chloride channel protein CLC-a [Source:UniProtKB/Swiss-Prot;Acc:P92941],0.2970913965380575,0.7686824264091411,-0.6251070059981689,0.5637918522456017,0.8483544680697602,0.34570083669449864,0.4059822334726792,0.7764006814694527,0.49760167664825433,0,0,0,1
AT5G40890.1,GO:0009671,CLC-A,5,16381316,16385424,-,4108,protein_coding,Chloride channel protein CLC-a [Source:UniProtKB/Swiss-Prot;Acc:P92941],0.3855721487870503,0.8305301461710727,-0.1966600720728871,0.28746681572782645,0.6562788059783805,0.2409217335531318,0.054971683937981276,0.3362071215673379,0.4345111691540745,0,0,0,1
