ID,Path,Gene,Chromosome,Start,End,Strand,Length,BioType,Description,Flg22_vs_Mock_pvalue,Flg22_vs_Mock_padj,Flg22_vs_Mock_log2FoldChange,Flg22_SynCom33_vs_Mock_pvalue,Flg22_SynCom33_vs_Mock_padj,Flg22_SynCom33_vs_Mock_log2FoldChange,Flg22_SynCom35_vs_Mock_pvalue,Flg22_SynCom35_vs_Mock_padj,Flg22_SynCom35_vs_Mock_log2FoldChange,Flg22_vs_Mock,Flg22_SynCom33_vs_Mock,Flg22_SynCom35_vs_Mock,cl
AT1G67500.3,GO:0071494,REV3,1,25287356,25296988,-,9632,protein_coding,recovery protein 3 [Source:TAIR;Acc:AT1G67500],0.772083931001701,0.9589503794737418,-0.3984324152374986,0.3965305358215973,0.7465787517160384,-1.1690065171258415,0.9406224564980907,0.9860007815088144,-0.10238558790437692,0,-0,0,8
AT1G67500.5,GO:0071494,REV3,1,25287396,25296965,-,9569,protein_coding,recovery protein 3 [Source:TAIR;Acc:AT1G67500],0.14326275549350467,0.5978602491417199,-0.2786415057561756,0.13841487023665203,0.4732357635054335,-0.2821159948663277,3.317727762872923e-4,0.011830245359883562,-0.6864635935929888,0,0,0,2
AT2G02090.1,GO:0071494,ETL1,2,523223,527068,+,3845,protein_coding,ETL1 [Source:UniProtKB/TrEMBL;Acc:A0A178VWA6],0.5396268483546701,0.8931391898642558,-0.0771293886677294,0.14351486127100044,0.4818242163965323,-0.18442341191529146,0.14359117000320532,0.5260819600573723,0.18273066449356554,0,0,0,4
AT2G26670.1,GO:0071494,HO1,2,11341548,11343693,+,2145,protein_coding,TED4 [Source:UniProtKB/TrEMBL;Acc:A0A178VP48],0.2658825184619167,0.7431144215912692,0.24288101453190145,0.4810842859538129,0.8011713402930492,0.15386412764412546,0.13461508408526662,0.5106560923966348,-0.32730264275401755,0,0,0,9
AT2G26670.2,GO:0071494,HO1,2,11341684,11343572,+,1888,protein_coding,TED4 [Source:UniProtKB/TrEMBL;Acc:A0A178VP48],0.5716804259310211,0.904829312885771,0.15604996552695957,0.5558751806640132,0.8445924730578169,0.1625107579563638,0.03926754398037961,0.28022600219718935,-0.571166496554212,0,0,0,9
