ID,Path,Gene,Chromosome,Start,End,Strand,Length,BioType,Description,Flg22_vs_Mock_pvalue,Flg22_vs_Mock_padj,Flg22_vs_Mock_log2FoldChange,Flg22_SynCom33_vs_Mock_pvalue,Flg22_SynCom33_vs_Mock_padj,Flg22_SynCom33_vs_Mock_log2FoldChange,Flg22_SynCom35_vs_Mock_pvalue,Flg22_SynCom35_vs_Mock_padj,Flg22_SynCom35_vs_Mock_log2FoldChange,Flg22_vs_Mock,Flg22_SynCom33_vs_Mock,Flg22_SynCom35_vs_Mock,cl
AT1G23190.1,GO:0004614,PGM3,1,8219808,8224547,+,4739,protein_coding,"Probable phosphoglucomutase, cytoplasmic 1 [Source:UniProtKB/Swiss-Prot;Acc:O49299]",0.028950234532710808,0.281375787472506,0.3270478752303607,0.567833058804202,0.8512904069362868,0.08559382389055296,0.062271877134701115,0.35520424578912413,-0.27959696890473534,0,0,0,7
AT1G70730.3,GO:0004614,PGM2,1,26668646,26673166,-,4520,protein_coding,Phosphoglucomutase/phosphomannomutase family protein [Source:UniProtKB/TrEMBL;Acc:F4I6W4],0.961430018555862,0.9944633830616663,-0.04060728660147561,0.29212459322342055,0.6600852630391264,0.8732877274070955,0.8643459368267437,NA,0.14280708869111278,0,0,0,5
AT1G70730.1,GO:0004614,PGM2,1,26668865,26672779,-,3914,protein_coding,Phosphoglucomutase/phosphomannomutase family protein [Source:UniProtKB/TrEMBL;Acc:F4I6W4],0.07214769248051314,0.4458259461883198,0.2546685102587792,0.957724570566485,0.9906867323721825,0.007526831816509674,0.27304528998550603,0.6801540881113942,-0.15576172197538582,0,0,0,7
AT5G51820.1,GO:0004614,PGMP,5,21063298,21068327,-,5029,protein_coding,"Phosphoglucomutase, chloroplastic [Source:UniProtKB/Swiss-Prot;Acc:Q9SCY0]",0.9809595095113139,0.9959906089949536,0.004621927660826691,0.009754814598030041,0.10703221470377289,-0.5101905559104788,0.15056531439746354,0.5353944967517993,0.2757144107167907,0,0,0,4
