ID,Path,Gene,Chromosome,Start,End,Strand,Length,BioType,Description,Flg22_vs_Mock_pvalue,Flg22_vs_Mock_padj,Flg22_vs_Mock_log2FoldChange,Flg22_SynCom33_vs_Mock_pvalue,Flg22_SynCom33_vs_Mock_padj,Flg22_SynCom33_vs_Mock_log2FoldChange,Flg22_SynCom35_vs_Mock_pvalue,Flg22_SynCom35_vs_Mock_padj,Flg22_SynCom35_vs_Mock_log2FoldChange,Flg22_vs_Mock,Flg22_SynCom33_vs_Mock,Flg22_SynCom35_vs_Mock,cl
AT1G71696.1,GO:0004181,SOL1,1,26966766,26970603,+,3837,protein_coding,Carboxypeptidase SOL1 [Source:UniProtKB/Swiss-Prot;Acc:Q9M9H7],0.9533713467108067,0.99359763643049,0.02705075165265725,0.33827134071384984,0.700058627221703,0.4414868734560791,0.6908950930260545,0.9150822587547247,0.18357007937511852,0,0,0,5
AT1G71696.2,GO:0004181,SOL1,1,26966766,26970603,+,3837,protein_coding,Carboxypeptidase SOL1 [Source:UniProtKB/Swiss-Prot;Acc:Q9M9H7],0.1784878580028484,0.6508231437799773,0.16321014807117418,0.006012959667186984,0.07774910138206854,0.33145874237807094,0.3038680938583865,0.7066021930863418,0.12454552916834788,0,0,0,5
AT5G42250.1,GO:0004181,,5,16893849,16897690,+,3841,protein_coding,Alcohol dehydrogenase-like 7 [Source:UniProtKB/Swiss-Prot;Acc:Q9FH04],4.206559747265405e-12,2.507020108098963e-9,-0.5205229999095224,1.0905197472684607e-4,0.004462001803054911,-0.2882412700287723,3.086783137909085e-5,0.0019542586508372833,-0.3096714625130584,0,0,0,8
