ID,Path,Gene,Chromosome,Start,End,Strand,Length,BioType,Description,Flg22_vs_Mock_pvalue,Flg22_vs_Mock_padj,Flg22_vs_Mock_log2FoldChange,Flg22_SynCom33_vs_Mock_pvalue,Flg22_SynCom33_vs_Mock_padj,Flg22_SynCom33_vs_Mock_log2FoldChange,Flg22_SynCom35_vs_Mock_pvalue,Flg22_SynCom35_vs_Mock_padj,Flg22_SynCom35_vs_Mock_log2FoldChange,Flg22_vs_Mock,Flg22_SynCom33_vs_Mock,Flg22_SynCom35_vs_Mock,cl
AT3G50360.1,GO:0005814,CML20,3,18674137,18675761,+,1624,protein_coding,Probable calcium-binding protein CML20 [Source:UniProtKB/Swiss-Prot;Acc:O82659],8.685900296487931e-4,0.03064241224243368,0.2900555559651987,0.5241559967699483,0.827185498948002,-0.05654263551120974,0.5575376961689968,0.8629589938570043,-0.05177961449473508,0,0,0,7
AT4G37010.2,GO:0005814,CEN2,4,17444129,17445615,+,1486,protein_coding,Centrin 2 [Source:UniProtKB/TrEMBL;Acc:B6EUB9],0.4958970064557095,0.8785304276516508,0.6039575449003228,0.6117908486105164,0.873498523536856,0.45054895798962413,0.7312523397795516,0.9281665500905588,-0.30645053302208,0,0,0,9
AT4G37010.1,GO:0005814,CEN2,4,17444315,17445615,+,1300,protein_coding,Centrin 2 [Source:UniProtKB/TrEMBL;Acc:B6EUB9],0.005455715359455222,0.10535666795719442,-0.5438740869104063,0.35585889951958927,0.7150694376502914,0.1801505988423249,0.05445771899857868,0.33529899761031806,-0.375942936810152,0,0,0,10
