ID,Path,Gene,Chromosome,Start,End,Strand,Length,BioType,Description,Flg22_vs_Mock_pvalue,Flg22_vs_Mock_padj,Flg22_vs_Mock_log2FoldChange,Flg22_SynCom33_vs_Mock_pvalue,Flg22_SynCom33_vs_Mock_padj,Flg22_SynCom33_vs_Mock_log2FoldChange,Flg22_SynCom35_vs_Mock_pvalue,Flg22_SynCom35_vs_Mock_padj,Flg22_SynCom35_vs_Mock_log2FoldChange,Flg22_vs_Mock,Flg22_SynCom33_vs_Mock,Flg22_SynCom35_vs_Mock,cl
AT2G41180.1,GO:0051091,SIB2,2,17165191,17166110,+,919,protein_coding,"Sigma factor binding protein 2, chloroplastic [Source:UniProtKB/Swiss-Prot;Acc:O80669]",0.04022082706343826,0.337111186976053,-1.217063564328127,0.22354927565477603,0.591897587726196,-0.6926771461888902,0.4119967103829309,NA,0.43907034427591696,-0,0,0,4
AT3G29035.1,GO:0051091,NAC59,3,11033665,11035308,+,1643,protein_coding,NAC domain-containing protein 59 [Source:UniProtKB/Swiss-Prot;Acc:Q9LJW3],0.14281045791047908,0.5974109522894907,-0.26228115027211324,0.7300411933018296,0.9230556530358898,0.06164099305176689,4.153524736482322e-5,0.002479540896037015,-0.7359207183319344,0,0,0,10
AT3G56710.2,GO:0051091,SIB1,3,21006750,21008068,-,1318,protein_coding,SIB1 [Source:UniProtKB/TrEMBL;Acc:A0A178VMX5],0.4681424369448676,0.8683182014217564,0.5346137755273245,0.4552798662815304,0.7857494456458718,0.5501501445828095,0.5537150970564015,NA,-0.4451678371563318,0,0,0,9
AT4G24440.2,GO:0051091,TFIIA-S,4,12633180,12634784,+,1604,protein_coding,AT4G24440 protein (Fragment) [Source:UniProtKB/TrEMBL;Acc:Q53YU1],0.06168842503502499,0.41440674099298985,-0.4642997065300268,0.2787117596135676,0.6488550724804646,-0.26809076884378563,0.6567585435355583,0.9030258047455139,-0.1094758140718931,0,0,0,8
AT4G24440.1,GO:0051091,TFIIA-S,4,12633180,12634784,+,1604,protein_coding,AT4G24440 protein (Fragment) [Source:UniProtKB/TrEMBL;Acc:Q53YU1],0.2875252618174215,0.7613073172103028,1.136119887156867,0.4630957256551468,0.7905287377712255,0.7845700568007851,0.7383793952531275,0.9306832475355238,0.35753727353526976,0,0,0,7
AT5G39610.1,GO:0051091,NAC92,5,15858398,15859911,-,1513,protein_coding,NAC domain-containing protein 92 [Source:UniProtKB/Swiss-Prot;Acc:Q9FKA0],8.537938350831097e-4,0.030457324704561327,1.1352619083100344,0.0075519872966079956,0.091166065189788,0.9102859537855612,0.0032467540470541775,0.06111925576215133,-1.0182882930302637,1,0,-0,9
