ID,Path,Gene,Chromosome,Start,End,Strand,Length,BioType,Description,Flg22_vs_Mock_pvalue,Flg22_vs_Mock_padj,Flg22_vs_Mock_log2FoldChange,Flg22_SynCom33_vs_Mock_pvalue,Flg22_SynCom33_vs_Mock_padj,Flg22_SynCom33_vs_Mock_log2FoldChange,Flg22_SynCom35_vs_Mock_pvalue,Flg22_SynCom35_vs_Mock_padj,Flg22_SynCom35_vs_Mock_log2FoldChange,Flg22_vs_Mock,Flg22_SynCom33_vs_Mock,Flg22_SynCom35_vs_Mock,cl
AT3G15160.1,GO:0044599,,3,5104367,5108509,+,4142,protein_coding,AP-5 complex subunit zeta-1 [Source:UniProtKB/TrEMBL;Acc:Q8H1F1],0.08590955683461442,0.4834914094479575,0.8068223966603333,0.003748192657564338,0.05714770669026819,1.3477225829921693,0.12336663318340854,0.49280030423904186,0.7239323098497232,0,0,0,5
AT3G15160.2,GO:0044599,,3,5104725,5108473,+,3748,protein_coding,AP-5 complex subunit zeta-1 [Source:UniProtKB/TrEMBL;Acc:Q8H1F1],0.9024998894708499,0.986610639033992,-0.013525883433371307,0.05430051514001276,0.2935520235858492,0.21043031314733743,0.14050230514211812,0.520832736072277,0.16089192446732337,0,0,0,1
