ID,Path,Gene,Chromosome,Start,End,Strand,Length,BioType,Description,Flg22_vs_Mock_pvalue,Flg22_vs_Mock_padj,Flg22_vs_Mock_log2FoldChange,Flg22_SynCom33_vs_Mock_pvalue,Flg22_SynCom33_vs_Mock_padj,Flg22_SynCom33_vs_Mock_log2FoldChange,Flg22_SynCom35_vs_Mock_pvalue,Flg22_SynCom35_vs_Mock_padj,Flg22_SynCom35_vs_Mock_log2FoldChange,Flg22_vs_Mock,Flg22_SynCom33_vs_Mock,Flg22_SynCom35_vs_Mock,cl
AT4G31790.1,GO:0004164,,4,15377158,15379025,+,1867,protein_coding,Probable diphthine methyl ester synthase [Source:UniProtKB/Swiss-Prot;Acc:O81769],0.7451146078461326,0.9529854144178901,-0.19895664084558715,0.6653046210770818,0.8977863597752898,0.2639478070091662,0.7220102564695035,0.9252959744591847,-0.21763775143629804,0,0,0,10
AT4G31790.2,GO:0004164,,4,15377224,15378873,+,1649,protein_coding,Probable diphthine methyl ester synthase [Source:UniProtKB/Swiss-Prot;Acc:O81769],0.2991962244131747,0.7694394319159354,-0.24900428829178475,0.003980534182908623,0.05957946542591849,-0.6975201486119408,0.7756804250577058,0.9419312164625984,0.06791204668521518,0,0,0,4
