ID,Path,Gene,Chromosome,Start,End,Strand,Length,BioType,Description,Flg22_vs_Mock_pvalue,Flg22_vs_Mock_padj,Flg22_vs_Mock_log2FoldChange,Flg22_SynCom33_vs_Mock_pvalue,Flg22_SynCom33_vs_Mock_padj,Flg22_SynCom33_vs_Mock_log2FoldChange,Flg22_SynCom35_vs_Mock_pvalue,Flg22_SynCom35_vs_Mock_padj,Flg22_SynCom35_vs_Mock_log2FoldChange,Flg22_vs_Mock,Flg22_SynCom33_vs_Mock,Flg22_SynCom35_vs_Mock,cl
AT3G08980.3,GO:0033108,,3,2740745,2742756,+,2011,protein_coding,At3g08980 [Source:UniProtKB/TrEMBL;Acc:Q9S724],0.8280203492425636,0.9697655679643292,0.12183139702951128,0.5047782748943836,0.8154155447708378,0.3702532567124506,0.2014692561681799,NA,0.6987327731433294,0,0,0,1
AT3G08980.4,GO:0033108,,3,2740808,2742685,+,1877,protein_coding,At3g08980 [Source:UniProtKB/TrEMBL;Acc:Q9S724],0.6170189288543522,0.9190515323520648,-0.3220634721695817,0.44768509676332946,0.7813448679709684,-0.49279405057052955,0.7698365447287125,NA,0.18473151823502265,0,0,0,4
