ID,Path,Gene,Chromosome,Start,End,Strand,Length,BioType,Description,Flg22_vs_Mock_pvalue,Flg22_vs_Mock_padj,Flg22_vs_Mock_log2FoldChange,Flg22_SynCom33_vs_Mock_pvalue,Flg22_SynCom33_vs_Mock_padj,Flg22_SynCom33_vs_Mock_log2FoldChange,Flg22_SynCom35_vs_Mock_pvalue,Flg22_SynCom35_vs_Mock_padj,Flg22_SynCom35_vs_Mock_log2FoldChange,Flg22_vs_Mock,Flg22_SynCom33_vs_Mock,Flg22_SynCom35_vs_Mock,cl
AT1G78660.3,GO:0008242,GGH1,1,29585677,29588302,+,2625,protein_coding,Gamma-glutamyl hydrolase 1 [Source:UniProtKB/Swiss-Prot;Acc:Q9SYL6],0.0016188353703297618,0.04721896845816167,-0.62786868219975,0.17660139479852383,0.5321599254538636,-0.2685984301732475,0.1685942822112557,0.5604787286041547,0.27294859456163084,0,0,0,4
AT1G78660.2,GO:0008242,GGH1,1,29585936,29588389,+,2453,protein_coding,Gamma-glutamyl hydrolase 1 [Source:UniProtKB/Swiss-Prot;Acc:Q9SYL6],0.461997114605592,0.8657571523940272,0.18938529854891586,0.008516108509604997,0.09854930217615218,0.6752607540680633,0.029436793603166603,0.2401567088128655,0.5589990452226935,0,0,0,5
AT1G78680.2,GO:0008242,GGH2,1,29593756,29596175,+,2419,protein_coding,Gamma-glutamyl hydrolase 2 [Source:UniProtKB/Swiss-Prot;Acc:O65355],0.5971878371805139,0.9124435993707181,0.3654288384343049,0.6041238359274543,0.8703800453396482,0.35860390909676126,0.9394236783931889,0.9857790581086966,-0.05276346988300716,0,0,0,9
AT1G78680.1,GO:0008242,GGH2,1,29593781,29596308,+,2527,protein_coding,Gamma-glutamyl hydrolase 2 [Source:UniProtKB/Swiss-Prot;Acc:O65355],0.9162492489610072,0.9881437536151686,-0.016540275701762815,0.5500109997349831,0.8410960262677453,0.09396144295004479,0.4180449537054235,0.7843651813334929,-0.12740104389007254,0,0,0,5
