ID,Path,Gene,Chromosome,Start,End,Strand,Length,BioType,Description,Flg22_vs_Mock_pvalue,Flg22_vs_Mock_padj,Flg22_vs_Mock_log2FoldChange,Flg22_SynCom33_vs_Mock_pvalue,Flg22_SynCom33_vs_Mock_padj,Flg22_SynCom33_vs_Mock_log2FoldChange,Flg22_SynCom35_vs_Mock_pvalue,Flg22_SynCom35_vs_Mock_padj,Flg22_SynCom35_vs_Mock_log2FoldChange,Flg22_vs_Mock,Flg22_SynCom33_vs_Mock,Flg22_SynCom35_vs_Mock,cl
AT1G18080.1,GO:0005080,RACK1A,1,6222201,6224242,+,2041,protein_coding,RACK1A_AT [Source:UniProtKB/TrEMBL;Acc:A0A178WHX3],0.6301989117253899,0.9242631402869206,-0.09124923672940462,0.40868970834024065,0.754600325201662,-0.15660699419986346,0.012336636497728107,0.14407514604968097,0.4739593560533831,0,0,0,4
AT1G31160.1,GO:0005080,HINT 2,1,11122604,11124220,-,1616,protein_coding,HISTIDINE TRIAD NUCLEOTIDE-BINDING 2 [Source:UniProtKB/TrEMBL;Acc:Q8GYJ9],0.32573590388942403,0.789084874500273,-0.27657495836009055,0.5043238501106568,0.81529016247189,0.18432414874313055,0.05855121436162417,0.34475796633039346,0.5150419018929357,0,0,0,1
AT1G31160.2,GO:0005080,HINT 2,1,11122604,11124220,-,1616,protein_coding,HISTIDINE TRIAD NUCLEOTIDE-BINDING 2 [Source:UniProtKB/TrEMBL;Acc:Q8GYJ9],0.46965954343115696,0.8691621949206019,0.9975239304546213,0.6046602360370903,0.8705743993082194,0.7154196201055952,0.6400535496073172,NA,-0.6543248785769108,0,0,0,9
AT1G48630.1,GO:0005080,RACK1B,1,17981636,17983377,-,1741,protein_coding,RACK1B_AT [Source:UniProtKB/TrEMBL;Acc:A0A178W908],0.3038855890293211,0.7722031309981968,-0.28128432427615985,0.5512829390002074,0.8417829006647871,-0.16297363689275154,0.13913095758412003,0.5185799566399837,0.40407480983456057,0,0,0,4
AT3G18130.1,GO:0005080,RACK1C,3,6210878,6212551,-,1673,protein_coding,Receptor for activated C kinase 1C [Source:UniProtKB/Swiss-Prot;Acc:Q9LV28],0.4145711396206448,0.8451639149864542,-0.2567576471551904,0.5523408157606203,0.8423933852988197,-0.1869858121539047,0.19759376136392057,0.5989182445700888,0.40486508889907835,0,0,0,4
AT3G56490.1,GO:0005080,HINT1,3,20941285,20943469,+,2184,protein_coding,Adenylylsulfatase HINT1 [Source:UniProtKB/Swiss-Prot;Acc:Q8GUN2],0.5101383454504906,0.8837829909448709,0.08363539497568226,0.023985926915818464,0.1849124426013857,-0.2891729249738869,0.6678469171280528,0.9065563061477646,-0.054556763126639506,0,0,0,3
