ID,Path,Gene,Chromosome,Start,End,Strand,Length,BioType,Description,Flg22_vs_Mock_pvalue,Flg22_vs_Mock_padj,Flg22_vs_Mock_log2FoldChange,Flg22_SynCom33_vs_Mock_pvalue,Flg22_SynCom33_vs_Mock_padj,Flg22_SynCom33_vs_Mock_log2FoldChange,Flg22_SynCom35_vs_Mock_pvalue,Flg22_SynCom35_vs_Mock_padj,Flg22_SynCom35_vs_Mock_log2FoldChange,Flg22_vs_Mock,Flg22_SynCom33_vs_Mock,Flg22_SynCom35_vs_Mock,cl
AT4G36400.2,GO:0004458,D2HGDH,4,17197188,17200921,+,3733,protein_coding,"D-2-hydroxyglutarate dehydrogenase, mitochondrial [Source:UniProtKB/Swiss-Prot;Acc:O23240]",0.5280619850245427,0.8896699137220958,0.07088315759937681,0.08910703001458685,0.38153370827806077,0.19031644462301425,0.661511237177214,0.9044977177612626,0.0490919557080917,0,0,0,5
AT4G36400.1,GO:0004458,D2HGDH,4,17197212,17200932,+,3720,protein_coding,"D-2-hydroxyglutarate dehydrogenase, mitochondrial [Source:UniProtKB/Swiss-Prot;Acc:O23240]",0.6115686463185038,0.9169110609659911,-0.3221320817485385,0.3282720968358512,0.6915905270725686,-0.6225802360368229,0.9245630351552326,0.9826877623045984,-0.059853857495453786,0,0,0,4
AT5G06580.1,GO:0004458,DLD,5,2011245,2016583,-,5338,protein_coding,"D-lactate dehydrogenase [cytochrome], mitochondrial [Source:UniProtKB/Swiss-Prot;Acc:Q94AX4]",0.9016071603892722,0.9865429902536709,-0.020721144203789735,0.9076260679736035,0.9760191297736925,0.01943170496136303,0.44932174096521693,0.8044092765433346,-0.12689875543466064,0,0,0,10
