ID,Path,Gene,Chromosome,Start,End,Strand,Length,BioType,Description,Flg22_vs_Mock_pvalue,Flg22_vs_Mock_padj,Flg22_vs_Mock_log2FoldChange,Flg22_SynCom33_vs_Mock_pvalue,Flg22_SynCom33_vs_Mock_padj,Flg22_SynCom33_vs_Mock_log2FoldChange,Flg22_SynCom35_vs_Mock_pvalue,Flg22_SynCom35_vs_Mock_padj,Flg22_SynCom35_vs_Mock_log2FoldChange,Flg22_vs_Mock,Flg22_SynCom33_vs_Mock,Flg22_SynCom35_vs_Mock,cl
AT1G72180.1,GO:0017046,CEPR2,1,27162820,27167430,+,4610,protein_coding,Receptor protein-tyrosine kinase CEPR2 [Source:UniProtKB/Swiss-Prot;Acc:Q9C7T7],0.026746645461033305,0.2686588616976472,-0.26058901779712607,0.16897145564278093,0.5203678165413262,-0.16137633967213494,0.9277327776391529,0.9834498860737052,-0.010570654941328883,0,0,0,4
AT5G49660.1,GO:0017046,CEPR1,5,20161140,20164729,-,3589,protein_coding,Receptor protein-tyrosine kinase CEPR1 [Source:UniProtKB/Swiss-Prot;Acc:Q9FGL5],0.3999759291731702,0.838331798247014,0.26690024905336135,0.3566974857338381,0.7155777471266445,-0.293111018710317,0.8086733153933091,0.9520461278068134,0.07682124739009243,0,0,0,3
