ID,Path,Gene,Chromosome,Start,End,Strand,Length,BioType,Description,Flg22_vs_Mock_pvalue,Flg22_vs_Mock_padj,Flg22_vs_Mock_log2FoldChange,Flg22_SynCom33_vs_Mock_pvalue,Flg22_SynCom33_vs_Mock_padj,Flg22_SynCom33_vs_Mock_log2FoldChange,Flg22_SynCom35_vs_Mock_pvalue,Flg22_SynCom35_vs_Mock_padj,Flg22_SynCom35_vs_Mock_log2FoldChange,Flg22_vs_Mock,Flg22_SynCom33_vs_Mock,Flg22_SynCom35_vs_Mock,cl
AT5G63220.1,GO:0045048,,5,25353018,25355535,-,2517,protein_coding,At5g63220 [Source:UniProtKB/TrEMBL;Acc:Q6GKV1],0.40916568930771474,0.8428305275083786,1.0693030982971372,0.6625684350309393,0.8969137590793711,-0.5695019114085911,0.7670212495443337,0.939322841513748,-0.3859522113174001,0,0,0,7
AT5G63220.3,GO:0045048,,5,25353034,25355340,-,2306,protein_coding,At5g63220 [Source:UniProtKB/TrEMBL;Acc:Q6GKV1],0.04321105332644759,0.3499845020370959,-0.37800676858543664,0.8265419432633658,0.9520061656139795,0.04065551364883802,0.6889380557967094,0.9144833904119298,-0.07429667733219568,0,0,0,1
AT5G63220.2,GO:0045048,,5,25353034,25355500,-,2466,protein_coding,At5g63220 [Source:UniProtKB/TrEMBL;Acc:Q6GKV1],0.7731233257951406,0.9592043884859673,-0.22230663782532128,0.3192164819291743,0.6837735865034191,0.7507611365477994,0.8533672293518104,NA,0.14078733062662627,0,0,0,5
