ID,Path,Gene,Chromosome,Start,End,Strand,Length,BioType,Description,Flg22_vs_Mock_pvalue,Flg22_vs_Mock_padj,Flg22_vs_Mock_log2FoldChange,Flg22_SynCom33_vs_Mock_pvalue,Flg22_SynCom33_vs_Mock_padj,Flg22_SynCom33_vs_Mock_log2FoldChange,Flg22_SynCom35_vs_Mock_pvalue,Flg22_SynCom35_vs_Mock_padj,Flg22_SynCom35_vs_Mock_log2FoldChange,Flg22_vs_Mock,Flg22_SynCom33_vs_Mock,Flg22_SynCom35_vs_Mock,cl
AT5G41790.2,GO:0042306,CIP1,5,16725753,16732847,+,7094,protein_coding,COP1-interactive protein 1 [Source:UniProtKB/Swiss-Prot;Acc:F4JZY1],0.5616632257301831,0.9019231720578516,0.11921685709402152,0.06449315770949775,0.3208605575078847,-0.3816165179558521,0.0864968538719418,0.4193755160119258,-0.3533876464119544,0,0,0,2
AT5G41790.1,GO:0042306,CIP1,5,16727530,16732847,+,5317,protein_coding,COP1-interactive protein 1 [Source:UniProtKB/Swiss-Prot;Acc:F4JZY1],0.9034238880910275,0.9867081025597555,-0.020747512363401947,0.5886139701419224,0.8632362654312689,-0.0925021762708029,0.11621368422638428,0.4803898307763494,-0.2687428288489658,0,0,0,2
