ID,Path,Gene,Chromosome,Start,End,Strand,Length,BioType,Description,Flg22_vs_Mock_pvalue,Flg22_vs_Mock_padj,Flg22_vs_Mock_log2FoldChange,Flg22_SynCom33_vs_Mock_pvalue,Flg22_SynCom33_vs_Mock_padj,Flg22_SynCom33_vs_Mock_log2FoldChange,Flg22_SynCom35_vs_Mock_pvalue,Flg22_SynCom35_vs_Mock_padj,Flg22_SynCom35_vs_Mock_log2FoldChange,Flg22_vs_Mock,Flg22_SynCom33_vs_Mock,Flg22_SynCom35_vs_Mock,cl
AT2G03590.2,GO:0043100,UPS1,2,1094702,1096976,+,2274,protein_coding,UPS1 [Source:UniProtKB/TrEMBL;Acc:A0A178VW66],0.44915571056956755,0.8612020404383707,0.13992920993410893,0.1898958389922632,0.5492781944695524,0.24056025040526807,0.925951750512955,0.9830388100982324,0.017241224270054756,0,0,0,5
AT5G03555.1,GO:0043100,NCS1,5,898165,900298,-,2133,protein_coding,Purine-uracil permease NCS1 [Source:UniProtKB/Swiss-Prot;Acc:Q9LZD0],0.7149517871351111,0.9458515330582155,-0.0925820079816573,0.358774966573782,0.7176567193568277,-0.23293924726311327,0.31215807307092763,0.711803627841136,0.2554489034806398,0,0,0,4
