ID,Path,Gene,Chromosome,Start,End,Strand,Length,BioType,Description,Flg22_vs_Mock_pvalue,Flg22_vs_Mock_padj,Flg22_vs_Mock_log2FoldChange,Flg22_SynCom33_vs_Mock_pvalue,Flg22_SynCom33_vs_Mock_padj,Flg22_SynCom33_vs_Mock_log2FoldChange,Flg22_SynCom35_vs_Mock_pvalue,Flg22_SynCom35_vs_Mock_padj,Flg22_SynCom35_vs_Mock_log2FoldChange,Flg22_vs_Mock,Flg22_SynCom33_vs_Mock,Flg22_SynCom35_vs_Mock,cl
AT2G03150.1,GO:0055078,emb1579,2,951888,959228,+,7340,protein_coding,Protein SHORT ROOT IN SALT MEDIUM 1 [Source:UniProtKB/Swiss-Prot;Acc:F4IS91],0.36368165245914774,0.8143805873397703,-0.11913540795443273,0.9594966917160156,0.991016639132821,-0.00665386569125871,0.42836013102061504,0.7913298035854992,0.10358071391574081,0,0,0,4
AT2G03150.2,GO:0055078,emb1579,2,951930,959236,+,7306,protein_coding,Protein SHORT ROOT IN SALT MEDIUM 1 [Source:UniProtKB/Swiss-Prot;Acc:F4IS91],0.16158877372405267,0.6246567955816229,0.7695817805349828,0.6326698164493869,0.8832275657349615,0.26361080858365926,0.36529587237124167,0.7514980013079321,-0.5023769955461527,0,0,0,7
AT2G27600.1,GO:0055078,SKD1,2,11780896,11783992,+,3096,protein_coding,Protein SUPPRESSOR OF K(+) TRANSPORT GROWTH DEFECT 1 [Source:UniProtKB/Swiss-Prot;Acc:Q9ZNT0],0.5454889972549783,0.8957374638999642,-0.0485710051049144,0.8101410398506025,0.9476945459305333,-0.01929806919014382,0.11883182473534064,0.4854569603468883,-0.1253113605075318,0,0,0,8
AT5G02600.2,GO:0055078,NAKR1,5,584162,586952,-,2790,protein_coding,Protein SODIUM POTASSIUM ROOT DEFECTIVE 1 [Source:UniProtKB/Swiss-Prot;Acc:Q8LDS4],0.10084708310549206,0.51739707453215,-1.796528581509303,0.6072318797317422,0.8717302693531283,-0.5530261508086518,0.253062425909968,NA,-1.2379559947089245,-0,0,-0,10
AT5G02600.3,GO:0055078,NAKR1,5,584932,586953,-,2021,protein_coding,Protein SODIUM POTASSIUM ROOT DEFECTIVE 1 [Source:UniProtKB/Swiss-Prot;Acc:Q8LDS4],0.3942486622423461,0.8342668820838168,-0.6325111065061584,0.7167086283961022,0.918505022337148,-0.26682720504245827,0.9661251919252326,NA,0.03097219934615452,0,0,0,4
AT5G02600.1,GO:0055078,NAKR1,5,585101,586953,-,1852,protein_coding,Protein SODIUM POTASSIUM ROOT DEFECTIVE 1 [Source:UniProtKB/Swiss-Prot;Acc:Q8LDS4],0.010532886392457842,0.15939312843821535,1.3632922978482953,0.5980231718151598,0.8683190507040686,0.2875743252072792,0.04685438139256763,0.30993200647302505,1.0630718798543564,0,0,0,6
