ID,Path,Gene,Chromosome,Start,End,Strand,Length,BioType,Description,Flg22_vs_Mock_pvalue,Flg22_vs_Mock_padj,Flg22_vs_Mock_log2FoldChange,Flg22_SynCom33_vs_Mock_pvalue,Flg22_SynCom33_vs_Mock_padj,Flg22_SynCom33_vs_Mock_log2FoldChange,Flg22_SynCom35_vs_Mock_pvalue,Flg22_SynCom35_vs_Mock_padj,Flg22_SynCom35_vs_Mock_log2FoldChange,Flg22_vs_Mock,Flg22_SynCom33_vs_Mock,Flg22_SynCom35_vs_Mock,cl
AT2G47700.2,GO:0090227,RFI2,2,19552314,19554584,-,2270,protein_coding,E3 ubiquitin-protein ligase RFI2 [Source:UniProtKB/Swiss-Prot;Acc:O82239],0.06616777230629131,0.4295308157755564,-0.5192320594934713,0.887875887522134,0.9707738783124256,0.03916313781519601,0.8495359416052254,0.9636993437918951,0.05255689012731157,0,0,0,1
AT2G47700.1,GO:0090227,RFI2,2,19552314,19554647,-,2333,protein_coding,E3 ubiquitin-protein ligase RFI2 [Source:UniProtKB/Swiss-Prot;Acc:O82239],0.3305775075935274,0.7924890726052773,-0.11113070026064986,0.9645360412480208,0.9919149908503939,-0.005064896712573325,0.1308559382774479,0.5049687509419657,0.17095289468868555,0,0,0,4
