ID,Path,Gene,Chromosome,Start,End,Strand,Length,BioType,Description,Flg22_vs_Mock_pvalue,Flg22_vs_Mock_padj,Flg22_vs_Mock_log2FoldChange,Flg22_SynCom33_vs_Mock_pvalue,Flg22_SynCom33_vs_Mock_padj,Flg22_SynCom33_vs_Mock_log2FoldChange,Flg22_SynCom35_vs_Mock_pvalue,Flg22_SynCom35_vs_Mock_padj,Flg22_SynCom35_vs_Mock_log2FoldChange,Flg22_vs_Mock,Flg22_SynCom33_vs_Mock,Flg22_SynCom35_vs_Mock,cl
AT1G77720.1,GO:0051304,PPK1,1,29210496,29214135,+,3639,protein_coding,At1g77720 [Source:UniProtKB/TrEMBL;Acc:Q84VX4],0.9519561465836537,0.99359763643049,-0.01257112468568829,0.11765814282936297,0.43601960236268755,-0.32970323594171036,0.02913128619258757,0.23924130361323964,0.44961833805037776,0,0,0,4
AT4G15890.1,GO:0051304,,4,9017256,9022988,+,5732,protein_coding,Binding protein [Source:UniProtKB/TrEMBL;Acc:O24610],0.9387259461591382,0.9919486195295998,-0.017995037551797353,0.9687274035036937,0.9930431033162803,0.009173111200892885,0.2651038740753662,0.673339769098994,0.2584558921558243,0,0,0,4
AT4G22970.1,GO:0051304,ESP,4,12033437,12043670,-,10233,protein_coding,homolog of separase [Source:TAIR;Acc:AT4G22970],0.8878541614351875,0.9838690090241347,0.22730780641251508,0.3730266859409803,0.7291043559836837,1.4323600749490408,0.2125001389130609,0.6150539391205991,2.003207331269037,0,0,0,1
AT4G22970.2,GO:0051304,ESP,4,12033439,12043728,-,10289,protein_coding,homolog of separase [Source:TAIR;Acc:AT4G22970],0.8972248929030392,0.9853433104017497,-0.13469063698477562,0.4121831289152387,0.7572136179525351,-0.8566869735348318,0.6540025060025849,0.9023854260960191,-0.4676236072137248,0,0,0,3
