ID,Path,Gene,Chromosome,Start,End,Strand,Length,BioType,Description,Flg22_vs_Mock_pvalue,Flg22_vs_Mock_padj,Flg22_vs_Mock_log2FoldChange,Flg22_SynCom33_vs_Mock_pvalue,Flg22_SynCom33_vs_Mock_padj,Flg22_SynCom33_vs_Mock_log2FoldChange,Flg22_SynCom35_vs_Mock_pvalue,Flg22_SynCom35_vs_Mock_padj,Flg22_SynCom35_vs_Mock_log2FoldChange,Flg22_vs_Mock,Flg22_SynCom33_vs_Mock,Flg22_SynCom35_vs_Mock,cl
AT1G73020.1,GO:0005254,,1,27469496,27473660,-,4164,protein_coding,Anoctamin-like protein At1g73020 [Source:UniProtKB/Swiss-Prot;Acc:A0MFS9],0.04436879298903136,0.35407813687058615,-0.6318806841733774,0.22298394634425978,0.5914409911816864,-0.38094637717662805,0.5040228486234869,0.8346490702219058,-0.20783818382360889,0,0,0,8
AT1G73020.2,GO:0005254,,1,27469534,27473554,-,4020,protein_coding,Anoctamin-like protein At1g73020 [Source:UniProtKB/Swiss-Prot;Acc:A0MFS9],0.4429576764239184,0.8580524954223063,0.29713979194775225,0.374611221332176,0.7302740716870395,0.34365461975349665,0.007299105863944452,0.10378362226641584,1.027411816007663,0,0,0,6
