ID,Path,Gene,Chromosome,Start,End,Strand,Length,BioType,Description,Flg22_vs_Mock_pvalue,Flg22_vs_Mock_padj,Flg22_vs_Mock_log2FoldChange,Flg22_SynCom33_vs_Mock_pvalue,Flg22_SynCom33_vs_Mock_padj,Flg22_SynCom33_vs_Mock_log2FoldChange,Flg22_SynCom35_vs_Mock_pvalue,Flg22_SynCom35_vs_Mock_padj,Flg22_SynCom35_vs_Mock_log2FoldChange,Flg22_vs_Mock,Flg22_SynCom33_vs_Mock,Flg22_SynCom35_vs_Mock,cl
AT2G20000.1,GO:0007276,CDC27B,2,8631959,8637300,-,5341,protein_coding,Cell division cycle protein 27 homolog B [Source:UniProtKB/Swiss-Prot;Acc:Q8LGU6],0.904172016514385,0.9867990840609905,0.013407381183201797,0.8297684954392719,0.9527116001536969,0.02394275608246372,0.25392312579912285,0.6622288159518229,0.12594158428980487,0,0,0,4
AT2G40360.1,GO:0007276,BOP1,2,16852880,16856771,-,3891,protein_coding,Ribosome biogenesis protein BOP1 homolog [Source:UniProtKB/Swiss-Prot;Acc:F4IH25],0.024524743148887973,0.25679815900478314,-0.48180356323698553,0.004453434021671636,0.06402538872282601,-0.6096118845384413,0.8731789209012841,0.9700555239397249,0.03414950179483527,0,0,0,4
AT2G40360.2,GO:0007276,BOP1,2,16852880,16856771,-,3891,protein_coding,Ribosome biogenesis protein BOP1 homolog [Source:UniProtKB/Swiss-Prot;Acc:F4IH25],0.44069451013415156,0.8571866395013759,0.5997610717137012,0.4030345496353852,0.7503717268052971,0.6503915975091618,0.18455111962655305,0.5821938656924514,1.0307055939625458,0,0,0,6
AT3G16320.1,GO:0007276,CDC27a,3,5529313,5534734,+,5421,protein_coding,Tetratricopeptide repeat (TPR)-like superfamily protein [Source:TAIR;Acc:AT3G16320],0.6234911801811753,0.9219559440455526,-0.23139559816939467,0.014124967517889418,0.13450491562731257,1.1325428072232422,0.6432583996744456,0.899059465483519,0.21602918363739354,0,0,0,5
AT3G52115.1,GO:0007276,GR1,3,19326035,19328379,+,2344,protein_coding,Protein gamma response 1 [Source:UniProtKB/Swiss-Prot;Acc:Q9ZRT1],0.38351620674323167,0.8282362026314499,-0.23784339177539685,0.13965492886996916,0.4755768682394871,-0.40694862597172266,0.4624484846682103,0.8120979536685389,0.1962023049934455,0,0,0,4
AT4G37750.1,GO:0007276,ANT,4,17739514,17742407,+,2893,protein_coding,AP2-like ethylene-responsive transcription factor ANT [Source:UniProtKB/Swiss-Prot;Acc:Q38914],0.2601092208072291,0.737812768615966,-0.23306486245467828,6.177791708452635e-7,6.72353832820339e-5,-1.0526220829528752,0.6820535006499852,0.9116343360588268,0.08425024749013102,0,-1,0,3
