ID,Path,Gene,Chromosome,Start,End,Strand,Length,BioType,Description,Flg22_vs_Mock_pvalue,Flg22_vs_Mock_padj,Flg22_vs_Mock_log2FoldChange,Flg22_SynCom33_vs_Mock_pvalue,Flg22_SynCom33_vs_Mock_padj,Flg22_SynCom33_vs_Mock_log2FoldChange,Flg22_SynCom35_vs_Mock_pvalue,Flg22_SynCom35_vs_Mock_padj,Flg22_SynCom35_vs_Mock_log2FoldChange,Flg22_vs_Mock,Flg22_SynCom33_vs_Mock,Flg22_SynCom35_vs_Mock,cl
AT1G12770.1,GO:0009663,RH47,1,4351019,4353797,+,2778,protein_coding,"DEAD-box ATP-dependent RNA helicase 47, mitochondrial [Source:UniProtKB/Swiss-Prot;Acc:Q8W4E1]",0.0746592055467268,0.45207744153771845,-0.2876785463923444,0.014923701103123134,0.1394222775712399,-0.39528283329760266,0.6698570908707553,0.9069479282596532,0.06748511610685476,0,0,0,4
AT3G08550.1,GO:0009663,ELD1,3,2596023,2599898,+,3875,protein_coding,KOB1 [Source:UniProtKB/TrEMBL;Acc:A0A178V9W7],0.2761689820212473,0.7514834604600173,0.09857282024239669,0.19677922649621293,0.5584051483912598,0.11680690121117229,0.2778532606838746,0.6838476801384477,0.0979377591837744,0,0,0,6
AT3G15380.1,GO:0009663,CHER1,3,5193203,5196591,+,3388,protein_coding,Choline transporter protein 1 [Source:UniProtKB/Swiss-Prot;Acc:Q94AN2],0.6880906180458501,0.9384645833061259,0.09472946280927928,0.7404895119074163,0.92552878923798,-0.078445802343654,0.3732724380672344,0.756652036217167,0.20937563569068268,0,0,0,4
AT4G29860.1,GO:0009663,DSE1,4,14601698,14605810,-,4112,protein_coding,Protein DECREASED SIZE EXCLUSION LIMIT 1 [Source:UniProtKB/Swiss-Prot;Acc:Q3MV14],0.5583527621370795,0.9008973223824984,0.11658347175819946,0.8409078870939046,0.9561765048481763,0.04010865598347804,0.3160224557485621,0.7154967288160085,-0.2015157707500427,0,0,0,2
