ID,Path,Gene,Chromosome,Start,End,Strand,Length,BioType,Description,Flg22_vs_Mock_pvalue,Flg22_vs_Mock_padj,Flg22_vs_Mock_log2FoldChange,Flg22_SynCom33_vs_Mock_pvalue,Flg22_SynCom33_vs_Mock_padj,Flg22_SynCom33_vs_Mock_log2FoldChange,Flg22_SynCom35_vs_Mock_pvalue,Flg22_SynCom35_vs_Mock_padj,Flg22_SynCom35_vs_Mock_log2FoldChange,Flg22_vs_Mock,Flg22_SynCom33_vs_Mock,Flg22_SynCom35_vs_Mock,cl
AT2G46040.1,GO:0048556,,2,18935236,18938447,-,3211,protein_coding,ARID/BRIGHT DNA-binding domain;ELM2 domain protein [Source:TAIR;Acc:AT2G46040],0.2465450363810431,0.7260239293101869,-1.4453849842140094,0.9375448759642127,0.9856281363489384,0.09539622381250558,0.27106755152547934,NA,-1.3677142216235207,-0,0,-0,10
AT2G46040.3,GO:0048556,,2,18935301,18938447,-,3146,protein_coding,ARID/BRIGHT DNA-binding domain;ELM2 domain protein [Source:TAIR;Acc:AT2G46040],0.6412603618221719,0.9273392630027173,0.08298153285257381,0.4311094403947299,0.7694253071764129,-0.14177044737001895,0.19959978365257985,0.6014288960638811,0.22636712924610908,0,0,0,4
