ID,Path,Gene,Chromosome,Start,End,Strand,Length,BioType,Description,Flg22_vs_Mock_pvalue,Flg22_vs_Mock_padj,Flg22_vs_Mock_log2FoldChange,Flg22_SynCom33_vs_Mock_pvalue,Flg22_SynCom33_vs_Mock_padj,Flg22_SynCom33_vs_Mock_log2FoldChange,Flg22_SynCom35_vs_Mock_pvalue,Flg22_SynCom35_vs_Mock_padj,Flg22_SynCom35_vs_Mock_log2FoldChange,Flg22_vs_Mock,Flg22_SynCom33_vs_Mock,Flg22_SynCom35_vs_Mock,cl
AT2G46740.1,GO:0050105,GULLO5,2,19205157,19207608,-,2451,protein_coding,GulLO5 [Source:UniProtKB/TrEMBL;Acc:A0A178VXG4],0.09429061708119739,0.5047780177380816,-0.39369003471097386,0.011974664075184377,0.12123153935713529,-0.5915831022042394,4.075990754712179e-8,8.240351729148371e-6,-1.2945785068550888,0,0,-1,2
AT2G46750.1,GO:0050105,GULLO2,2,19207991,19211021,-,3030,protein_coding,L-gulonolactone oxidase 2 [Source:UniProtKB/Swiss-Prot;Acc:Q6NQ66],0.6346975600668414,0.9253214416817163,0.11969816532945177,0.5149276927375109,0.8219248343854993,0.16404604988941385,5.361108500831158e-6,4.639480155143741e-4,-1.1488999577027255,0,0,-1,9
AT2G46760.1,GO:0050105,GULLO6,2,19212881,19215210,-,2329,protein_coding,Probable L-gulonolactone oxidase 6 [Source:UniProtKB/Swiss-Prot;Acc:O81032],0.8364088037091095,0.9710148790076204,-0.0652783183657387,0.4535502173311244,0.7852182911329311,-0.23813116099930767,0.8981161979520266,0.9771120829525552,-0.04037452565308937,0,0,0,3
AT5G11540.1,GO:0050105,GULLO3,5,3702700,3705129,-,2429,protein_coding,L-gulonolactone oxidase 3 [Source:UniProtKB/Swiss-Prot;Acc:Q9LYD8],0.8378951016796188,0.9714921848233703,0.03666137161862803,0.35365495196670893,0.7135372460648854,0.16570993522386038,0.6867799390496749,0.9135124082188878,0.07204727600090204,0,0,0,5
