ID,Path,Gene,Chromosome,Start,End,Strand,Length,BioType,Description,Flg22_vs_Mock_pvalue,Flg22_vs_Mock_padj,Flg22_vs_Mock_log2FoldChange,Flg22_SynCom33_vs_Mock_pvalue,Flg22_SynCom33_vs_Mock_padj,Flg22_SynCom33_vs_Mock_log2FoldChange,Flg22_SynCom35_vs_Mock_pvalue,Flg22_SynCom35_vs_Mock_padj,Flg22_SynCom35_vs_Mock_log2FoldChange,Flg22_vs_Mock,Flg22_SynCom33_vs_Mock,Flg22_SynCom35_vs_Mock,cl
AT1G48410.3,GO:0060145,AGO1,1,17885633,17892596,-,6963,protein_coding,ICU9 [Source:UniProtKB/TrEMBL;Acc:A0A178WL72],0.628495198915046,0.9235876599509517,-0.09230633628544103,0.44040206053082415,0.7772502566564377,-0.14723580296417366,0.3643696057149983,0.7505140388948142,0.17278807034847368,0,0,0,4
AT1G48410.2,GO:0060145,AGO1,1,17886036,17892632,-,6596,protein_coding,ICU9 [Source:UniProtKB/TrEMBL;Acc:A0A178WL72],0.5066729930520635,0.882613010471477,-1.4832605889007602,0.517641206062192,0.8237106836732896,-1.4451672559781552,0.47152308465832465,0.8178732783496737,-1.6083529367338298,-0,-0,-0,8
AT1G48410.1,GO:0060145,AGO1,1,17886083,17892601,-,6518,protein_coding,ICU9 [Source:UniProtKB/TrEMBL;Acc:A0A178WL72],0.1137881557340056,0.5445875163983853,0.17418339700301758,0.9522688968962013,0.989483104008475,-0.006604214393480374,0.015885016693362217,0.16835318573079658,0.26527280457500385,0,0,0,6
AT1G69440.1,GO:0060145,AGO7,1,26101407,26105328,-,3921,protein_coding,Protein argonaute 7 [Source:UniProtKB/Swiss-Prot;Acc:Q9C793],8.625292632573336e-4,0.030582667333039458,-0.9330336945086822,0.47493816295620733,0.7977327029240971,-0.19348862099318254,0.351803990497937,0.7413605419034982,0.24803294772088455,0,0,0,1
AT3G62800.1,GO:0060145,DBR4,3,23225526,23227512,-,1986,protein_coding,Double-stranded RNA-binding protein 4 [Source:UniProtKB/Swiss-Prot;Acc:Q8H1D4],0.6892269134381597,0.938639394803398,-0.5505192271126409,0.7203482028144297,0.9203612351738354,0.4917151849669095,0.5226709505910097,0.8446087127447718,-0.88072790606362,0,0,0,10
AT3G62800.2,GO:0060145,DBR4,3,23225592,23227512,-,1920,protein_coding,Double-stranded RNA-binding protein 4 [Source:UniProtKB/Swiss-Prot;Acc:Q8H1D4],0.5073340066920694,0.8829387566428097,0.2792238292193588,0.6580672144916649,0.8954084396289663,-0.18720958232415844,0.7946777736922237,0.9478610748382507,0.10968228268661336,0,0,0,3
