ID,Path,Gene,Chromosome,Start,End,Strand,Length,BioType,Description,Flg22_vs_Mock_pvalue,Flg22_vs_Mock_padj,Flg22_vs_Mock_log2FoldChange,Flg22_SynCom33_vs_Mock_pvalue,Flg22_SynCom33_vs_Mock_padj,Flg22_SynCom33_vs_Mock_log2FoldChange,Flg22_SynCom35_vs_Mock_pvalue,Flg22_SynCom35_vs_Mock_padj,Flg22_SynCom35_vs_Mock_log2FoldChange,Flg22_vs_Mock,Flg22_SynCom33_vs_Mock,Flg22_SynCom35_vs_Mock,cl
AT1G03360.1,GO:0071034,RRP4,1,824517,826399,+,1882,protein_coding,RRP4 [Source:UniProtKB/TrEMBL;Acc:A0A178W3N1],0.16664432170573862,0.6334370234927429,-0.39248894162862713,0.2270919496668514,0.5963619885993113,-0.34254826265112664,0.3520295758053205,0.7416326225643892,0.26147000591180175,0,0,0,4
AT2G25355.1,GO:0071034,,2,10801091,10803722,+,2631,protein_coding,At2g25350/F13B15.1 [Source:UniProtKB/TrEMBL;Acc:Q94AW9],0.005969808085944002,0.1115545659075233,1.8257587990993123,0.3073361245290965,0.6745987113710903,0.699907097707468,0.0053324633146855215,NA,1.8467912151868202,0,0,0,6
AT2G25355.2,GO:0071034,,2,10801278,10803722,+,2444,protein_coding,At2g25350/F13B15.1 [Source:UniProtKB/TrEMBL;Acc:Q94AW9],0.21284365593393195,0.6897227726012688,-0.2634838326938585,0.8559589133632135,0.9617778653701443,-0.037832339693018954,0.5845418266872675,0.8753210050069888,-0.1138439495992407,0,0,0,8
AT4G32175.1,GO:0071034,,4,15535434,15537602,+,2168,protein_coding,At4g32175 [Source:UniProtKB/TrEMBL;Acc:Q500X1],0.43622252029541914,0.8548362261085061,-0.2099273995282703,0.28538113423307065,0.654924128756889,-0.289677118255897,0.6717936490601779,0.9078761717273206,-0.1130563312486727,0,0,0,8
