ID,Path,Gene,Chromosome,Start,End,Strand,Length,BioType,Description,Flg22_vs_Mock_pvalue,Flg22_vs_Mock_padj,Flg22_vs_Mock_log2FoldChange,Flg22_SynCom33_vs_Mock_pvalue,Flg22_SynCom33_vs_Mock_padj,Flg22_SynCom33_vs_Mock_log2FoldChange,Flg22_SynCom35_vs_Mock_pvalue,Flg22_SynCom35_vs_Mock_padj,Flg22_SynCom35_vs_Mock_log2FoldChange,Flg22_vs_Mock,Flg22_SynCom33_vs_Mock,Flg22_SynCom35_vs_Mock,cl
AT2G27230.1,GO:0010479,LHW,2,11650358,11654116,+,3758,protein_coding,LHW [Source:UniProtKB/TrEMBL;Acc:A0A178VXD3],0.7168131916438953,0.9461690924620495,-0.20345456885581548,0.7704296678627891,0.935548628152844,-0.16367030053714118,0.5451435481843866,0.8569696472961299,0.3389707210754069,0,0,0,4
AT2G27230.2,GO:0010479,LHW,2,11650359,11654143,+,3784,protein_coding,LHW [Source:UniProtKB/TrEMBL;Acc:A0A178VXD3],0.5451529522887177,0.8955944458511282,0.23227147435499595,0.8458481541960939,0.9583323039882653,-0.07468731689096102,0.7416309779625312,0.9314525565355267,0.12657495420759954,0,0,0,3
