ID,Path,Gene,Chromosome,Start,End,Strand,Length,BioType,Description,Flg22_vs_Mock_pvalue,Flg22_vs_Mock_padj,Flg22_vs_Mock_log2FoldChange,Flg22_SynCom33_vs_Mock_pvalue,Flg22_SynCom33_vs_Mock_padj,Flg22_SynCom33_vs_Mock_log2FoldChange,Flg22_SynCom35_vs_Mock_pvalue,Flg22_SynCom35_vs_Mock_padj,Flg22_SynCom35_vs_Mock_log2FoldChange,Flg22_vs_Mock,Flg22_SynCom33_vs_Mock,Flg22_SynCom35_vs_Mock,cl
AT4G19810.1,GO:0008843,ChiC,4,10763206,10765781,-,2575,protein_coding,Class V chitinase [Source:UniProtKB/Swiss-Prot;Acc:O81862],0.006760822142777469,0.11985910698818968,1.268124671232247,0.9132766145966451,0.9784664602282497,0.05178797689375268,8.93658492940609e-4,0.024348398667231225,-1.6650671080457646,0,0,-1,7
AT4G19810.2,GO:0008843,ChiC,4,10763934,10765795,-,1861,protein_coding,Class V chitinase [Source:UniProtKB/Swiss-Prot;Acc:O81862],0.07680073176284818,0.4583987422563692,0.4868766827847661,0.5864567840193278,0.8620631501260616,0.1497471703475708,1.1531835607968284e-5,8.669778158015656e-4,-1.2115431830661822,0,0,-1,7
