ID,Path,Gene,Chromosome,Start,End,Strand,Length,BioType,Description,Flg22_vs_Mock_pvalue,Flg22_vs_Mock_padj,Flg22_vs_Mock_log2FoldChange,Flg22_SynCom33_vs_Mock_pvalue,Flg22_SynCom33_vs_Mock_padj,Flg22_SynCom33_vs_Mock_log2FoldChange,Flg22_SynCom35_vs_Mock_pvalue,Flg22_SynCom35_vs_Mock_padj,Flg22_SynCom35_vs_Mock_log2FoldChange,Flg22_vs_Mock,Flg22_SynCom33_vs_Mock,Flg22_SynCom35_vs_Mock,cl
AT3G27530.1,GO:0048211,GC6,3,10193477,10200046,-,6569,protein_coding,Golgin candidate 6 [Source:UniProtKB/Swiss-Prot;Acc:B0F9L4],0.9912175417681166,0.998117080210033,9.484473897379473e-4,0.35834022392595954,0.7173208652600822,0.07904634927097241,0.48524634191445515,0.8248133950476811,-0.06011366349976384,0,0,0,5
AT4G04910.1,GO:0048211,NSF,4,2489364,2495863,-,6499,protein_coding,NSF [Source:UniProtKB/TrEMBL;Acc:A0A178UTB9],0.03032653847218066,0.28678624859661317,-0.15954427554315087,0.3702985262406897,0.7269143407625399,-0.0658855130823098,0.8717940359753222,0.969992734333449,-0.011835329735069858,0,0,0,4
