ID,Path,Gene,Chromosome,Start,End,Strand,Length,BioType,Description,Flg22_vs_Mock_pvalue,Flg22_vs_Mock_padj,Flg22_vs_Mock_log2FoldChange,Flg22_SynCom33_vs_Mock_pvalue,Flg22_SynCom33_vs_Mock_padj,Flg22_SynCom33_vs_Mock_log2FoldChange,Flg22_SynCom35_vs_Mock_pvalue,Flg22_SynCom35_vs_Mock_padj,Flg22_SynCom35_vs_Mock_log2FoldChange,Flg22_vs_Mock,Flg22_SynCom33_vs_Mock,Flg22_SynCom35_vs_Mock,cl
AT3G05330.1,GO:0000914,TAN,3,1518857,1521909,-,3052,protein_coding,Probable microtubule-binding protein TANGLED [Source:UniProtKB/Swiss-Prot;Acc:Q84M91],0.14621035338108035,0.6037840579463272,-0.4151731320688837,0.002867739459078591,0.04746956412496963,-0.8653495007864708,0.14010524108393968,0.5200820691247371,0.4131648605809469,0,0,0,4
AT3G23670.1,GO:0000914,KIN12B,3,8519136,8525289,+,6153,protein_coding,Kinesin-like protein KIN-12B [Source:UniProtKB/Swiss-Prot;Acc:Q8L7Y8],0.07424195434059988,0.4516381290114094,-0.4578532798119281,0.037037898614761394,0.23790047669645148,-0.535561793988295,0.01573630838778981,0.16736697930744796,0.6123034313859356,0,0,0,4
AT3G61650.1,GO:0000914,TUBG1,3,22812082,22815216,-,3134,protein_coding,Tubulin gamma-1 chain [Source:UniProtKB/Swiss-Prot;Acc:P38557],0.019426361058578322,0.22576807049863598,-0.5336989893269777,0.013191657961610849,0.12897161696824858,-0.5664927894035103,0.5913636419787657,0.8775614667360686,0.12110532071561197,0,0,0,4
AT4G14150.1,GO:0000914,KIN12A,4,8158436,8165214,-,6778,protein_coding,Kinesin-like protein KIN-12A [Source:UniProtKB/Swiss-Prot;Acc:Q9LDN0],2.7835834032344985e-4,0.013532655194220013,-0.756948558647625,2.5449327683659055e-4,0.008338107026982965,-0.7623160627147687,0.05015856587142072,0.321447729817432,0.39170455769837176,0,0,0,4
AT5G05620.1,GO:0000914,TUBG2,5,1679230,1682055,+,2825,protein_coding,Tubulin gamma-2 chain [Source:UniProtKB/Swiss-Prot;Acc:P38558],0.42664758780306983,0.8493424862090211,-0.151964806915456,0.5054406201595516,0.815855335122437,-0.12725396862494867,0.1842238304685581,0.5815515787834475,0.25069907628417204,0,0,0,4
AT5G18700.1,GO:0000914,RUK,5,6235032,6240916,-,5884,protein_coding,Serine/threonine-protein kinase RUNKEL [Source:UniProtKB/Swiss-Prot;Acc:F4JY37],0.2959118891198941,0.7674469978541599,-0.18833414955591948,0.08016106350162239,0.36099742939654,-0.31633705231192066,0.004771567684482571,0.07922317139632969,0.5014325731504976,0,0,0,4
