ID,Path,Gene,Chromosome,Start,End,Strand,Length,BioType,Description,Flg22_vs_Mock_pvalue,Flg22_vs_Mock_padj,Flg22_vs_Mock_log2FoldChange,Flg22_SynCom33_vs_Mock_pvalue,Flg22_SynCom33_vs_Mock_padj,Flg22_SynCom33_vs_Mock_log2FoldChange,Flg22_SynCom35_vs_Mock_pvalue,Flg22_SynCom35_vs_Mock_padj,Flg22_SynCom35_vs_Mock_log2FoldChange,Flg22_vs_Mock,Flg22_SynCom33_vs_Mock,Flg22_SynCom35_vs_Mock,cl
AT3G03500.1,GO:0016888,,3,832718,834600,+,1882,protein_coding,T21P5.8 protein [Source:UniProtKB/TrEMBL;Acc:Q9SRQ4],0.01828071620417207,0.21735052578787414,-0.8791714357189506,0.1279668960417388,0.45424615071887264,0.5592421128721612,0.8038060306403481,0.9503436662873722,0.09149949295958655,0,0,0,5
AT3G03500.3,GO:0016888,,3,832718,834600,+,1882,protein_coding,T21P5.8 protein [Source:UniProtKB/TrEMBL;Acc:Q9SRQ4],0.2578729851187623,0.7359155415909219,-0.6242127468518767,0.3482277592655264,0.7091173869082554,0.4954289717660363,0.928990477588044,NA,-0.04774555881366221,0,0,0,5
AT3G03500.2,GO:0016888,,3,832718,834600,+,1882,protein_coding,T21P5.8 protein [Source:UniProtKB/TrEMBL;Acc:Q9SRQ4],5.523854079422834e-5,0.004085635632834152,-1.8494170107378687,0.6650100056553839,0.8977331561410682,0.1875042032072576,0.9765523104943901,0.9949138428844769,-0.012747550879967274,-1,0,0,1
