ID,Path,Gene,Chromosome,Start,End,Strand,Length,BioType,Description,Flg22_vs_Mock_pvalue,Flg22_vs_Mock_padj,Flg22_vs_Mock_log2FoldChange,Flg22_SynCom33_vs_Mock_pvalue,Flg22_SynCom33_vs_Mock_padj,Flg22_SynCom33_vs_Mock_log2FoldChange,Flg22_SynCom35_vs_Mock_pvalue,Flg22_SynCom35_vs_Mock_padj,Flg22_SynCom35_vs_Mock_log2FoldChange,Flg22_vs_Mock,Flg22_SynCom33_vs_Mock,Flg22_SynCom35_vs_Mock,cl
AT5G46110.2,GO:0015717,APE2,5,18697235,18700656,+,3421,protein_coding,Glucose-6-phosphate/phosphate translocator-like protein [Source:UniProtKB/TrEMBL;Acc:A0A219I0W9],0.9108537986042616,0.9872868128618356,0.07493417080823009,0.509014104031223,0.8182751621244367,0.44072555811055714,0.6255082466357216,0.8920788071351112,0.32578515119312906,0,0,0,5
AT5G46110.1,GO:0015717,APE2,5,18697235,18700900,+,3665,protein_coding,Glucose-6-phosphate/phosphate translocator-like protein [Source:UniProtKB/TrEMBL;Acc:A0A219I0W9],0.8192603063271425,0.9680612780538831,0.3766125930759754,0.5560161576798248,0.844598738563033,0.9693183983688242,0.3911399983858619,0.767979546815187,1.4108310394103611,0,0,0,1
AT5G46110.3,GO:0015717,APE2,5,18697250,18700656,+,3406,protein_coding,Glucose-6-phosphate/phosphate translocator-like protein [Source:UniProtKB/TrEMBL;Acc:A0A219I0W9],0.531826549028119,0.8911515464358377,1.0070411719494923,0.9564410924786471,0.9902715145230347,0.08830367938098826,0.8849443988141786,NA,-0.23426123951606154,0,0,0,7
