ID,Path,Gene,Chromosome,Start,End,Strand,Length,BioType,Description,Flg22_vs_Mock_pvalue,Flg22_vs_Mock_padj,Flg22_vs_Mock_log2FoldChange,Flg22_SynCom33_vs_Mock_pvalue,Flg22_SynCom33_vs_Mock_padj,Flg22_SynCom33_vs_Mock_log2FoldChange,Flg22_SynCom35_vs_Mock_pvalue,Flg22_SynCom35_vs_Mock_padj,Flg22_SynCom35_vs_Mock_log2FoldChange,Flg22_vs_Mock,Flg22_SynCom33_vs_Mock,Flg22_SynCom35_vs_Mock,cl
AT1G09180.1,GO:0016050,ATSAR1,1,2965023,2965972,+,949,protein_coding,"Putative GTP-binding protein, SAR1B [Source:UniProtKB/TrEMBL;Acc:O80489]",0.466239125609057,0.8676019076994329,0.5142057881283733,0.8947102700746503,NA,-0.09550540560183482,0.030236904439252463,NA,-1.742149861487329,0,0,-0,2
AT1G56330.1,GO:0016050,SAR1B,1,21086501,21088554,-,2053,protein_coding,SAR1B [Source:UniProtKB/TrEMBL;Acc:A0A178WM97],0.40403250561618265,0.8401323441031102,-0.14584633343089867,0.8909880355134812,0.9713780149575055,0.023939836859169904,0.7160663608383598,0.9236460192338306,-0.06353242246873814,0,0,0,1
AT1G65260.1,GO:0016050,VIPP1,1,24236088,24240728,+,4640,protein_coding,"Membrane-associated protein VIPP1, chloroplastic [Source:UniProtKB/Swiss-Prot;Acc:O80796]",0.5598039829442614,0.9009816137633396,-0.07102237199851445,0.4650490453539415,0.7914699869652809,-0.08909438956633561,0.9616585039695312,0.9904777929830886,0.00581517858633662,0,0,0,4
AT3G62560.1,GO:0016050,,3,23137286,23139145,+,1859,protein_coding,Putative Sar1 GTP binding protein [Source:UniProtKB/TrEMBL;Acc:Q8VYP7],0.44662772175640997,0.8605648207422417,0.073714938268035,0.2846590324847219,0.6544820485164466,0.10353989589205213,0.15789617720164265,0.5468848822165213,0.13593541196368775,0,0,0,6
AT4G02080.1,GO:0016050,SAR1A,4,921447,922759,+,1312,protein_coding,SAR2 [Source:UniProtKB/TrEMBL;Acc:A0A178V5S8],0.33104106601356037,0.792952907482969,0.056373887714318845,0.2142234356582075,0.5798913021535359,0.07202145270502591,0.716490105301363,0.9238063372179013,0.02102979937139512,0,0,0,6
