ID,Path,Gene,Chromosome,Start,End,Strand,Length,BioType,Description,Flg22_vs_Mock_pvalue,Flg22_vs_Mock_padj,Flg22_vs_Mock_log2FoldChange,Flg22_SynCom33_vs_Mock_pvalue,Flg22_SynCom33_vs_Mock_padj,Flg22_SynCom33_vs_Mock_log2FoldChange,Flg22_SynCom35_vs_Mock_pvalue,Flg22_SynCom35_vs_Mock_padj,Flg22_SynCom35_vs_Mock_log2FoldChange,Flg22_vs_Mock,Flg22_SynCom33_vs_Mock,Flg22_SynCom35_vs_Mock,cl
AT1G01480.1,GO:0042218,ACS2,1,175706,178406,+,2700,protein_coding,1-aminocyclopropane-1-carboxylate synthase 2 [Source:UniProtKB/Swiss-Prot;Acc:Q06402],0.4955991668475526,0.8784752201520873,-0.2510470502436378,0.31378664655781346,0.6789714832902153,-0.3722034914374077,0.043339639610627236,0.29612753472095144,-0.752131196042095,0,0,0,2
AT1G01480.2,GO:0042218,ACS2,1,176141,178400,+,2259,protein_coding,1-aminocyclopropane-1-carboxylate synthase 2 [Source:UniProtKB/Swiss-Prot;Acc:Q06402],1.3883290864223627e-4,0.00809149205806851,1.5440734095585436,0.0012255498062491979,0.025839395993404655,1.3135971897487775,0.054149069613897226,0.3341979818836421,0.7871974632539575,1,1,0,9
AT4G37770.1,GO:0042218,ACS8,4,17752079,17754157,+,2078,protein_coding,1-aminocyclopropane-1-carboxylate synthase-like protein [Source:UniProtKB/TrEMBL;Acc:Q56Y32],0.661043128869276,NA,0.5203200330447104,0.8732792914794165,NA,0.191308961751234,0.44155376899522364,NA,-0.9732631909670612,0,0,0,7
AT5G65800.1,GO:0042218,ACS5,5,26330746,26332812,-,2066,protein_coding,ETO2 [Source:UniProtKB/TrEMBL;Acc:A0A178UQM2],0.4444264540217913,0.8588953638474125,0.29929490537882725,0.6011974703867118,0.8690159295401554,0.20493294645170732,0.053728061550317494,0.33288429172741135,0.7493719208606873,0,0,0,6
