ID,Path,Gene,Chromosome,Start,End,Strand,Length,BioType,Description,Flg22_vs_Mock_pvalue,Flg22_vs_Mock_padj,Flg22_vs_Mock_log2FoldChange,Flg22_SynCom33_vs_Mock_pvalue,Flg22_SynCom33_vs_Mock_padj,Flg22_SynCom33_vs_Mock_log2FoldChange,Flg22_SynCom35_vs_Mock_pvalue,Flg22_SynCom35_vs_Mock_padj,Flg22_SynCom35_vs_Mock_log2FoldChange,Flg22_vs_Mock,Flg22_SynCom33_vs_Mock,Flg22_SynCom35_vs_Mock,cl
AT1G11580.2,GO:0090729,ATPMEPCRA,1,3888610,3890824,+,2214,protein_coding,methylesterase PCR A [Source:TAIR;Acc:AT1G11580],0.36270876822702075,0.8136146882153515,0.7276944073159896,0.2508142441309483,0.6213020203168779,0.9175084356742716,0.3436611342832673,0.735867041699572,0.7567713857806442,0,0,0,6
AT1G11580.1,GO:0090729,ATPMEPCRA,1,3888681,3890811,+,2130,protein_coding,methylesterase PCR A [Source:TAIR;Acc:AT1G11580],0.8100574410840526,0.9664234153275821,-0.06063253670555536,0.15682635688336025,0.5012569016997803,0.3570446062095027,2.619405534247966e-4,0.009908436846373832,0.9201896656526244,0,0,0,1
