ID,Path,Gene,Chromosome,Start,End,Strand,Length,BioType,Description,Flg22_vs_Mock_pvalue,Flg22_vs_Mock_padj,Flg22_vs_Mock_log2FoldChange,Flg22_SynCom33_vs_Mock_pvalue,Flg22_SynCom33_vs_Mock_padj,Flg22_SynCom33_vs_Mock_log2FoldChange,Flg22_SynCom35_vs_Mock_pvalue,Flg22_SynCom35_vs_Mock_padj,Flg22_SynCom35_vs_Mock_log2FoldChange,Flg22_vs_Mock,Flg22_SynCom33_vs_Mock,Flg22_SynCom35_vs_Mock,cl
AT3G50660.2,GO:0010012,CYP90B1,3,18813949,18817405,-,3456,protein_coding,Cytochrome P450 90B1 [Source:UniProtKB/Swiss-Prot;Acc:O64989],0.16181290853312927,0.6250057061392008,0.3370842859745283,0.8829477183703951,0.9687794433378119,0.03596670854865776,0.6205708363320538,0.8896253831770081,-0.12132793984643327,0,0,0,7
AT3G50660.1,GO:0010012,CYP90B1,3,18813949,18817405,-,3456,protein_coding,Cytochrome P450 90B1 [Source:UniProtKB/Swiss-Prot;Acc:O64989],0.8727710310961928,0.9807907145966244,0.0320174356487971,0.026272549944772423,0.19533321048145713,-0.4464805877402856,0.1742455491206438,0.5697973930602758,-0.2722135484507257,0,0,0,3
AT5G14400.4,GO:0010012,CYP724A1,5,4643510,4645555,+,2045,protein_coding,"cytochrome P450, family 724, subfamily A, polypeptide 1 [Source:TAIR;Acc:AT5G14400]",0.47193108778896875,NA,-1.2645498819289511,0.686820033135084,NA,-0.6681238151033998,0.43483161161791123,NA,-1.3774716452039009,-0,0,-0,10
