ID,Path,Gene,Chromosome,Start,End,Strand,Length,BioType,Description,Flg22_vs_Mock_pvalue,Flg22_vs_Mock_padj,Flg22_vs_Mock_log2FoldChange,Flg22_SynCom33_vs_Mock_pvalue,Flg22_SynCom33_vs_Mock_padj,Flg22_SynCom33_vs_Mock_log2FoldChange,Flg22_SynCom35_vs_Mock_pvalue,Flg22_SynCom35_vs_Mock_padj,Flg22_SynCom35_vs_Mock_log2FoldChange,Flg22_vs_Mock,Flg22_SynCom33_vs_Mock,Flg22_SynCom35_vs_Mock,cl
AT3G11820.2,GO:0072660,SYP121,3,3729305,3731251,-,1946,protein_coding,SYR1 [Source:UniProtKB/TrEMBL;Acc:A0A178VIM4],0.39779981922579505,0.8371044063123317,-0.1313229470972384,0.040005876290747776,0.2479606339952288,0.31747570488747534,0.8432629956538271,0.9621569169406498,-0.030644632577717153,0,0,0,5
AT3G11820.1,GO:0072660,SYP121,3,3729305,3731251,-,1946,protein_coding,SYR1 [Source:UniProtKB/TrEMBL;Acc:A0A178VIM4],0.1815160952655727,0.6554656883439418,1.514318610903071,0.7063245231824378,0.9140264520226211,0.4290627305058993,0.10634406866292816,0.46147647977863016,1.8284443215220867,0,0,0,6
