ID,Path,Gene,Chromosome,Start,End,Strand,Length,BioType,Description,Flg22_vs_Mock_pvalue,Flg22_vs_Mock_padj,Flg22_vs_Mock_log2FoldChange,Flg22_SynCom33_vs_Mock_pvalue,Flg22_SynCom33_vs_Mock_padj,Flg22_SynCom33_vs_Mock_log2FoldChange,Flg22_SynCom35_vs_Mock_pvalue,Flg22_SynCom35_vs_Mock_padj,Flg22_SynCom35_vs_Mock_log2FoldChange,Flg22_vs_Mock,Flg22_SynCom33_vs_Mock,Flg22_SynCom35_vs_Mock,cl
AT1G71930.1,GO:0090059,NAC030,1,27076020,27077991,+,1971,protein_coding,NAC domain-containing protein 30 [Source:UniProtKB/Swiss-Prot;Acc:Q9C8W9],0.16992396243330285,0.6383771609065513,-0.5089153040774524,0.1242702975222483,0.4481666404605687,-0.572671176491698,0.6984584299183234,0.9179288962414925,0.13839495855104691,0,0,0,4
AT4G14940.1,GO:0090059,AO1,4,8541879,8544566,+,2687,protein_coding,Primary amine oxidase 1 [Source:UniProtKB/Swiss-Prot;Acc:O23349],7.429707994412853e-4,0.027674674286103516,-0.7180219097068136,0.042322393559093126,0.25625810102918645,-0.42917262747878426,0.9259050294748925,0.9830388100982324,-0.019466903483878847,0,0,0,8
