ID,Path,Gene,Chromosome,Start,End,Strand,Length,BioType,Description,Flg22_vs_Mock_pvalue,Flg22_vs_Mock_padj,Flg22_vs_Mock_log2FoldChange,Flg22_SynCom33_vs_Mock_pvalue,Flg22_SynCom33_vs_Mock_padj,Flg22_SynCom33_vs_Mock_log2FoldChange,Flg22_SynCom35_vs_Mock_pvalue,Flg22_SynCom35_vs_Mock_padj,Flg22_SynCom35_vs_Mock_log2FoldChange,Flg22_vs_Mock,Flg22_SynCom33_vs_Mock,Flg22_SynCom35_vs_Mock,cl
AT1G08630.7,GO:0008732,THA1,1,2743761,2747936,-,4175,protein_coding,Probable low-specificity L-threonine aldolase 1 [Source:UniProtKB/Swiss-Prot;Acc:Q8RXU4],0.36739546645162735,0.8161586202836436,-0.5968217890469992,0.48148030540553616,0.8014215449889128,0.4409838635030355,0.5831383249318747,NA,0.34389817827050656,0,0,0,1
AT3G04520.3,GO:0008732,THA2,3,1217206,1219683,-,2477,protein_coding,Probable low-specificity L-threonine aldolase 2 [Source:UniProtKB/Swiss-Prot;Acc:Q9FPH3],0.0018690075645183028,0.051783156171832025,0.5915457882757862,0.00515065724460072,0.06992927679260433,0.5326049330622781,0.25311477546363165,0.6612482645351341,0.21838710968443553,0,0,0,9
