ID,Path,Gene,Chromosome,Start,End,Strand,Length,BioType,Description,Flg22_vs_Mock_pvalue,Flg22_vs_Mock_padj,Flg22_vs_Mock_log2FoldChange,Flg22_SynCom33_vs_Mock_pvalue,Flg22_SynCom33_vs_Mock_padj,Flg22_SynCom33_vs_Mock_log2FoldChange,Flg22_SynCom35_vs_Mock_pvalue,Flg22_SynCom35_vs_Mock_padj,Flg22_SynCom35_vs_Mock_log2FoldChange,Flg22_vs_Mock,Flg22_SynCom33_vs_Mock,Flg22_SynCom35_vs_Mock,cl
AT1G28510.1,GO:0019216,,1,10023817,10026311,+,2494,protein_coding,At1g28510/F3M18_5 [Source:UniProtKB/TrEMBL;Acc:Q9SGP9],0.27191522368877086,0.7475333527084268,-0.1220866852049529,0.49913062886520865,0.8124510787256759,-0.07499433193022496,0.6464858666546174,0.8995989390309564,-0.050671739935783146,0,0,0,4
AT3G58150.1,GO:0019216,,3,21532813,21534135,-,1322,protein_coding,Optic atrophy 3 protein (OPA3) [Source:UniProtKB/TrEMBL;Acc:F4J4P1],0.615125675028226,NA,0.6148206745488148,0.5984610076094624,NA,-0.6638976830387563,0.0713972672224383,NA,-2.5336432440378984,0,0,-0,2
