ID,Path,Gene,Chromosome,Start,End,Strand,Length,BioType,Description,Flg22_vs_Mock_pvalue,Flg22_vs_Mock_padj,Flg22_vs_Mock_log2FoldChange,Flg22_SynCom33_vs_Mock_pvalue,Flg22_SynCom33_vs_Mock_padj,Flg22_SynCom33_vs_Mock_log2FoldChange,Flg22_SynCom35_vs_Mock_pvalue,Flg22_SynCom35_vs_Mock_padj,Flg22_SynCom35_vs_Mock_log2FoldChange,Flg22_vs_Mock,Flg22_SynCom33_vs_Mock,Flg22_SynCom35_vs_Mock,cl
AT2G01220.2,GO:0034356,,2,123023,126611,+,3588,protein_coding,Nucleotidylyl transferase superfamily protein [Source:UniProtKB/TrEMBL;Acc:Q8L845],0.8652734550729704,0.9788377127911853,-0.029575888721183562,0.0819522944014898,0.3659477935480208,0.3007673049807998,0.7308470517354498,0.9280754508442784,0.059697170799243304,0,0,0,5
AT2G01220.1,GO:0034356,,2,123276,126407,+,3131,protein_coding,Nucleotidylyl transferase superfamily protein [Source:UniProtKB/TrEMBL;Acc:Q8L845],0.05767009405284421,0.4023404743497433,0.4764001996237183,0.04490583524669724,0.26455372849040437,0.5032113692012318,0.27711850720026326,0.6833208406378688,0.2733434230605022,0,0,0,6
AT3G27610.1,GO:0034356,,3,10225486,10228246,-,2760,protein_coding,At3g27610 [Source:UniProtKB/TrEMBL;Acc:Q84Q59],0.050414959899355974,0.37778850768883365,0.4164526795606131,0.12448881536350132,0.448487513885369,0.3281935766498286,0.5694740912507132,0.8683619954087365,-0.12339873810898651,0,0,0,9
AT3G27610.6,GO:0034356,,3,10225519,10228264,-,2745,protein_coding,At3g27610 [Source:UniProtKB/TrEMBL;Acc:Q84Q59],0.10954003291949357,0.5357649488576802,1.1741704173496768,0.6318464191681633,0.8828111978477343,0.354348094788745,0.499612081132841,0.8325599722223355,0.49794614273435084,0,0,0,7
AT3G27610.5,GO:0034356,,3,10225519,10228264,-,2745,protein_coding,At3g27610 [Source:UniProtKB/TrEMBL;Acc:Q84Q59],0.3998237211929538,0.8382203618244015,1.2881686364653853,0.8814389603681893,NA,-0.23251685550761297,0.4508950248659718,NA,1.153975997956963,0,0,0,6
AT3G27610.9,GO:0034356,,3,10225525,10227700,-,2175,protein_coding,At3g27610 [Source:UniProtKB/TrEMBL;Acc:Q84Q59],0.5332296564921497,0.8913708365435554,0.18297623380682826,0.5879895825258783,0.8629523832469855,0.15914709787107134,0.0018082094092470417,0.04012213811671724,-0.9295943704873039,0,0,0,9
AT3G27610.8,GO:0034356,,3,10225525,10227700,-,2175,protein_coding,At3g27610 [Source:UniProtKB/TrEMBL;Acc:Q84Q59],0.6748383611535842,0.935734064525037,0.31683022887229145,0.5230392264234952,0.8266412184558997,0.48161370794345953,0.24259144080503015,0.650581467115928,0.8777982360976729,0,0,0,6
