ID,Path,Gene,Chromosome,Start,End,Strand,Length,BioType,Description,Flg22_vs_Mock_pvalue,Flg22_vs_Mock_padj,Flg22_vs_Mock_log2FoldChange,Flg22_SynCom33_vs_Mock_pvalue,Flg22_SynCom33_vs_Mock_padj,Flg22_SynCom33_vs_Mock_log2FoldChange,Flg22_SynCom35_vs_Mock_pvalue,Flg22_SynCom35_vs_Mock_padj,Flg22_SynCom35_vs_Mock_log2FoldChange,Flg22_vs_Mock,Flg22_SynCom33_vs_Mock,Flg22_SynCom35_vs_Mock,cl
AT3G05350.1,GO:0070006,APP2,3,1526963,1533909,-,6946,protein_coding,Aminopeptidase P2 [Source:UniProtKB/Swiss-Prot;Acc:Q8RY11],0.8809681907871405,0.9827870481555854,-0.020091266799783587,0.23091913650527612,0.5998242238169794,-0.16213419478096802,0.008129168069606821,0.1117747834375423,-0.3605490289250886,0,0,0,2
AT4G33090.1,GO:0070006,APM1,4,15965593,15970557,-,4964,protein_coding,Aminopeptidase [Source:UniProtKB/TrEMBL;Acc:A0A178UWR6],0.042859643224251405,0.34850321135008056,0.12007775034262361,0.5585193811451148,0.846096906750551,-0.034770540439758524,0.02531274467053952,0.22094088084725594,-0.13294404364633963,0,0,0,7
AT5G04710.1,GO:0070006,,5,1356990,1360275,-,3285,protein_coding,Aspartyl aminopeptidase-like protein [Source:UniProtKB/TrEMBL;Acc:Q9LZ26],0.29534479619337356,0.767359862640398,-0.11810443538766281,0.46464638855278434,0.7913472007777463,-0.08239235146113723,0.6476134098157662,0.8997287334999194,0.0508348724531107,0,0,0,4
AT5G60160.1,GO:0070006,,5,24223647,24226914,-,3267,protein_coding,AT5g60160/f15l12_20 [Source:UniProtKB/TrEMBL;Acc:Q9LST0],0.30646827941473676,0.7736556393913294,0.09284438142779182,0.49284768643101584,0.8083373482608287,-0.06257931779905215,0.1159035279882266,0.4798458482585472,-0.1434240138117697,0,0,0,2
