ID,Path,Gene,Chromosome,Start,End,Strand,Length,BioType,Description,Flg22_vs_Mock_pvalue,Flg22_vs_Mock_padj,Flg22_vs_Mock_log2FoldChange,Flg22_SynCom33_vs_Mock_pvalue,Flg22_SynCom33_vs_Mock_padj,Flg22_SynCom33_vs_Mock_log2FoldChange,Flg22_SynCom35_vs_Mock_pvalue,Flg22_SynCom35_vs_Mock_padj,Flg22_SynCom35_vs_Mock_log2FoldChange,Flg22_vs_Mock,Flg22_SynCom33_vs_Mock,Flg22_SynCom35_vs_Mock,cl
AT1G62380.1,GO:0009727,ACO2,1,23082036,23084253,+,2217,protein_coding,1-aminocyclopropane-1-carboxylate oxidase 2 [Source:UniProtKB/Swiss-Prot;Acc:Q41931],6.140380663882294e-13,4.526268494105446e-10,1.0793263532680175,8.217948970487755e-5,0.0035804684639327683,0.5910116562054545,0.11393850170131303,0.4770204804962151,0.2373674449364428,1,0,0,7
AT1G66340.1,GO:0009727,ETR1,1,24734162,24737756,+,3594,protein_coding,Ethylene receptor 1 [Source:UniProtKB/Swiss-Prot;Acc:P49333],0.8373124865334358,0.971299128682158,0.02014214068673963,0.3696890157502291,0.7264201809378179,0.08789553132797663,0.040776205691909345,0.2861709324784,-0.20130687934631636,0,0,0,9
AT4G32040.1,GO:0009727,KNAT5,4,15493989,15496381,+,2392,protein_coding,KNAT5 [Source:UniProtKB/TrEMBL;Acc:A0A178V1Z3],0.060494587714700516,0.41142787072562137,-0.26146996972679626,0.27595325639631263,0.6459456324458163,-0.15159276027528093,0.0073049486041191145,0.10380534761836836,-0.37380081690213574,0,0,0,10
AT4G32040.2,GO:0009727,KNAT5,4,15493994,15496356,+,2362,protein_coding,KNAT5 [Source:UniProtKB/TrEMBL;Acc:A0A178V1Z3],0.8389556972188074,0.9717682004489314,-0.04659788236444377,0.4893049963500246,0.8059592066484246,0.1580881498963929,0.3618669491326226,0.7484526431865535,-0.20934833684501447,0,0,0,10
