ID,Path,Gene,Chromosome,Start,End,Strand,Length,BioType,Description,Flg22_vs_Mock_pvalue,Flg22_vs_Mock_padj,Flg22_vs_Mock_log2FoldChange,Flg22_SynCom33_vs_Mock_pvalue,Flg22_SynCom33_vs_Mock_padj,Flg22_SynCom33_vs_Mock_log2FoldChange,Flg22_SynCom35_vs_Mock_pvalue,Flg22_SynCom35_vs_Mock_padj,Flg22_SynCom35_vs_Mock_log2FoldChange,Flg22_vs_Mock,Flg22_SynCom33_vs_Mock,Flg22_SynCom35_vs_Mock,cl
AT3G08800.1,GO:0034472,SIEL,3,2671052,2675333,+,4281,protein_coding,Protein SIEL [Source:UniProtKB/Swiss-Prot;Acc:Q8VZA0],0.8583027376146227,0.9775004202567394,0.06488573561104255,0.800222589976002,0.9449517471476042,0.09194791301607239,0.807761500802241,0.9516498961163213,-0.08853395055019342,0,0,0,9
AT4G20060.1,GO:0034472,EMB1895,4,10854487,10859524,-,5037,protein_coding,ARM repeat superfamily protein [Source:UniProtKB/TrEMBL;Acc:O49433],0.5977461311472287,0.9127017367492566,-0.1176124761547986,0.39463154934309536,0.7458279615213422,-0.1904757118762343,0.2115854209085748,0.6140943411746218,-0.2795039822246075,0,0,0,2
