ID,Path,Gene,Chromosome,Start,End,Strand,Length,BioType,Description,Flg22_vs_Mock_pvalue,Flg22_vs_Mock_padj,Flg22_vs_Mock_log2FoldChange,Flg22_SynCom33_vs_Mock_pvalue,Flg22_SynCom33_vs_Mock_padj,Flg22_SynCom33_vs_Mock_log2FoldChange,Flg22_SynCom35_vs_Mock_pvalue,Flg22_SynCom35_vs_Mock_padj,Flg22_SynCom35_vs_Mock_log2FoldChange,Flg22_vs_Mock,Flg22_SynCom33_vs_Mock,Flg22_SynCom35_vs_Mock,cl
AT1G21400.1,GO:0003863,,1,7493343,7496710,+,3367,protein_coding,Thiamin diphosphate-binding fold (THDP-binding) superfamily protein [Source:TAIR;Acc:AT1G21400],0.878987190896807,0.9824498541769295,0.07388063301503472,0.11963623157290838,0.43991977393549725,0.7512132354897694,0.7190934405888767,0.9242910051524107,0.1742413295553756,0,0,0,5
AT1G55510.1,GO:0003863,BCDH BETA1,1,20723279,20725747,+,2468,protein_coding,"2-oxoisovalerate dehydrogenase subunit beta 1, mitochondrial [Source:UniProtKB/Swiss-Prot;Acc:Q9SAV3]",0.7519325153490837,0.9531706513115944,0.056788013112815526,0.4438144007612688,0.7789940206457894,0.13722364835136552,0.07072573502074099,0.379464704087642,0.3209445965521751,0,0,0,1
AT3G13450.1,GO:0003863,DIN4,3,4382198,4384436,-,2238,protein_coding,"2-oxoisovalerate dehydrogenase subunit beta 2, mitochondrial [Source:UniProtKB/Swiss-Prot;Acc:Q9LDY2]",0.818910339589534,0.9680612780538831,0.05038334801528393,0.020955108946343004,0.16992918211028435,0.5049087414563144,0.06185488699066773,0.35447948337815255,0.4084031271235176,0,0,0,1
AT5G09300.2,GO:0003863,,5,2884179,2886473,-,2294,protein_coding,"2-oxoisovalerate dehydrogenase subunit alpha 2, mitochondrial [Source:UniProtKB/Swiss-Prot;Acc:Q84JL2]",0.08253422972281749,0.4742531170853578,1.8263859098793358,0.037656431526928734,0.23967296098148688,2.1828684019944182,0.24173904978845817,0.6503867210703117,1.235677022335586,0,0,0,9
AT5G09300.1,GO:0003863,,5,2884179,2886880,-,2701,protein_coding,"2-oxoisovalerate dehydrogenase subunit alpha 2, mitochondrial [Source:UniProtKB/Swiss-Prot;Acc:Q84JL2]",0.4047053504433003,0.8403341915918284,-0.4418477087500843,0.49071085989259317,0.8069851522588258,-0.3651549733359317,0.6252159808663926,0.8920378941168207,-0.2582344432301845,0,0,0,8
