ID,Path,Gene,Chromosome,Start,End,Strand,Length,BioType,Description,Flg22_vs_Mock_pvalue,Flg22_vs_Mock_padj,Flg22_vs_Mock_log2FoldChange,Flg22_SynCom33_vs_Mock_pvalue,Flg22_SynCom33_vs_Mock_padj,Flg22_SynCom33_vs_Mock_log2FoldChange,Flg22_SynCom35_vs_Mock_pvalue,Flg22_SynCom35_vs_Mock_padj,Flg22_SynCom35_vs_Mock_log2FoldChange,Flg22_vs_Mock,Flg22_SynCom33_vs_Mock,Flg22_SynCom35_vs_Mock,cl
AT2G16790.4,GO:0046316,,2,7283957,7285177,-,1220,protein_coding,P-loop containing nucleoside triphosphate hydrolases superfamily protein [Source:TAIR;Acc:AT2G16790],0.6488239871608188,0.9273604099470842,0.22906326603475077,0.3913548906110993,0.744272841478447,0.42907486894741703,0.7735257636303787,0.9415282027948517,-0.14602775438208074,0,0,0,9
AT2G16790.2,GO:0046316,,2,7283957,7285237,-,1280,protein_coding,P-loop containing nucleoside triphosphate hydrolases superfamily protein [Source:TAIR;Acc:AT2G16790],0.863587713255217,0.9785840902028983,0.031832458903292865,0.1245015724288901,0.448487513885369,0.28362924912161447,0.17717344529474774,0.5731365238344843,-0.2508902640961465,0,0,0,9
AT2G16790.1,GO:0046316,,2,7283957,7285345,-,1388,protein_coding,P-loop containing nucleoside triphosphate hydrolases superfamily protein [Source:TAIR;Acc:AT2G16790],0.5128438972038127,0.8850514696923171,0.46054222258208416,0.8171755954351201,0.9498172792199605,0.1631061350234972,0.23498439527047477,0.6429241656174836,-0.8477260249344799,0,0,0,7
