ID,Path,Gene,Chromosome,Start,End,Strand,Length,BioType,Description,Flg22_vs_Mock_pvalue,Flg22_vs_Mock_padj,Flg22_vs_Mock_log2FoldChange,Flg22_SynCom33_vs_Mock_pvalue,Flg22_SynCom33_vs_Mock_padj,Flg22_SynCom33_vs_Mock_log2FoldChange,Flg22_SynCom35_vs_Mock_pvalue,Flg22_SynCom35_vs_Mock_padj,Flg22_SynCom35_vs_Mock_log2FoldChange,Flg22_vs_Mock,Flg22_SynCom33_vs_Mock,Flg22_SynCom35_vs_Mock,cl
AT1G50030.1,GO:0009745,TOR,1,18522248,18539995,-,17747,protein_coding,Serine/threonine-protein kinase TOR [Source:UniProtKB/TrEMBL;Acc:A0A178WN52],0.6305398565642562,0.9243611989086742,-0.048562174654481365,0.8352387087422063,0.9541832887853466,-0.02099597199719667,0.13149104895925517,0.5059839500738581,-0.15233193813179868,0,0,0,10
AT4G27750.1,GO:0009745,ISI1,4,13841639,13843653,+,2014,protein_coding,ISI1 [Source:UniProtKB/TrEMBL;Acc:A0A178URL9],0.3602536914033379,0.8119053544385748,0.14112662878377244,0.038787040187665225,0.2434870147271745,0.31707906954652426,0.14919686664396062,0.5341479815159627,0.22135983402078288,0,0,0,5
