ID,Path,Gene,Chromosome,Start,End,Strand,Length,BioType,Description,Flg22_vs_Mock_pvalue,Flg22_vs_Mock_padj,Flg22_vs_Mock_log2FoldChange,Flg22_SynCom33_vs_Mock_pvalue,Flg22_SynCom33_vs_Mock_padj,Flg22_SynCom33_vs_Mock_log2FoldChange,Flg22_SynCom35_vs_Mock_pvalue,Flg22_SynCom35_vs_Mock_padj,Flg22_SynCom35_vs_Mock_log2FoldChange,Flg22_vs_Mock,Flg22_SynCom33_vs_Mock,Flg22_SynCom35_vs_Mock,cl
AT2G40030.1,GO:0030880,NRPE1,2,16714460,16723718,+,9258,protein_coding,DNA-directed RNA polymerase V subunit 1 [Source:UniProtKB/Swiss-Prot;Acc:Q5D869],0.1584054774204606,0.6199658834741543,-0.25657672500111883,0.1431648417723995,0.4811360312782712,-0.26652269797827755,0.13289608431534888,0.5087865967133407,0.26879754421808705,0,0,0,4
AT3G23780.1,GO:0030880,NRPD2,3,8567572,8574195,-,6623,protein_coding,DNA-directed RNA polymerase subunit beta [Source:UniProtKB/TrEMBL;Acc:A0A178VA17],0.5354599900185162,0.8922801703152878,-0.2912040321060846,0.25984126657671097,0.630425831264987,-0.5298702428032255,0.833780583381509,0.959290497678542,0.09851002410326534,0,0,0,4
