ID,Path,Gene,Chromosome,Start,End,Strand,Length,BioType,Description,Flg22_vs_Mock_pvalue,Flg22_vs_Mock_padj,Flg22_vs_Mock_log2FoldChange,Flg22_SynCom33_vs_Mock_pvalue,Flg22_SynCom33_vs_Mock_padj,Flg22_SynCom33_vs_Mock_log2FoldChange,Flg22_SynCom35_vs_Mock_pvalue,Flg22_SynCom35_vs_Mock_padj,Flg22_SynCom35_vs_Mock_log2FoldChange,Flg22_vs_Mock,Flg22_SynCom33_vs_Mock,Flg22_SynCom35_vs_Mock,cl
AT3G11710.1,GO:0006430,ATKRS-1,3,3702048,3705716,-,3668,protein_coding,Lysine--tRNA ligase [Source:UniProtKB/TrEMBL;Acc:A0A178VAG3],0.45279942177827187,0.8626378700558507,-0.12166016979170628,0.13912374430170196,0.47437919767081127,-0.23979220373891305,0.8052059308019217,0.9507555476433194,0.039934292658718305,0,0,0,4
AT3G13490.1,GO:0006430,OVA5,3,4395663,4399350,-,3687,protein_coding,"Lysine--tRNA ligase, chloroplastic/mitochondrial [Source:UniProtKB/Swiss-Prot;Acc:Q9LJE2]",0.29813550985685877,0.768777536644343,0.09797880148139676,0.3187515018375657,0.6835256758453606,-0.09527560084987281,0.7715492491973852,0.9408927330287253,0.02732138359953359,0,0,0,3
