ID,Path,Gene,Chromosome,Start,End,Strand,Length,BioType,Description,Flg22_vs_Mock_pvalue,Flg22_vs_Mock_padj,Flg22_vs_Mock_log2FoldChange,Flg22_SynCom33_vs_Mock_pvalue,Flg22_SynCom33_vs_Mock_padj,Flg22_SynCom33_vs_Mock_log2FoldChange,Flg22_SynCom35_vs_Mock_pvalue,Flg22_SynCom35_vs_Mock_padj,Flg22_SynCom35_vs_Mock_log2FoldChange,Flg22_vs_Mock,Flg22_SynCom33_vs_Mock,Flg22_SynCom35_vs_Mock,cl
AT2G02480.1,GO:0009360,STI,2,660655,665635,+,4980,protein_coding,Protein STICHEL [Source:UniProtKB/Swiss-Prot;Acc:O64728],0.35756545105777454,0.8109479257536198,0.2566794893591588,0.4184188305813807,0.7613846208413102,0.22578553422728714,0.7605928529100839,0.9374315637257462,0.08503754614532824,0,0,0,9
AT2G02480.2,GO:0009360,STI,2,660655,665635,+,4980,protein_coding,Protein STICHEL [Source:UniProtKB/Swiss-Prot;Acc:O64728],0.6430150865077958,0.9273392630027173,-0.7285588698158393,0.6053211849709468,0.8708720414444202,0.8108969485167011,0.7383914239074804,0.9306832475355238,0.5241537458519782,0,0,0,1
