ID,Path,Gene,Chromosome,Start,End,Strand,Length,BioType,Description,Flg22_vs_Mock_pvalue,Flg22_vs_Mock_padj,Flg22_vs_Mock_log2FoldChange,Flg22_SynCom33_vs_Mock_pvalue,Flg22_SynCom33_vs_Mock_padj,Flg22_SynCom33_vs_Mock_log2FoldChange,Flg22_SynCom35_vs_Mock_pvalue,Flg22_SynCom35_vs_Mock_padj,Flg22_SynCom35_vs_Mock_log2FoldChange,Flg22_vs_Mock,Flg22_SynCom33_vs_Mock,Flg22_SynCom35_vs_Mock,cl
AT2G32760.3,GO:0036313,,2,13891537,13894767,+,3230,protein_coding,At2g32760/F24L7.10 [Source:UniProtKB/TrEMBL;Acc:Q8S9J3],0.631545632277265,0.9243990544870392,0.33105848550151185,0.9795544013249672,0.9952145363172369,0.017853261448161385,0.6917369337445219,NA,-0.27810473180013406,0,0,0,7
AT2G32760.2,GO:0036313,,2,13891537,13894767,+,3230,protein_coding,At2g32760/F24L7.10 [Source:UniProtKB/TrEMBL;Acc:Q8S9J3],0.4058089397361215,0.8403341915918284,-0.2549621547101785,0.9098479644944147,0.9767394665364345,0.034563087302987426,0.38732025619370025,0.7661909844380759,-0.2648108338629508,0,0,0,10
AT2G32760.1,GO:0036313,,2,13891537,13894767,+,3230,protein_coding,At2g32760/F24L7.10 [Source:UniProtKB/TrEMBL;Acc:Q8S9J3],0.6271562186597446,0.9232154867534458,0.1535691724021369,0.8930182425257177,0.9718964451493994,0.0426220616106408,0.3854376247895455,0.7649079996594348,0.2734316682127773,0,0,0,6
