ID,Path,Gene,Chromosome,Start,End,Strand,Length,BioType,Description,Flg22_vs_Mock_pvalue,Flg22_vs_Mock_padj,Flg22_vs_Mock_log2FoldChange,Flg22_SynCom33_vs_Mock_pvalue,Flg22_SynCom33_vs_Mock_padj,Flg22_SynCom33_vs_Mock_log2FoldChange,Flg22_SynCom35_vs_Mock_pvalue,Flg22_SynCom35_vs_Mock_padj,Flg22_SynCom35_vs_Mock_log2FoldChange,Flg22_vs_Mock,Flg22_SynCom33_vs_Mock,Flg22_SynCom35_vs_Mock,cl
AT1G54490.1,GO:0004534,XRN4,1,20350109,20356916,+,6807,protein_coding,XRN4 [Source:UniProtKB/TrEMBL;Acc:A0A384KRW9],0.5924966762141142,0.910141178910532,0.05127588763251636,0.43629975906652696,0.7738088795620645,-0.07471800976602429,0.0021578871945425316,0.04557897289403356,-0.29500897756481154,0,0,0,2
AT1G75660.1,GO:0004534,XRN3,1,28408134,28415118,+,6984,protein_coding,5'-3' exoribonuclease 3 [Source:UniProtKB/Swiss-Prot;Acc:Q9FQ03],0.0020622048438825136,0.055281109523787696,-0.21696095118397665,0.0050735168347258745,0.06933720363553685,-0.1972846105244949,0.7098012489036583,0.9218803149560321,0.026007322206606138,0,0,0,4
AT2G13840.1,GO:0004534,,2,5788445,5791128,-,2683,protein_coding,Expressed protein [Source:UniProtKB/TrEMBL;Acc:Q9ZQI9],0.28268290825983217,0.7578992944334798,0.20444186636108402,0.02390450029010325,0.18439046680015941,-0.44697816833055004,0.7576025550518457,0.9364641766139498,-0.05928562305755198,0,0,0,3
AT5G42540.1,GO:0004534,XRN2,5,17007366,17014846,+,7480,protein_coding,5'-3' exoribonuclease [Source:UniProtKB/TrEMBL;Acc:F4K1L3],0.06761603506881214,0.43311062389949623,-0.2723154072218864,0.03820230876149968,0.2411885066999361,-0.30898463741304344,0.5682654558781877,0.867960911206913,0.08471585858916399,0,0,0,4
