ID,Path,Gene,Chromosome,Start,End,Strand,Length,BioType,Description,Flg22_vs_Mock_pvalue,Flg22_vs_Mock_padj,Flg22_vs_Mock_log2FoldChange,Flg22_SynCom33_vs_Mock_pvalue,Flg22_SynCom33_vs_Mock_padj,Flg22_SynCom33_vs_Mock_log2FoldChange,Flg22_SynCom35_vs_Mock_pvalue,Flg22_SynCom35_vs_Mock_padj,Flg22_SynCom35_vs_Mock_log2FoldChange,Flg22_vs_Mock,Flg22_SynCom33_vs_Mock,Flg22_SynCom35_vs_Mock,cl
AT3G54640.1,GO:0004834,TSA1,3,20223034,20225523,-,2489,protein_coding,"Tryptophan synthase alpha chain, chloroplastic [Source:UniProtKB/Swiss-Prot;Acc:Q42529]",4.7395974878186315e-4,0.01996403988440416,0.4974234115253637,3.5921989884854576e-4,0.010729499245385118,0.5078582517896034,0.10772038376418208,0.46468298235587097,-0.22962119044892412,0,0,0,9
AT4G02610.1,GO:0004834,TRPA1,4,1147608,1149336,+,1728,protein_coding,Tryptophan synthase alpha chain [Source:UniProtKB/Swiss-Prot;Acc:O22765],0.17518105999621053,0.6461851535306946,0.3620515980805496,0.4761901398652395,0.7985353566695758,0.1912616495292508,0.1977123372857727,0.5990407892669095,0.343431067867099,0,0,0,6
AT4G27070.1,GO:0004834,TSB2,4,13586268,13588897,+,2629,protein_coding,Tryptophan synthase [Source:UniProtKB/TrEMBL;Acc:Q0WS13],8.529050363941511e-4,0.030457324704561327,0.5903230226296672,0.14265647886609586,0.4807039109315548,0.2613737943364818,0.4737697986082274,0.819642874652433,0.12785742984545115,0,0,0,7
AT5G38530.1,GO:0004834,TSBtype2,5,15423980,15426576,+,2596,protein_coding,Tryptophan synthase beta chain [Source:UniProtKB/TrEMBL;Acc:Q9FFW8],0.18258220694659869,0.656716735541108,0.11929472030835651,0.05678878992921907,0.3002155852266012,-0.17170350575916993,4.966427007178847e-6,4.3448109432257705e-4,-0.41326634066576606,0,0,0,2
AT5G54810.1,GO:0004834,TSB1,5,22264594,22266902,-,2308,protein_coding,Tryptophan synthase [Source:UniProtKB/TrEMBL;Acc:Q0WUI8],0.05239815466132111,0.38462387584336105,0.26254959953743556,0.7427825353737567,0.9260924871720853,0.04444883716865388,0.47865969661175883,0.8216545140474228,-0.09597412914304614,0,0,0,7
