ID,Path,Gene,Chromosome,Start,End,Strand,Length,BioType,Description,Flg22_vs_Mock_pvalue,Flg22_vs_Mock_padj,Flg22_vs_Mock_log2FoldChange,Flg22_SynCom33_vs_Mock_pvalue,Flg22_SynCom33_vs_Mock_padj,Flg22_SynCom33_vs_Mock_log2FoldChange,Flg22_SynCom35_vs_Mock_pvalue,Flg22_SynCom35_vs_Mock_padj,Flg22_SynCom35_vs_Mock_log2FoldChange,Flg22_vs_Mock,Flg22_SynCom33_vs_Mock,Flg22_SynCom35_vs_Mock,cl
AT1G08490.1,GO:0018283,NFS2,1,2685659,2688658,-,2999,protein_coding,SUFS [Source:UniProtKB/TrEMBL;Acc:A0A178WGK3],0.6446640696664498,0.9273604099470842,-0.06226309742539648,0.4950720761775627,0.8096688904182783,-0.09226725632986284,0.4043548640996052,0.7754029457994341,-0.11243911428750263,0,0,0,8
AT4G03240.1,GO:0018283,FH,4,1423238,1424772,-,1534,protein_coding,FH [Source:UniProtKB/TrEMBL;Acc:A0A178V3B4],0.6174511458763462,0.9193825243005707,-0.11207894660546426,0.536331201892204,0.8341181716162857,-0.13891123190370708,0.8958402161051204,0.9765348400116443,-0.029249661424761843,0,0,0,4
