ID,Path,Gene,Chromosome,Start,End,Strand,Length,BioType,Description,Flg22_vs_Mock_pvalue,Flg22_vs_Mock_padj,Flg22_vs_Mock_log2FoldChange,Flg22_SynCom33_vs_Mock_pvalue,Flg22_SynCom33_vs_Mock_padj,Flg22_SynCom33_vs_Mock_log2FoldChange,Flg22_SynCom35_vs_Mock_pvalue,Flg22_SynCom35_vs_Mock_padj,Flg22_SynCom35_vs_Mock_log2FoldChange,Flg22_vs_Mock,Flg22_SynCom33_vs_Mock,Flg22_SynCom35_vs_Mock,cl
AT4G32880.1,GO:0045597,ATHB-8,4,15863339,15868650,-,5311,protein_coding,Homeobox-leucine zipper protein ATHB-8 [Source:UniProtKB/Swiss-Prot;Acc:Q39123],0.8306489151740976,0.97001298342305875,0.03679828624254029,0.013818513763224077,0.1328098988140828,-0.42610480495614866,0.9916085952296732,0.9987280198796549,0.00180879061600445,0,0,0,3
AT5G57620.1,GO:0045597,MYB36,5,23334767,23336632,+,1865,protein_coding,Transcription factor MYB36 [Source:UniProtKB/Swiss-Prot;Acc:Q9FKL2],0.016840562513198067,0.20891098164623165,0.40478927245306434,0.5536127057232847,0.8431373154639022,0.1006151731208718,7.437659080597745e-4,0.021051200254237713,-0.5772141683807652,0,0,0,7
