ID,Path,Gene,Chromosome,Start,End,Strand,Length,BioType,Description,Flg22_vs_Mock_pvalue,Flg22_vs_Mock_padj,Flg22_vs_Mock_log2FoldChange,Flg22_SynCom33_vs_Mock_pvalue,Flg22_SynCom33_vs_Mock_padj,Flg22_SynCom33_vs_Mock_log2FoldChange,Flg22_SynCom35_vs_Mock_pvalue,Flg22_SynCom35_vs_Mock_padj,Flg22_SynCom35_vs_Mock_log2FoldChange,Flg22_vs_Mock,Flg22_SynCom33_vs_Mock,Flg22_SynCom35_vs_Mock,cl
AT2G15570.1,GO:0010647,ATHM3,2,6791104,6792978,-,1874,protein_coding,Thioredoxin superfamily protein [Source:UniProtKB/TrEMBL;Acc:F4IIH6],0.40252432344297573,0.8393016186172841,0.247738328071287,0.15615335571851405,0.5002043027198635,0.418246374082555,0.8024645628697921,0.9500381006332708,-0.07447465199862673,0,0,0,9
AT2G15570.2,GO:0010647,ATHM3,2,6791290,6792933,-,1643,protein_coding,Thioredoxin superfamily protein [Source:UniProtKB/TrEMBL;Acc:F4IIH6],0.1936689136293434,0.6681409358695782,-0.28096959533261,0.8981420308603818,0.9734765520044915,0.027470293205403628,0.6919489072596039,0.915503045304761,0.08476227338177285,0,0,0,1
