ID,Path,Gene,Chromosome,Start,End,Strand,Length,BioType,Description,Flg22_vs_Mock_pvalue,Flg22_vs_Mock_padj,Flg22_vs_Mock_log2FoldChange,Flg22_SynCom33_vs_Mock_pvalue,Flg22_SynCom33_vs_Mock_padj,Flg22_SynCom33_vs_Mock_log2FoldChange,Flg22_SynCom35_vs_Mock_pvalue,Flg22_SynCom35_vs_Mock_padj,Flg22_SynCom35_vs_Mock_log2FoldChange,Flg22_vs_Mock,Flg22_SynCom33_vs_Mock,Flg22_SynCom35_vs_Mock,cl
AT1G08830.1,GO:0071457,CSD1,1,2827060,2829315,+,2255,protein_coding,Superoxide dismutase [Cu-Zn] 1 [Source:UniProtKB/Swiss-Prot;Acc:P24704],0.35950472876718786,0.8112335215828371,-1.234149146347805,0.49671235866050373,0.8106746175406265,0.9054692038565247,0.41605287662674856,0.7828261780858138,1.0828761787361556,-0,0,0,1
AT1G08830.2,GO:0071457,CSD1,1,2827118,2829315,+,2197,protein_coding,Superoxide dismutase [Cu-Zn] 1 [Source:UniProtKB/Swiss-Prot;Acc:P24704],0.18505752635276715,0.6599167881180599,-0.5197579350080064,0.42196889594490145,0.7638117204761189,-0.31484114278184044,0.3428980422783089,0.7351787809581637,0.3716120381671018,0,0,0,4
AT2G28190.1,GO:0071457,CSD2,2,12014412,12016569,+,2157,protein_coding,"Superoxide dismutase [Cu-Zn] 2, chloroplastic [Source:UniProtKB/Swiss-Prot;Acc:O78310]",0.15182734037477438,0.6092887723836397,-0.5825929124374597,0.14423812985634207,0.4824923905754136,-0.5936445907545993,0.20167417461277592,0.6044049357098217,0.5177452971427147,0,0,0,4
AT5G18100.2,GO:0071457,CSD3,5,5987187,5988464,+,1277,protein_coding,Superoxide dismutase [Cu-Zn] 3 [Source:UniProtKB/Swiss-Prot;Acc:Q9FK60],0.08093389909604878,0.4702425736526493,1.5125749743735781,0.6807550325862758,NA,0.3677388836511502,0.6667872784319991,NA,0.38335674950965287,0,0,0,7
AT5G18100.1,GO:0071457,CSD3,5,5987187,5988885,+,1698,protein_coding,Superoxide dismutase [Cu-Zn] 3 [Source:UniProtKB/Swiss-Prot;Acc:Q9FK60],0.05512100247681878,0.3947252286559375,0.4325169970006482,0.09062090514971567,0.3850887088578338,0.38242112861921806,0.5495630439303387,0.8590895198749895,0.1360442288558064,0,0,0,9
