ID,Path,Gene,Chromosome,Start,End,Strand,Length,BioType,Description,Flg22_vs_Mock_pvalue,Flg22_vs_Mock_padj,Flg22_vs_Mock_log2FoldChange,Flg22_SynCom33_vs_Mock_pvalue,Flg22_SynCom33_vs_Mock_padj,Flg22_SynCom33_vs_Mock_log2FoldChange,Flg22_SynCom35_vs_Mock_pvalue,Flg22_SynCom35_vs_Mock_padj,Flg22_SynCom35_vs_Mock_log2FoldChange,Flg22_vs_Mock,Flg22_SynCom33_vs_Mock,Flg22_SynCom35_vs_Mock,cl
AT1G07320.1,GO:0009547,RPL4,1,2248967,2250529,+,1562,protein_coding,RPL4 [Source:UniProtKB/TrEMBL;Acc:A0A384KN11],0.01822370155293604,0.21707394940831934,-0.6810047604731218,0.2806167708425675,0.6506947936264924,-0.30878463250236754,0.02304581630356688,0.20962063866986463,0.6411358899895263,0,0,0,4
AT1G07320.3,GO:0009547,RPL4,1,2249134,2250191,+,1057,protein_coding,RPL4 [Source:UniProtKB/TrEMBL;Acc:A0A384KN11],0.9642738840665169,0.9946629527453268,-0.06303329856242391,0.9953677102526118,0.9984333365889264,-0.00816800152415743,0.42688493842424735,NA,-1.128429719180096,0,0,-0,2
ATCG00820.1,GO:0009547,RPS19,Pt,84005,84283,-,278,protein_coding,ribosomal protein S19 [Source:TAIR;Acc:ATCG00820],0.40038021773694754,0.8385202915096651,-0.17259990717981008,0.11302418779265416,0.4288302836893304,-0.3266113200815421,0.8305276295058426,0.9584109944817855,-0.04372541815298695,0,0,0,8
