ID,Path,Gene,Chromosome,Start,End,Strand,Length,BioType,Description,Flg22_vs_Mock_pvalue,Flg22_vs_Mock_padj,Flg22_vs_Mock_log2FoldChange,Flg22_SynCom33_vs_Mock_pvalue,Flg22_SynCom33_vs_Mock_padj,Flg22_SynCom33_vs_Mock_log2FoldChange,Flg22_SynCom35_vs_Mock_pvalue,Flg22_SynCom35_vs_Mock_padj,Flg22_SynCom35_vs_Mock_log2FoldChange,Flg22_vs_Mock,Flg22_SynCom33_vs_Mock,Flg22_SynCom35_vs_Mock,cl
AT1G03310.1,GO:0019156,ISA2,1,813413,816812,+,3399,protein_coding,ISA2 [Source:UniProtKB/TrEMBL;Acc:A0A178WGA8],0.6561897068593023,0.9298123168168715,-0.3563828230140747,0.06819315061171792,0.330839695145013,-1.4686040949309715,0.8852436630249564,0.9740221325733094,-0.11542238008418597,0,-0,0,3
AT2G39930.1,GO:0019156,ISA1,2,16665851,16672494,+,6643,protein_coding,ISA1 [Source:UniProtKB/TrEMBL;Acc:A0A178VW25],0.5212117063495638,0.8884486131268284,0.10958569851430935,0.6119906091081458,0.8735944962853216,-0.08716122941101419,0.08376411551003284,0.41210542018524715,0.2935355308633214,0,0,0,4
AT2G39930.3,GO:0019156,ISA1,2,16666023,16671091,+,5068,protein_coding,ISA1 [Source:UniProtKB/TrEMBL;Acc:A0A178VW25],0.5794883661849316,0.9066902588052875,-0.6962026538776372,0.43307444334084466,NA,-0.9940391615840463,0.6290222863996848,NA,-0.6043210862060608,0,0,0,8
AT4G09020.1,GO:0019156,ISA3,4,5783909,5789100,+,5191,protein_coding,"Isoamylase 3, chloroplastic [Source:UniProtKB/Swiss-Prot;Acc:Q9M0S5]",0.7858371537126965,0.9625698712091247,0.05657542138460371,0.444442691929119,0.7794157220299502,-0.1595103349309264,0.5139055491604547,0.839857326384228,-0.13603377705125833,0,0,0,3
