ID,Path,Gene,Chromosome,Start,End,Strand,Length,BioType,Description,Flg22_vs_Mock_pvalue,Flg22_vs_Mock_padj,Flg22_vs_Mock_log2FoldChange,Flg22_SynCom33_vs_Mock_pvalue,Flg22_SynCom33_vs_Mock_padj,Flg22_SynCom33_vs_Mock_log2FoldChange,Flg22_SynCom35_vs_Mock_pvalue,Flg22_SynCom35_vs_Mock_padj,Flg22_SynCom35_vs_Mock_log2FoldChange,Flg22_vs_Mock,Flg22_SynCom33_vs_Mock,Flg22_SynCom35_vs_Mock,cl
AT1G44350.1,GO:0010178,ILL6,1,16834210,16838562,-,4352,protein_coding,IAA-amino acid hydrolase [Source:UniProtKB/TrEMBL;Acc:Q0WNN8],0.598233084367944,0.9130943181250261,0.1465646570384986,0.841300170172916,0.9562719312722338,-0.055970860704504556,0.11214278805420458,0.47315524289864147,0.4387091177577519,0,0,0,4
AT5G54140.1,GO:0010178,ILL3,5,21965667,21968061,+,2394,protein_coding,IAA-amino acid hydrolase ILR1-like 3 [Source:UniProtKB/Swiss-Prot;Acc:O81641],0.3935127648761849,0.8337886578628454,-0.17197978739724046,0.7031655302327735,0.9128532114017813,0.07654297518872799,0.6465526235905084,0.8995989390309564,-0.09221101564586326,0,0,0,1
AT5G56650.1,GO:0010178,ILL1,5,22930775,22932822,+,2047,protein_coding,At5g56650 [Source:UniProtKB/TrEMBL;Acc:Q67YZ8],0.7043958990383781,0.9434700048591549,0.05191193107578182,0.9816844940304229,0.9960172089752743,0.003144766806878138,0.29054987979137004,0.6958119129692689,-0.14494873871134983,0,0,0,2
AT5G56650.2,GO:0010178,ILL1,5,22930775,22932822,+,2047,protein_coding,At5g56650 [Source:UniProtKB/TrEMBL;Acc:Q67YZ8],0.123132365135742,0.564125070300502,0.36904099790986633,0.3815122543167538,0.7362392261696321,0.2099959459347232,0.8751320781484234,0.9706346534814149,-0.0378068755358259,0,0,0,7
AT5G56660.1,GO:0010178,ILL2,5,22933267,22935316,+,2049,protein_coding,At5g56660 [Source:UniProtKB/TrEMBL;Acc:Q5HZ30],0.2531049940413437,0.7318641939541165,0.17003242120093393,0.08515837583202295,0.3736904112171794,0.2558988187645035,0.3108563294910928,0.711079508625394,-0.15126735635363325,0,0,0,9
