ID,Path,Gene,Chromosome,Start,End,Strand,Length,BioType,Description,Flg22_vs_Mock_pvalue,Flg22_vs_Mock_padj,Flg22_vs_Mock_log2FoldChange,Flg22_SynCom33_vs_Mock_pvalue,Flg22_SynCom33_vs_Mock_padj,Flg22_SynCom33_vs_Mock_log2FoldChange,Flg22_SynCom35_vs_Mock_pvalue,Flg22_SynCom35_vs_Mock_padj,Flg22_SynCom35_vs_Mock_log2FoldChange,Flg22_vs_Mock,Flg22_SynCom33_vs_Mock,Flg22_SynCom35_vs_Mock,cl
AT3G02200.2,GO:0002183,,3,406588,409200,+,2612,protein_coding,Eukaryotic translation initiation factor 3 subunit M [Source:UniProtKB/TrEMBL;Acc:Q8W4A0],0.07057299784484301,0.4416660390088272,-0.27309839596175817,0.04635343632196315,0.26855023172564946,-0.3010064165031079,0.5805035683363395,0.8737880777723617,0.0831365325511961,0,0,0,4
AT5G15610.1,GO:0002183,,5,5079458,5082234,+,2776,protein_coding,Eukaryotic translation initiation factor 3 subunit M [Source:UniProtKB/TrEMBL;Acc:Q9LF21],0.8367334172807213,0.9711855745528323,-0.07608415225354334,0.6953871025027814,0.9101365061014661,0.14373315882676818,0.512020774846534,0.8388917323685504,0.23960978437251185,0,0,0,1
AT5G15610.2,GO:0002183,,5,5079501,5082288,+,2787,protein_coding,Eukaryotic translation initiation factor 3 subunit M [Source:UniProtKB/TrEMBL;Acc:Q9LF21],0.18514998531209192,0.660078431790379,-0.18302163313743874,0.3710312972808005,0.7274680214094811,-0.1234517177553678,0.09475363480488946,0.4395647794323237,0.2290617304300525,0,0,0,4
