ID,Path,Gene,Chromosome,Start,End,Strand,Length,BioType,Description,Flg22_vs_Mock_pvalue,Flg22_vs_Mock_padj,Flg22_vs_Mock_log2FoldChange,Flg22_SynCom33_vs_Mock_pvalue,Flg22_SynCom33_vs_Mock_padj,Flg22_SynCom33_vs_Mock_log2FoldChange,Flg22_SynCom35_vs_Mock_pvalue,Flg22_SynCom35_vs_Mock_padj,Flg22_SynCom35_vs_Mock_log2FoldChange,Flg22_vs_Mock,Flg22_SynCom33_vs_Mock,Flg22_SynCom35_vs_Mock,cl
AT2G17040.1,GO:0048281,anac036,2,7406911,7408393,+,1482,protein_coding,NAC domain containing protein 36 [Source:UniProtKB/TrEMBL;Acc:F4IME8],0.9419282747204417,NA,0.06891926858366683,0.4524009632478044,NA,-0.7377123203617115,0.45790567582493125,NA,-0.7245684103654328,0,0,0,2
AT2G26330.1,GO:0048281,ERECTA,2,11208080,11214662,-,6582,protein_coding,LRR receptor-like serine/threonine-protein kinase ERECTA [Source:UniProtKB/Swiss-Prot;Acc:Q42371],0.12749947078673507,0.5699097082686115,-0.9473213313190336,0.8622008597426893,0.9635636830238904,-0.10130811684736088,0.7330709531028922,NA,0.19501179980824604,0,0,0,1
AT3G02260.3,GO:0048281,BIG,3,430978,448605,-,17627,protein_coding,Auxin transport protein BIG [Source:UniProtKB/Swiss-Prot;Acc:Q9SRU2],0.02971594213733255,0.28437760683594876,-0.7772236050765151,0.43195287378923125,0.7701443058654251,-0.28078932120251027,0.6557060729518884,0.9027684962273396,-0.15926954961569972,0,0,0,8
AT3G02260.4,GO:0048281,BIG,3,430984,448521,-,17537,protein_coding,Auxin transport protein BIG [Source:UniProtKB/Swiss-Prot;Acc:Q9SRU2],0.17544082508947373,0.646387892180006,0.2424338244351815,0.846198063857913,0.9584753867032577,-0.03472581533808128,0.90081571924300885,0.9773437111267989,0.02230563769078214,0,0,0,3
AT4G29900.1,GO:0048281,ACA10,4,14610883,14619685,-,8802,protein_coding,"Calcium-transporting ATPase 10, plasma membrane-type [Source:UniProtKB/Swiss-Prot;Acc:Q9SZR1]",0.5033058142191181,0.8817195907703852,0.11970893349885123,0.9559449598750677,0.9902070573278723,0.009883589566551092,0.0044596667787759805,0.07593111349171447,-0.5094261449459103,0,0,0,2
AT4G29900.2,GO:0048281,ACA10,4,14611225,14619573,-,8348,protein_coding,"Calcium-transporting ATPase 10, plasma membrane-type [Source:UniProtKB/Swiss-Prot;Acc:Q9SZR1]",0.001741442041071196,0.049458094527768746,1.9942980337846001,0.13800372999282984,0.4726482698008984,0.9518295368479911,0.35593304301837386,0.7443045182793737,0.5941248906974339,1,0,0,7
