ID,Path,Gene,Chromosome,Start,End,Strand,Length,BioType,Description,Flg22_vs_Mock_pvalue,Flg22_vs_Mock_padj,Flg22_vs_Mock_log2FoldChange,Flg22_SynCom33_vs_Mock_pvalue,Flg22_SynCom33_vs_Mock_padj,Flg22_SynCom33_vs_Mock_log2FoldChange,Flg22_SynCom35_vs_Mock_pvalue,Flg22_SynCom35_vs_Mock_padj,Flg22_SynCom35_vs_Mock_log2FoldChange,Flg22_vs_Mock,Flg22_SynCom33_vs_Mock,Flg22_SynCom35_vs_Mock,cl
AT3G23810.1,GO:0019510,SAHH2,3,8587622,8589754,-,2132,protein_coding,Adenosylhomocysteinase [Source:UniProtKB/TrEMBL;Acc:A0A178VEP9],0.7288040409529508,0.949864891088715,0.09288690848650734,8.037149655002936e-5,0.0035245457916115645,-1.057109124338764,0.11479476175864017,0.4784706130265705,-0.4225645142805104,0,-1,0,3
AT4G13940.1,GO:0019510,SAHH1,4,8054673,8057152,+,2479,protein_coding,Adenosylhomocysteinase 1 [Source:UniProtKB/Swiss-Prot;Acc:O23255],1.1695613974781439e-4,0.007091035563800928,0.48454501212779033,0.17924313791269514,0.5360344903069386,0.16896641337566998,3.319235022828749e-4,0.011830245359883562,0.45140373107438964,0,0,0,6
AT4G13940.2,GO:0019510,SAHH1,4,8054863,8057181,+,2318,protein_coding,Adenosylhomocysteinase 1 [Source:UniProtKB/Swiss-Prot;Acc:O23255],0.4770013927134184,0.8717129525070406,-0.17139235441475434,0.00838840386466186,0.09769312360288285,-0.6354485397595746,0.11314091995359263,0.47513384769657874,-0.38184012236990783,0,0,0,3
