ID,Path,Gene,Chromosome,Start,End,Strand,Length,BioType,Description,Flg22_vs_Mock_pvalue,Flg22_vs_Mock_padj,Flg22_vs_Mock_log2FoldChange,Flg22_SynCom33_vs_Mock_pvalue,Flg22_SynCom33_vs_Mock_padj,Flg22_SynCom33_vs_Mock_log2FoldChange,Flg22_SynCom35_vs_Mock_pvalue,Flg22_SynCom35_vs_Mock_padj,Flg22_SynCom35_vs_Mock_log2FoldChange,Flg22_vs_Mock,Flg22_SynCom33_vs_Mock,Flg22_SynCom35_vs_Mock,cl
AT1G29900.1,GO:0004088,CARB,1,10467956,10472211,+,4255,protein_coding,"Carbamoyl-phosphate synthase large chain, chloroplastic [Source:UniProtKB/Swiss-Prot;Acc:Q42601]",0.2256366241564641,0.702334423741162,-0.21878157212817698,0.03411350660238523,0.22615025511351902,-0.38279706893010684,0.20124045907551033,0.6040709750599934,0.23042342734500837,0,0,0,4
AT3G27740.1,GO:0004088,CARA,3,10281230,10283935,-,2705,protein_coding,"Carbamoyl-phosphate synthase small chain, chloroplastic [Source:UniProtKB/Swiss-Prot;Acc:Q9LVW7]",0.47870196815881894,0.8724331236914297,-0.1455673808285402,0.1625538470672125,0.5106067441996734,-0.2873265535609101,0.40906245481874537,0.7780337339352923,0.16919670536111983,0,0,0,4
