ID,Path,Gene,Chromosome,Start,End,Strand,Length,BioType,Description,Flg22_vs_Mock_pvalue,Flg22_vs_Mock_padj,Flg22_vs_Mock_log2FoldChange,Flg22_SynCom33_vs_Mock_pvalue,Flg22_SynCom33_vs_Mock_padj,Flg22_SynCom33_vs_Mock_log2FoldChange,Flg22_SynCom35_vs_Mock_pvalue,Flg22_SynCom35_vs_Mock_padj,Flg22_SynCom35_vs_Mock_log2FoldChange,Flg22_vs_Mock,Flg22_SynCom33_vs_Mock,Flg22_SynCom35_vs_Mock,cl
AT2G39970.1,GO:0046861,PXN,2,16683832,16686815,-,2983,protein_coding,Peroxisomal nicotinamide adenine dinucleotide carrier [Source:UniProtKB/Swiss-Prot;Acc:O04200],0.20670071243051974,0.681834768505754,0.17414117765035508,0.8075066458456205,0.9465500717889356,0.033644872781417874,0.1309799950251646,0.5050675942162863,-0.208851431243932,0,0,0,7
AT3G05970.1,GO:0046861,LACS6,3,1786279,1791887,-,5608,protein_coding,"Long chain acyl-CoA synthetase 6, peroxisomal [Source:UniProtKB/Swiss-Prot;Acc:Q8LPS1]",0.029758034613542737,0.2844888421706299,0.2117502770336606,0.6841201320123735,0.9059338386425875,0.039707114235213316,0.0010161437215289511,0.026601072527250823,-0.32164287722464036,0,0,0,7
AT4G35000.1,GO:0046861,APX3,4,16664724,16667721,-,2997,protein_coding,L-ascorbate peroxidase 3 [Source:UniProtKB/Swiss-Prot;Acc:Q42564],0.33856103046174807,0.7982582806957017,0.0637191202212624,0.7136278628653228,0.9171627778970177,0.02448701649553329,0.03575432433950463,0.26670867114948166,-0.14056989424903996,0,0,0,2
AT4G39850.1,GO:0046861,PXA1,4,18488447,18497206,+,8759,protein_coding,Peroxisomal ABC transporter 1 [Source:UniProtKB/TrEMBL;Acc:F4JJ27],0.4546981165278217,0.8634684115895739,0.0839700953214035,0.03387183294941265,0.22510133744712824,-0.2393094790705174,0.041137611820267046,0.2875330230017387,-0.23003645094088757,0,0,0,2
