ID,Path,Gene,Chromosome,Start,End,Strand,Length,BioType,Description,Flg22_vs_Mock_pvalue,Flg22_vs_Mock_padj,Flg22_vs_Mock_log2FoldChange,Flg22_SynCom33_vs_Mock_pvalue,Flg22_SynCom33_vs_Mock_padj,Flg22_SynCom33_vs_Mock_log2FoldChange,Flg22_SynCom35_vs_Mock_pvalue,Flg22_SynCom35_vs_Mock_padj,Flg22_SynCom35_vs_Mock_log2FoldChange,Flg22_vs_Mock,Flg22_SynCom33_vs_Mock,Flg22_SynCom35_vs_Mock,cl
AT1G10570.2,GO:0070140,ULP1C,1,3487386,3491277,+,3891,protein_coding,Ubiquitin-like-specific protease 1C [Source:UniProtKB/Swiss-Prot;Acc:Q8RWN0],0.20194630719629383,0.6768092313562178,0.6122462428737632,0.43545848030533707,0.7735409282738434,-0.37822535519481393,0.3662100304800597,0.7525166179221211,-0.4380343980295711,0,0,0,7
AT1G10570.3,GO:0070140,ULP1C,1,3487547,3491277,+,3730,protein_coding,Ubiquitin-like-specific protease 1C [Source:UniProtKB/Swiss-Prot;Acc:Q8RWN0],0.2731961203496831,0.7498036965623136,0.30409281018607287,0.267122367305617,0.6381274065986609,0.30801391213335216,0.40056507727271334,0.7724939516332869,-0.2356118983424465,0,0,0,9
AT1G10570.1,GO:0070140,ULP1C,1,3487573,3491277,+,3704,protein_coding,Ubiquitin-like-specific protease 1C [Source:UniProtKB/Swiss-Prot;Acc:Q8RWN0],0.17572698893106772,0.6465459148703775,0.21492434532747096,0.0014548779508860258,0.029494742892698447,0.4996147629259872,0.5038905388046668,0.8345890675218168,-0.10733899294430305,0,0,0,9
AT1G60220.1,GO:0070140,ULP1D,1,22208089,22212171,+,4082,protein_coding,Ubiquitin-like-specific protease 1D [Source:UniProtKB/Swiss-Prot;Acc:Q2PS26],0.03035905529985747,0.28678624859661317,0.17293323382056064,9.129258240359097e-4,0.020797688137062138,0.2639225289948517,0.7036420541890638,0.9193259900373077,-0.03055087394054783,0,0,0,9
AT3G06910.1,GO:0070140,ULP1A,3,2178630,2181341,-,2711,protein_coding,Ubiquitin-like-specific protease 1A [Source:UniProtKB/Swiss-Prot;Acc:Q8GYL3],0.19300367606930008,0.6681409358695782,-0.21957269078939365,0.13675429951880336,0.47035782680567123,-0.2517510259488697,0.9805168324771135,0.9956641041589734,0.004037181884489708,0,0,0,4
