ID,Path,Gene,Chromosome,Start,End,Strand,Length,BioType,Description,Flg22_vs_Mock_pvalue,Flg22_vs_Mock_padj,Flg22_vs_Mock_log2FoldChange,Flg22_SynCom33_vs_Mock_pvalue,Flg22_SynCom33_vs_Mock_padj,Flg22_SynCom33_vs_Mock_log2FoldChange,Flg22_SynCom35_vs_Mock_pvalue,Flg22_SynCom35_vs_Mock_padj,Flg22_SynCom35_vs_Mock_log2FoldChange,Flg22_vs_Mock,Flg22_SynCom33_vs_Mock,Flg22_SynCom35_vs_Mock,cl
AT3G48730.1,GO:0042286,GSA2,3,18049571,18051778,+,2207,protein_coding,"Glutamate-1-semialdehyde 2,1-aminomutase 2, chloroplastic [Source:UniProtKB/Swiss-Prot;Acc:Q42522]",0.19542856505023706,0.6700679445775243,-0.24205759039426764,0.6615698937757155,0.8966884973934139,-0.08142644051060534,0.11003785375629677,0.46932828704601404,0.2934031946728156,0,0,0,4
AT5G63570.1,GO:0042286,GSA1,5,25451800,25453845,+,2045,protein_coding,"Glutamate-1-semialdehyde 2,1-aminomutase 1, chloroplastic [Source:UniProtKB/Swiss-Prot;Acc:P42799]",0.4284916093185158,0.8498645737550804,-0.08125034125235535,0.5953185544548767,0.8668633993268847,-0.054483308678130754,0.12220131032422384,0.490886479175184,-0.15860045563044972,0,0,0,8
AT5G63570.2,GO:0042286,GSA1,5,25451875,25453841,+,1966,protein_coding,"Glutamate-1-semialdehyde 2,1-aminomutase 1, chloroplastic [Source:UniProtKB/Swiss-Prot;Acc:P42799]",0.002889917052282236,0.06906951070945197,2.3447092397810656,0.004208711736592479,0.061817647016211105,2.2545052663437137,0.03808896796757512,0.2760905065875029,1.642827037603242,0,0,0,9
