ID,Path,Gene,Chromosome,Start,End,Strand,Length,BioType,Description,Flg22_vs_Mock_pvalue,Flg22_vs_Mock_padj,Flg22_vs_Mock_log2FoldChange,Flg22_SynCom33_vs_Mock_pvalue,Flg22_SynCom33_vs_Mock_padj,Flg22_SynCom33_vs_Mock_log2FoldChange,Flg22_SynCom35_vs_Mock_pvalue,Flg22_SynCom35_vs_Mock_padj,Flg22_SynCom35_vs_Mock_log2FoldChange,Flg22_vs_Mock,Flg22_SynCom33_vs_Mock,Flg22_SynCom35_vs_Mock,cl
AT3G26610.1,GO:0052546,,3,9776958,9780553,+,3595,protein_coding,Pectin lyase-like superfamily protein [Source:UniProtKB/TrEMBL;Acc:Q38958],0.011871613363930743,0.1717720444200727,-0.722525427608053,0.21853260238092664,0.5857606358763655,0.345792710719721,0.00448109486199886,0.075973347561641,0.7936388974216628,0,0,0,1
AT3G29360.1,GO:0052546,UGD2,3,11267007,11269356,-,2349,protein_coding,UDP-glucose 6-dehydrogenase 2 [Source:UniProtKB/Swiss-Prot;Acc:Q9LIA8],0.059655744098208195,0.40921462387366053,1.4376130586566878,0.26245427835110385,0.6332731272448051,0.8614763482259001,0.0567415221825884,0.3411865885200479,1.4530904162737748,0,0,0,6
AT3G29360.2,GO:0052546,UGD2,3,11267091,11269228,-,2137,protein_coding,UDP-glucose 6-dehydrogenase 2 [Source:UniProtKB/Swiss-Prot;Acc:Q9LIA8],0.3045027805591728,0.7725374171831655,0.1354306115494176,0.5101830956593735,0.8191451773296443,0.0868826302592695,0.3988526264612381,0.7718950821633426,-0.11136588684204765,0,0,0,7
AT4G00740.1,GO:0052546,,4,306869,310484,-,3615,protein_coding,Probable methyltransferase PMT13 [Source:UniProtKB/Swiss-Prot;Acc:Q93W95],0.23158746886983575,0.7080666947811791,-0.15677710672019024,0.12175658346655287,0.44356760906299403,-0.20295052803087113,0.3795122148674753,0.7607319501151241,0.1147108702041564,0,0,0,4
AT4G00740.2,GO:0052546,,4,306948,310517,-,3569,protein_coding,Probable methyltransferase PMT13 [Source:UniProtKB/Swiss-Prot;Acc:Q93W95],0.9612951004539434,0.9944633830616663,0.03068914404312003,0.23599987260509236,0.6049501823569134,-0.7539662390775236,0.7206259897803511,0.9247783678527597,0.22583634886413032,0,0,0,3
AT5G15490.1,GO:0052546,UGD3,5,5027638,5030245,-,2607,protein_coding,UDP-glucose 6-dehydrogenase [Source:UniProtKB/TrEMBL;Acc:A0A178UJW9],0.6346175036861281,0.9253214416817163,0.060958335653960624,0.6497718860201763,0.8916369494637254,-0.058292025344872433,0.9422723192089627,0.986568336165163,0.009287079523038626,0,0,0,3
