ID,Path,Gene,Chromosome,Start,End,Strand,Length,BioType,Description,Flg22_vs_Mock_pvalue,Flg22_vs_Mock_padj,Flg22_vs_Mock_log2FoldChange,Flg22_SynCom33_vs_Mock_pvalue,Flg22_SynCom33_vs_Mock_padj,Flg22_SynCom33_vs_Mock_log2FoldChange,Flg22_SynCom35_vs_Mock_pvalue,Flg22_SynCom35_vs_Mock_padj,Flg22_SynCom35_vs_Mock_log2FoldChange,Flg22_vs_Mock,Flg22_SynCom33_vs_Mock,Flg22_SynCom35_vs_Mock,cl
AT1G19270.1,GO:0048482,DA1,1,6662417,6666032,+,3615,protein_coding,DA1 [Source:UniProtKB/TrEMBL;Acc:A0A178WC71],0.20586834459838796,0.6809042626691989,-0.6155504596200305,0.6152162885898171,0.8749005062620465,-0.2438362912030145,0.022776238663952158,0.20798132039365252,-1.113223523135468,0,0,-0,10
AT1G19270.2,GO:0048482,DA1,1,6662501,6666028,+,3527,protein_coding,DA1 [Source:UniProtKB/TrEMBL;Acc:A0A178WC71],0.04805503475563353,0.367879086783288,0.21680042264870075,2.0560859235150528e-4,0.00723451594187587,0.4045811492201922,0.9616550503114978,0.9904777929830886,-0.005301450262894002,0,0,0,9
