ID,Path,Gene,Chromosome,Start,End,Strand,Length,BioType,Description,Flg22_vs_Mock_pvalue,Flg22_vs_Mock_padj,Flg22_vs_Mock_log2FoldChange,Flg22_SynCom33_vs_Mock_pvalue,Flg22_SynCom33_vs_Mock_padj,Flg22_SynCom33_vs_Mock_log2FoldChange,Flg22_SynCom35_vs_Mock_pvalue,Flg22_SynCom35_vs_Mock_padj,Flg22_SynCom35_vs_Mock_log2FoldChange,Flg22_vs_Mock,Flg22_SynCom33_vs_Mock,Flg22_SynCom35_vs_Mock,cl
AT4G27780.1,GO:0010288,ACBP2,4,13847549,13849934,+,2385,protein_coding,AtACBP2 [Source:UniProtKB/TrEMBL;Acc:A0A178V3N7],0.49599946973463793,0.8785304276516508,-0.11714913172839499,0.254847241821886,0.6252950974424943,-0.19614624088461186,0.04907729494783106,0.31759645329727476,-0.33922506167736954,0,0,0,2
AT5G26220.1,GO:0010288,GGCT2;1,5,9162969,9164884,-,1915,protein_coding,Gamma-glutamylcyclotransferase 2-1 [Source:UniProtKB/Swiss-Prot;Acc:Q8GY54],0.0055692825396697785,0.10670394884999328,1.8767456991970697,0.94885833422182,0.9890437735109785,0.043788519310404915,0.155130601013438,0.5419883821059093,-0.9806745933677007,0,0,0,7
AT5G53470.1,GO:0010288,ACBP1,5,21710170,21712614,+,2444,protein_coding,Acyl-CoA-binding domain-containing protein 1 [Source:UniProtKB/Swiss-Prot;Acc:Q9SM23],0.14317989534711953,0.5977067136465224,-0.24559442292523664,0.11910010687521261,0.43880854150735354,-0.26177073880726276,0.9474676288710104,0.988028744734939,-0.010907934528330795,0,0,0,4
AT5G58270.1,GO:0010288,ABCB25,5,23561890,23567244,+,5354,protein_coding,"ABC transporter B family member 25, mitochondrial [Source:UniProtKB/Swiss-Prot;Acc:Q9LVM1]",0.0020669628898350645,0.0553515272535086,0.28017595251136235,0.26779183646675603,0.6386426674857466,0.10161411531674157,0.5443618929330405,0.856534420947679,-0.055761358238606104,0,0,0,7
