ID,Path,Gene,Chromosome,Start,End,Strand,Length,BioType,Description,Flg22_vs_Mock_pvalue,Flg22_vs_Mock_padj,Flg22_vs_Mock_log2FoldChange,Flg22_SynCom33_vs_Mock_pvalue,Flg22_SynCom33_vs_Mock_padj,Flg22_SynCom33_vs_Mock_log2FoldChange,Flg22_SynCom35_vs_Mock_pvalue,Flg22_SynCom35_vs_Mock_padj,Flg22_SynCom35_vs_Mock_log2FoldChange,Flg22_vs_Mock,Flg22_SynCom33_vs_Mock,Flg22_SynCom35_vs_Mock,cl
AT2G43240.1,GO:0015136,,2,17970859,17975938,-,5079,protein_coding,CMP-sialic acid transporter 2 [Source:UniProtKB/Swiss-Prot;Acc:Q8GY97],0.6461392634980396,0.9273604099470842,0.07900811733856085,0.16842465043768726,0.5196363425990943,0.23598792809858504,0.32802559080363325,0.7242029607739568,0.16749068148824883,0,0,0,1
AT3G59360.2,GO:0015136,UTR6,3,21935278,21940365,-,5087,protein_coding,CMP-sialic acid transporter 3 [Source:UniProtKB/Swiss-Prot;Acc:Q9C5H6],0.5925943995229206,0.9102413755777872,0.11256156512120001,0.6703727990820041,0.9001558572750178,0.08958602966917655,0.7438854711132143,0.9321191831384806,-0.06884129400901019,0,0,0,9
AT3G59360.1,GO:0015136,UTR6,3,21935283,21940244,-,4961,protein_coding,CMP-sialic acid transporter 3 [Source:UniProtKB/Swiss-Prot;Acc:Q9C5H6],0.7586621483317854,0.9546669109129219,0.06757428702447343,0.5605439075176607,0.8466899658307442,-0.1283679395108134,0.7891406661293536,0.9461206813630725,-0.05885424977259415,0,0,0,3
AT4G35335.1,GO:0015136,,4,16807265,16810216,+,2951,nontranslating_CDS,Nucleotide-sugar transporter family protein [Source:TAIR;Acc:AT4G35335],0.38648867330391584,0.8311876465203824,0.17017740149699065,0.9822425163825323,0.996073169185517,0.004392211497299435,0.2983832555388182,0.701638758369381,0.2038558126193774,0,0,0,6
AT5G41760.1,GO:0015136,,5,16706850,16709830,+,2980,protein_coding,CMP-sialic acid transporter 1 [Source:UniProtKB/Swiss-Prot;Acc:Q8LGE9],0.18905498200860732,0.6643606951503073,0.27752072088864027,0.8084604588016846,0.9472208007978943,0.0516626140145257,0.15664917529582997,0.5447623387203061,0.29832177115256114,0,0,0,6
AT5G41760.2,GO:0015136,,5,16706861,16709909,+,3048,protein_coding,CMP-sialic acid transporter 1 [Source:UniProtKB/Swiss-Prot;Acc:Q8LGE9],0.5712082998134882,0.904829312885771,-0.26813389048063957,0.5090400839300259,0.8182751621244367,-0.3131711998925715,0.5032555491165409,0.8342389538959561,-0.316686603445107,0,0,0,8
