ID,Path,Gene,Chromosome,Start,End,Strand,Length,BioType,Description,Flg22_vs_Mock_pvalue,Flg22_vs_Mock_padj,Flg22_vs_Mock_log2FoldChange,Flg22_SynCom33_vs_Mock_pvalue,Flg22_SynCom33_vs_Mock_padj,Flg22_SynCom33_vs_Mock_log2FoldChange,Flg22_SynCom35_vs_Mock_pvalue,Flg22_SynCom35_vs_Mock_padj,Flg22_SynCom35_vs_Mock_log2FoldChange,Flg22_vs_Mock,Flg22_SynCom33_vs_Mock,Flg22_SynCom35_vs_Mock,cl
AT2G19760.1,GO:0042989,PRO1,2,8516658,8518194,-,1536,protein_coding,Profilin-1 [Source:UniProtKB/Swiss-Prot;Acc:Q42449],0.3809363614835014,0.8266446090661378,-0.19243235233447692,0.369598023180088,0.7263879265336398,0.1969759080653789,0.781168159230777,0.9440796244798928,0.060989965045320456,0,0,0,1
AT4G29340.1,GO:0042989,PRO3,4,14447338,14448698,+,1360,protein_coding,Profilin-3 [Source:UniProtKB/Swiss-Prot;Acc:Q38904],0.0010940333542730652,0.036525587945819823,-1.2683656833662906,0.02823119231646234,0.20351593238164137,-0.8475991270178447,0.0016257910490547972,0.03725074386491459,-1.2218625953831606,-1,0,-1,8
AT4G29350.1,GO:0042989,PRO2,4,14449888,14451394,+,1506,protein_coding,Profilin-2 [Source:UniProtKB/Swiss-Prot;Acc:Q42418],0.7067184049298718,0.9442809336609527,0.035717325245968073,0.8493905097228882,0.9596652663544185,0.018027452119177893,0.06031029293590047,0.3501693651288098,-0.17838997195711062,0,0,0,2
AT5G56600.1,GO:0042989,PRO5,5,22909882,22910710,-,828,protein_coding,Profilin-5 [Source:UniProtKB/Swiss-Prot;Acc:Q9FE63],0.8692998622128997,0.9797593224337318,-0.047833930269641535,0.03095022808061249,0.21366062278442594,-0.6526002851784376,0.5633099028641384,0.8658110106945989,-0.16836758339975533,0,0,0,3
