ID,Path,Gene,Chromosome,Start,End,Strand,Length,BioType,Description,Flg22_vs_Mock_pvalue,Flg22_vs_Mock_padj,Flg22_vs_Mock_log2FoldChange,Flg22_SynCom33_vs_Mock_pvalue,Flg22_SynCom33_vs_Mock_padj,Flg22_SynCom33_vs_Mock_log2FoldChange,Flg22_SynCom35_vs_Mock_pvalue,Flg22_SynCom35_vs_Mock_padj,Flg22_SynCom35_vs_Mock_log2FoldChange,Flg22_vs_Mock,Flg22_SynCom33_vs_Mock,Flg22_SynCom35_vs_Mock,cl
AT1G80760.1,GO:0046715,NIP6-1,1,30350539,30352208,-,1669,protein_coding,Aquaporin NIP6-1 [Source:UniProtKB/Swiss-Prot;Acc:Q9SAI4],0.019454155234391212,0.225831057716756,0.8664161512582051,0.8449604831326759,0.9579616088554929,0.07503028925564786,0.6684942367290551,0.9068250161690296,-0.16568367424804917,0,0,0,7
AT2G47160.1,GO:0046715,BOR1,2,19357420,19361328,-,3908,protein_coding,HCO3-transporter family [Source:UniProtKB/TrEMBL;Acc:A8MS82],0.500375136512476,0.8800605384834338,0.2328694887664209,0.05964190850995379,0.3070855745191683,0.6503169760227602,0.012703481372281921,0.1471450914079723,0.860046667587621,0,0,0,1
AT2G47160.2,GO:0046715,BOR1,2,19357478,19361162,-,3684,protein_coding,HCO3-transporter family [Source:UniProtKB/TrEMBL;Acc:A8MS82],0.8591695078798258,0.9777456097747521,0.07426909198390746,0.007908964004180744,0.09357780385580403,1.108973912235829,0.5164813363079491,0.8412666207783779,0.27133699857233406,0,0,0,5
AT3G62270.1,GO:0046715,BOR2,3,23042212,23046153,-,3941,protein_coding,Probable boron transporter 2 [Source:UniProtKB/Swiss-Prot;Acc:Q9M1P7],0.08091942262209473,0.4702425736526493,0.30095111634187643,0.031728049273180695,0.21688090648874384,-0.37069566309710816,2.1581782669074615e-8,4.992447379351895e-6,-0.9673344896381374,0,0,0,2
AT4G10380.1,GO:0046715,NIP5-1,4,6431161,6435396,-,4235,protein_coding,At4g10380 [Source:UniProtKB/TrEMBL;Acc:A3KPG0],0.14830577896245856,0.6055691850439395,0.3900938865439828,0.12259562838881163,0.4451327167513672,0.416643520617528,0.07326247000148241,0.3858468702486129,-0.484377612404694,0,0,0,9
