ID,Path,Gene,Chromosome,Start,End,Strand,Length,BioType,Description,Flg22_vs_Mock_pvalue,Flg22_vs_Mock_padj,Flg22_vs_Mock_log2FoldChange,Flg22_SynCom33_vs_Mock_pvalue,Flg22_SynCom33_vs_Mock_padj,Flg22_SynCom33_vs_Mock_log2FoldChange,Flg22_SynCom35_vs_Mock_pvalue,Flg22_SynCom35_vs_Mock_padj,Flg22_SynCom35_vs_Mock_log2FoldChange,Flg22_vs_Mock,Flg22_SynCom33_vs_Mock,Flg22_SynCom35_vs_Mock,cl
AT1G03475.1,GO:0019353,CPX1,1,868853,871308,-,2455,protein_coding,"Coproporphyrinogen-III oxidase 1, chloroplastic [Source:UniProtKB/Swiss-Prot;Acc:Q9LR75]",0.9924908430141353,0.9982596702690572,0.0012801383853484963,0.9507759699655872,0.9892187448899618,-0.008401929113856807,0.07004697016462479,0.3774691985622908,0.24428516414512155,0,0,0,4
AT4G03205.2,GO:0019353,hemf2,4,1412785,1414782,+,1997,protein_coding,Coproporphyrinogen III oxidase [Source:TAIR;Acc:AT4G03205],0.3576434511641789,0.8109479257536198,-0.31187031651818004,0.39798901442240375,0.7476926680399103,-0.28620165628551564,0.4000980270866693,0.772211721483533,0.27305205440188446,0,0,0,4
AT4G03205.1,GO:0019353,hemf2,4,1412785,1414902,+,2117,protein_coding,Coproporphyrinogen III oxidase [Source:TAIR;Acc:AT4G03205],0.04018757290185852,0.33693328481112217,0.5208580737415166,0.010505526639007546,0.11206728853563526,0.6455467562307975,0.02822188084464437,0.2351790818706111,0.5535996339495162,0,0,0,6
