ID,Path,Gene,Chromosome,Start,End,Strand,Length,BioType,Description,Flg22_vs_Mock_pvalue,Flg22_vs_Mock_padj,Flg22_vs_Mock_log2FoldChange,Flg22_SynCom33_vs_Mock_pvalue,Flg22_SynCom33_vs_Mock_padj,Flg22_SynCom33_vs_Mock_log2FoldChange,Flg22_SynCom35_vs_Mock_pvalue,Flg22_SynCom35_vs_Mock_padj,Flg22_SynCom35_vs_Mock_log2FoldChange,Flg22_vs_Mock,Flg22_SynCom33_vs_Mock,Flg22_SynCom35_vs_Mock,cl
AT1G30400.1,GO:0008559,ABCC1,1,10727317,10738092,+,10775,protein_coding,ABC transporter C family member 1 [Source:UniProtKB/Swiss-Prot;Acc:Q9C8G9],0.27377739931815914,0.7504158561712203,-0.16786183475380925,0.05139933030546046,0.2853504203673234,-0.2988469981725228,4.647523539940774e-6,4.1139755489087834e-4,-0.7028352314650725,0,0,0,2
AT1G30400.2,GO:0008559,ABCC1,1,10727649,10738055,+,10406,protein_coding,ABC transporter C family member 1 [Source:UniProtKB/Swiss-Prot;Acc:Q9C8G9],0.9076967740131385,0.9869002016097549,0.22968753865860045,0.4190932742666259,0.7617868279691283,-1.602535737021724,0.42736467774760084,0.79040937188983,-1.5740017207278896,0,-0,-0,2
AT2G47000.5,GO:0008559,ABCB4,2,19309643,19315013,-,5370,protein_coding,ABC transporter B family member 4 [Source:UniProtKB/Swiss-Prot;Acc:O80725],0.1764845466402455,0.6479269943443619,-0.2597273705975227,0.00867481305739291,0.09961397890168142,-0.5044219767028723,2.5187508198366122e-06,2.44339142030763e-4,-0.9048011661869155,0,0,0,2
AT2G47000.2,GO:0008559,ABCB4,2,19309643,19315343,-,5700,protein_coding,ABC transporter B family member 4 [Source:UniProtKB/Swiss-Prot;Acc:O80725],0.9797364907127712,0.9959139399782901,-0.008943105195041509,0.43616059285144554,0.7738088795620645,-0.27451140486876624,5.498959928940302e-4,0.016939049676113416,-1.224936715142242,0,0,-1,2
AT2G47000.6,GO:0008559,ABCB4,2,19309726,19315071,-,5345,protein_coding,ABC transporter B family member 4 [Source:UniProtKB/Swiss-Prot;Acc:O80725],0.6240644699171405,0.9223468359331597,-0.629480172227816,0.5579784447373712,0.8456182518564671,-0.7525233636000241,0.745119470112233,0.9328242812072697,-0.41746748041007914,0,0,0,8
AT2G47000.7,GO:0008559,ABCB4,2,19309868,19315241,-,5373,protein_coding,ABC transporter B family member 4 [Source:UniProtKB/Swiss-Prot;Acc:O80725],0.5095098156680811,0.8833499135768408,0.2453744946273172,0.7173695645460842,0.9190453526248791,-0.13503455451764726,0.001620301961067938,0.037160366615226356,-1.1889982436708795,0,0,-1,2
