ID,Path,Gene,Chromosome,Start,End,Strand,Length,BioType,Description,Flg22_vs_Mock_pvalue,Flg22_vs_Mock_padj,Flg22_vs_Mock_log2FoldChange,Flg22_SynCom33_vs_Mock_pvalue,Flg22_SynCom33_vs_Mock_padj,Flg22_SynCom33_vs_Mock_log2FoldChange,Flg22_SynCom35_vs_Mock_pvalue,Flg22_SynCom35_vs_Mock_padj,Flg22_SynCom35_vs_Mock_log2FoldChange,Flg22_vs_Mock,Flg22_SynCom33_vs_Mock,Flg22_SynCom35_vs_Mock,cl
AT1G80360.1,GO:0006558,ISS1,1,30208408,30211097,-,2689,protein_coding,Aromatic aminotransferase ISS1 [Source:UniProtKB/Swiss-Prot;Acc:Q9C969],0.07993924144442968,0.4675669434328502,1.034343983664426,0.5189567786297785,0.8241902224350794,0.38278306600463186,0.8921205838422972,0.9755861274846136,-0.08079608902532825,0,0,0,7
AT1G80360.3,GO:0006558,ISS1,1,30208408,30211097,-,2689,protein_coding,Aromatic aminotransferase ISS1 [Source:UniProtKB/Swiss-Prot;Acc:Q9C969],0.32103358675185023,0.7853934558500288,0.9603110233567751,0.39558214182949075,0.7462311599877905,0.8229447204143207,0.9353110798520106,0.9851661236325965,-0.07922896665072289,0,0,0,9
AT1G80360.4,GO:0006558,ISS1,1,30208437,30211075,-,2638,protein_coding,Aromatic aminotransferase ISS1 [Source:UniProtKB/Swiss-Prot;Acc:Q9C969],3.233079851904781e-4,0.01496889251763716,0.323122338458949,0.09262038417734068,0.38915616871761055,0.15137036057033282,0.010936334284116106,0.13335343649633313,-0.22975989346502437,0,0,0,7
