ID,Path,Gene,Chromosome,Start,End,Strand,Length,BioType,Description,Flg22_vs_Mock_pvalue,Flg22_vs_Mock_padj,Flg22_vs_Mock_log2FoldChange,Flg22_SynCom33_vs_Mock_pvalue,Flg22_SynCom33_vs_Mock_padj,Flg22_SynCom33_vs_Mock_log2FoldChange,Flg22_SynCom35_vs_Mock_pvalue,Flg22_SynCom35_vs_Mock_padj,Flg22_SynCom35_vs_Mock_log2FoldChange,Flg22_vs_Mock,Flg22_SynCom33_vs_Mock,Flg22_SynCom35_vs_Mock,cl
AT2G44100.1,GO:0005093,GDI1,2,18241469,18245008,+,3539,protein_coding,Guanosine nucleotide diphosphate dissociation inhibitor 1 [Source:UniProtKB/Swiss-Prot;Acc:Q96254],0.0062619501366425875,0.11464280083496439,0.14224315891201708,0.3677593271192375,0.7248145540307072,0.046963405732358285,0.005065918630021152,0.08267369570665979,-0.14646749829919875,0,0,0,7
AT2G44100.2,GO:0005093,GDI1,2,18241692,18245008,+,3316,protein_coding,Guanosine nucleotide diphosphate dissociation inhibitor 1 [Source:UniProtKB/Swiss-Prot;Acc:Q96254],0.6845303802520395,0.9380756985662715,0.3832741062595891,0.10519743598444647,0.413922346916553,-1.5382882837383889,0.9178664975427177,0.9813364233349348,0.09731503616567688,0,-0,0,3
AT3G06540.1,GO:0005093,REP,3,2034913,2037791,-,2878,protein_coding,Rab escort protein 1 [Source:UniProtKB/Swiss-Prot;Acc:Q8LLD4],0.017299674431433237,0.2107791128746744,0.1857372205655556,0.33588673966136384,0.6983047681636511,0.07558820611744137,0.09468132321722092,0.4395647794323237,-0.13216866171349062,0,0,0,7
AT3G59920.1,GO:0005093,GDI2,3,22134951,22138546,+,3595,protein_coding,Guanosine nucleotide diphosphate dissociation inhibitor [Source:UniProtKB/TrEMBL;Acc:A0A178VFJ4],0.12836726315313976,0.5712893880175719,0.10698835613763838,0.06762859435328542,0.32942806516443013,0.12856807651541152,0.6497173998273371,0.9008645729379331,-0.031975914054870457,0,0,0,9
