ID,Path,Gene,Chromosome,Start,End,Strand,Length,BioType,Description,Flg22_vs_Mock_pvalue,Flg22_vs_Mock_padj,Flg22_vs_Mock_log2FoldChange,Flg22_SynCom33_vs_Mock_pvalue,Flg22_SynCom33_vs_Mock_padj,Flg22_SynCom33_vs_Mock_log2FoldChange,Flg22_SynCom35_vs_Mock_pvalue,Flg22_SynCom35_vs_Mock_padj,Flg22_SynCom35_vs_Mock_log2FoldChange,Flg22_vs_Mock,Flg22_SynCom33_vs_Mock,Flg22_SynCom35_vs_Mock,cl
AT1G01220.5,GO:0050201,FKGP,1,91376,95676,+,4300,protein_coding,Bifunctional fucokinase/fucose pyrophosphorylase [Source:UniProtKB/Swiss-Prot;Acc:Q9LNJ9],0.6506267372750294,0.9280799275760476,-0.4602016966625814,0.4429485936100555,0.7785976214776802,0.775382490924495,0.7191756714605186,0.9242910051524107,0.36375685796946183,0,0,0,5
AT1G01220.7,GO:0050201,FKGP,1,91642,95674,+,4032,protein_coding,Bifunctional fucokinase/fucose pyrophosphorylase [Source:UniProtKB/Swiss-Prot;Acc:Q9LNJ9],0.7334042833571586,0.9502176053942513,0.06183733032255304,0.6698921353054255,0.899963897916757,-0.07760016158735196,0.3106860306130624,0.7109077919430336,-0.18460262651318335,0,0,0,2
AT1G01220.8,GO:0050201,FKGP,1,91692,95681,+,3989,protein_coding,Bifunctional fucokinase/fucose pyrophosphorylase [Source:UniProtKB/Swiss-Prot;Acc:Q9LNJ9],0.6891458061907734,0.938574569806474,0.41996523572437605,0.7179979800916005,0.9193246821063303,0.37925665158245514,0.9907752888970645,0.9987041479987254,-0.012164822377899077,0,0,0,9
