ID,Path,Gene,Chromosome,Start,End,Strand,Length,BioType,Description,Flg22_vs_Mock_pvalue,Flg22_vs_Mock_padj,Flg22_vs_Mock_log2FoldChange,Flg22_SynCom33_vs_Mock_pvalue,Flg22_SynCom33_vs_Mock_padj,Flg22_SynCom33_vs_Mock_log2FoldChange,Flg22_SynCom35_vs_Mock_pvalue,Flg22_SynCom35_vs_Mock_padj,Flg22_SynCom35_vs_Mock_log2FoldChange,Flg22_vs_Mock,Flg22_SynCom33_vs_Mock,Flg22_SynCom35_vs_Mock,cl
AT1G06590.1,GO:0070979,APC5,1,2016306,2024749,-,8443,protein_coding,Anaphase-promoting complex subunit 5 [Source:UniProtKB/Swiss-Prot;Acc:Q8H1U4],0.3910225977155291,0.8331531054682427,-0.11866621569665127,0.05068531046844072,0.28317379928358466,-0.2730013675326215,0.5320075381665146,0.8499987824259491,0.08518027656908554,0,0,0,4
AT2G18290.1,GO:0070979,APC10,2,7948306,7950329,-,2023,protein_coding,Anaphase-promoting complex subunit 10 [Source:UniProtKB/Swiss-Prot;Acc:Q9ZPW2],0.15456570612175688,0.6136839112936261,0.27416083090582116,0.4784451700992648,0.8000972356210536,0.1372545962007228,0.15486307471585312,0.5413150659660981,-0.2793527948346566,0,0,0,7
AT4G21530.1,GO:0070979,APC4,4,11450552,11456007,+,5455,protein_coding,Anaphase-promoting complex subunit 4 [Source:UniProtKB/Swiss-Prot;Acc:O65418],0.12467848538933184,0.5662076936187701,-0.35021285248809053,0.028736613314695004,0.20590368627308586,-0.5015054271674444,0.6924089591315234,0.9156758321672268,0.08899673786483539,0,0,0,4
AT5G05560.2,GO:0070979,EMB2771,5,1640098,1654830,+,14732,protein_coding,"E3 ubiquitin ligase, putative [Source:TAIR;Acc:AT5G05560]",0.16884013268505263,0.6366107089300053,-0.6099909625855402,0.015837048021679515,0.14395570488998086,-1.081024488864882,0.052043491920262176,0.327593492573958,-0.8643028892011885,0,-0,0,8
AT5G05560.1,GO:0070979,EMB2771,5,1641365,1654756,+,13391,protein_coding,"E3 ubiquitin ligase, putative [Source:TAIR;Acc:AT5G05560]",0.6169398444851973,0.9190515323520648,0.7233245778259623,0.8879712034671674,0.9707738783124256,0.2041333498299123,0.35536349876552253,0.7437524816081806,1.3341790710477293,0,0,0,6
AT5G05560.3,GO:0070979,EMB2771,5,1641939,1654795,+,12856,protein_coding,"E3 ubiquitin ligase, putative [Source:TAIR;Acc:AT5G05560]",0.8955442343761025,0.9851838261895935,0.027100198474811422,0.2033040886572305,0.5662267417409521,-0.2646902330339422,0.014843479404839077,0.16151263117214767,0.49736685919745993,0,0,0,4
