ID,Path,Gene,Chromosome,Start,End,Strand,Length,BioType,Description,Flg22_vs_Mock_pvalue,Flg22_vs_Mock_padj,Flg22_vs_Mock_log2FoldChange,Flg22_SynCom33_vs_Mock_pvalue,Flg22_SynCom33_vs_Mock_padj,Flg22_SynCom33_vs_Mock_log2FoldChange,Flg22_SynCom35_vs_Mock_pvalue,Flg22_SynCom35_vs_Mock_padj,Flg22_SynCom35_vs_Mock_log2FoldChange,Flg22_vs_Mock,Flg22_SynCom33_vs_Mock,Flg22_SynCom35_vs_Mock,cl
AT4G03260.1,GO:0099738,,4,1428102,1431829,+,3727,protein_coding,At4g03260 [Source:UniProtKB/TrEMBL;Acc:Q8GUJ5],0.9999845133221802,0.999990298307478,-5.802843304826858e-6,0.7538298036651929,0.9297197013210807,-0.0937870470180871,0.8028024731446792,0.9500381006332708,-0.07465785354948982,0,0,0,3
AT4G03260.3,GO:0099738,,4,1428307,1431660,+,3353,protein_coding,At4g03260 [Source:UniProtKB/TrEMBL;Acc:Q8GUJ5],0.5900901472408595,0.9100878270214577,-0.1069629869125312,0.6554241446521545,0.8942552650449036,0.08852599248454027,0.9438847139131531,0.9868314478867775,-0.013964611300438332,0,0,0,1
AT4G03260.2,GO:0099738,,4,1428307,1431660,+,3353,protein_coding,At4g03260 [Source:UniProtKB/TrEMBL;Acc:Q8GUJ5],0.36014450739386916,0.8119053544385748,-1.5685861660604707,0.5144148360727203,0.8213161265847163,-1.1157520481886363,0.5874843337726134,0.8762367081154081,-0.9276294943938943,-0,-0,0,8
AT4G03260.4,GO:0099738,,4,1428673,1432690,+,4017,protein_coding,At4g03260 [Source:UniProtKB/TrEMBL;Acc:Q8GUJ5],0.9400972923110873,0.9923948784613205,-0.04249524097461748,0.15820646845592773,0.5041377767937707,-0.8041319910129175,0.11992715614698907,0.48792553364538305,-0.8860807217280643,0,0,0,2
