ID,Path,Gene,Chromosome,Start,End,Strand,Length,BioType,Description,Flg22_vs_Mock_pvalue,Flg22_vs_Mock_padj,Flg22_vs_Mock_log2FoldChange,Flg22_SynCom33_vs_Mock_pvalue,Flg22_SynCom33_vs_Mock_padj,Flg22_SynCom33_vs_Mock_log2FoldChange,Flg22_SynCom35_vs_Mock_pvalue,Flg22_SynCom35_vs_Mock_padj,Flg22_SynCom35_vs_Mock_log2FoldChange,Flg22_vs_Mock,Flg22_SynCom33_vs_Mock,Flg22_SynCom35_vs_Mock,cl
AT1G09020.1,GO:0045859,SNF4,1,2899776,2904862,-,5086,protein_coding,Sucrose nonfermenting 4-like protein [Source:UniProtKB/Swiss-Prot;Acc:Q944A6],0.7815159184687405,0.9614113187433333,-0.022690086259051986,0.6725386576770659,0.9006717578675277,-0.03460179886080843,0.9645603789902739,0.99181039263186,-0.0036252051242764414,0,0,0,4
AT3G60250.3,GO:0045859,CKB3,3,22270270,22272173,-,1903,protein_coding,Casein kinase II subunit beta-3 [Source:UniProtKB/Swiss-Prot;Acc:O81275],0.011648149500905276,0.16984711903688582,0.5693096795775692,0.04413170456825124,0.26182928320541377,0.45658992928747333,0.6974762886326131,0.9176857835342306,-0.09019266520104674,0,0,0,9
AT3G60250.1,GO:0045859,CKB3,3,22270270,22272173,-,1903,protein_coding,Casein kinase II subunit beta-3 [Source:UniProtKB/Swiss-Prot;Acc:O81275],0.4267084200739071,0.8493424862090211,-0.18965197782334212,0.37289922126084324,0.7290796746612492,-0.21276309513530983,0.1729942201548445,0.567758393564953,0.32184311593402787,0,0,0,4
AT3G60250.2,GO:0045859,CKB3,3,22270270,22272173,-,1903,protein_coding,Casein kinase II subunit beta-3 [Source:UniProtKB/Swiss-Prot;Acc:O81275],0.20935955533180714,0.6851939931849692,-0.21623508723658233,0.9761998986574292,0.9947867070519628,0.005111507131579344,0.4335138397406587,0.7959550173308425,-0.13434947063579364,0,0,0,10
AT4G16360.1,GO:0045859,,4,9245127,9247203,+,2076,nontranslating_CDS,5'-AMP-activated protein kinase beta-2 subunit protein [Source:TAIR;Acc:AT4G16360],0.013668863178114804,0.18561976004099062,0.2184877288772287,0.6499591743995752,0.8918029055843906,0.04045610408699018,0.8744368119382453,0.9703324235733632,0.014057321428316337,0,0,0,7
