ID,Path,Gene,Chromosome,Start,End,Strand,Length,BioType,Description,Flg22_vs_Mock_pvalue,Flg22_vs_Mock_padj,Flg22_vs_Mock_log2FoldChange,Flg22_SynCom33_vs_Mock_pvalue,Flg22_SynCom33_vs_Mock_padj,Flg22_SynCom33_vs_Mock_log2FoldChange,Flg22_SynCom35_vs_Mock_pvalue,Flg22_SynCom35_vs_Mock_padj,Flg22_SynCom35_vs_Mock_log2FoldChange,Flg22_vs_Mock,Flg22_SynCom33_vs_Mock,Flg22_SynCom35_vs_Mock,cl
AT3G48780.1,GO:0004758,LCB2B,3,18089020,18093252,+,4232,protein_coding,Long chain base biosynthesis protein 2b [Source:UniProtKB/Swiss-Prot;Acc:Q9M304],0.3968622199024158,0.8365797340686434,-0.08123946258435981,0.4952347048399749,0.8098363243207133,-0.06539004049182032,0.03833888267623424,0.27672742611616796,-0.19875013095914826,0,0,0,2
AT4G36480.3,GO:0004758,LCB1,4,17217909,17221625,+,3716,protein_coding,Long chain base biosynthesis protein 1 [Source:UniProtKB/Swiss-Prot;Acc:Q94IB8],0.5625153434671666,0.9020259363163224,0.5462353953687822,0.9956134392630528,0.9984333365889264,0.005199669186109773,0.4814115635957557,0.8225262003632672,0.6635830236408063,0,0,0,6
AT4G36480.2,GO:0004758,LCB1,4,17218308,17221480,+,3172,protein_coding,Long chain base biosynthesis protein 1 [Source:UniProtKB/Swiss-Prot;Acc:Q94IB8],0.11370701484399125,0.5445129445765851,-0.13879063239295364,0.5743730249677396,0.8549949448686297,0.048835240075983805,0.9146381111422742,0.9808488757181435,0.009297881048575523,0,0,0,1
AT5G23670.1,GO:0004758,LCB2A,5,7981641,7985391,+,3750,protein_coding,Long chain base biosynthesis protein 2a [Source:UniProtKB/Swiss-Prot;Acc:Q9LSZ9],0.1597219978347064,0.621385122409439,-0.16951110103507572,0.3447527877299354,0.7065000143604271,0.1133225071217772,0.01061407932484136,0.13132194842989878,0.3051077270838518,0,0,0,1
