ID,Path,Gene,Chromosome,Start,End,Strand,Length,BioType,Description,Flg22_vs_Mock_pvalue,Flg22_vs_Mock_padj,Flg22_vs_Mock_log2FoldChange,Flg22_SynCom33_vs_Mock_pvalue,Flg22_SynCom33_vs_Mock_padj,Flg22_SynCom33_vs_Mock_log2FoldChange,Flg22_SynCom35_vs_Mock_pvalue,Flg22_SynCom35_vs_Mock_padj,Flg22_SynCom35_vs_Mock_log2FoldChange,Flg22_vs_Mock,Flg22_SynCom33_vs_Mock,Flg22_SynCom35_vs_Mock,cl
AT4G28980.2,GO:0019912,CDKF-1,4,14288379,14290819,+,2440,protein_coding,AT4G28980 protein [Source:UniProtKB/TrEMBL;Acc:B9DFZ7],0.5894666130650312,0.9097773595550493,0.19956814027311678,0.597688168524958,0.8679263907891055,0.19524952958331904,0.6392494042987666,0.897209411168928,0.1731357747950388,0,0,0,6
AT4G28980.1,GO:0019912,CDKF-1,4,14288397,14290913,+,2516,protein_coding,AT4G28980 protein [Source:UniProtKB/TrEMBL;Acc:B9DFZ7],0.45852437569969445,0.8643297983803209,-0.11122503868461378,0.2139024083611151,0.579649651367288,-0.18685571812032625,0.856251815857074,0.965248520063806,0.027060261365415766,0,0,0,4
AT4G28980.3,GO:0019912,CDKF-1,4,14288439,14290700,+,2261,protein_coding,AT4G28980 protein [Source:UniProtKB/TrEMBL;Acc:B9DFZ7],0.782146235019818,0.9615119011465457,0.11445795580574415,0.7415552322016806,0.9258152573105746,0.13648934938202775,0.8852121681244391,0.9740221325733094,0.05973791800358276,0,0,0,6
