ID,Path,Gene,Chromosome,Start,End,Strand,Length,BioType,Description,Flg22_vs_Mock_pvalue,Flg22_vs_Mock_padj,Flg22_vs_Mock_log2FoldChange,Flg22_SynCom33_vs_Mock_pvalue,Flg22_SynCom33_vs_Mock_padj,Flg22_SynCom33_vs_Mock_log2FoldChange,Flg22_SynCom35_vs_Mock_pvalue,Flg22_SynCom35_vs_Mock_padj,Flg22_SynCom35_vs_Mock_log2FoldChange,Flg22_vs_Mock,Flg22_SynCom33_vs_Mock,Flg22_SynCom35_vs_Mock,cl
AT1G62590.1,GO:0004016,,1,23176930,23179248,-,2318,protein_coding,Pentatricopeptide repeat-containing protein At1g62590 [Source:UniProtKB/Swiss-Prot;Acc:Q9SXD8],0.09483832955014951,0.5057141536320651,0.7717599890093815,0.8810132446344927,0.9681244075962442,-0.07037599710852015,0.5193444885491258,0.8432686125161257,0.29975636647674503,0,0,0,7
AT1G62590.2,GO:0004016,,1,23177294,23179248,-,1954,protein_coding,Pentatricopeptide repeat-containing protein At1g62590 [Source:UniProtKB/Swiss-Prot;Acc:Q9SXD8],0.39318546254444997,0.8336715101230874,-1.4949555460674462,0.9960997779907661,0.9986823393275984,-0.00848982589241096,0.38702719640456995,NA,-1.5137511941778838,-0,0,-0,10
AT1G68110.1,GO:0004016,,1,25524718,25526150,+,1432,protein_coding,Putative clathrin assembly protein At1g68110 [Source:UniProtKB/Swiss-Prot;Acc:Q9C9X5],0.4440360537241208,NA,-0.8495442029775124,0.42202664864641454,NA,0.7829617161870492,0.3243601786990423,NA,0.9498181532548542,0,0,0,1
AT3G14460.1,GO:0004016,,3,4851990,4856450,-,4460,protein_coding,Putative disease resistance protein At3g14460 [Source:UniProtKB/Swiss-Prot;Acc:Q9LRR5],0.8592405101644103,0.9777456097747521,-0.04513263195436363,0.01716892825709095,0.15097648982895612,0.5992857894602116,0.9102802450691301,0.9797128857814669,-0.028617146954430975,0,0,0,5
AT5G09400.1,GO:0004016,POT7,5,2916151,2920823,+,4672,protein_coding,Potassium transporter 7 [Source:UniProtKB/Swiss-Prot;Acc:Q9FY75],0.5040723832264205,0.8818164875032675,0.04919707121800119,0.7951906639698243,0.9428924806509116,0.019143108438046126,0.20712130871316828,0.6089361413933035,-0.09311047549006478,0,0,0,7
