ID,Path,Gene,Chromosome,Start,End,Strand,Length,BioType,Description,Flg22_vs_Mock_pvalue,Flg22_vs_Mock_padj,Flg22_vs_Mock_log2FoldChange,Flg22_SynCom33_vs_Mock_pvalue,Flg22_SynCom33_vs_Mock_padj,Flg22_SynCom33_vs_Mock_log2FoldChange,Flg22_SynCom35_vs_Mock_pvalue,Flg22_SynCom35_vs_Mock_padj,Flg22_SynCom35_vs_Mock_log2FoldChange,Flg22_vs_Mock,Flg22_SynCom33_vs_Mock,Flg22_SynCom35_vs_Mock,cl
AT5G14800.1,GO:0004735,PROC1,5,4785960,4787996,-,2036,protein_coding,Pyrroline-5-carboxylate reductase [Source:UniProtKB/Swiss-Prot;Acc:P54904],0.25638268438744793,0.7349943874387103,-0.25156340881522715,0.11170784677405857,0.42686694904252626,-0.3527445756584995,0.08124862550107784,0.40613759946321265,0.3853594041874979,0,0,0,4
AT5G14800.2,GO:0004735,PROC1,5,4785962,4787839,-,1877,protein_coding,Pyrroline-5-carboxylate reductase [Source:UniProtKB/Swiss-Prot;Acc:P54904],0.3391958159097097,0.7990399903635059,1.08338103048158,0.25007966438195023,0.6209360849703812,1.3033540136876007,0.37704550769581335,0.7586318327461635,1.0013181254305432,0,0,0,6
