ID,Path,Gene,Chromosome,Start,End,Strand,Length,BioType,Description,Flg22_vs_Mock_pvalue,Flg22_vs_Mock_padj,Flg22_vs_Mock_log2FoldChange,Flg22_SynCom33_vs_Mock_pvalue,Flg22_SynCom33_vs_Mock_padj,Flg22_SynCom33_vs_Mock_log2FoldChange,Flg22_SynCom35_vs_Mock_pvalue,Flg22_SynCom35_vs_Mock_padj,Flg22_SynCom35_vs_Mock_log2FoldChange,Flg22_vs_Mock,Flg22_SynCom33_vs_Mock,Flg22_SynCom35_vs_Mock,cl
AT1G08190.1,GO:0035542,VPS41,1,2567420,2573448,+,6028,protein_coding,Vacuolar protein sorting-associated protein 41 homolog [Source:UniProtKB/Swiss-Prot;Acc:P93043],0.6374449814721079,0.9259215606728487,-0.042632147860851795,0.701302492562446,0.9122871330783293,-0.03469847639179587,0.3617316319901672,0.7484526431865535,-0.08248636816644053,0,0,0,8
AT1G12470.1,GO:0035542,VPS18,1,4250945,4257392,+,6447,protein_coding,Vacuolar sorting protein 18 [Source:UniProtKB/Swiss-Prot;Acc:F4IDS7],0.2247573087477576,0.701493666658669,-0.11808175514396586,0.37476643171463403,0.7302740716870395,0.08603710264452999,0.7988833608217496,0.9491401293554732,-0.024707062915348556,0,0,0,1
AT2G05170.1,GO:0035542,VPS11,2,1869853,1873997,+,4144,protein_coding,Vacuolar protein-sorting-associated protein 11 homolog [Source:UniProtKB/Swiss-Prot;Acc:Q9SJ40],0.07439635745722095,0.45166659967403844,-0.14745171004395896,0.7201253881494445,0.9202515061909757,-0.029491406331640727,0.11308783626112782,0.47513384769657874,0.12933009362294884,0,0,0,4
AT2G38020.1,GO:0035542,VCL1,2,15909908,15914711,-,4803,protein_coding,Protein VACUOLELESS1 [Source:UniProtKB/Swiss-Prot;Acc:Q93VQ0],0.04191230951348143,0.3445863521520776,-0.17314140327243793,0.6917799555561612,0.9086092371321851,-0.03361078666447607,0.013974151452255983,0.15556557658778575,-0.20890994316629868,0,0,0,10
AT2G38020.2,GO:0035542,VCL1,2,15909959,15914710,-,4751,protein_coding,Protein VACUOLELESS1 [Source:UniProtKB/Swiss-Prot;Acc:Q93VQ0],0.5028752885449328,0.8813690218641042,-0.4055067908687822,0.9006718515087863,0.974241940779784,0.07490329296020837,0.6425672076267697,0.8986044830432532,-0.27977907735832386,0,0,0,10
