ID,Path,Gene,Chromosome,Start,End,Strand,Length,BioType,Description,Flg22_vs_Mock_pvalue,Flg22_vs_Mock_padj,Flg22_vs_Mock_log2FoldChange,Flg22_SynCom33_vs_Mock_pvalue,Flg22_SynCom33_vs_Mock_padj,Flg22_SynCom33_vs_Mock_log2FoldChange,Flg22_SynCom35_vs_Mock_pvalue,Flg22_SynCom35_vs_Mock_padj,Flg22_SynCom35_vs_Mock_log2FoldChange,Flg22_vs_Mock,Flg22_SynCom33_vs_Mock,Flg22_SynCom35_vs_Mock,cl
AT3G56840.1,GO:0047545,,3,21044317,21046346,+,2029,protein_coding,FAD-dependent oxidoreductase family protein [Source:TAIR;Acc:AT3G56840],0.6590512901637722,0.9312786473910721,0.05394881334832597,0.2560263757536236,0.6268225229237258,0.13826425160309852,0.4842771911571694,0.8241694794244055,-0.08583101898928137,0,0,0,9
AT4G36400.2,GO:0047545,D2HGDH,4,17197188,17200921,+,3733,protein_coding,"D-2-hydroxyglutarate dehydrogenase, mitochondrial [Source:UniProtKB/Swiss-Prot;Acc:O23240]",0.5280619850245427,0.8896699137220958,0.07088315759937681,0.08910703001458685,0.38153370827806077,0.19031644462301425,0.661511237177214,0.9044977177612626,0.0490919557080917,0,0,0,5
AT4G36400.1,GO:0047545,D2HGDH,4,17197212,17200932,+,3720,protein_coding,"D-2-hydroxyglutarate dehydrogenase, mitochondrial [Source:UniProtKB/Swiss-Prot;Acc:O23240]",0.6115686463185038,0.9169110609659911,-0.3221320817485385,0.3282720968358512,0.6915905270725686,-0.6225802360368229,0.9245630351552326,0.9826877623045984,-0.059853857495453786,0,0,0,4
