ID,Path,Gene,Chromosome,Start,End,Strand,Length,BioType,Description,Flg22_vs_Mock_pvalue,Flg22_vs_Mock_padj,Flg22_vs_Mock_log2FoldChange,Flg22_SynCom33_vs_Mock_pvalue,Flg22_SynCom33_vs_Mock_padj,Flg22_SynCom33_vs_Mock_log2FoldChange,Flg22_SynCom35_vs_Mock_pvalue,Flg22_SynCom35_vs_Mock_padj,Flg22_SynCom35_vs_Mock_log2FoldChange,Flg22_vs_Mock,Flg22_SynCom33_vs_Mock,Flg22_SynCom35_vs_Mock,cl
AT3G03910.1,GO:0016639,GSH3,3,1006780,1009018,+,2238,protein_coding,Glutamate dehydrogenase [Source:UniProtKB/TrEMBL;Acc:A0A178VBI2],0.41946441677332247,0.8466466869171779,0.5819215820133778,0.6600349607778827,0.8964642420146048,0.3187440989296027,0.7337998791387792,NA,0.24634302924701534,0,0,0,7
AT5G52810.1,GO:0016639,SARD4,5,21399331,21400686,+,1355,protein_coding,Protein SAR DEFICIENT 4 [Source:UniProtKB/Swiss-Prot;Acc:Q9FLY0],0.19490882505374713,0.6691144104695629,-0.31888084494572383,0.7682102961564652,0.9347914639037542,-0.07219931137605858,0.022031208635609006,0.20448565484393577,-0.565261894692341,0,0,0,10
