ID,Path,Gene,Chromosome,Start,End,Strand,Length,BioType,Description,Flg22_vs_Mock_pvalue,Flg22_vs_Mock_padj,Flg22_vs_Mock_log2FoldChange,Flg22_SynCom33_vs_Mock_pvalue,Flg22_SynCom33_vs_Mock_padj,Flg22_SynCom33_vs_Mock_log2FoldChange,Flg22_SynCom35_vs_Mock_pvalue,Flg22_SynCom35_vs_Mock_padj,Flg22_SynCom35_vs_Mock_log2FoldChange,Flg22_vs_Mock,Flg22_SynCom33_vs_Mock,Flg22_SynCom35_vs_Mock,cl
AT3G44530.2,GO:0006336,HIRA,3,16115498,16121534,+,6036,protein_coding,homolog of histone chaperone HIRA [Source:TAIR;Acc:AT3G44530],0.7668399299577299,0.9571733012705728,0.24802124938574183,0.6002097538299697,0.8688658375044289,0.43824106040755534,0.7035670603600295,0.9193259900373077,0.3181927878023509,0,0,0,5
AT3G44530.3,GO:0006336,HIRA,3,16115580,16121518,+,5938,protein_coding,homolog of histone chaperone HIRA [Source:TAIR;Acc:AT3G44530],0.48455067831675513,0.8750402327593726,-0.43469177396297853,0.19199128007457072,0.552285670515207,-0.81302527819169,0.5737397621033897,0.8699985619604491,-0.3495912615570787,0,0,0,8
AT3G44530.4,GO:0006336,HIRA,3,16115643,16121518,+,5875,protein_coding,homolog of histone chaperone HIRA [Source:TAIR;Acc:AT3G44530],0.7509748055756087,0.9531706513115944,-0.4777204871010628,0.5964257061631004,0.8672643388909215,-0.7980214944614192,0.7830125972587213,0.9443478622155709,0.4136900310411817,0,0,0,4
