ID,Path,Gene,Chromosome,Start,End,Strand,Length,BioType,Description,Flg22_vs_Mock_pvalue,Flg22_vs_Mock_padj,Flg22_vs_Mock_log2FoldChange,Flg22_SynCom33_vs_Mock_pvalue,Flg22_SynCom33_vs_Mock_padj,Flg22_SynCom33_vs_Mock_log2FoldChange,Flg22_SynCom35_vs_Mock_pvalue,Flg22_SynCom35_vs_Mock_padj,Flg22_SynCom35_vs_Mock_log2FoldChange,Flg22_vs_Mock,Flg22_SynCom33_vs_Mock,Flg22_SynCom35_vs_Mock,cl
AT1G07370.1,GO:0006272,PCNA,1,2263037,2264553,+,1516,protein_coding,Proliferating cellular nuclear antigen 1 [Source:UniProtKB/Swiss-Prot;Acc:Q9M7Q7],0.2833772594667613,0.7579924576516822,-0.3121635478734414,0.4676732058431793,0.7932555555133828,-0.21108547158992558,0.10125282017519763,0.45345129333114376,0.4726234542538566,0,0,0,4
AT1G08260.1,GO:0006272,POL2A,1,2588854,2606892,+,18038,protein_coding,DNA polymerase epsilon catalytic subunit A [Source:UniProtKB/Swiss-Prot;Acc:F4HW04],0.0869042981211527,0.4854786420524116,-0.3230615970049574,0.00427416269312483,0.06235699061274639,-0.5407052116984402,0.2523104048219034,0.6604221106833336,0.21478247688073956,0,0,0,4
AT2G29570.1,GO:0006272,PCNA2,2,12649906,12651753,-,1847,protein_coding,Proliferating cell nuclear antigen 2 [Source:UniProtKB/Swiss-Prot;Acc:Q9ZW35],0.14016256970221164,0.5931956559530968,-0.29430011567944225,0.0917221781077338,0.3871692056011548,-0.3368689648491571,0.05485028337815849,0.3360152462713306,0.37769732092299585,0,0,0,4
AT5G67100.2,GO:0006272,POLA,5,26776953,26786431,+,9478,protein_coding,DNA polymerase alpha catalytic subunit [Source:UniProtKB/Swiss-Prot;Acc:Q9FHA3],0.936401418676535,0.9915020266177292,-0.02103399677669611,0.2479547949973345,0.6185061953531861,-0.3063648204733552,0.018866094744175325,0.18724443372746288,0.6126433586737248,0,0,0,4
AT5G67100.1,GO:0006272,POLA,5,26776971,26785104,+,8133,protein_coding,DNA polymerase alpha catalytic subunit [Source:UniProtKB/Swiss-Prot;Acc:Q9FHA3],0.04822839112056118,0.36860176362293023,-0.6177180268104371,0.060606389252109205,0.3101505722206738,-0.5866351912109804,0.25927347651423716,0.667267323803022,0.3498949598943671,0,0,0,4
