ID,Path,Gene,Chromosome,Start,End,Strand,Length,BioType,Description,Flg22_vs_Mock_pvalue,Flg22_vs_Mock_padj,Flg22_vs_Mock_log2FoldChange,Flg22_SynCom33_vs_Mock_pvalue,Flg22_SynCom33_vs_Mock_padj,Flg22_SynCom33_vs_Mock_log2FoldChange,Flg22_SynCom35_vs_Mock_pvalue,Flg22_SynCom35_vs_Mock_padj,Flg22_SynCom35_vs_Mock_log2FoldChange,Flg22_vs_Mock,Flg22_SynCom33_vs_Mock,Flg22_SynCom35_vs_Mock,cl
AT2G20490.1,GO:0031118,NOP10,2,8831681,8832929,+,1248,protein_coding,H/ACA ribonucleoprotein complex subunit 3-like protein [Source:UniProtKB/Swiss-Prot;Acc:Q93XX8],0.960271431100415,0.9942094621695396,0.03026373159533218,0.33556566131224985,0.698078868526115,0.5823592453642913,0.08441148752561906,0.41364827785430336,1.0402423260119182,0,0,0,1
AT2G20490.2,GO:0031118,NOP10,2,8831716,8832916,+,1200,protein_coding,H/ACA ribonucleoprotein complex subunit 3-like protein [Source:UniProtKB/Swiss-Prot;Acc:Q93XX8],0.4912815021084377,0.8768902716239193,-0.24359484545490015,0.41650835036106176,0.7599301617884985,-0.2879736415670549,0.6181465490198139,0.8885325731205522,0.1745180084542394,0,0,0,4
AT3G57150.1,GO:0031118,CBF5,3,21153815,21156075,-,2260,protein_coding,Uncharacterized protein At3g57150 (Fragment) [Source:UniProtKB/TrEMBL;Acc:C0SVF3],0.2342019892472099,0.7109050629392714,-0.3207350257864962,0.2343922775150048,0.6031537536568413,-0.3206090957433323,0.1814362484207749,0.5792188514473199,0.3600387129343366,0,0,0,4
AT5G08180.2,GO:0031118,,5,2631516,2633850,-,2334,protein_coding,H/ACA ribonucleoprotein complex subunit 2-like protein [Source:UniProtKB/Swiss-Prot;Acc:Q9LEY9],0.1848377072859673,0.6594232625965702,-0.3093014296841675,0.2049749677462295,0.5684656022855815,-0.2956499421514558,0.18833553852247217,0.5874466985315228,0.3054635673701627,0,0,0,4
