ID,Path,Gene,Chromosome,Start,End,Strand,Length,BioType,Description,Flg22_vs_Mock_pvalue,Flg22_vs_Mock_padj,Flg22_vs_Mock_log2FoldChange,Flg22_SynCom33_vs_Mock_pvalue,Flg22_SynCom33_vs_Mock_padj,Flg22_SynCom33_vs_Mock_log2FoldChange,Flg22_SynCom35_vs_Mock_pvalue,Flg22_SynCom35_vs_Mock_padj,Flg22_SynCom35_vs_Mock_log2FoldChange,Flg22_vs_Mock,Flg22_SynCom33_vs_Mock,Flg22_SynCom35_vs_Mock,cl
AT2G37500.1,GO:0006592,,2,15739783,15742838,-,3055,protein_coding,"Arginine biosynthesis bifunctional protein ArgJ, chloroplastic [Source:UniProtKB/TrEMBL;Acc:A0A178VUS6]",0.18022136787627976,0.6533818202091135,-0.21965114670440705,0.045300691195368746,0.26565732563566813,-0.32899679438054785,0.36962105443021404,0.7544368899875328,0.14585874720276476,0,0,0,4
AT4G17830.1,GO:0006592,,4,9915831,9918243,+,2412,protein_coding,Peptidase M20/M25/M40 family protein [Source:UniProtKB/TrEMBL;Acc:F4JPZ7],0.010859555797477756,0.1624063093663371,0.29612322070085617,0.8912571096152344,0.9713780149575055,0.01598053229730341,0.0018165370403487055,0.04020268180996723,-0.36697421265497193,0,0,0,7
