ID,Path,Gene,Chromosome,Start,End,Strand,Length,BioType,Description,Flg22_vs_Mock_pvalue,Flg22_vs_Mock_padj,Flg22_vs_Mock_log2FoldChange,Flg22_SynCom33_vs_Mock_pvalue,Flg22_SynCom33_vs_Mock_padj,Flg22_SynCom33_vs_Mock_log2FoldChange,Flg22_SynCom35_vs_Mock_pvalue,Flg22_SynCom35_vs_Mock_padj,Flg22_SynCom35_vs_Mock_log2FoldChange,Flg22_vs_Mock,Flg22_SynCom33_vs_Mock,Flg22_SynCom35_vs_Mock,cl
AT2G16950.2,GO:0140142,TRN1,2,7353773,7361256,+,7483,protein_coding,transportin 1 [Source:TAIR;Acc:AT2G16950],0.05404469230017716,0.3909725919473818,-0.18881327924906224,0.04905194236688862,0.27818867398875524,-0.19293050390175265,0.24674048835179907,0.6552315157393135,-0.1133368731612482,0,0,0,8
AT5G53480.1,GO:0140142,KPNB1,5,21713245,21717878,+,4633,protein_coding,Importin subunit beta-1 [Source:UniProtKB/Swiss-Prot;Acc:Q9FJD4],0.029308997400331386,0.2827046577757171,-0.11828302660351075,2.4692115228570053e-5,0.0013601914786361068,-0.22974183355831618,0.013082319359451401,0.1490925813120236,-0.13445031045264513,0,0,0,8
