ID,Path,Gene,Chromosome,Start,End,Strand,Length,BioType,Description,Flg22_vs_Mock_pvalue,Flg22_vs_Mock_padj,Flg22_vs_Mock_log2FoldChange,Flg22_SynCom33_vs_Mock_pvalue,Flg22_SynCom33_vs_Mock_padj,Flg22_SynCom33_vs_Mock_log2FoldChange,Flg22_SynCom35_vs_Mock_pvalue,Flg22_SynCom35_vs_Mock_padj,Flg22_SynCom35_vs_Mock_log2FoldChange,Flg22_vs_Mock,Flg22_SynCom33_vs_Mock,Flg22_SynCom35_vs_Mock,cl
AT3G06580.1,GO:0005534,GAL1,3,2048900,2052147,-,3247,protein_coding,Galactokinase [Source:UniProtKB/Swiss-Prot;Acc:Q9SEE5],0.4883821154452308,0.8761974915606455,0.0714708308272288,0.5344513637027596,0.8331467255718362,0.06409458180576008,0.00841022813419311,0.11392638989437942,-0.27282851396250296,0,0,0,9
AT3G10700.1,GO:0005534,GALAK,3,3346509,3351170,-,4661,protein_coding,GalAK [Source:UniProtKB/TrEMBL;Acc:A0A178V5L4],0.9474346427256549,0.9933269717125698,0.05581134296249631,0.4018857314320531,0.7500341733099453,0.7063676089281578,0.37763582479687013,0.7589309725973687,0.7429341101638302,0,0,0,1
AT3G10700.3,GO:0005534,GALAK,3,3346551,3349892,-,3341,protein_coding,GalAK [Source:UniProtKB/TrEMBL;Acc:A0A178V5L4],0.7093682405181245,0.9450949870794566,-0.0789425344938459,0.8861559813860231,0.9703713019519766,-0.030276869365785188,0.8240516877424477,0.9562990450874443,0.04671363392963384,0,0,0,4
AT4G16130.1,GO:0005534,ARA1,4,9120777,9127938,+,7161,protein_coding,L-arabinokinase [Source:UniProtKB/Swiss-Prot;Acc:O23461],0.1326183604611749,0.5798149718373071,0.1741499074333089,0.955695787471528,0.9902070573278723,0.006457057444009247,0.30817819861425605,0.708958648033782,-0.11853322282463105,0,0,0,7
