ID,Path,Gene,Chromosome,Start,End,Strand,Length,BioType,Description,Flg22_vs_Mock_pvalue,Flg22_vs_Mock_padj,Flg22_vs_Mock_log2FoldChange,Flg22_SynCom33_vs_Mock_pvalue,Flg22_SynCom33_vs_Mock_padj,Flg22_SynCom33_vs_Mock_log2FoldChange,Flg22_SynCom35_vs_Mock_pvalue,Flg22_SynCom35_vs_Mock_padj,Flg22_SynCom35_vs_Mock_log2FoldChange,Flg22_vs_Mock,Flg22_SynCom33_vs_Mock,Flg22_SynCom35_vs_Mock,cl
AT1G47400.1,GO:0046914,,1,17385707,17386485,+,778,protein_coding,unknown protein; BEST Arabidopsis thaliana protein match is: unknown protein (TAIR:AT1G47395.1); Has 11 Blast hits to 11 proteins in 2 species: Archae - 0; Bacteria - 0; Metazoa - 0; Fungi - 0; Plants - 11; Viruses - 0; Other Eukaryotes - 0 (source: /.../BLink). [Source:TAIR;Acc:AT1G47400],0.5371433738567836,0.8923728131932488,0.7227625787296351,0.2909993210321038,0.6590540408451935,1.2311231787686556,0.26902966263323486,NA,-1.3524107669761878,0,0,-0,9
AT5G63530.1,GO:0046914,HIPP07,5,25432890,25435834,+,2944,protein_coding,Heavy metal-associated isoprenylated plant protein 7 [Source:UniProtKB/Swiss-Prot;Acc:Q9C5D3],0.3044125333950558,0.7725374171831655,-1.7098076655474714,0.5253197516952595,NA,-1.0428376081975128,0.7920895001538252,NA,-0.4286729859456189,-0,-0,0,8
AT5G63530.2,GO:0046914,HIPP07,5,25433266,25435817,+,2551,protein_coding,Heavy metal-associated isoprenylated plant protein 7 [Source:UniProtKB/Swiss-Prot;Acc:Q9C5D3],0.02235235060164722,0.2436298794698696,-0.4436242361864176,0.9806879449259157,0.995505479669078,0.004594571789113359,0.01822335108589103,0.18351501901396666,0.4390303311477341,0,0,0,1
