ID,Path,Gene,Chromosome,Start,End,Strand,Length,BioType,Description,Flg22_vs_Mock_pvalue,Flg22_vs_Mock_padj,Flg22_vs_Mock_log2FoldChange,Flg22_SynCom33_vs_Mock_pvalue,Flg22_SynCom33_vs_Mock_padj,Flg22_SynCom33_vs_Mock_log2FoldChange,Flg22_SynCom35_vs_Mock_pvalue,Flg22_SynCom35_vs_Mock_padj,Flg22_SynCom35_vs_Mock_log2FoldChange,Flg22_vs_Mock,Flg22_SynCom33_vs_Mock,Flg22_SynCom35_vs_Mock,cl
AT1G01020.6,GO:0097036,ARV1,1,6788,8737,-,1949,protein_coding,ARV1 family protein [Source:UniProtKB/TrEMBL;Acc:Q5MK24],0.7534881253351109,0.9534674683213675,0.27028642010836185,0.0382012485125047,0.2411885066999361,1.7196715644865486,0.27558350531585574,NA,0.9173567714401927,0,0,0,5
AT1G01020.5,GO:0097036,ARV1,1,6788,9130,-,2342,protein_coding,ARV1 family protein [Source:UniProtKB/TrEMBL;Acc:Q5MK24],0.8672466808947411,0.9792023603859943,-0.172395634764459,0.5917748595101862,0.8648094751199753,-0.55403398067133,0.6978189406294124,0.9178067848251024,0.3996283069478609,0,0,0,4
AT1G01020.4,GO:0097036,ARV1,1,6788,9130,-,2342,protein_coding,ARV1 family protein [Source:UniProtKB/TrEMBL;Acc:Q5MK24],0.027436650310714156,0.2728178955816167,-2.7673597354985997,0.7601859040461777,0.9316261233017913,0.3684409480649477,0.32231106607678106,0.7203509577691732,-1.2058590544780403,-0,0,-0,10
AT1G01020.1,GO:0097036,ARV1,1,6788,9130,-,2342,protein_coding,ARV1 family protein [Source:UniProtKB/TrEMBL;Acc:Q5MK24],0.8188174963025332,0.9680612780538831,0.22513474113096638,0.7559494038635757,0.9302555218430141,0.30538525296320673,0.665771927137802,0.9064938314007508,-0.4257778303592265,0,0,0,9
