ID,Path,Gene,Chromosome,Start,End,Strand,Length,BioType,Description,Flg22_vs_Mock_pvalue,Flg22_vs_Mock_padj,Flg22_vs_Mock_log2FoldChange,Flg22_SynCom33_vs_Mock_pvalue,Flg22_SynCom33_vs_Mock_padj,Flg22_SynCom33_vs_Mock_log2FoldChange,Flg22_SynCom35_vs_Mock_pvalue,Flg22_SynCom35_vs_Mock_padj,Flg22_SynCom35_vs_Mock_log2FoldChange,Flg22_vs_Mock,Flg22_SynCom33_vs_Mock,Flg22_SynCom35_vs_Mock,cl
AT1G05620.1,GO:0006152,URH2,1,1678881,1681710,+,2829,protein_coding,Probable uridine nucleosidase 2 [Source:UniProtKB/Swiss-Prot;Acc:Q8LAC4],0.8312460916763438,0.9702077162517324,-0.11946084551784396,0.504167791762077,0.8152291215081006,0.3730700461391262,0.5838881253151866,0.8749411721477894,-0.307348052544496,0,0,0,10
AT1G05620.2,GO:0006152,URH2,1,1679406,1681710,+,2304,protein_coding,Probable uridine nucleosidase 2 [Source:UniProtKB/Swiss-Prot;Acc:Q8LAC4],0.5721144301061554,0.904977049619021,-0.0654179727684713,0.09195351387300182,0.38759549274534805,-0.19589491660521083,0.49197355092700135,0.8285689317316566,0.07914007488237321,0,0,0,4
AT2G36310.1,GO:0006152,URH1,2,15224497,15227276,-,2779,protein_coding,Uridine nucleosidase 1 [Source:UniProtKB/Swiss-Prot;Acc:Q9SJM7],0.8482363042607657,0.9748667926838857,0.037708796410892656,0.20711972651527522,0.5714072750598962,0.24840192844651804,0.7612130531572395,0.9375026658267344,0.05985819066080118,0,0,0,5
AT5G28050.1,GO:0006152,,5,10043907,10046031,-,2124,protein_coding,Cytidine/deoxycytidylate deaminase family protein [Source:TAIR;Acc:AT5G28050],0.014703848507052293,0.19291311500282987,0.8070399235405685,0.10283919350592026,0.40931643467961926,0.5399305709513151,0.9338344178174329,0.9851661236325965,0.027509267568601403,0,0,0,7
AT5G28050.2,GO:0006152,,5,10043914,10045882,-,1968,protein_coding,Cytidine/deoxycytidylate deaminase family protein [Source:TAIR;Acc:AT5G28050],0.43835967804556975,0.8558509055366595,-0.13684878041038737,0.5910276058163144,0.8644316876299123,0.09479794647235301,0.9055858013422866,0.9784686611287493,0.020923405477865146,0,0,0,1
