ID,Path,Gene,Chromosome,Start,End,Strand,Length,BioType,Description,Flg22_vs_Mock_pvalue,Flg22_vs_Mock_padj,Flg22_vs_Mock_log2FoldChange,Flg22_SynCom33_vs_Mock_pvalue,Flg22_SynCom33_vs_Mock_padj,Flg22_SynCom33_vs_Mock_log2FoldChange,Flg22_SynCom35_vs_Mock_pvalue,Flg22_SynCom35_vs_Mock_padj,Flg22_SynCom35_vs_Mock_log2FoldChange,Flg22_vs_Mock,Flg22_SynCom33_vs_Mock,Flg22_SynCom35_vs_Mock,cl
AT1G72970.1,GO:0046593,HTH,1,27452748,27455964,+,3216,protein_coding,HTH [Source:UniProtKB/TrEMBL;Acc:A0A178WG21],0.0030934395791814805,0.07238958734540724,-0.7021686562083538,0.48362290071886177,0.8022183646257215,-0.16477438161192165,0.3299262173190054,0.7256118291774565,0.22782723319993772,0,0,0,1
AT5G10300.1,GO:0046593,HNL,5,3239455,3240883,+,1428,protein_coding,Alpha-hydroxynitrile lyase [Source:UniProtKB/Swiss-Prot;Acc:Q9LFT6],0.7639932902992022,0.9571339617671963,0.09065559820773132,0.7689875746232112,0.9347914639037542,-0.08899528803533761,0.008738363193020017,0.11666345266241708,0.7834415933652323,0,0,0,4
