ID,Path,Gene,Chromosome,Start,End,Strand,Length,BioType,Description,Flg22_vs_Mock_pvalue,Flg22_vs_Mock_padj,Flg22_vs_Mock_log2FoldChange,Flg22_SynCom33_vs_Mock_pvalue,Flg22_SynCom33_vs_Mock_padj,Flg22_SynCom33_vs_Mock_log2FoldChange,Flg22_SynCom35_vs_Mock_pvalue,Flg22_SynCom35_vs_Mock_padj,Flg22_SynCom35_vs_Mock_log2FoldChange,Flg22_vs_Mock,Flg22_SynCom33_vs_Mock,Flg22_SynCom35_vs_Mock,cl
AT1G55350.4,GO:0097264,DEK1,1,20653740,20665107,-,11367,protein_coding,Calpain-type cysteine protease family [Source:UniProtKB/TrEMBL;Acc:F4I0A4],0.6916863948853951,0.9391891828961481,0.08348704655292408,0.05947626483966677,0.30656727889696583,-0.39878565788326925,0.7293981212679653,0.9276014818160244,-0.07287690843665787,0,0,0,3
AT1G55350.3,GO:0097264,DEK1,1,20653820,20664622,-,10802,protein_coding,Calpain-type cysteine protease family [Source:UniProtKB/TrEMBL;Acc:F4I0A4],0.5439990080031788,0.8953991084190271,0.31291319728436856,0.8889471103740874,0.9712516753810851,-0.07209846779417378,0.8491940020111769,0.963362649797639,0.09809628167434983,0,0,0,3
AT1G55350.2,GO:0097264,DEK1,1,20653820,20664622,-,10802,protein_coding,Calpain-type cysteine protease family [Source:UniProtKB/TrEMBL;Acc:F4I0A4],0.10528587238768425,0.5266494835580603,-0.36739842090977387,0.16215556993184374,0.5098322843167045,-0.31697716995120273,0.6115306127628252,0.8852279259750058,0.11480358866184527,0,0,0,4
