ID,Path,Gene,Chromosome,Start,End,Strand,Length,BioType,Description,Flg22_vs_Mock_pvalue,Flg22_vs_Mock_padj,Flg22_vs_Mock_log2FoldChange,Flg22_SynCom33_vs_Mock_pvalue,Flg22_SynCom33_vs_Mock_padj,Flg22_SynCom33_vs_Mock_log2FoldChange,Flg22_SynCom35_vs_Mock_pvalue,Flg22_SynCom35_vs_Mock_padj,Flg22_SynCom35_vs_Mock_log2FoldChange,Flg22_vs_Mock,Flg22_SynCom33_vs_Mock,Flg22_SynCom35_vs_Mock,cl
AT5G08170.1,GO:0047632,AIH,5,2628300,2631295,-,2995,protein_coding,Agmatine deiminase [Source:UniProtKB/Swiss-Prot;Acc:Q8GWW7],0.001173405572512103,0.03804197163383856,1.6652848258077715,0.008456086811350523,0.09806580054474753,1.3576995321352425,0.17067757321568378,0.5637443031868304,0.7142210960540154,1,0,0,7
AT5G08170.5,GO:0047632,AIH,5,2628325,2630902,-,2577,protein_coding,Agmatine deiminase [Source:UniProtKB/Swiss-Prot;Acc:Q8GWW7],0.3730738956108105,0.8210380963194857,-0.099738425413565,0.004535291274341416,0.06465176805113036,-0.32137689426008986,3.855089829599776e-4,0.013081206081877489,-0.40172335209167104,0,0,0,2
