ID,Path,Gene,Chromosome,Start,End,Strand,Length,BioType,Description,Flg22_vs_Mock_pvalue,Flg22_vs_Mock_padj,Flg22_vs_Mock_log2FoldChange,Flg22_SynCom33_vs_Mock_pvalue,Flg22_SynCom33_vs_Mock_padj,Flg22_SynCom33_vs_Mock_log2FoldChange,Flg22_SynCom35_vs_Mock_pvalue,Flg22_SynCom35_vs_Mock_padj,Flg22_SynCom35_vs_Mock_log2FoldChange,Flg22_vs_Mock,Flg22_SynCom33_vs_Mock,Flg22_SynCom35_vs_Mock,cl
AT1G08060.1,GO:0006344,MOM,1,2501704,2511084,-,9380,protein_coding,ATP-dependent helicase family protein [Source:TAIR;Acc:AT1G08060],2.3217896090150145e-4,0.011846201955941634,7.161829927852997,0.0051377615588301135,0.06986004361379419,5.456041209273522,0.004424470964215054,0.07567770778897429,5.547455380022677,1,0,0,7
AT1G08060.2,GO:0006344,MOM,1,2501742,2510529,-,8787,protein_coding,ATP-dependent helicase family protein [Source:TAIR;Acc:AT1G08060],0.4283224483671743,0.8498645737550804,-0.1390515715852563,0.13816691509326207,0.4729779980156214,-0.2610472966050482,0.6819774800157624,0.9116020787987116,-0.0717273765677465,0,0,0,8
AT1G08060.3,GO:0006344,MOM,1,2501742,2511084,-,9342,protein_coding,ATP-dependent helicase family protein [Source:TAIR;Acc:AT1G08060],0.4447910641268809,0.8593628429616541,-0.9761945941509853,0.6710778294489363,0.9003275380419903,0.5409217545582533,0.965387461772116,0.9919443273438805,0.05530131129965261,0,0,0,5
AT5G66750.1,GO:0006344,DDM1,5,26648897,26653191,+,4294,protein_coding,ATP-dependent DNA helicase DDM1 [Source:UniProtKB/Swiss-Prot;Acc:Q9XFH4],0.2970150143824651,0.7686333673195889,-0.2925134856070537,0.08767958003980132,0.3791831516457431,-0.4804019334488284,0.04983953102061128,0.3199960911847466,0.545057889237461,0,0,0,4
