ID,Path,Gene,Chromosome,Start,End,Strand,Length,BioType,Description,Flg22_vs_Mock_pvalue,Flg22_vs_Mock_padj,Flg22_vs_Mock_log2FoldChange,Flg22_SynCom33_vs_Mock_pvalue,Flg22_SynCom33_vs_Mock_padj,Flg22_SynCom33_vs_Mock_log2FoldChange,Flg22_SynCom35_vs_Mock_pvalue,Flg22_SynCom35_vs_Mock_padj,Flg22_SynCom35_vs_Mock_log2FoldChange,Flg22_vs_Mock,Flg22_SynCom33_vs_Mock,Flg22_SynCom35_vs_Mock,cl
AT2G47450.1,GO:0080085,CAO,2,19472573,19474387,+,1814,protein_coding,"Signal recognition particle 43 kDa protein, chloroplastic [Source:UniProtKB/Swiss-Prot;Acc:O22265]",0.6125503030260459,0.917525396476862,-0.1988228181149238,0.182351846091207,0.5402557391502494,0.5125598062501363,3.6469583231233196e-4,0.012534074762528689,1.3473698267578977,0,0,1,1
AT5G03940.1,GO:0080085,FFC,5,1060106,1063425,-,3319,protein_coding,SRP54CP [Source:UniProtKB/TrEMBL;Acc:A0A178UD49],0.0976679724288554,0.5119344265914425,-0.3611644810187259,0.1172104537468097,0.4355883759207305,-0.34154299039393254,0.2876712065883474,0.693621668949736,0.22900873545408243,0,0,0,4
