ID,Path,Gene,Chromosome,Start,End,Strand,Length,BioType,Description,Flg22_vs_Mock_pvalue,Flg22_vs_Mock_padj,Flg22_vs_Mock_log2FoldChange,Flg22_SynCom33_vs_Mock_pvalue,Flg22_SynCom33_vs_Mock_padj,Flg22_SynCom33_vs_Mock_log2FoldChange,Flg22_SynCom35_vs_Mock_pvalue,Flg22_SynCom35_vs_Mock_padj,Flg22_SynCom35_vs_Mock_log2FoldChange,Flg22_vs_Mock,Flg22_SynCom33_vs_Mock,Flg22_SynCom35_vs_Mock,cl
AT3G48870.1,GO:0034214,CLPC2,3,18122142,18126718,-,4576,protein_coding,"Chaperone protein ClpC2, chloroplastic [Source:UniProtKB/Swiss-Prot;Acc:Q9SXJ7]",0.11974612610244303,0.5580117681343423,0.8177791719772465,0.2531045767416761,0.623644109254788,0.6009955320045921,0.18294640999721073,0.5804199830822756,0.7000441345688455,0,0,0,6
AT3G48870.2,GO:0034214,CLPC2,3,18122179,18126742,-,4563,protein_coding,"Chaperone protein ClpC2, chloroplastic [Source:UniProtKB/Swiss-Prot;Acc:Q9SXJ7]",0.16290748114505454,0.626080338003078,-0.288485508737954,0.038711412560989186,0.24314023188423162,-0.42757019917494415,0.5269964299970588,0.8472073185780482,0.13064507375481357,0,0,0,4
AT5G51070.1,GO:0034214,CLPD,5,20764096,20768764,+,4668,protein_coding,"Chaperone protein ClpD, chloroplastic [Source:UniProtKB/Swiss-Prot;Acc:P42762]",0.6359033142638648,0.9258427015876665,0.08006200878639858,0.7641587233695467,0.9330904264303362,-0.05075947578888937,0.026253166192426215,0.22527366308672309,-0.37632262328231153,0,0,0,2
