ID,Path,Gene,Chromosome,Start,End,Strand,Length,BioType,Description,Flg22_vs_Mock_pvalue,Flg22_vs_Mock_padj,Flg22_vs_Mock_log2FoldChange,Flg22_SynCom33_vs_Mock_pvalue,Flg22_SynCom33_vs_Mock_padj,Flg22_SynCom33_vs_Mock_log2FoldChange,Flg22_SynCom35_vs_Mock_pvalue,Flg22_SynCom35_vs_Mock_padj,Flg22_SynCom35_vs_Mock_log2FoldChange,Flg22_vs_Mock,Flg22_SynCom33_vs_Mock,Flg22_SynCom35_vs_Mock,cl
AT4G05020.1,GO:0015036,NDB2,4,2572427,2576599,+,4172,protein_coding,NAD(P)H dehydrogenase B2 [Source:UniProtKB/TrEMBL;Acc:F4JGL5],0.8827714580429742,0.9829583821909567,0.037951038331108286,0.11654619994096603,0.4347758738291769,-0.40414629743700287,2.3049691844862363e-6,2.282014347340324e-4,-1.2182487974669842,0,0,-1,2
AT4G28220.2,GO:0015036,NDB1,4,13992210,13995295,+,3085,protein_coding,"External alternative NAD(P)H-ubiquinone oxidoreductase B1, mitochondrial [Source:UniProtKB/Swiss-Prot;Acc:Q1JPL4]",0.3989760907401121,0.8374389055373658,-1.35403176162722,0.7184989036972245,NA,-0.5720611398332274,0.8414335503990983,NA,0.31491682251281816,-0,0,0,4
AT4G28220.1,GO:0015036,NDB1,4,13992210,13995831,+,3621,protein_coding,"External alternative NAD(P)H-ubiquinone oxidoreductase B1, mitochondrial [Source:UniProtKB/Swiss-Prot;Acc:Q1JPL4]",0.29575988070120285,0.7674469978541599,-0.22598701242969446,0.6320944200189579,0.882908252086339,0.10269365317476625,0.01625530562537181,0.1707657497202812,0.5107204684815382,0,0,0,1
