ID,Path,Gene,Chromosome,Start,End,Strand,Length,BioType,Description,Flg22_vs_Mock_pvalue,Flg22_vs_Mock_padj,Flg22_vs_Mock_log2FoldChange,Flg22_SynCom33_vs_Mock_pvalue,Flg22_SynCom33_vs_Mock_padj,Flg22_SynCom33_vs_Mock_log2FoldChange,Flg22_SynCom35_vs_Mock_pvalue,Flg22_SynCom35_vs_Mock_padj,Flg22_SynCom35_vs_Mock_log2FoldChange,Flg22_vs_Mock,Flg22_SynCom33_vs_Mock,Flg22_SynCom35_vs_Mock,cl
AT2G16980.5,GO:0015904,,2,7376323,7381103,+,4780,protein_coding,Major facilitator superfamily protein [Source:TAIR;Acc:AT2G16980],0.05775121830143197,0.4024053173734853,0.79278295385703,0.002577058126946226,0.04415253081454968,1.2440727987166738,0.0011489237867077645,0.029064993123675498,1.3364587138703123,0,1,1,6
AT2G16980.2,GO:0015904,,2,7376349,7381097,+,4748,protein_coding,Major facilitator superfamily protein [Source:TAIR;Acc:AT2G16980],0.3467032757077488,0.8035755510549998,0.18764826843157312,0.026997442544423232,0.1982368889590782,0.4396631938172441,0.008813511146769072,0.11740611914117959,0.519729041269722,0,0,0,1
AT2G16980.6,GO:0015904,,2,7377229,7381165,+,3936,protein_coding,Major facilitator superfamily protein [Source:TAIR;Acc:AT2G16980],0.44806120382234,0.8607366826198816,0.30692796739138717,0.49129397130459324,0.8071236653798249,0.27914398034331417,0.6442847145944948,NA,0.1872665079402698,0,0,0,6
AT2G16990.3,GO:0015904,,2,7382805,7387976,+,5171,protein_coding,Major facilitator superfamily protein [Source:UniProtKB/TrEMBL;Acc:F4IMD9],0.1427406596398085,0.5973009185826555,-1.196726485437542,0.11313804411880904,0.42896712299038425,-1.297394791425806,0.32508767074230427,NA,-0.7950294919755461,-0,-0,0,8
AT2G16990.1,GO:0015904,,2,7382805,7387976,+,5171,protein_coding,Major facilitator superfamily protein [Source:UniProtKB/TrEMBL;Acc:F4IMD9],0.5934051791872121,0.9104881942491783,0.21939743995808797,0.9043586822296338,0.9755298328885262,-0.049641796393636625,0.17699962078153605,0.5731365238344843,-0.5634994316427977,0,0,0,2
