ID,Path,Gene,Chromosome,Start,End,Strand,Length,BioType,Description,Flg22_vs_Mock_pvalue,Flg22_vs_Mock_padj,Flg22_vs_Mock_log2FoldChange,Flg22_SynCom33_vs_Mock_pvalue,Flg22_SynCom33_vs_Mock_padj,Flg22_SynCom33_vs_Mock_log2FoldChange,Flg22_SynCom35_vs_Mock_pvalue,Flg22_SynCom35_vs_Mock_padj,Flg22_SynCom35_vs_Mock_log2FoldChange,Flg22_vs_Mock,Flg22_SynCom33_vs_Mock,Flg22_SynCom35_vs_Mock,cl
AT1G53910.1,GO:0070483,RAP2-12,1,20134844,20137013,+,2169,protein_coding,Ethylene-responsive transcription factor RAP2-12 [Source:UniProtKB/Swiss-Prot;Acc:Q9SSA8],0.7558159194988125,0.9542576273812873,-0.0843324537997385,0.4124777251446331,0.7573925005012313,-0.22234032049298158,0.639898752808653,0.8974867749085723,-0.12685858506038847,0,0,0,8
AT1G53910.2,GO:0070483,RAP2-12,1,20135100,20136941,+,1841,protein_coding,Ethylene-responsive transcription factor RAP2-12 [Source:UniProtKB/Swiss-Prot;Acc:Q9SSA8],0.007772539770579554,0.13143952805732256,-0.4425560605101393,0.006281565472576533,0.07983973665900822,-0.4544271167226,0.43826896806841226,0.7980064592812262,-0.12853904042535821,0,0,0,8
AT1G53910.3,GO:0070483,RAP2-12,1,20135112,20136970,+,1858,protein_coding,Ethylene-responsive transcription factor RAP2-12 [Source:UniProtKB/Swiss-Prot;Acc:Q9SSA8],0.006004911284608784,0.1119988947626363,-0.3866715925045043,0.010423225565224528,0.11154345129154689,-0.36044355342559203,0.08511855848922456,0.4157089484640204,-0.2418923411430369,0,0,0,8
AT5G15120.1,GO:0070483,PCO1,5,4898641,4900734,+,2093,protein_coding,Plant cysteine oxidase 1 [Source:UniProtKB/Swiss-Prot;Acc:Q9LXG9],3.0936715786404953e-4,0.014539737347197806,0.8021398721616227,4.692513361451643e-12,2.4258489265873665e-9,1.5179434463051769,0.9201342453775769,0.9815234138040337,0.022747138605937824,0,1,0,9
AT5G39890.1,GO:0070483,PCO2,5,15974270,15976270,+,2000,protein_coding,Plant cysteine oxidase 2 [Source:UniProtKB/Swiss-Prot;Acc:Q8LGJ5],1.3667774348663477e-8,4.2071211789056335e-6,2.7073586672384438,3.578424622435065e-8,6.4130140466866275e-6,2.6333194806965885,0.35671341330925455,0.744461002065638,0.48933510960323423,1,1,0,9
