ID,Path,Gene,Chromosome,Start,End,Strand,Length,BioType,Description,Flg22_vs_Mock_pvalue,Flg22_vs_Mock_padj,Flg22_vs_Mock_log2FoldChange,Flg22_SynCom33_vs_Mock_pvalue,Flg22_SynCom33_vs_Mock_padj,Flg22_SynCom33_vs_Mock_log2FoldChange,Flg22_SynCom35_vs_Mock_pvalue,Flg22_SynCom35_vs_Mock_padj,Flg22_SynCom35_vs_Mock_log2FoldChange,Flg22_vs_Mock,Flg22_SynCom33_vs_Mock,Flg22_SynCom35_vs_Mock,cl
AT3G22910.1,GO:0099131,ACA13,3,8116292,8119490,-,3198,protein_coding,"Putative calcium-transporting ATPase 13, plasma membrane-type [Source:UniProtKB/Swiss-Prot;Acc:Q9LIK7]",0.11077148164548505,0.5379368884139532,0.813552531462979,0.01342734833159131,0.13036745911637204,1.2590393998956435,0.014535678271645248,0.1592530632189515,-1.271280251136963,0,0,-0,9
AT3G63380.1,GO:0099131,ACA12,3,23406484,23410360,-,3876,protein_coding,Calcium-transporting ATPase [Source:UniProtKB/TrEMBL;Acc:A0A178VEV7],0.10538722188683228,0.5266494835580603,-0.6110518059087584,0.7456039240786485,0.9269875444955243,0.12236245742110247,2.7290126496764335e-4,0.010188236476466304,-1.374692882123222,0,0,-1,10
AT4G33520.2,GO:0099131,PAA1,4,16118830,16126151,+,7321,protein_coding,"Copper-transporting ATPase PAA1, chloroplastic [Source:UniProtKB/Swiss-Prot;Acc:Q9SZC9]",0.6085818432461104,0.9158979295089141,0.1079068502874055,0.05644886975462314,0.299216258784204,-0.4089238885404025,0.9042574587922719,0.978301969851137,-0.025384313993404056,0,0,0,3
AT4G33520.1,GO:0099131,PAA1,4,16118855,16120953,+,2098,protein_coding,"Copper-transporting ATPase PAA1, chloroplastic [Source:UniProtKB/Swiss-Prot;Acc:Q9SZC9]",0.6394273269040919,0.9266386700765956,0.1222382607119642,0.524156210845658,0.827185498948002,-0.16895147927999007,0.6421979334929429,0.8984641208974752,0.12076105673486928,0,0,0,3
AT4G33520.4,GO:0099131,PAA1,4,16118917,16120935,+,2018,protein_coding,"Copper-transporting ATPase PAA1, chloroplastic [Source:UniProtKB/Swiss-Prot;Acc:Q9SZC9]",0.9685736443104579,NA,-0.0426090256817071,0.31989922344182975,NA,-1.1274479301910734,0.8571358290415231,NA,-0.19513615237628845,0,-0,0,3
