ID,Path,Gene,Chromosome,Start,End,Strand,Length,BioType,Description,Flg22_vs_Mock_pvalue,Flg22_vs_Mock_padj,Flg22_vs_Mock_log2FoldChange,Flg22_SynCom33_vs_Mock_pvalue,Flg22_SynCom33_vs_Mock_padj,Flg22_SynCom33_vs_Mock_log2FoldChange,Flg22_SynCom35_vs_Mock_pvalue,Flg22_SynCom35_vs_Mock_padj,Flg22_SynCom35_vs_Mock_log2FoldChange,Flg22_vs_Mock,Flg22_SynCom33_vs_Mock,Flg22_SynCom35_vs_Mock,cl
AT1G12370.3,GO:0003913,PHR1,1,4206360,4208951,-,2591,protein_coding,Deoxyribodipyrimidine photo-lyase [Source:UniProtKB/Swiss-Prot;Acc:Q9SB00],0.870279722605382,0.9800661732755555,0.10312305972732491,0.7985347832046483,0.9444756388442851,0.16085725801435286,0.27486266677790827,NA,0.6737460577143529,0,0,0,4
AT1G12370.2,GO:0003913,PHR1,1,4206360,4208999,-,2639,protein_coding,Deoxyribodipyrimidine photo-lyase [Source:UniProtKB/Swiss-Prot;Acc:Q9SB00],0.6738668493105648,0.9355977356152779,-0.12101323716926575,0.005772926976335762,0.075644587355112,-0.8031309885409073,0.4151560037859862,0.7819481045238594,-0.23442097066457615,0,0,0,3
AT2G47590.1,GO:0003913,PHR2,2,19521774,19524095,+,2321,protein_coding,At2g47590 [Source:UniProtKB/TrEMBL;Acc:Q058P5],0.8340013033138958,0.970542629013237,-0.04367316485603006,0.45139210511614486,0.7839149385537102,-0.15719765189689894,0.3538975384854825,0.7428315120103056,0.19249934182040201,0,0,0,4
AT4G25290.1,GO:0003913,,4,12941242,12945052,-,3810,protein_coding,DNA photolyase [Source:UniProtKB/TrEMBL;Acc:F4JSJ6],0.6540441564655854,0.9291391076816493,0.14830943354547807,0.9833072670659679,0.9960923275379255,0.0069578040813765415,0.4768059374706819,0.8205722809984686,-0.23787905396336634,0,0,0,7
AT5G24850.1,GO:0003913,CRYD,5,8535258,8538211,-,2953,protein_coding,"Cryptochrome DASH, chloroplastic/mitochondrial [Source:UniProtKB/Swiss-Prot;Acc:Q84KJ5]",0.43306083375848375,0.8532367598233727,-0.2480924727086135,0.008581773460697467,0.09918109809564458,-0.8353689515969623,0.17166318438527062,0.5654261897509365,-0.43284448734307024,0,0,0,3
