ID,Path,Gene,Chromosome,Start,End,Strand,Length,BioType,Description,Flg22_vs_Mock_pvalue,Flg22_vs_Mock_padj,Flg22_vs_Mock_log2FoldChange,Flg22_SynCom33_vs_Mock_pvalue,Flg22_SynCom33_vs_Mock_padj,Flg22_SynCom33_vs_Mock_log2FoldChange,Flg22_SynCom35_vs_Mock_pvalue,Flg22_SynCom35_vs_Mock_padj,Flg22_SynCom35_vs_Mock_log2FoldChange,Flg22_vs_Mock,Flg22_SynCom33_vs_Mock,Flg22_SynCom35_vs_Mock,cl
AT1G11190.1,GO:0043765,ENDO1,1,3750066,3752780,-,2714,protein_coding,ENDO1 [Source:UniProtKB/TrEMBL;Acc:A0A178WKD4],6.343453225301117e-8,1.6301510852652256e-5,1.081299093697061,0.03678322082711537,0.23706702044462127,0.423286934327758,2.0564985369134225e-4,0.008329165286374262,-0.7841916357090448,1,0,0,7
AT1G68290.1,GO:0043765,ENDO2,1,25596671,25598438,+,1767,protein_coding,Endonuclease 2 [Source:UniProtKB/Swiss-Prot;Acc:Q9C9G4],0.04286461495418039,0.34850321135008056,0.46263338563735534,0.013522676479973305,0.13099696905752878,0.5615248364076275,0.35251140902083483,0.7416623040764484,-0.2210014267644037,0,0,0,9
AT4G21600.1,GO:0043765,ENDO5,4,11484981,11487535,+,2554,protein_coding,Endonuclease 5 [Source:UniProtKB/Swiss-Prot;Acc:F4JJL3],0.004162412011536133,0.08832827489025652,-0.5932145355203076,0.11439270945395608,0.4311700526558115,-0.32637293050997557,0.8182905018444986,0.9543983771902524,0.04740167388908481,0,0,0,4
