ID,Path,Gene,Chromosome,Start,End,Strand,Length,BioType,Description,Flg22_vs_Mock_pvalue,Flg22_vs_Mock_padj,Flg22_vs_Mock_log2FoldChange,Flg22_SynCom33_vs_Mock_pvalue,Flg22_SynCom33_vs_Mock_padj,Flg22_SynCom33_vs_Mock_log2FoldChange,Flg22_SynCom35_vs_Mock_pvalue,Flg22_SynCom35_vs_Mock_padj,Flg22_SynCom35_vs_Mock_log2FoldChange,Flg22_vs_Mock,Flg22_SynCom33_vs_Mock,Flg22_SynCom35_vs_Mock,cl
AT3G18770.1,GO:0034727,ATG13B,3,6459816,6463101,-,3285,protein_coding,Autophagy-related protein 13b [Source:UniProtKB/Swiss-Prot;Acc:F4J8V5],0.8302081433595857,0.9698597075340092,0.0414900014190347,0.9116786662710759,0.9774376421872357,-0.021525181155170013,0.9876066667087938,0.9976551540078636,-0.0030013667947256578,0,0,0,3
AT3G49590.1,GO:0034727,,3,18377409,18380369,+,2960,protein_coding,Autophagy-related protein 13 [Source:UniProtKB/TrEMBL;Acc:F4IXZ6],0.46039463798293334,0.8653400069720246,0.5157741684971778,0.4004418524660166,0.7491048285796983,0.5872732869658847,0.8858741846725275,0.9740459215849286,-0.10068129455748785,0,0,0,9
AT3G49590.3,GO:0034727,,3,18377479,18380274,+,2795,protein_coding,Autophagy-related protein 13 [Source:UniProtKB/TrEMBL;Acc:F4IXZ6],0.9651520966687186,0.9946629527453268,-0.08838458460037935,0.9804326062067282,0.995467189909702,-0.04960939471689963,0.5814713831125338,NA,1.10918888177573,0,0,0,4
AT3G49590.2,GO:0034727,,3,18377560,18380284,+,2724,protein_coding,Autophagy-related protein 13 [Source:UniProtKB/TrEMBL;Acc:F4IXZ6],0.396154751538977,0.8361037332133132,-0.1326944840992878,0.27268801058436726,0.642341316204781,-0.17164061857886276,0.06590362795493676,0.36625305644256606,-0.2878719021476336,0,0,0,2
AT4G30790.1,GO:0034727,ATG11,4,14992396,14998649,-,6253,protein_coding,Autophagy-related protein 11 [Source:UniProtKB/Swiss-Prot;Acc:Q9SUG7],0.3035374129296647,0.7721019318536904,0.18186453089668436,0.11174888208303627,0.42689121048119666,0.2810060770151015,0.25752705956343325,0.6654050047231315,-0.200450100778742,0,0,0,9
AT5G45900.1,GO:0034727,ATG7,5,18615175,18618597,+,3422,protein_coding,Ubiquitin-like modifier-activating enzyme atg7 [Source:UniProtKB/Swiss-Prot;Acc:Q94CD5],0.6640586293194748,0.9325383080246943,-0.04893422494174389,0.45668613000925123,0.7865283401477016,-0.08407674620074625,0.9429409541340742,0.9865976003276843,-0.008011407826090132,0,0,0,4
