ID,Path,Gene,Chromosome,Start,End,Strand,Length,BioType,Description,Flg22_vs_Mock_pvalue,Flg22_vs_Mock_padj,Flg22_vs_Mock_log2FoldChange,Flg22_SynCom33_vs_Mock_pvalue,Flg22_SynCom33_vs_Mock_padj,Flg22_SynCom33_vs_Mock_log2FoldChange,Flg22_SynCom35_vs_Mock_pvalue,Flg22_SynCom35_vs_Mock_padj,Flg22_SynCom35_vs_Mock_log2FoldChange,Flg22_vs_Mock,Flg22_SynCom33_vs_Mock,Flg22_SynCom35_vs_Mock,cl
AT2G36690.1,GO:0009685,,2,15379660,15382131,+,2471,protein_coding,2-oxoglutarate (2OG) and Fe(II)-dependent oxygenase superfamily protein [Source:UniProtKB/TrEMBL;Acc:F4INZ9],0.645426464365646,0.9273604099470842,-0.1763933651422832,0.8294581563585519,0.9525587046834668,0.08235623332587635,6.385856579472671e-4,0.018896794291384196,1.2945479173160612,0,0,1,4
AT2G36690.2,GO:0009685,,2,15379846,15381991,+,2145,protein_coding,2-oxoglutarate (2OG) and Fe(II)-dependent oxygenase superfamily protein [Source:UniProtKB/TrEMBL;Acc:F4INZ9],0.5083892979243703,0.8829728653534076,-0.2578304124363927,0.3805212521433453,0.7353743097012659,0.3397876476748553,0.002268344850521148,0.04758469475096164,1.1758985678811216,0,0,1,1
AT4G21200.1,GO:0009685,GA2OX8,4,11302682,11306770,+,4088,protein_coding,Gibberellin 2-beta-dioxygenase 8 [Source:UniProtKB/Swiss-Prot;Acc:O49561],0.32713314843344504,0.7906018328973351,-0.4081215477043269,0.7796399532457485,0.9380879001106509,0.11326850645769539,0.095397855514178,0.4405147040230507,-0.7047735688217867,0,0,0,10
