ID,Path,Gene,Chromosome,Start,End,Strand,Length,BioType,Description,Flg22_vs_Mock_pvalue,Flg22_vs_Mock_padj,Flg22_vs_Mock_log2FoldChange,Flg22_SynCom33_vs_Mock_pvalue,Flg22_SynCom33_vs_Mock_padj,Flg22_SynCom33_vs_Mock_log2FoldChange,Flg22_SynCom35_vs_Mock_pvalue,Flg22_SynCom35_vs_Mock_padj,Flg22_SynCom35_vs_Mock_log2FoldChange,Flg22_vs_Mock,Flg22_SynCom33_vs_Mock,Flg22_SynCom35_vs_Mock,cl
AT3G09840.1,GO:0097352,CDC48A,3,3019249,3023052,+,3803,protein_coding,CDC48A [Source:UniProtKB/TrEMBL;Acc:A0A384KA82],0.13106379987266206,0.5769251206642452,-0.13830652833135645,0.002185132953525934,0.039396877301599034,-0.28071893081337423,2.269947716267791e-4,0.008962304821637594,-0.3377867251227121,0,0,0,2
AT3G53230.1,GO:0097352,CDC48D,3,19723350,19727128,+,3778,protein_coding,Cell division control protein 48 homolog D [Source:UniProtKB/Swiss-Prot;Acc:Q9SCN8],0.36247027847805396,0.8135871678923836,-0.19717281877112264,9.312009833633517e-6,6.1204266099691e-4,-0.9615641840755321,1.1987601909797627e-9,4.4368881037832514e-7,-1.3202886842387047,0,0,-1,2
AT5G03340.1,GO:0097352,CDC48E,5,809830,813293,-,3463,protein_coding,Cell division control protein 48 homolog E [Source:UniProtKB/Swiss-Prot;Acc:Q9LZF6],0.21684825103826608,0.6932738123383849,0.1220285606694039,0.07766943163940408,0.356078286990424,-0.17534623189469975,0.019926606094219725,0.19318569752711806,-0.23117511451462433,0,0,0,2
