ID,Path,Gene,Chromosome,Start,End,Strand,Length,BioType,Description,Flg22_vs_Mock_pvalue,Flg22_vs_Mock_padj,Flg22_vs_Mock_log2FoldChange,Flg22_SynCom33_vs_Mock_pvalue,Flg22_SynCom33_vs_Mock_padj,Flg22_SynCom33_vs_Mock_log2FoldChange,Flg22_SynCom35_vs_Mock_pvalue,Flg22_SynCom35_vs_Mock_padj,Flg22_SynCom35_vs_Mock_log2FoldChange,Flg22_vs_Mock,Flg22_SynCom33_vs_Mock,Flg22_SynCom35_vs_Mock,cl
AT2G28880.1,GO:0046656,ADCS,2,12398745,12403621,-,4876,protein_coding,"Aminodeoxychorismate synthase, chloroplastic [Source:UniProtKB/Swiss-Prot;Acc:Q8LPN3]",0.3248680318943654,0.7880047143568644,-0.13567088640851133,0.1681395629750964,0.5191142450782752,-0.1909197545195467,0.44856774153965767,0.803944060999754,0.10202907763683,0,0,0,4
AT3G11750.1,GO:0046656,FOLB1,3,3714762,3716018,-,1256,protein_coding,Dihydroneopterin aldolase 1 [Source:UniProtKB/Swiss-Prot;Acc:Q9SF23],0.9298551872356382,NA,-0.07442438921140207,0.5998073534457105,NA,0.43091401999425544,0.7821414272203687,NA,-0.23506659206512973,0,0,0,5
AT4G30000.2,GO:0046656,,4,14670156,14672463,-,2307,protein_coding,Dihydropterin pyrophosphokinase / Dihydropteroate synthase [Source:TAIR;Acc:AT4G30000],0.5776820068357846,0.9063365094182143,0.44150741652034586,0.3215242297017258,0.6849898664222929,0.7828053767433218,0.13222274029497025,0.5077791780844242,1.183113541637246,0,0,0,6
AT4G30000.1,GO:0046656,,4,14670156,14672669,-,2513,protein_coding,Dihydropterin pyrophosphokinase / Dihydropteroate synthase [Source:TAIR;Acc:AT4G30000],0.43880107170319105,0.8560343082525557,-0.29461705685476713,0.7979960777382312,0.9442614033699768,-0.09693698650744716,0.9125533583020249,0.9802172575629858,-0.041456993527181824,0,0,0,1
AT5G62980.1,GO:0046656,FOLB2,5,25276032,25277293,+,1261,protein_coding,Dihydroneopterin aldolase 2 [Source:UniProtKB/Swiss-Prot;Acc:Q9FM54],0.5766079179835558,0.9062875630636722,0.1511332662332936,0.3339841810476686,0.6968347411697704,-0.26848916735090195,0.12809850662550695,0.5008076030720386,-0.42479697964178414,0,0,0,2
