ID,Path,Gene,Chromosome,Start,End,Strand,Length,BioType,Description,Flg22_vs_Mock_pvalue,Flg22_vs_Mock_padj,Flg22_vs_Mock_log2FoldChange,Flg22_SynCom33_vs_Mock_pvalue,Flg22_SynCom33_vs_Mock_padj,Flg22_SynCom33_vs_Mock_log2FoldChange,Flg22_SynCom35_vs_Mock_pvalue,Flg22_SynCom35_vs_Mock_padj,Flg22_SynCom35_vs_Mock_log2FoldChange,Flg22_vs_Mock,Flg22_SynCom33_vs_Mock,Flg22_SynCom35_vs_Mock,cl
AT4G14790.2,GO:0045025,SUV3,4,8495701,8500152,-,4451,protein_coding,EDA15 [Source:UniProtKB/TrEMBL;Acc:A0A178V2P1],0.5363744140479176,0.8922801703152878,0.6140820624525856,0.8223759582216108,0.9516081857693248,0.22422373642571491,0.09366950915159385,NA,1.6489132004466223,0,0,0,6
AT4G14790.1,GO:0045025,SUV3,4,8496031,8500237,-,4206,protein_coding,EDA15 [Source:UniProtKB/TrEMBL;Acc:A0A178V2P1],0.0170804328460556,0.21030859170092317,-0.3959474072636422,0.0029001783308154664,0.047755787177317946,-0.49687122903856556,0.2676310065643613,0.6754082404201619,-0.18192628242860626,0,0,0,8
AT5G39840.1,GO:0045025,,5,15946566,15949422,+,2856,protein_coding,"DExH-box ATP-dependent RNA helicase DExH18, mitochondrial [Source:UniProtKB/Swiss-Prot;Acc:F4KFV7]",0.28294677425535403,0.7579924576516822,-0.30059727067258807,0.06749089869333266,0.32915281906280275,-0.5143860303816195,0.7594156654652879,0.9370961964970248,0.0850456396438234,0,0,0,4
