ID,Path,Gene,Chromosome,Start,End,Strand,Length,BioType,Description,Flg22_vs_Mock_pvalue,Flg22_vs_Mock_padj,Flg22_vs_Mock_log2FoldChange,Flg22_SynCom33_vs_Mock_pvalue,Flg22_SynCom33_vs_Mock_padj,Flg22_SynCom33_vs_Mock_log2FoldChange,Flg22_SynCom35_vs_Mock_pvalue,Flg22_SynCom35_vs_Mock_padj,Flg22_SynCom35_vs_Mock_log2FoldChange,Flg22_vs_Mock,Flg22_SynCom33_vs_Mock,Flg22_SynCom35_vs_Mock,cl
AT5G11470.2,GO:0051570,,5,3662634,3668214,-,5580,protein_coding,bromo-adjacent homology (BAH) domain-containing protein [Source:TAIR;Acc:AT5G11470],0.8684037870068915,0.9796012638685582,-0.03952399652649915,0.005114326697334007,0.06964638427649346,0.6403315441227816,0.10264998992690198,0.4559613777862832,0.37678912749927057,0,0,0,5
AT5G22010.1,GO:0051570,RFC1,5,7280321,7287434,-,7113,protein_coding,Replication factor C subunit 1 [Source:UniProtKB/Swiss-Prot;Acc:Q9C587],0.10766274631199214,0.5324642494518891,-0.13600369114188135,0.3033591602908322,0.6709871286676982,-0.08687777014497385,0.966357845541329,0.9919482887818643,0.0035362219295399944,0,0,0,4
AT5G22010.2,GO:0051570,RFC1,5,7280321,7287434,-,7113,protein_coding,Replication factor C subunit 1 [Source:UniProtKB/Swiss-Prot;Acc:Q9C587],0.7669471929452775,0.9571733012705728,-0.276975545414816,0.3495030634293653,0.7102210504289281,-0.8801395235639417,0.9673993265712914,0.9923123134071854,-0.038101079493082016,0,0,0,8
