ID,Path,Gene,Chromosome,Start,End,Strand,Length,BioType,Description,Flg22_vs_Mock_pvalue,Flg22_vs_Mock_padj,Flg22_vs_Mock_log2FoldChange,Flg22_SynCom33_vs_Mock_pvalue,Flg22_SynCom33_vs_Mock_padj,Flg22_SynCom33_vs_Mock_log2FoldChange,Flg22_SynCom35_vs_Mock_pvalue,Flg22_SynCom35_vs_Mock_padj,Flg22_SynCom35_vs_Mock_log2FoldChange,Flg22_vs_Mock,Flg22_SynCom33_vs_Mock,Flg22_SynCom35_vs_Mock,cl
AT5G36880.1,GO:0019427,ACS,5,14534585,14540245,-,5660,protein_coding,"Acetyl-coenzyme A synthetase, chloroplastic/glyoxysomal [Source:UniProtKB/Swiss-Prot;Acc:B9DGD6]",0.014603241775541394,0.1921069962104724,0.615554823216603,0.9223524433943613,0.9809832731511522,-0.024622165136400864,0.3847810902572793,0.7649079996594348,-0.2196489117695373,0,0,0,7
AT5G36880.2,GO:0019427,ACS,5,14534603,14540441,-,5838,protein_coding,"Acetyl-coenzyme A synthetase, chloroplastic/glyoxysomal [Source:UniProtKB/Swiss-Prot;Acc:B9DGD6]",0.10670971472552905,0.5293538306106438,0.7087319116538583,0.08990963950284783,0.3833913383900191,0.7450156225433833,0.3046999069777555,0.7068182838227693,0.4512118698689793,0,0,0,6
AT5G36880.6,GO:0019427,ACS,5,14534700,14539599,-,4899,protein_coding,"Acetyl-coenzyme A synthetase, chloroplastic/glyoxysomal [Source:UniProtKB/Swiss-Prot;Acc:B9DGD6]",0.2113111331625382,0.6875404984337156,-0.13650736579487646,0.7316589183370039,0.9233456491186778,-0.03742816211504017,0.022585616235611124,0.2071539288586856,-0.2490964393422769,0,0,0,10
AT5G36880.4,GO:0019427,ACS,5,14534700,14540245,-,5545,protein_coding,"Acetyl-coenzyme A synthetase, chloroplastic/glyoxysomal [Source:UniProtKB/Swiss-Prot;Acc:B9DGD6]",0.9748429042280438,0.9949471521345139,0.023558073523806424,0.29444577001967903,0.6620904382826442,0.7798889036180445,0.9137948236332337,0.9806439408942963,-0.0808861401462251,0,0,0,5
