ID,Path,Gene,Chromosome,Start,End,Strand,Length,BioType,Description,Flg22_vs_Mock_pvalue,Flg22_vs_Mock_padj,Flg22_vs_Mock_log2FoldChange,Flg22_SynCom33_vs_Mock_pvalue,Flg22_SynCom33_vs_Mock_padj,Flg22_SynCom33_vs_Mock_log2FoldChange,Flg22_SynCom35_vs_Mock_pvalue,Flg22_SynCom35_vs_Mock_padj,Flg22_SynCom35_vs_Mock_log2FoldChange,Flg22_vs_Mock,Flg22_SynCom33_vs_Mock,Flg22_SynCom35_vs_Mock,cl
AT2G14750.1,GO:0016772,APK1,2,6313883,6316047,+,2164,protein_coding,Adenylyl-sulfate kinase [Source:UniProtKB/TrEMBL;Acc:A0A178VLM3],0.3170196602393266,0.7822980100599901,0.16629747330999534,0.8808067067138885,0.9681244075962442,0.024942271661705876,0.16475182491548274,0.5551259669211042,-0.23133550998681296,0,0,0,7
AT3G03900.1,GO:0016772,APK3,3,1002765,1005025,-,2260,protein_coding,Adenylyl-sulfate kinase 3 [Source:UniProtKB/Swiss-Prot;Acc:Q9SRW7],0.9916923806828045,0.9981690165484822,0.0026885002151648373,0.6885311546155011,0.9074189899206839,-0.10401496625830826,0.6551955854948066,0.9025305122149474,-0.1154851464834625,0,0,0,3
AT3G60620.1,GO:0016772,CDS5,3,22406313,22408747,+,2434,protein_coding,"Phosphatidate cytidylyltransferase 5, chloroplastic [Source:UniProtKB/Swiss-Prot;Acc:Q9M001]",0.3582816886943178,0.8109479257536198,-0.18641656493111375,0.5940797812985327,0.8661073793141547,-0.10778085951329161,0.36774321343065497,0.7535715658330242,0.17920490722825716,0,0,0,4
AT4G39940.1,GO:0016772,APK2,4,18519599,18521605,+,2006,protein_coding,"Adenylyl-sulfate kinase 2, chloroplastic [Source:UniProtKB/Swiss-Prot;Acc:O49196]",1.1487825579200946e-4,0.007041257818358812,0.7043266403923542,0.004043484603574427,0.06025329995193334,0.525503569912567,0.003443787228478024,0.06406932884961022,0.5344220765171321,0,0,0,6
AT5G67520.2,GO:0016772,APK4,5,26939159,26941044,+,1885,protein_coding,"Adenylyl-sulfate kinase 4, chloroplastic [Source:UniProtKB/Swiss-Prot;Acc:Q84JF0]",0.796785125459429,0.9653806105744078,-0.40138216182976083,0.8800692225136573,0.9680961651469512,0.23369957745833167,0.7769430996888114,NA,0.4378609669166566,0,0,0,1
AT5G67520.1,GO:0016772,APK4,5,26939159,26941050,+,1891,protein_coding,"Adenylyl-sulfate kinase 4, chloroplastic [Source:UniProtKB/Swiss-Prot;Acc:Q84JF0]",0.5384589732438889,0.8927104493818229,-0.18850459717698442,0.012941866589183273,0.12762408571182127,0.7416210401700506,1.40500221111909e-4,0.0061997499947968595,1.1262792109251034,0,0,1,1
