ID,Path,Gene,Chromosome,Start,End,Strand,Length,BioType,Description,Flg22_vs_Mock_pvalue,Flg22_vs_Mock_padj,Flg22_vs_Mock_log2FoldChange,Flg22_SynCom33_vs_Mock_pvalue,Flg22_SynCom33_vs_Mock_padj,Flg22_SynCom33_vs_Mock_log2FoldChange,Flg22_SynCom35_vs_Mock_pvalue,Flg22_SynCom35_vs_Mock_padj,Flg22_SynCom35_vs_Mock_log2FoldChange,Flg22_vs_Mock,Flg22_SynCom33_vs_Mock,Flg22_SynCom35_vs_Mock,cl
AT1G22660.3,GO:0004810,,1,8017281,8021715,+,4434,protein_coding,Polynucleotide adenylyltransferase family protein [Source:TAIR;Acc:AT1G22660],0.13572873420565124,0.5843679025260523,1.3572801710990676,0.43618220662108553,0.7738088795620645,0.7179490543999214,0.16270082776107048,NA,1.27026948677186,0,0,0,6
AT1G22660.1,GO:0004810,,1,8017397,8021715,+,4318,protein_coding,Polynucleotide adenylyltransferase family protein [Source:TAIR;Acc:AT1G22660],0.9541877669041697,0.99359763643049,-0.010972247669512786,0.687336219963721,0.9069259900761973,-0.07710790485435796,0.468950829229649,0.816413564628909,-0.1385791207056688,0,0,0,2
