ID,Path,Gene,Chromosome,Start,End,Strand,Length,BioType,Description,Flg22_vs_Mock_pvalue,Flg22_vs_Mock_padj,Flg22_vs_Mock_log2FoldChange,Flg22_SynCom33_vs_Mock_pvalue,Flg22_SynCom33_vs_Mock_padj,Flg22_SynCom33_vs_Mock_log2FoldChange,Flg22_SynCom35_vs_Mock_pvalue,Flg22_SynCom35_vs_Mock_padj,Flg22_SynCom35_vs_Mock_log2FoldChange,Flg22_vs_Mock,Flg22_SynCom33_vs_Mock,Flg22_SynCom35_vs_Mock,cl
AT2G35680.1,GO:0008962,DSP8,2,14996713,14999125,-,2412,protein_coding,Putative dual specificity protein phosphatase DSP8 [Source:UniProtKB/Swiss-Prot;Acc:Q9ZQP1],0.3472803755988622,0.8041315371217485,0.10045660510481062,0.010032567989753296,0.10905600190074731,0.2748884391426105,0.9537600989669319,0.9893588108098662,0.0061983984330860045,0,0,0,5
AT3G58830.1,GO:0008962,,3,21755053,21756641,-,1588,protein_coding,Haloacid dehalogenase (HAD) superfamily protein [Source:UniProtKB/TrEMBL;Acc:Q9LXR9],0.7147582474982119,0.94581248599283,0.1252772935708341,0.16464223999162647,0.5136257044742837,-0.4868063245166399,0.49130668993830884,0.8282708373066219,0.2347214258040557,0,0,0,3
AT5G56610.1,GO:0008962,,5,22916692,22918468,+,1776,protein_coding,At5g56610 [Source:UniProtKB/TrEMBL;Acc:Q6NKR2],0.7112762043655705,0.9454094030788647,-0.08498125087334485,0.14593546078879643,0.4850634257051155,0.3313475016634878,0.6520342089019739,0.9018938077251589,0.10300106661973177,0,0,0,5
