ID,Path,Gene,Chromosome,Start,End,Strand,Length,BioType,Description,Flg22_vs_Mock_pvalue,Flg22_vs_Mock_padj,Flg22_vs_Mock_log2FoldChange,Flg22_SynCom33_vs_Mock_pvalue,Flg22_SynCom33_vs_Mock_padj,Flg22_SynCom33_vs_Mock_log2FoldChange,Flg22_SynCom35_vs_Mock_pvalue,Flg22_SynCom35_vs_Mock_padj,Flg22_SynCom35_vs_Mock_log2FoldChange,Flg22_vs_Mock,Flg22_SynCom33_vs_Mock,Flg22_SynCom35_vs_Mock,cl
AT3G22760.2,GO:0000080,TCX3,3,8044410,8047530,+,3120,protein_coding,Protein tesmin/TSO1-like CXC 3 [Source:UniProtKB/Swiss-Prot;Acc:Q8L548],0.2594397254372785,0.7373916719295831,-0.5204383609226209,0.09770310666073621,0.399732425713948,-0.7777965036379964,0.12660363654215462,0.4981309325174633,0.6678843587677495,0,0,0,4
AT4G14770.1,GO:0000080,TCX2,4,8480634,8484976,-,4342,protein_coding,Protein tesmin/TSO1-like CXC 2 [Source:UniProtKB/Swiss-Prot;Acc:F4JIF5],0.5017458059217617,0.8805232467716849,-0.13841724228578114,0.03938075385901257,0.24551385993993827,-0.4286483473349156,0.15912899681148854,0.5478961346093332,0.28649886520950535,0,0,0,4
