ID,Path,Gene,Chromosome,Start,End,Strand,Length,BioType,Description,Flg22_vs_Mock_pvalue,Flg22_vs_Mock_padj,Flg22_vs_Mock_log2FoldChange,Flg22_SynCom33_vs_Mock_pvalue,Flg22_SynCom33_vs_Mock_padj,Flg22_SynCom33_vs_Mock_log2FoldChange,Flg22_SynCom35_vs_Mock_pvalue,Flg22_SynCom35_vs_Mock_padj,Flg22_SynCom35_vs_Mock_log2FoldChange,Flg22_vs_Mock,Flg22_SynCom33_vs_Mock,Flg22_SynCom35_vs_Mock,cl
AT3G48430.1,GO:0035067,REF6,3,17935256,17940792,+,5536,protein_coding,Lysine-specific demethylase REF6 [Source:UniProtKB/Swiss-Prot;Acc:Q9STM3],0.21308026315264292,0.6901468756605528,-0.1596163374373238,0.054372044194845044,0.2936177766263207,-0.247362113684589,0.12849359595017315,0.5010832107419101,0.19270959536664364,0,0,0,4
AT3G48430.2,GO:0035067,REF6,3,17937047,17940774,+,3727,protein_coding,Lysine-specific demethylase REF6 [Source:UniProtKB/Swiss-Prot;Acc:Q9STM3],0.2767266784527033,0.7523000151114763,-0.2522588667332798,0.4015968878803132,0.7500341733099453,-0.1944043440262796,0.5798831969286552,0.873291389778378,-0.12804587435420317,0,0,0,8
AT4G21070.1,GO:0035067,BRCA1,4,11247991,11252757,+,4766,protein_coding,Protein BREAST CANCER SUSCEPTIBILITY 1 homolog [Source:UniProtKB/Swiss-Prot;Acc:Q8RXD4],0.29399400136420906,0.7659813944947316,-0.23896449574645118,0.017413095872089994,0.15212832084287398,-0.5502241158642962,0.3582074202925505,0.7452870463891879,0.20502586589171176,0,0,0,4
AT4G39100.2,GO:0035067,SHL,4,18217629,18220324,-,2695,protein_coding,SHL1 [Source:UniProtKB/TrEMBL;Acc:A0A178UWF3],0.014612006995979964,0.1921069962104724,-0.505099577578705,0.07125574125541335,0.33908600397026406,-0.3714745430088604,0.9013010246132203,0.9773797587351456,0.025170851546222613,0,0,0,4
AT4G39100.1,GO:0035067,SHL,4,18217629,18220324,-,2695,protein_coding,SHL1 [Source:UniProtKB/TrEMBL;Acc:A0A178UWF3],0.37608937337876636,0.8227615930734633,-0.12598242890573855,0.27634450762577095,0.646211265373865,-0.1550505615391844,0.8802159143647247,0.972153578081443,-0.021383817996288672,0,0,0,4
