ID,Path,Gene,Chromosome,Start,End,Strand,Length,BioType,Description,Flg22_vs_Mock_pvalue,Flg22_vs_Mock_padj,Flg22_vs_Mock_log2FoldChange,Flg22_SynCom33_vs_Mock_pvalue,Flg22_SynCom33_vs_Mock_padj,Flg22_SynCom33_vs_Mock_log2FoldChange,Flg22_SynCom35_vs_Mock_pvalue,Flg22_SynCom35_vs_Mock_padj,Flg22_SynCom35_vs_Mock_log2FoldChange,Flg22_vs_Mock,Flg22_SynCom33_vs_Mock,Flg22_SynCom35_vs_Mock,cl
AT3G50920.2,GO:0047874,LPPE1,3,18922304,18923772,-,1468,protein_coding,"Lipid phosphate phosphatase epsilon 1, chloroplastic [Source:UniProtKB/Swiss-Prot;Acc:F4J220]",0.3056697213083729,0.773459184418662,0.211396197255833,0.7787478688242786,0.9377066163374808,-0.05881275625946612,0.46998881322099606,0.8173334443017727,-0.15125531783180726,0,0,0,7
AT3G50920.1,GO:0047874,LPPE1,3,18922304,18923772,-,1468,protein_coding,"Lipid phosphate phosphatase epsilon 1, chloroplastic [Source:UniProtKB/Swiss-Prot;Acc:F4J220]",0.40494322331552735,0.8403341915918284,0.6895383628967924,0.6607339805501402,0.8966556042783013,0.3658056589434873,0.34111606926797094,NA,-0.8216528468280833,0,0,0,7
AT5G03080.1,GO:0047874,LPPG,5,721778,723400,+,1622,protein_coding,LPPgamma [Source:UniProtKB/TrEMBL;Acc:A0A178URC2],0.11155209086418572,0.539669363937255,0.19994856489267496,0.10171984448182536,0.40757650464779355,0.20566624048540486,0.035758999594408876,0.26670867114948166,-0.2663327554876795,0,0,0,9
AT5G66450.2,GO:0047874,,5,26534614,26536045,+,1431,protein_coding,Phosphatidic acid phosphatase (PAP2) family protein [Source:TAIR;Acc:AT5G66450],0.690436206063811,0.9389450015671358,-0.17070323425954015,0.6574643969319894,0.8953342620218017,0.18803763901645124,0.9790257456566438,0.995521142960847,-0.011183505582409154,0,0,0,1
AT5G66450.3,GO:0047874,,5,26534616,26536524,+,1908,protein_coding,Phosphatidic acid phosphatase (PAP2) family protein [Source:TAIR;Acc:AT5G66450],0.6124799220825267,0.917525396476862,0.2475726966915112,0.6389153835759556,0.88668168494707,0.2296510367873408,0.07464064954437463,NA,0.8478371337803038,0,0,0,6
