ID,Path,Gene,Chromosome,Start,End,Strand,Length,BioType,Description,Flg22_vs_Mock_pvalue,Flg22_vs_Mock_padj,Flg22_vs_Mock_log2FoldChange,Flg22_SynCom33_vs_Mock_pvalue,Flg22_SynCom33_vs_Mock_padj,Flg22_SynCom33_vs_Mock_log2FoldChange,Flg22_SynCom35_vs_Mock_pvalue,Flg22_SynCom35_vs_Mock_padj,Flg22_SynCom35_vs_Mock_log2FoldChange,Flg22_vs_Mock,Flg22_SynCom33_vs_Mock,Flg22_SynCom35_vs_Mock,cl
AT3G28730.1,GO:0035101,SSRP1,3,10784888,10788729,+,3841,protein_coding,FACT complex subunit SSRP1 [Source:UniProtKB/TrEMBL;Acc:A0A178VCP0],0.6864922218832176,0.9384196103438033,-0.03875625541569948,0.5442242883466172,0.8388267468702958,-0.05827240333789627,0.6158708643572022,0.8873822396062508,0.0480017174273853,0,0,0,4
AT4G10710.1,GO:0035101,SPT16,4,6601903,6606357,-,4454,protein_coding,FACT complex subunit SPT16 [Source:UniProtKB/Swiss-Prot;Acc:O82491],0.9728566092232368,0.9946629527453268,0.0034264109098333766,0.8160770624052063,0.9497287151641524,-0.023435117163911123,0.02277122908100222,0.20798132039365252,0.22842840530163652,0,0,0,4
AT4G10710.3,GO:0035101,SPT16,4,6601989,6606354,-,4365,protein_coding,FACT complex subunit SPT16 [Source:UniProtKB/Swiss-Prot;Acc:O82491],0.9059699993492043,0.9869002016097549,0.14216816931249576,0.9381488708991239,0.9857630165643234,-0.09341070456596762,6.437544452957383e-5,0.0034480891735948296,-4.969617842743661,0,0,-1,2
