ID,Path,Gene,Chromosome,Start,End,Strand,Length,BioType,Description,Flg22_vs_Mock_pvalue,Flg22_vs_Mock_padj,Flg22_vs_Mock_log2FoldChange,Flg22_SynCom33_vs_Mock_pvalue,Flg22_SynCom33_vs_Mock_padj,Flg22_SynCom33_vs_Mock_log2FoldChange,Flg22_SynCom35_vs_Mock_pvalue,Flg22_SynCom35_vs_Mock_padj,Flg22_SynCom35_vs_Mock_log2FoldChange,Flg22_vs_Mock,Flg22_SynCom33_vs_Mock,Flg22_SynCom35_vs_Mock,cl
AT4G18170.1,GO:0042659,WRKY28,4,10061214,10062893,+,1679,protein_coding,WRKY transcription factor [Source:UniProtKB/TrEMBL;Acc:A0A178V3M3],4.2417528002813045e-7,8.082703244127864e-5,2.515251009075641,3.6889538386386707e-4,0.010988733451845065,1.7781783723517333,0.02964668280362979,0.24085845288347604,-1.1494920648100495,1,1,-0,7
AT4G20140.1,GO:0042659,GSO1,4,10883921,10888270,+,4349,protein_coding,LRR receptor-like serine/threonine-protein kinase GSO1 [Source:UniProtKB/Swiss-Prot;Acc:C0LGQ5],0.4105224321157753,0.8438674149004016,0.17736106201272173,0.4860553154311216,0.8042316656247226,-0.15025175691465462,0.024707090644777534,0.2184502707578309,-0.48480044372188846,0,0,0,2
AT5G44700.1,GO:0042659,GSO2,5,18032864,18037323,-,4459,protein_coding,LRR receptor-like serine/threonine-protein kinase GSO2 [Source:UniProtKB/Swiss-Prot;Acc:Q9FIZ3],0.015160243223059908,0.1962267368720844,0.4422420105621529,0.10479450167510598,0.4131803004703776,0.2965545244775855,1.0856847226938864e-4,0.005120376231884028,-0.7321569125355989,0,0,0,9
