ID,Path,Gene,Chromosome,Start,End,Strand,Length,BioType,Description,Flg22_vs_Mock_pvalue,Flg22_vs_Mock_padj,Flg22_vs_Mock_log2FoldChange,Flg22_SynCom33_vs_Mock_pvalue,Flg22_SynCom33_vs_Mock_padj,Flg22_SynCom33_vs_Mock_log2FoldChange,Flg22_SynCom35_vs_Mock_pvalue,Flg22_SynCom35_vs_Mock_padj,Flg22_SynCom35_vs_Mock_log2FoldChange,Flg22_vs_Mock,Flg22_SynCom33_vs_Mock,Flg22_SynCom35_vs_Mock,cl
AT4G12560.3,GO:0042177,CPR1,4,7441681,7443775,+,2094,protein_coding,F-box protein CPR1 [Source:UniProtKB/Swiss-Prot;Acc:Q9SU30],0.10252162565069553,0.5215130017261982,0.7654514342253163,0.1322960858972927,0.46301046492527304,0.7062661945348132,0.8930412900431299,0.9757385601461291,-0.0638280364937569,0,0,0,9
AT4G12560.2,GO:0042177,CPR1,4,7441681,7443775,+,2094,protein_coding,F-box protein CPR1 [Source:UniProtKB/Swiss-Prot;Acc:Q9SU30],0.5878211064766001,0.9090408553809995,-0.13355931523015172,0.4531940541106835,0.7848443049934436,0.18321217213888746,0.39965775930163433,0.7721415367320192,-0.20750904820178973,0,0,0,10
AT4G12560.1,GO:0042177,CPR1,4,7441681,7443775,+,2094,protein_coding,F-box protein CPR1 [Source:UniProtKB/Swiss-Prot;Acc:Q9SU30],0.3660210089465501,0.8156415657598898,0.1512645699397637,0.03667879234089008,0.23662381085918005,0.34863444957755485,0.08917544576248926,0.4252493308531152,0.28353407624618376,0,0,0,1
