ID,Path,Gene,Chromosome,Start,End,Strand,Length,BioType,Description,Flg22_vs_Mock_pvalue,Flg22_vs_Mock_padj,Flg22_vs_Mock_log2FoldChange,Flg22_SynCom33_vs_Mock_pvalue,Flg22_SynCom33_vs_Mock_padj,Flg22_SynCom33_vs_Mock_log2FoldChange,Flg22_SynCom35_vs_Mock_pvalue,Flg22_SynCom35_vs_Mock_padj,Flg22_SynCom35_vs_Mock_log2FoldChange,Flg22_vs_Mock,Flg22_SynCom33_vs_Mock,Flg22_SynCom35_vs_Mock,cl
AT2G19560.1,GO:0071033,EER5,2,8465690,8469145,-,3455,protein_coding,Enhanced ethylene response protein 5 [Source:UniProtKB/Swiss-Prot;Acc:Q8GWE6],0.9564158827999579,0.9937854069353943,0.017179803801739973,0.6801352013760338,0.9040444265917,0.1293640603943694,0.8829311580477999,0.9731554878482829,-0.04627673523903204,0,0,0,5
AT2G19560.2,GO:0071033,EER5,2,8465761,8468071,-,2310,protein_coding,Enhanced ethylene response protein 5 [Source:UniProtKB/Swiss-Prot;Acc:Q8GWE6],0.4776455383358941,0.8719431854805296,-0.19505837365522674,0.5221650193287746,0.8258418136974085,-0.17577390961021253,0.1991361835746326,0.6010335259723831,-0.35336910414164224,0,0,0,2
