ID,Path,Gene,Chromosome,Start,End,Strand,Length,BioType,Description,Flg22_vs_Mock_pvalue,Flg22_vs_Mock_padj,Flg22_vs_Mock_log2FoldChange,Flg22_SynCom33_vs_Mock_pvalue,Flg22_SynCom33_vs_Mock_padj,Flg22_SynCom33_vs_Mock_log2FoldChange,Flg22_SynCom35_vs_Mock_pvalue,Flg22_SynCom35_vs_Mock_padj,Flg22_SynCom35_vs_Mock_log2FoldChange,Flg22_vs_Mock,Flg22_SynCom33_vs_Mock,Flg22_SynCom35_vs_Mock,cl
AT1G28120.1,GO:0071108,,1,9812930,9815560,-,2630,protein_coding,Ubiquitin thioesterase [Source:UniProtKB/TrEMBL;Acc:K9M9G0],0.03398146888837384,0.30734740879310285,0.1645103615586907,0.39175753870704283,0.7445136844763619,0.06682351547715723,0.11038678956291298,0.47006004672577967,-0.12526123001644163,0,0,0,7
AT4G11860.1,GO:0071108,,4,7133896,7138510,-,4614,protein_coding,FAM63A-like protein (DUF544) [Source:UniProtKB/TrEMBL;Acc:Q8LE63],0.5029702776460803,0.8814803508192677,-0.08815787369830896,0.17039691593896408,0.5226620144079454,0.17977970735345578,0.30878501587525264,0.7095461119948037,-0.13388710577354562,0,0,0,10
AT4G16144.1,GO:0071108,AMSH3,4,9137789,9141772,-,3983,protein_coding,associated molecule with the SH3 domain of STAM 3 [Source:TAIR;Acc:AT4G16144],0.28139180865447366,0.7562185505344393,0.14708390858988146,0.6612670142730008,0.8966884973934139,0.05999003299502675,0.3788905580701669,0.7602459588033423,-0.12079541366269245,0,0,0,7
AT4G22960.1,GO:0071108,,4,12030020,12033380,+,3360,protein_coding,Protein of unknown function (DUF544) [Source:TAIR;Acc:AT4G22960],1.7012906675731857e-4,0.009450221060761987,1.7474712083480664,0.006034281620416946,0.07787496808451673,1.2929082436410095,0.5213259568037318,0.8441759632724396,0.31362921523569903,1,0,0,7
