ID,Path,Gene,Chromosome,Start,End,Strand,Length,BioType,Description,Flg22_vs_Mock_pvalue,Flg22_vs_Mock_padj,Flg22_vs_Mock_log2FoldChange,Flg22_SynCom33_vs_Mock_pvalue,Flg22_SynCom33_vs_Mock_padj,Flg22_SynCom33_vs_Mock_log2FoldChange,Flg22_SynCom35_vs_Mock_pvalue,Flg22_SynCom35_vs_Mock_padj,Flg22_SynCom35_vs_Mock_log2FoldChange,Flg22_vs_Mock,Flg22_SynCom33_vs_Mock,Flg22_SynCom35_vs_Mock,cl
AT5G06860.1,GO:0090353,PGIP1,5,2132350,2133587,+,1237,protein_coding,PGIP1 [Source:UniProtKB/TrEMBL;Acc:A0A178UBN4],3.7869235503206893e-4,0.016972082490885252,0.652164289941248,5.667931635135146e-6,4.0308290533254756e-4,0.8325504564499415,1.7933112883889245e-10,7.704193388582276e-8,-1.1743247870926616,0,0,-1,9
AT5G06870.1,GO:0090353,PGIP2,5,2133918,2135168,+,1250,protein_coding,PGIP2 [Source:UniProtKB/TrEMBL;Acc:A0A178UDM1],0.5604480420052588,NA,0.6288363447139373,0.9065890067584468,NA,-0.13056048736304163,0.6421691097836124,NA,-0.5253722812857884,0,0,0,7
