ID,Path,Gene,Chromosome,Start,End,Strand,Length,BioType,Description,Flg22_vs_Mock_pvalue,Flg22_vs_Mock_padj,Flg22_vs_Mock_log2FoldChange,Flg22_SynCom33_vs_Mock_pvalue,Flg22_SynCom33_vs_Mock_padj,Flg22_SynCom33_vs_Mock_log2FoldChange,Flg22_SynCom35_vs_Mock_pvalue,Flg22_SynCom35_vs_Mock_padj,Flg22_SynCom35_vs_Mock_log2FoldChange,Flg22_vs_Mock,Flg22_SynCom33_vs_Mock,Flg22_SynCom35_vs_Mock,cl
AT4G24500.3,GO:1903730,SIC,4,12658444,12660522,+,2078,protein_coding,Protein SICKLE [Source:UniProtKB/Swiss-Prot;Acc:Q9SB47],0.14747379028179575,0.6049345960188938,0.665447946499837,0.34970178711197514,0.7102896442118712,0.4308127056183109,0.27885254890015787,0.6849739249989788,0.4979637763318404,0,0,0,6
AT4G24500.2,GO:1903730,SIC,4,12658489,12660605,+,2116,protein_coding,Protein SICKLE [Source:UniProtKB/Swiss-Prot;Acc:Q9SB47],0.0034502348805621414,0.0778785941514513,-1.046476314666869,0.6631161519818047,0.8969787819490234,-0.14967009899679162,0.6924533207838963,0.915684163767327,0.13434014029805033,-0,0,0,1
