ID,Path,Gene,Chromosome,Start,End,Strand,Length,BioType,Description,Flg22_vs_Mock_pvalue,Flg22_vs_Mock_padj,Flg22_vs_Mock_log2FoldChange,Flg22_SynCom33_vs_Mock_pvalue,Flg22_SynCom33_vs_Mock_padj,Flg22_SynCom33_vs_Mock_log2FoldChange,Flg22_SynCom35_vs_Mock_pvalue,Flg22_SynCom35_vs_Mock_padj,Flg22_SynCom35_vs_Mock_log2FoldChange,Flg22_vs_Mock,Flg22_SynCom33_vs_Mock,Flg22_SynCom35_vs_Mock,cl
AT3G22950.2,GO:1903292,ATARFC1,3,8136181,8138084,-,1903,protein_coding,ATARFC1 [Source:UniProtKB/TrEMBL;Acc:A0A384KMJ2],0.013036911044001736,0.17971304884524242,-0.9016889703199825,0.0176631189014975,0.15341517360583387,-0.8614542054386236,0.1804495392864037,0.5769109656016346,-0.48453641237622624,0,0,0,8
AT3G22950.1,GO:1903292,ATARFC1,3,8136182,8138084,-,1902,protein_coding,ATARFC1 [Source:UniProtKB/TrEMBL;Acc:A0A384KMJ2],1.1007023029370143e-6,1.9031958152820191e-4,1.324666266623627,2.030983164531578e-7,2.729844471446894e-5,1.411723567626952,0.02325032352487319,0.21093473530062695,0.6213323459941064,1,1,0,9
