ID,Path,Gene,Chromosome,Start,End,Strand,Length,BioType,Description,Flg22_vs_Mock_pvalue,Flg22_vs_Mock_padj,Flg22_vs_Mock_log2FoldChange,Flg22_SynCom33_vs_Mock_pvalue,Flg22_SynCom33_vs_Mock_padj,Flg22_SynCom33_vs_Mock_log2FoldChange,Flg22_SynCom35_vs_Mock_pvalue,Flg22_SynCom35_vs_Mock_padj,Flg22_SynCom35_vs_Mock_log2FoldChange,Flg22_vs_Mock,Flg22_SynCom33_vs_Mock,Flg22_SynCom35_vs_Mock,cl
AT1G19350.1,GO:1904961,BES1,1,6688698,6691216,+,2518,protein_coding,Brassinosteroid signaling positive regulator (BZR1) family protein [Source:UniProtKB/TrEMBL;Acc:F4HP45],0.003304545897222967,0.07580969297879814,2.1934305662271556,0.02234182825671791,0.17663509494227075,1.7125894466911522,0.03582603380271638,0.26678341225713087,1.5742153511451262,0,0,0,6
AT1G19350.6,GO:1904961,BES1,1,6688703,6690410,+,1707,protein_coding,Brassinosteroid signaling positive regulator (BZR1) family protein [Source:UniProtKB/TrEMBL;Acc:F4HP45],0.6304418936776435,0.9243263013851125,-0.11256968571450043,0.6195791209392847,0.8771144309384302,-0.11618871298088508,0.5752465681229263,0.8708880458058876,0.13046629466795448,0,0,0,4
AT5G05980.1,GO:1904961,FPGS1,5,1799490,1804492,-,5002,protein_coding,Folylpolyglutamate synthase [Source:UniProtKB/Swiss-Prot;Acc:F4K2A1],0.06941645300521808,0.4384082570240909,0.24832136369128893,0.7585623706587511,0.930949865672438,-0.042227437685208834,0.5342130621397765,0.8510759452326827,0.08511140277990993,0,0,0,3
AT5G17800.1,GO:1904961,MYB56,5,5877113,5879331,+,2218,protein_coding,Transcription factor MYB56 [Source:UniProtKB/Swiss-Prot;Acc:Q6R053],6.822728286698967e-4,0.026036981204185936,0.7572457669149518,0.12255604496214814,0.4451327167513672,0.34750275914101775,0.010605737260268028,0.13131900515055492,-0.5917951563194825,0,0,0,7
