ID,Path,Gene,Chromosome,Start,End,Strand,Length,BioType,Description,Flg22_vs_Mock_pvalue,Flg22_vs_Mock_padj,Flg22_vs_Mock_log2FoldChange,Flg22_SynCom33_vs_Mock_pvalue,Flg22_SynCom33_vs_Mock_padj,Flg22_SynCom33_vs_Mock_log2FoldChange,Flg22_SynCom35_vs_Mock_pvalue,Flg22_SynCom35_vs_Mock_padj,Flg22_SynCom35_vs_Mock_log2FoldChange,Flg22_vs_Mock,Flg22_SynCom33_vs_Mock,Flg22_SynCom35_vs_Mock,cl
AT3G04460.1,GO:1990429,PEX12,3,1186440,1189501,+,3061,protein_coding,Peroxin-12 [Source:UniProtKB/TrEMBL;Acc:A0A1I9LLU9],0.3261841830691285,0.7895562696119389,-0.12558988789269823,0.17848602388284165,0.535199251981991,-0.17271107485434184,0.321373714543583,0.7192194255339088,-0.12623623446322849,0,0,0,8
AT3G04460.2,GO:1990429,PEX12,3,1186484,1189508,+,3024,protein_coding,Peroxin-12 [Source:UniProtKB/TrEMBL;Acc:A0A1I9LLU9],0.6431414107963453,0.9273392630027173,0.4852342338317503,0.5515728314044747,0.8420628651701364,-0.6353273661880814,0.7309374101906816,NA,0.3603412937606627,0,0,0,3
AT3G07560.1,GO:1990429,PEX13,3,2411321,2413587,-,2266,protein_coding,Peroxisomal membrane protein 13 [Source:UniProtKB/Swiss-Prot;Acc:Q9SRR0],0.9483241907933991,0.9933269717125698,-0.007398637427310603,0.9361664170601288,0.9853146758906558,0.00914198680614685,0.07316623435452842,0.385677753308774,-0.20491038005939055,0,0,0,2
AT5G62810.1,GO:1990429,PEX14,5,25220147,25223789,+,3642,protein_coding,Peroxisomal membrane protein PEX14 [Source:UniProtKB/Swiss-Prot;Acc:Q9FXT6],0.8974107157466723,0.9854472783693764,-0.01420904590576916,0.11530912887173253,0.4329245813309936,-0.17429753817567575,0.6776128395200642,0.910300792901679,-0.04576403523892285,0,0,0,3
