ID,Path,Gene,Chromosome,Start,End,Strand,Length,BioType,Description,Flg22_vs_Mock_pvalue,Flg22_vs_Mock_padj,Flg22_vs_Mock_log2FoldChange,Flg22_SynCom33_vs_Mock_pvalue,Flg22_SynCom33_vs_Mock_padj,Flg22_SynCom33_vs_Mock_log2FoldChange,Flg22_SynCom35_vs_Mock_pvalue,Flg22_SynCom35_vs_Mock_padj,Flg22_SynCom35_vs_Mock_log2FoldChange,Flg22_vs_Mock,Flg22_SynCom33_vs_Mock,Flg22_SynCom35_vs_Mock,cl
AT4G00830.1,GO:1902464,LIF2,4,351969,355248,+,3279,protein_coding,Heterogeneous nuclear ribonucleoprotein Q [Source:UniProtKB/Swiss-Prot;Acc:Q9ASP6],0.22957645395496212,0.7056585154979089,0.45858210469909855,0.807374525144593,0.9465500717889356,-0.09393513387030672,0.0849088869253259,0.41519065074176636,0.6553564268694407,0,0,0,6
AT4G00830.2,GO:1902464,LIF2,4,351973,355235,+,3262,protein_coding,Heterogeneous nuclear ribonucleoprotein Q [Source:UniProtKB/Swiss-Prot;Acc:Q9ASP6],0.7995020028350892,0.9656926372445539,-0.16377037349457865,0.9964755541479323,0.9987211920411031,-0.002840663461425444,0.4602631789913148,0.8109285170668659,0.4711292265023389,0,0,0,4
AT4G00830.6,GO:1902464,LIF2,4,352752,355230,+,2478,protein_coding,Heterogeneous nuclear ribonucleoprotein Q [Source:UniProtKB/Swiss-Prot;Acc:Q9ASP6],0.09477601456598655,0.5056546158409972,-0.19238227766357788,0.24466110090658175,0.6147938775771542,-0.13385105839500297,0.6771060610014409,0.9102434995108876,0.047697245117467736,0,0,0,4
