ID,Path,Gene,Chromosome,Start,End,Strand,Length,BioType,Description,Flg22_vs_Mock_pvalue,Flg22_vs_Mock_padj,Flg22_vs_Mock_log2FoldChange,Flg22_SynCom33_vs_Mock_pvalue,Flg22_SynCom33_vs_Mock_padj,Flg22_SynCom33_vs_Mock_log2FoldChange,Flg22_SynCom35_vs_Mock_pvalue,Flg22_SynCom35_vs_Mock_padj,Flg22_SynCom35_vs_Mock_log2FoldChange,Flg22_vs_Mock,Flg22_SynCom33_vs_Mock,Flg22_SynCom35_vs_Mock,cl
AT1G54440.4,GO:1903705,,1,20322977,20328193,+,5216,protein_coding,"Polynucleotidyl transferase, ribonuclease H fold protein with HRDC domain-containing protein [Source:UniProtKB/TrEMBL;Acc:F4HWX0]",0.9359341691177663,0.9915020266177292,-0.027231481814019364,0.16325038714069123,0.5117780649698032,0.46345949267007697,0.5357191043100895,0.8516705353526818,0.20708954042622393,0,0,0,5
AT1G54440.1,GO:1903705,,1,20322984,20328238,+,5254,protein_coding,"Polynucleotidyl transferase, ribonuclease H fold protein with HRDC domain-containing protein [Source:UniProtKB/TrEMBL;Acc:F4HWX0]",0.9240628578182862,0.9888956398375807,0.05640191534872198,0.8347330160638717,0.9540705688831187,-0.12359304780141807,0.7827338145411064,0.944294516674606,0.16302025587461516,0,0,0,4
AT1G54440.2,GO:1903705,,1,20323036,20328009,+,4973,protein_coding,"Polynucleotidyl transferase, ribonuclease H fold protein with HRDC domain-containing protein [Source:UniProtKB/TrEMBL;Acc:F4HWX0]",0.48567863061210925,0.8752403418423143,-0.30027544032311027,0.9769501631716977,0.994954644313541,-0.01238996008568554,0.5113195566059067,0.8386622893951388,0.28029549158048667,0,0,0,1
AT2G45620.1,GO:1903705,URT1,2,18792864,18795904,+,3040,protein_coding,UTP:RNA uridylyltransferase 1 [Source:UniProtKB/Swiss-Prot;Acc:O64642],3.2147599708712103e-4,0.014933439725385318,-0.2967079258088302,4.00077018295397e-4,0.01174112489717998,-0.2920450896800931,0.8356147857127699,0.959626737060376,0.01689543765749357,0,0,0,4
