ID,Path,Gene,Chromosome,Start,End,Strand,Length,BioType,Description,Flg22_vs_Mock_pvalue,Flg22_vs_Mock_padj,Flg22_vs_Mock_log2FoldChange,Flg22_SynCom33_vs_Mock_pvalue,Flg22_SynCom33_vs_Mock_padj,Flg22_SynCom33_vs_Mock_log2FoldChange,Flg22_SynCom35_vs_Mock_pvalue,Flg22_SynCom35_vs_Mock_padj,Flg22_SynCom35_vs_Mock_log2FoldChange,Flg22_vs_Mock,Flg22_SynCom33_vs_Mock,Flg22_SynCom35_vs_Mock,cl
AT1G55020.1,GO:1990136,LOX1,1,20525654,20530468,+,4814,protein_coding,Linoleate 9S-lipoxygenase 1 [Source:UniProtKB/Swiss-Prot;Acc:Q06327],0.04271285208090056,0.34797822787392646,0.5711185703149899,0.4133977060811769,0.7579944843376438,-0.23058298863235152,0.014787021991641712,0.16110672624071215,-0.687314934949556,0,0,0,7
AT3G22400.1,GO:1990136,LOX5,3,7926728,7931351,+,4623,protein_coding,Linoleate 9S-lipoxygenase 5 [Source:UniProtKB/Swiss-Prot;Acc:Q9LUW0],0.0010472044804487714,0.03539539035114698,-0.4928549638625363,1.9917279606179257e-5,0.0011343565897739636,-0.6453332209158671,0.20838023739084213,0.6103995800741362,0.185234561461817,0,0,0,4
