ID,Path,Gene,Chromosome,Start,End,Strand,Length,BioType,Description,Flg22_vs_Mock_pvalue,Flg22_vs_Mock_padj,Flg22_vs_Mock_log2FoldChange,Flg22_SynCom33_vs_Mock_pvalue,Flg22_SynCom33_vs_Mock_padj,Flg22_SynCom33_vs_Mock_log2FoldChange,Flg22_SynCom35_vs_Mock_pvalue,Flg22_SynCom35_vs_Mock_padj,Flg22_SynCom35_vs_Mock_log2FoldChange,Flg22_vs_Mock,Flg22_SynCom33_vs_Mock,Flg22_SynCom35_vs_Mock,cl
AT3G04060.1,GO:1903648,anac046,3,1053360,1055196,-,1836,protein_coding,NAC domain-containing protein 46 [Source:UniProtKB/Swiss-Prot;Acc:Q9SQQ6],0.2886246679675592,0.7619854452817436,-0.3049538622160716,0.9610597396744501,0.9911458575127972,0.014018896963187377,0.3546209269074793,0.7433043088550941,-0.2659260649419225,0,0,0,10
AT3G19290.3,GO:1903648,ABF4,3,6687042,6690123,+,3081,protein_coding,ABRE binding factor 4 [Source:UniProtKB/TrEMBL;Acc:F4JB53],0.6401506001847517,0.9271075371569825,0.14793070788913246,0.3167044409297739,0.6819101947195981,0.3157972146511687,0.3729221739728468,0.756652036217167,0.28072942527056893,0,0,0,6
AT3G19290.1,GO:1903648,ABF4,3,6687106,6690123,+,3017,protein_coding,ABRE binding factor 4 [Source:UniProtKB/TrEMBL;Acc:F4JB53],0.2245892636992104,0.7014309080332461,-0.2073294632651332,0.6778230607776454,0.902981335588673,-0.0708205890621791,0.5378764472039653,0.8531270811466902,0.104730210534089,0,0,0,4
AT3G19290.5,GO:1903648,ABF4,3,6687237,6689784,+,2547,protein_coding,ABRE binding factor 4 [Source:UniProtKB/TrEMBL;Acc:F4JB53],0.07525508530378067,0.45366392861935023,0.643565072758154,0.918519919000559,0.9801673242646731,-0.03798545339751742,0.6421942991238554,0.8984641208974752,-0.17288478849071068,0,0,0,7
