ID,Path,Gene,Chromosome,Start,End,Strand,Length,BioType,Description,Flg22_vs_Mock_pvalue,Flg22_vs_Mock_padj,Flg22_vs_Mock_log2FoldChange,Flg22_SynCom33_vs_Mock_pvalue,Flg22_SynCom33_vs_Mock_padj,Flg22_SynCom33_vs_Mock_log2FoldChange,Flg22_SynCom35_vs_Mock_pvalue,Flg22_SynCom35_vs_Mock_padj,Flg22_SynCom35_vs_Mock_log2FoldChange,Flg22_vs_Mock,Flg22_SynCom33_vs_Mock,Flg22_SynCom35_vs_Mock,cl
AT2G16390.2,GO:1900111,DRD1,2,7097280,7101351,+,4071,protein_coding,DRD1 [Source:UniProtKB/TrEMBL;Acc:A0A384KTB7],0.7410053063174311,0.9527081225971279,-0.06903081226980834,0.6137192784657358,0.8739775488462199,-0.10556696837586531,0.5823944095950997,0.8741729913924949,0.11406566457104748,0,0,0,4
AT4G30200.2,GO:1900111,VIL2,4,14786532,14790501,-,3969,protein_coding,VIN3-like protein 2 [Source:UniProtKB/Swiss-Prot;Acc:Q9SUM4],0.6886118704138666,0.9385568846082438,-0.06887026763184274,0.8830279623828517,0.9687794433378119,0.025265295007723725,0.5361573408999509,0.8519731378712695,0.10606910907548159,0,0,0,1
AT4G30200.1,GO:1900111,VIL2,4,14786633,14790501,-,3868,protein_coding,VIN3-like protein 2 [Source:UniProtKB/Swiss-Prot;Acc:Q9SUM4],0.0766896011999561,0.4578365918400382,-0.3033328887034073,0.08068614944988439,0.36270987784478137,-0.2993271464178819,0.15073775623295518,0.5359020155833362,0.24495470769623864,0,0,0,4
