ID,Path,Gene,Chromosome,Start,End,Strand,Length,BioType,Description,Flg22_vs_Mock_pvalue,Flg22_vs_Mock_padj,Flg22_vs_Mock_log2FoldChange,Flg22_SynCom33_vs_Mock_pvalue,Flg22_SynCom33_vs_Mock_padj,Flg22_SynCom33_vs_Mock_log2FoldChange,Flg22_SynCom35_vs_Mock_pvalue,Flg22_SynCom35_vs_Mock_padj,Flg22_SynCom35_vs_Mock_log2FoldChange,Flg22_vs_Mock,Flg22_SynCom33_vs_Mock,Flg22_SynCom35_vs_Mock,cl
AT1G02410.1,GO:1904960,COX11,1,490860,492963,+,2103,protein_coding,"Cytochrome c oxidase assembly protein COX11, mitochondrial [Source:UniProtKB/Swiss-Prot;Acc:Q8GWR0]",0.0381003686246197,0.32642529596241393,0.2007491219866873,0.04336819631388073,0.2595007176111943,0.1957076049492372,8.170378838463097e-6,6.530331365307149e-4,-0.44648526847342107,0,0,0,9
AT1G02410.2,GO:1904960,COX11,1,490925,492979,+,2054,protein_coding,"Cytochrome c oxidase assembly protein COX11, mitochondrial [Source:UniProtKB/Swiss-Prot;Acc:Q8GWR0]",0.80387025516572,0.9662426756893417,0.28079584591035733,0.7554307233773104,0.9300203229019816,0.3520986149727243,0.7112703216870457,0.9225595013850963,-0.42001500413805437,0,0,0,9
