ID,Path,Gene,Chromosome,Start,End,Strand,Length,BioType,Description,Flg22_vs_Mock_pvalue,Flg22_vs_Mock_padj,Flg22_vs_Mock_log2FoldChange,Flg22_SynCom33_vs_Mock_pvalue,Flg22_SynCom33_vs_Mock_padj,Flg22_SynCom33_vs_Mock_log2FoldChange,Flg22_SynCom35_vs_Mock_pvalue,Flg22_SynCom35_vs_Mock_padj,Flg22_SynCom35_vs_Mock_log2FoldChange,Flg22_vs_Mock,Flg22_SynCom33_vs_Mock,Flg22_SynCom35_vs_Mock,cl
AT2G20890.1,GO:1902458,THF1,2,8987584,8989416,+,1832,protein_coding,THF1 [Source:UniProtKB/TrEMBL;Acc:A0A178VVV5],0.15570808659784038,0.6156886768605895,-0.24761178256796032,0.8640434910496765,0.9639453848714806,0.029661527861620313,6.935133156808118e-4,0.020101859456203578,0.5804072229878463,0,0,0,1
AT2G28930.2,GO:1902458,APK1B,2,12424325,12426674,+,2349,protein_coding,At2g28930 [Source:UniProtKB/TrEMBL;Acc:A1L4W8],0.8007261702947865,0.9660654671666205,-0.27856758523690633,0.8960423099031921,0.9727032540188221,0.14403097010670388,0.904567832478914,0.978301969851137,0.13213463914200296,0,0,0,1
AT2G28930.1,GO:1902458,APK1B,2,12424775,12426674,+,1899,protein_coding,At2g28930 [Source:UniProtKB/TrEMBL;Acc:A1L4W8],0.8776589748333313,0.9821855990434056,-0.2640587962677347,0.011698082141269422,0.1195240760629436,-4.414276817063547,0.40950657171879207,0.7782681155082636,-1.4167077036700149,0,-0,-0,2
AT5G52440.1,GO:1902458,TATB,5,21286735,21288913,+,2178,protein_coding,"Sec-independent protein translocase protein TATB, chloroplastic [Source:UniProtKB/Swiss-Prot;Acc:Q9XH75]",0.8331266824810057,0.970503269675665,-0.055488143497656635,0.4365506596030669,0.7738088795620645,-0.20585255618431372,0.31827279846704826,0.7167123782536184,0.26035214864308504,0,0,0,4
