ID,Path,Gene,Chromosome,Start,End,Strand,Length,BioType,Description,Flg22_vs_Mock_pvalue,Flg22_vs_Mock_padj,Flg22_vs_Mock_log2FoldChange,Flg22_SynCom33_vs_Mock_pvalue,Flg22_SynCom33_vs_Mock_padj,Flg22_SynCom33_vs_Mock_log2FoldChange,Flg22_SynCom35_vs_Mock_pvalue,Flg22_SynCom35_vs_Mock_padj,Flg22_SynCom35_vs_Mock_log2FoldChange,Flg22_vs_Mock,Flg22_SynCom33_vs_Mock,Flg22_SynCom35_vs_Mock,cl
AT2G23600.1,GO:1901847,ACL,2,10042011,10043673,-,1662,protein_coding,acetone-cyanohydrin lyase [Source:TAIR;Acc:AT2G23600],0.16320858566207383,0.626852556284156,-0.5816639763708568,0.4937650126985116,0.8088106191799029,-0.28477425106205817,0.38000907523397914,0.7611571336257656,0.3636722152027995,0,0,0,4
AT2G23600.3,GO:1901847,ACL,2,10042080,10043763,-,1683,protein_coding,acetone-cyanohydrin lyase [Source:TAIR;Acc:AT2G23600],0.9325886695086878,0.9914882613431455,-0.08683546940395061,0.364675065968821,0.7225764814162192,0.9169298596775318,0.2953113761301563,NA,1.0562405012108642,0,0,0,1
AT5G04370.2,GO:1901847,NAMT1,5,1231697,1234147,+,2450,protein_coding,S-adenosyl-L-methionine-dependent methyltransferases superfamily protein [Source:UniProtKB/TrEMBL;Acc:Q0WL44],0.4964608971733379,0.8785309318814698,0.29733768077551403,0.16047259232078281,0.5075320686391713,0.6096076788166636,0.034210070568143444,0.260204197827504,0.9135086303687604,0,0,0,6
