ID,Path,Gene,Chromosome,Start,End,Strand,Length,BioType,Description,Flg22_vs_Mock_pvalue,Flg22_vs_Mock_padj,Flg22_vs_Mock_log2FoldChange,Flg22_SynCom33_vs_Mock_pvalue,Flg22_SynCom33_vs_Mock_padj,Flg22_SynCom33_vs_Mock_log2FoldChange,Flg22_SynCom35_vs_Mock_pvalue,Flg22_SynCom35_vs_Mock_padj,Flg22_SynCom35_vs_Mock_log2FoldChange,Flg22_vs_Mock,Flg22_SynCom33_vs_Mock,Flg22_SynCom35_vs_Mock,cl
AT3G17040.3,GO:1901918,HCF107,3,5808666,5812720,-,4054,protein_coding,Protein high chlorophyll fluorescent 107 [Source:UniProtKB/Swiss-Prot;Acc:Q8RWG2],0.05727419383309336,0.4010345421384513,-1.3752621273253591,0.2519438981664052,0.6223797027882546,-0.8134113094887764,0.48861268378361833,NA,-0.4866345768857484,-0,0,0,8
AT3G17040.2,GO:1901918,HCF107,3,5809266,5812690,-,3424,protein_coding,Protein high chlorophyll fluorescent 107 [Source:UniProtKB/Swiss-Prot;Acc:Q8RWG2],0.3714534795674631,0.8197389257455688,-0.26988566574810624,0.026356911833161648,0.1953478091808799,-0.6805631695174703,0.9982808757543324,0.9997618522816625,6.444469977612676e-4,0,0,0,4
