ID,Path,Gene,Chromosome,Start,End,Strand,Length,BioType,Description,Flg22_vs_Mock_pvalue,Flg22_vs_Mock_padj,Flg22_vs_Mock_log2FoldChange,Flg22_SynCom33_vs_Mock_pvalue,Flg22_SynCom33_vs_Mock_padj,Flg22_SynCom33_vs_Mock_log2FoldChange,Flg22_SynCom35_vs_Mock_pvalue,Flg22_SynCom35_vs_Mock_padj,Flg22_SynCom35_vs_Mock_log2FoldChange,Flg22_vs_Mock,Flg22_SynCom33_vs_Mock,Flg22_SynCom35_vs_Mock,cl
AT3G53970.1,GO:1901799,,3,19985087,19987377,+,2290,protein_coding,Probable proteasome inhibitor [Source:UniProtKB/Swiss-Prot;Acc:Q9M330],0.9005981202446888,0.9865028762843637,-0.012848508497640332,0.07473246261947158,0.3481126425466358,-0.18418339758160793,0.01000630866465195,0.1268344435480488,-0.2661367993083646,0,0,0,2
AT3G53970.2,GO:1901799,,3,19985087,19987377,+,2290,protein_coding,Probable proteasome inhibitor [Source:UniProtKB/Swiss-Prot;Acc:Q9M330],0.1739082954638762,0.6442726179392457,0.4403330607849237,0.5603618951425515,0.8466230347945849,0.18955766506686902,0.26979294510978974,0.6775946000053578,-0.36346955850502827,0,0,0,7
