ID,Path,Gene,Chromosome,Start,End,Strand,Length,BioType,Description,Flg22_vs_Mock_pvalue,Flg22_vs_Mock_padj,Flg22_vs_Mock_log2FoldChange,Flg22_SynCom33_vs_Mock_pvalue,Flg22_SynCom33_vs_Mock_padj,Flg22_SynCom33_vs_Mock_log2FoldChange,Flg22_SynCom35_vs_Mock_pvalue,Flg22_SynCom35_vs_Mock_padj,Flg22_SynCom35_vs_Mock_log2FoldChange,Flg22_vs_Mock,Flg22_SynCom33_vs_Mock,Flg22_SynCom35_vs_Mock,cl
AT1G02330.1,GO:1904667,CSU2,1,461946,463618,-,1672,protein_coding,CONTAINS InterPro DOMAIN/s: Hepatocellular carcinoma-associated antigen 59 (InterPro:IPR010756); Has 1239 Blast hits to 998 proteins in 204 species: Archae - 4; Bacteria - 71; Metazoa - 421; Fungi - 109; Plants - 87; Viruses - 5; Other Eukaryotes -  /.../ource: NCBI BLink). [Source:TAIR;Acc:AT1G02330],0.18558110154045787,0.660438601861233,-0.1119933379416757,0.24836625125780848,0.6189807294715305,-0.09764264607097912,0.10873504535307953,0.4668512755549228,-0.13537734744412175,0,0,0,8
AT2G42260.2,GO:1904667,PYM,2,17601916,17603457,-,1541,protein_coding,Protein POLYCHOME [Source:UniProtKB/Swiss-Prot;Acc:O48533],0.9413665227961798,0.9926950113592679,-0.06059826148630574,0.8369364880569805,0.9547838512963738,-0.16991053715036084,0.537612417195471,0.8531270811466902,0.5035747214410926,0,0,0,4
AT3G57860.1,GO:1904667,GIG1,3,21426285,21428340,+,2055,protein_coding,Protein GIGAS CELL1 [Source:UniProtKB/Swiss-Prot;Acc:Q9M2R1],0.0569902732228163,0.40059085150421764,-0.5482171776264918,0.03567635925820249,0.2327795848492717,-0.6066604727791037,0.13031781802482964,0.5045358973352674,0.42305457696874527,0,0,0,4
