ID,Path,Gene,Chromosome,Start,End,Strand,Length,BioType,Description,Flg22_vs_Mock_pvalue,Flg22_vs_Mock_padj,Flg22_vs_Mock_log2FoldChange,Flg22_SynCom33_vs_Mock_pvalue,Flg22_SynCom33_vs_Mock_padj,Flg22_SynCom33_vs_Mock_log2FoldChange,Flg22_SynCom35_vs_Mock_pvalue,Flg22_SynCom35_vs_Mock_padj,Flg22_SynCom35_vs_Mock_log2FoldChange,Flg22_vs_Mock,Flg22_SynCom33_vs_Mock,Flg22_SynCom35_vs_Mock,cl
AT2G31320.1,GO:1990404,PARP1,2,13353748,13359750,-,6002,protein_coding,Poly [ADP-ribose] polymerase 1 [Source:UniProtKB/Swiss-Prot;Acc:Q9ZP54],0.7582814991187791,0.9545451499051282,-0.05452792818351033,0.9429202640718193,0.9873613349407674,0.012666594925924018,0.25196170775585724,0.6600996150702835,0.20123935893450992,0,0,0,4
AT4G02390.1,GO:1990404,PARP2,4,1049766,1054186,+,4420,protein_coding,Poly [ADP-ribose] polymerase 2 [Source:UniProtKB/Swiss-Prot;Acc:Q11207],0.7949122709722953,0.9648102601956161,-0.26077244399506094,0.12162283117716843,0.4433172810446972,1.5307453681009326,0.07043241897123383,0.37893503465037415,1.786671243241054,0,0,0,1
AT4G02390.2,GO:1990404,PARP2,4,1049934,1054065,+,4131,protein_coding,Poly [ADP-ribose] polymerase 2 [Source:UniProtKB/Swiss-Prot;Acc:Q11207],0.6597893394096064,0.9315637375746338,-0.18307403367200042,0.6008366363582764,0.8689778048411894,0.2166618556718322,0.2711927234694406,0.678560014688279,-0.4588163776847064,0,0,0,10
AT4G02390.3,GO:1990404,PARP2,4,1049950,1054147,+,4197,protein_coding,Poly [ADP-ribose] polymerase 2 [Source:UniProtKB/Swiss-Prot;Acc:Q11207],0.5965552027885348,0.9119285599026485,-0.22733239826061524,0.06224439493302367,0.3144421768455134,0.7953605018900243,0.6370542816573138,0.8960100501672994,-0.20243799061015852,0,0,0,5
