ID,Path,Gene,Chromosome,Start,End,Strand,Length,BioType,Description,Flg22_vs_Mock_pvalue,Flg22_vs_Mock_padj,Flg22_vs_Mock_log2FoldChange,Flg22_SynCom33_vs_Mock_pvalue,Flg22_SynCom33_vs_Mock_padj,Flg22_SynCom33_vs_Mock_log2FoldChange,Flg22_SynCom35_vs_Mock_pvalue,Flg22_SynCom35_vs_Mock_padj,Flg22_SynCom35_vs_Mock_log2FoldChange,Flg22_vs_Mock,Flg22_SynCom33_vs_Mock,Flg22_SynCom35_vs_Mock,cl
AT1G03060.2,GO:1904580,SPI,1,712440,727540,-,15100,protein_coding,Protein SPIRRIG [Source:UniProtKB/Swiss-Prot;Acc:F4HZB2],0.1506408218427578,0.6084432975551044,-1.1433338851662114,0.3210130007118269,0.6846888718902974,-0.7889527796795046,0.9678464877620808,0.9924747795311427,0.03201288367957766,-0,0,0,8
AT1G03060.3,GO:1904580,SPI,1,712457,727553,-,15096,protein_coding,Protein SPIRRIG [Source:UniProtKB/Swiss-Prot;Acc:F4HZB2],0.36515562958494424,0.8147685352853898,-0.649925829423571,0.5436561533005221,0.8388087420665002,0.43526606477032087,0.07816863240907763,0.3985970662351822,-1.2655900687694903,0,0,-0,10
AT1G03060.1,GO:1904580,SPI,1,712473,726891,-,14418,protein_coding,Protein SPIRRIG [Source:UniProtKB/Swiss-Prot;Acc:F4HZB2],0.875981188805208,0.9817960457230948,0.028093584915760254,0.6804935223944544,0.9043491917546044,0.0741183294859147,0.9866773011490413,0.9974035201000954,0.00300536734655348,0,0,0,6
AT1G03060.4,GO:1904580,SPI,1,712473,727157,-,14684,protein_coding,Protein SPIRRIG [Source:UniProtKB/Swiss-Prot;Acc:F4HZB2],0.2151790967408133,0.6912925476463905,1.3037823018010575,0.19245326987230485,0.5528455653673112,1.370886694956756,0.041201343513052435,0.2878948365486539,2.145133555570248,0,0,0,6
