ID,Path,Gene,Chromosome,Start,End,Strand,Length,BioType,Description,Flg22_vs_Mock_pvalue,Flg22_vs_Mock_padj,Flg22_vs_Mock_log2FoldChange,Flg22_SynCom33_vs_Mock_pvalue,Flg22_SynCom33_vs_Mock_padj,Flg22_SynCom33_vs_Mock_log2FoldChange,Flg22_SynCom35_vs_Mock_pvalue,Flg22_SynCom35_vs_Mock_padj,Flg22_SynCom35_vs_Mock_log2FoldChange,Flg22_vs_Mock,Flg22_SynCom33_vs_Mock,Flg22_SynCom35_vs_Mock,cl
AT5G67100.2,GO:1902981,POLA,5,26776953,26786431,+,9478,protein_coding,DNA polymerase alpha catalytic subunit [Source:UniProtKB/Swiss-Prot;Acc:Q9FHA3],0.936401418676535,0.9915020266177292,-0.02103399677669611,0.2479547949973345,0.6185061953531861,-0.3063648204733552,0.018866094744175325,0.18724443372746288,0.6126433586737248,0,0,0,4
AT5G67100.1,GO:1902981,POLA,5,26776971,26785104,+,8133,protein_coding,DNA polymerase alpha catalytic subunit [Source:UniProtKB/Swiss-Prot;Acc:Q9FHA3],0.04822839112056118,0.36860176362293023,-0.6177180268104371,0.060606389252109205,0.3101505722206738,-0.5866351912109804,0.25927347651423716,0.667267323803022,0.3498949598943671,0,0,0,4
