ID,Path,Gene,Chromosome,Start,End,Strand,Length,BioType,Description,Flg22_vs_Mock_pvalue,Flg22_vs_Mock_padj,Flg22_vs_Mock_log2FoldChange,Flg22_SynCom33_vs_Mock_pvalue,Flg22_SynCom33_vs_Mock_padj,Flg22_SynCom33_vs_Mock_log2FoldChange,Flg22_SynCom35_vs_Mock_pvalue,Flg22_SynCom35_vs_Mock_padj,Flg22_SynCom35_vs_Mock_log2FoldChange,Flg22_vs_Mock,Flg22_SynCom33_vs_Mock,Flg22_SynCom35_vs_Mock,cl
AT5G61010.1,GO:1903553,ATEXO70E2,5,24553744,24557043,+,3299,protein_coding,Exocyst complex component EXO70E2 [Source:UniProtKB/Swiss-Prot;Acc:Q9FNR3],0.5280886895822112,0.8896699137220958,-0.17662640620030665,0.8266026640771472,0.9520061656139795,0.06114669768276283,0.03201061220122368,0.253076341878751,-0.6035670679588696,0,0,0,10
AT5G61010.2,GO:1903553,ATEXO70E2,5,24553764,24556783,+,3019,protein_coding,Exocyst complex component EXO70E2 [Source:UniProtKB/Swiss-Prot;Acc:Q9FNR3],0.6736267537289027,0.9354976715104013,0.11495561261369691,0.781897150271844,0.9388896367571284,0.0755696521789284,9.946418125728976e-5,0.004747835858507692,-1.065365072756146,0,0,-1,9
