ID,Path,Gene,Chromosome,Start,End,Strand,Length,BioType,Description,Flg22_vs_Mock_pvalue,Flg22_vs_Mock_padj,Flg22_vs_Mock_log2FoldChange,Flg22_SynCom33_vs_Mock_pvalue,Flg22_SynCom33_vs_Mock_padj,Flg22_SynCom33_vs_Mock_log2FoldChange,Flg22_SynCom35_vs_Mock_pvalue,Flg22_SynCom35_vs_Mock_padj,Flg22_SynCom35_vs_Mock_log2FoldChange,Flg22_vs_Mock,Flg22_SynCom33_vs_Mock,Flg22_SynCom35_vs_Mock,cl
AT1G21840.1,GO:1905182,UREF,1,7666414,7667758,+,1344,protein_coding,Urease accessory protein F [Source:UniProtKB/Swiss-Prot;Acc:Q9XHZ3],0.6982428022233036,0.9413708986019894,0.23980790489705284,0.5520559045883451,0.8423411753402141,0.366874980895505,0.3368531532683778,0.7307496087764322,0.5888672856631754,0,0,0,6
AT1G21840.2,GO:1905182,UREF,1,7666447,7667794,+,1347,protein_coding,Urease accessory protein F [Source:UniProtKB/Swiss-Prot;Acc:Q9XHZ3],0.17568065188616033,0.6465459148703775,1.052471474360149,0.285390479067619,0.654924128756889,0.8330941956991581,0.7843319384723371,NA,0.21556762194060705,0,0,0,9
AT2G34470.1,GO:1905182,UREG,2,14530735,14532505,-,1770,protein_coding,Urease accessory protein G [Source:UniProtKB/TrEMBL;Acc:F4IHW4],0.18764092114466735,0.6628200007786752,-0.14239984160023575,0.8108415840917944,0.9480272905165109,-0.025784895796824484,0.01671908239584673,0.17373323426102336,0.25532838826772997,0,0,0,4
AT2G35035.1,GO:1905182,URED,2,14763255,14765045,-,1790,protein_coding,URED [Source:UniProtKB/TrEMBL;Acc:A0A178VPQ5],0.6959744516970926,0.9406951201008452,0.14585795198988802,0.6050948780026453,0.8707796834917423,0.19271701386101886,0.5753336492219744,0.8708980689478183,0.2079055972786731,0,0,0,6
