ID,Path,Gene,Chromosome,Start,End,Strand,Length,BioType,Description,Flg22_vs_Mock_pvalue,Flg22_vs_Mock_padj,Flg22_vs_Mock_log2FoldChange,Flg22_SynCom33_vs_Mock_pvalue,Flg22_SynCom33_vs_Mock_padj,Flg22_SynCom33_vs_Mock_log2FoldChange,Flg22_SynCom35_vs_Mock_pvalue,Flg22_SynCom35_vs_Mock_padj,Flg22_SynCom35_vs_Mock_log2FoldChange,Flg22_vs_Mock,Flg22_SynCom33_vs_Mock,Flg22_SynCom35_vs_Mock,cl
AT4G13830.2,GO:1902395,ATJ20,4,8010967,8012880,+,1913,protein_coding,"Chaperone protein dnaJ 20, chloroplastic [Source:UniProtKB/Swiss-Prot;Acc:Q9SDN0]",0.644920097311004,0.9273604099470842,0.10036314623605191,0.0738000201501971,0.3458393625512721,0.3874226091889304,0.14496756779175066,0.527789005135281,0.31575289757899977,0,0,0,1
AT4G13830.1,GO:1902395,ATJ20,4,8011183,8012878,+,1695,protein_coding,"Chaperone protein dnaJ 20, chloroplastic [Source:UniProtKB/Swiss-Prot;Acc:Q9SDN0]",0.9507335501174655,0.9935683150044656,0.04570384061931153,0.3880315140745974,0.7412032530520654,0.6267894498446254,0.5727076233936392,NA,0.4110374294249911,0,0,0,5
