ID,Path,Gene,Chromosome,Start,End,Strand,Length,BioType,Description,Flg22_vs_Mock_pvalue,Flg22_vs_Mock_padj,Flg22_vs_Mock_log2FoldChange,Flg22_SynCom33_vs_Mock_pvalue,Flg22_SynCom33_vs_Mock_padj,Flg22_SynCom33_vs_Mock_log2FoldChange,Flg22_SynCom35_vs_Mock_pvalue,Flg22_SynCom35_vs_Mock_padj,Flg22_SynCom35_vs_Mock_log2FoldChange,Flg22_vs_Mock,Flg22_SynCom33_vs_Mock,Flg22_SynCom35_vs_Mock,cl
AT3G05090.2,GO:1903003,LRS1,3,1417893,1423671,-,5778,protein_coding,AT3g05090/T12H1_5 [Source:UniProtKB/TrEMBL;Acc:Q93ZS6],0.7183104142859649,0.9462766489264876,0.0846248208637687,0.4214963160481003,0.7633559737881263,0.18846424900184938,0.14412638227628297,0.5267992258892154,-0.3435802265229077,0,0,0,9
AT3G05090.1,GO:1903003,LRS1,3,1418261,1423673,-,5412,protein_coding,AT3g05090/T12H1_5 [Source:UniProtKB/TrEMBL;Acc:Q93ZS6],0.3101122302553543,0.7765040939253576,0.11880247894178109,0.042598728825082206,0.2570457975927856,0.23675210376934913,0.613808803743658,0.8861093429621917,0.05904156997393335,0,0,0,5
