ID,Path,Gene,Chromosome,Start,End,Strand,Length,BioType,Description,Flg22_vs_Mock_pvalue,Flg22_vs_Mock_padj,Flg22_vs_Mock_log2FoldChange,Flg22_SynCom33_vs_Mock_pvalue,Flg22_SynCom33_vs_Mock_padj,Flg22_SynCom33_vs_Mock_log2FoldChange,Flg22_SynCom35_vs_Mock_pvalue,Flg22_SynCom35_vs_Mock_padj,Flg22_SynCom35_vs_Mock_log2FoldChange,Flg22_vs_Mock,Flg22_SynCom33_vs_Mock,Flg22_SynCom35_vs_Mock,cl
AT3G16060.1,GO:1903338,KIN13B,3,5447272,5451562,+,4290,protein_coding,Kinesin-like protein [Source:UniProtKB/TrEMBL;Acc:A0A178V575],0.6210017196702404,0.9209771357449588,-0.05269203713332628,0.8738698979026973,0.9665343663377662,-0.016910214972851834,0.32551933124316373,0.7229155424211237,0.1043715521968692,0,0,0,4
AT3G16630.1,GO:1903338,KIN13A,3,5662375,5667951,-,5576,protein_coding,Kinesin-like protein [Source:UniProtKB/TrEMBL;Acc:A0A178VP70],0.7321301843972439,0.9502176053942513,0.03957434985418158,0.0018793438692924333,0.03549505695462014,0.35845377052634475,0.04660034502254179,0.3086759638084555,0.22952531583058144,0,0,0,5
AT3G16630.2,GO:1903338,KIN13A,3,5662384,5667943,-,5559,protein_coding,Kinesin-like protein [Source:UniProtKB/TrEMBL;Acc:A0A178VP70],0.5125327779686623,0.8850023406577792,-0.8676005639596299,0.21279009493351045,0.5781054555512523,-1.6516046307068408,0.7391831493479717,0.9309149456636917,-0.44095905820069703,0,-0,0,8
