ID,Path,Gene,Chromosome,Start,End,Strand,Length,BioType,Description,Flg22_vs_Mock_pvalue,Flg22_vs_Mock_padj,Flg22_vs_Mock_log2FoldChange,Flg22_SynCom33_vs_Mock_pvalue,Flg22_SynCom33_vs_Mock_padj,Flg22_SynCom33_vs_Mock_log2FoldChange,Flg22_SynCom35_vs_Mock_pvalue,Flg22_SynCom35_vs_Mock_padj,Flg22_SynCom35_vs_Mock_log2FoldChange,Flg22_vs_Mock,Flg22_SynCom33_vs_Mock,Flg22_SynCom35_vs_Mock,cl
AT1G34150.1,GO:1990481,,1,12435882,12439499,+,3617,protein_coding,tRNA pseudouridine synthase [Source:UniProtKB/TrEMBL;Acc:Q9C5K6],0.7454190352973441,0.9529854144178901,-0.05519298530423137,0.5442772583717116,0.8388267468702958,0.10248927758962045,0.6001591817795395,0.8806861683194463,0.088355040677135,0,0,0,1
AT1G76120.1,GO:1990481,,1,28558630,28560473,-,1843,protein_coding,tRNA pseudouridine synthase [Source:UniProtKB/TrEMBL;Acc:Q9SGS1],0.33678905686148514,0.7969754390256872,-0.22129317746777655,0.08360692292619341,0.37002326343462816,-0.4018752077099643,0.7477567320749601,0.9341148880956524,-0.07345965010051639,0,0,0,8
AT3G57150.1,GO:1990481,CBF5,3,21153815,21156075,-,2260,protein_coding,Uncharacterized protein At3g57150 (Fragment) [Source:UniProtKB/TrEMBL;Acc:C0SVF3],0.2342019892472099,0.7109050629392714,-0.3207350257864962,0.2343922775150048,0.6031537536568413,-0.3206090957433323,0.1814362484207749,0.5792188514473199,0.3600387129343366,0,0,0,4
AT5G14460.1,GO:1990481,,5,4660059,4662668,-,2609,protein_coding,Pseudouridine synthase family protein [Source:UniProtKB/TrEMBL;Acc:Q0WVR7],0.29034234401053277,0.76358613573056755,-0.1274234727432507,0.3453990195457383,0.7071065755409746,-0.1136715588060761,0.7027836825017861,0.9191853437950244,0.04516442754726377,0,0,0,4
