ID,Path,Gene,Chromosome,Start,End,Strand,Length,BioType,Description,Flg22_vs_Mock_pvalue,Flg22_vs_Mock_padj,Flg22_vs_Mock_log2FoldChange,Flg22_SynCom33_vs_Mock_pvalue,Flg22_SynCom33_vs_Mock_padj,Flg22_SynCom33_vs_Mock_log2FoldChange,Flg22_SynCom35_vs_Mock_pvalue,Flg22_SynCom35_vs_Mock_padj,Flg22_SynCom35_vs_Mock_log2FoldChange,Flg22_vs_Mock,Flg22_SynCom33_vs_Mock,Flg22_SynCom35_vs_Mock,cl
AT3G47390.1,GO:1901135,PYRR,3,17459339,17464806,+,5467,protein_coding,"Riboflavin biosynthesis protein PYRR, chloroplastic [Source:UniProtKB/Swiss-Prot;Acc:Q9STY4]",0.7406805012321448,0.9527081225971279,0.14608863958345186,0.20681329283204467,0.5710893618809476,-0.5687240012739473,0.8304597256217082,0.9584109944817855,0.09445737505787055,0,0,0,3
AT3G47390.2,GO:1901135,PYRR,3,17459339,17464865,+,5526,protein_coding,"Riboflavin biosynthesis protein PYRR, chloroplastic [Source:UniProtKB/Swiss-Prot;Acc:Q9STY4]",0.648705103263197,0.9273604099470842,0.09831900024968114,0.4454608264626682,0.7802748378816347,0.16443385310462608,0.9322489776891885,0.9849899819298554,-0.018366635882494493,0,0,0,5
AT3G54690.1,GO:1901135,SETH3,3,20246504,20248152,+,1648,protein_coding,Probable arabinose 5-phosphate isomerase [Source:UniProtKB/Swiss-Prot;Acc:Q9M1T1],0.35504779982652135,0.8096095669928923,0.11925518469278713,0.23226378624781194,0.6015232404363533,-0.15659426824991823,0.03521265927012706,0.26421067285050776,0.2684730521380526,0,0,0,4
AT5G52190.1,GO:1901135,,5,21201631,21202543,-,912,protein_coding,At5g52190 [Source:UniProtKB/TrEMBL;Acc:Q9LTK1],0.4411057385601065,0.8572686354545995,-0.3246285455442316,0.27502547648438225,0.6450164021267618,0.4325927039370449,0.023664259545094903,NA,0.8697932971987606,0,0,0,1
