ID,Path,Gene,Chromosome,Start,End,Strand,Length,BioType,Description,Flg22_vs_Mock_pvalue,Flg22_vs_Mock_padj,Flg22_vs_Mock_log2FoldChange,Flg22_SynCom33_vs_Mock_pvalue,Flg22_SynCom33_vs_Mock_padj,Flg22_SynCom33_vs_Mock_log2FoldChange,Flg22_SynCom35_vs_Mock_pvalue,Flg22_SynCom35_vs_Mock_padj,Flg22_SynCom35_vs_Mock_log2FoldChange,Flg22_vs_Mock,Flg22_SynCom33_vs_Mock,Flg22_SynCom35_vs_Mock,cl
AT2G03760.1,GO:1990135,SOT12,2,1149295,1150663,-,1368,protein_coding,Cytosolic sulfotransferase 12 [Source:UniProtKB/Swiss-Prot;Acc:P52839],0.7563028242449219,0.9543309934896507,-0.08839065402856376,0.007740050889439122,0.09246787215063725,-0.7616377373774053,4.902826721353217e-7,6.410445938169331e-5,-1.4464263967131585,0,0,-1,2
AT2G03770.1,GO:1990135,SOT13,2,1150871,1152044,-,1173,protein_coding,Cytosolic sulfotransferase 13 [Source:UniProtKB/Swiss-Prot;Acc:Q9ZPQ5],0.2986646562352736,NA,-1.1393712735933474,0.39084653320908513,NA,0.7766289280829723,0.5178614342214632,NA,0.5886818786461628,-0,0,0,1
AT3G45070.2,GO:1990135,,3,16486274,16487484,-,1210,protein_coding,Sulfotransferase [Source:UniProtKB/TrEMBL;Acc:A0A1I9LRV5],0.004540078171434168,0.09350891886767831,0.8285243865626183,0.002731969889429198,0.04592099988665034,0.8743592832649689,0.12318620084352683,0.49280030423904186,0.4520929029605192,0,0,0,9
AT3G45070.1,GO:1990135,,3,16486283,16487349,-,1066,protein_coding,Sulfotransferase [Source:UniProtKB/TrEMBL;Acc:A0A1I9LRV5],6.57532647896277e-14,5.1161519445062815e-11,0.9808018371905197,8.60435427457344e-8,1.314217338687973e-5,0.7022079838383463,3.2240618587437646e-7,4.509562802189389e-5,0.6698507702681098,0,0,0,6
