ID,Path,Gene,Chromosome,Start,End,Strand,Length,BioType,Description,Flg22_vs_Mock_pvalue,Flg22_vs_Mock_padj,Flg22_vs_Mock_log2FoldChange,Flg22_SynCom33_vs_Mock_pvalue,Flg22_SynCom33_vs_Mock_padj,Flg22_SynCom33_vs_Mock_log2FoldChange,Flg22_SynCom35_vs_Mock_pvalue,Flg22_SynCom35_vs_Mock_padj,Flg22_SynCom35_vs_Mock_log2FoldChange,Flg22_vs_Mock,Flg22_SynCom33_vs_Mock,Flg22_SynCom35_vs_Mock,cl
AT4G17600.1,GO:1904966,LIL3.1,4,9803624,9805410,+,1786,protein_coding,"Light-harvesting complex-like protein 3 isotype 1, chloroplastic [Source:UniProtKB/Swiss-Prot;Acc:Q9SYX1]",0.25303030750782024,0.7318641939541165,-0.7349740034927077,0.9787508137301494,NA,-0.016165185835445,0.20579769770478162,NA,0.7344142576790523,0,0,0,1
AT5G15070.1,GO:1904966,,5,4876515,4885836,+,9321,protein_coding,,0.9198129963934506,0.9884770655970441,-0.030789552724404035,0.7704217141490697,0.935548628152844,0.08906849174035114,0.6816273603956652,0.9114488123045532,0.12493490879734084,0,0,0,1
AT5G15070.6,GO:1904966,,5,4879115,4885821,+,6706,protein_coding,,0.2701676251328926,0.7462444874861902,0.6086209092823167,0.21426692648924583,0.5798913021535359,-0.6923839785163752,0.9555144022539459,0.9897195773077886,-0.030889537612347064,0,0,0,3
AT5G47110.1,GO:1904966,LIL3.2,5,19133986,19135414,-,1428,protein_coding,"Light-harvesting complex-like protein 3 isotype 2, chloroplastic [Source:UniProtKB/Swiss-Prot;Acc:Q6NKS4]",0.0015641310663160471,0.046070321028999786,-0.9076648917710848,0.07974369684024034,0.36046242785595106,-0.4979575193155826,0.22065148438192095,0.6246589698930999,0.3428723228480273,0,0,0,4
