ID,Path,Gene,Chromosome,Start,End,Strand,Length,BioType,Description,Flg22_vs_Mock_pvalue,Flg22_vs_Mock_padj,Flg22_vs_Mock_log2FoldChange,Flg22_SynCom33_vs_Mock_pvalue,Flg22_SynCom33_vs_Mock_padj,Flg22_SynCom33_vs_Mock_log2FoldChange,Flg22_SynCom35_vs_Mock_pvalue,Flg22_SynCom35_vs_Mock_padj,Flg22_SynCom35_vs_Mock_log2FoldChange,Flg22_vs_Mock,Flg22_SynCom33_vs_Mock,Flg22_SynCom35_vs_Mock,cl
AT1G64350.1,GO:1904263,SEH1,1,23881512,23883354,+,1842,protein_coding,Protein SEH1 [Source:UniProtKB/Swiss-Prot;Acc:Q93VR9],0.6473210741431412,0.9273604099470842,0.06141787979487119,0.09311763055918473,0.3901961370614527,-0.2289803420596189,0.27377615721716003,0.6810574697891052,-0.14786110382741569,0,0,0,3
AT2G30050.1,GO:1904263,SEC13B,2,12824372,12826684,+,2312,protein_coding,Protein transport protein SEC13 homolog B [Source:UniProtKB/Swiss-Prot;Acc:O64740],0.7678441383646293,0.9572750461864241,0.03821242216769153,0.7816741568245487,0.9388896367571284,0.03588025127752574,0.2660871629359228,0.6737905341698517,0.14368859871415027,0,0,0,4
AT3G01340.2,GO:1904263,SEC13A,3,127348,128966,-,1618,protein_coding,Protein transport protein SEC13 homolog A [Source:UniProtKB/Swiss-Prot;Acc:Q9SRI1],0.7942928140404946,0.9644516890237241,0.02873822948276446,0.7688462721492418,0.9347914639037542,-0.032444800464200375,0.8737182513960499,0.9703028948521568,-0.017505215878223335,0,0,0,3
