ID,Path,Gene,Chromosome,Start,End,Strand,Length,BioType,Description,Flg22_vs_Mock_pvalue,Flg22_vs_Mock_padj,Flg22_vs_Mock_log2FoldChange,Flg22_SynCom33_vs_Mock_pvalue,Flg22_SynCom33_vs_Mock_padj,Flg22_SynCom33_vs_Mock_log2FoldChange,Flg22_SynCom35_vs_Mock_pvalue,Flg22_SynCom35_vs_Mock_padj,Flg22_SynCom35_vs_Mock_log2FoldChange,Flg22_vs_Mock,Flg22_SynCom33_vs_Mock,Flg22_SynCom35_vs_Mock,cl
AT1G24706.3,GO:1990428,THO2,1,8741836,8755558,+,13722,protein_coding,THO complex subunit 2 [Source:UniProtKB/Swiss-Prot;Acc:F4IAT2],0.7830440942632875,0.9617784672019213,-0.09826420363890102,0.5902421532131079,0.8642567439770559,-0.19233985914817478,0.07162685997653756,0.3816609074895993,-0.645826994747673,0,0,0,2
AT1G24706.6,GO:1990428,THO2,1,8741836,8755558,+,13722,protein_coding,THO complex subunit 2 [Source:UniProtKB/Swiss-Prot;Acc:F4IAT2],0.8043001089364681,0.9662426756893417,0.03925663629549358,0.1561168260126332,0.5002043027198635,-0.2253630301485515,0.9133840960743892,0.9804655801962187,0.017223324461921544,0,0,0,3
AT1G24706.7,GO:1990428,THO2,1,8741876,8755597,+,13721,protein_coding,THO complex subunit 2 [Source:UniProtKB/Swiss-Prot;Acc:F4IAT2],0.013131919774167883,0.18031284548736107,-1.9323243905948297,0.6562764645931332,0.8948229770466689,0.33484991204834386,0.36280167858423473,0.7491550757103846,0.6829705730160934,-0,0,0,1
AT1G24706.8,GO:1990428,THO2,1,8741897,8755568,+,13671,protein_coding,THO complex subunit 2 [Source:UniProtKB/Swiss-Prot;Acc:F4IAT2],0.48496682472056885,0.8752403418423143,0.49220043941430835,0.4293308272922901,0.7684586385050516,0.5568842350154574,0.7410270526028988,0.9314030014185894,-0.2339844090151614,0,0,0,9
AT1G24706.9,GO:1990428,THO2,1,8744238,8755604,+,11366,protein_coding,THO complex subunit 2 [Source:UniProtKB/Swiss-Prot;Acc:F4IAT2],0.8492543493148527,0.9749709850800186,-0.1027870587126336,0.695628433765215,0.9101471603463696,0.21137545090621251,0.3660739825859646,0.7524141711279911,-0.489359100902642,0,0,0,10
