ID,Path,Gene,Chromosome,Start,End,Strand,Length,BioType,Description,Flg22_vs_Mock_pvalue,Flg22_vs_Mock_padj,Flg22_vs_Mock_log2FoldChange,Flg22_SynCom33_vs_Mock_pvalue,Flg22_SynCom33_vs_Mock_padj,Flg22_SynCom33_vs_Mock_log2FoldChange,Flg22_SynCom35_vs_Mock_pvalue,Flg22_SynCom35_vs_Mock_padj,Flg22_SynCom35_vs_Mock_log2FoldChange,Flg22_vs_Mock,Flg22_SynCom33_vs_Mock,Flg22_SynCom35_vs_Mock,cl
AT5G20720.1,GO:1901671,CPN20,5,7014662,7016481,+,1819,protein_coding,"20 kDa chaperonin, chloroplastic [Source:UniProtKB/Swiss-Prot;Acc:O65282]",0.9684115303970219,0.9946629527453268,0.08650790298789462,0.7553341450743848,0.9300203229019816,0.6805619598367474,0.6492702898139422,0.9006079700382738,-0.9941719747309021,0,0,0,9
AT5G20720.2,GO:1901671,CPN20,5,7014669,7016481,+,1812,protein_coding,"20 kDa chaperonin, chloroplastic [Source:UniProtKB/Swiss-Prot;Acc:O65282]",0.24073549592540025,0.7185892984192653,-0.19690635522651,0.06908701989333224,0.3332491061856374,-0.30539743695840027,0.12938560936693894,0.5026373997490741,0.25370635873278186,0,0,0,4
