ID,Path,Gene,Chromosome,Start,End,Strand,Length,BioType,Description,Flg22_vs_Mock_pvalue,Flg22_vs_Mock_padj,Flg22_vs_Mock_log2FoldChange,Flg22_SynCom33_vs_Mock_pvalue,Flg22_SynCom33_vs_Mock_padj,Flg22_SynCom33_vs_Mock_log2FoldChange,Flg22_SynCom35_vs_Mock_pvalue,Flg22_SynCom35_vs_Mock_padj,Flg22_SynCom35_vs_Mock_log2FoldChange,Flg22_vs_Mock,Flg22_SynCom33_vs_Mock,Flg22_SynCom35_vs_Mock,cl
AT4G20310.3,GO:1905897,S2P,4,10961556,10964089,+,2533,protein_coding,Site-2 protease [Source:UniProtKB/TrEMBL;Acc:A0A0F6SCX9],0.7398346241605159,0.9527081225971279,0.699245157810643,0.9597234735142824,0.9910664535283941,-0.10669772526824065,0.7369903161636289,NA,-0.7119302200769406,0,0,0,7
AT4G20310.8,GO:1905897,S2P,4,10961606,10964035,+,2429,protein_coding,Site-2 protease [Source:UniProtKB/TrEMBL;Acc:A0A0F6SCX9],0.8964500116291223,0.9852100156517319,0.12187350246386586,0.14778595518266696,0.48775715742424225,1.3287894089832681,0.8172012426787892,NA,-0.2179256838642357,0,0,0,5
