ID,Path,Gene,Chromosome,Start,End,Strand,Length,BioType,Description,Flg22_vs_Mock_pvalue,Flg22_vs_Mock_padj,Flg22_vs_Mock_log2FoldChange,Flg22_SynCom33_vs_Mock_pvalue,Flg22_SynCom33_vs_Mock_padj,Flg22_SynCom33_vs_Mock_log2FoldChange,Flg22_SynCom35_vs_Mock_pvalue,Flg22_SynCom35_vs_Mock_padj,Flg22_SynCom35_vs_Mock_log2FoldChange,Flg22_vs_Mock,Flg22_SynCom33_vs_Mock,Flg22_SynCom35_vs_Mock,cl
AT4G32250.3,GO:1904216,,4,15570044,15573323,-,3279,protein_coding,AT4g32250/F10M6_110 [Source:UniProtKB/TrEMBL;Acc:Q8RWX4],0.10931247039273534,0.5350235534824433,0.3610897360074092,0.712781319915626,0.9170449015739556,0.08341597915151111,0.49433549572719077,0.8299176723383236,0.15442878867058468,0,0,0,7
AT4G32250.1,GO:1904216,,4,15570044,15573402,-,3358,protein_coding,AT4g32250/F10M6_110 [Source:UniProtKB/TrEMBL;Acc:Q8RWX4],0.09642438288962916,0.5092456325675195,0.5269426077934278,0.47032428894631884,0.7947235863633756,0.2311243755849204,0.9980113547173541,0.9995917337656474,-8.021343307738797e-4,0,0,0,7
AT5G23040.1,GO:1904216,CPP1,5,7729171,7731055,-,1884,protein_coding,"Protein CHAPERONE-LIKE PROTEIN OF POR1, chloroplastic [Source:UniProtKB/Swiss-Prot;Acc:Q9FN50]",0.48350444733999187,0.8745440082375782,0.5641557634592742,0.3276919904976964,0.6911742713659531,-0.8067591172890777,0.9110430284393214,NA,-0.09061289359796935,0,0,0,3
AT5G23040.2,GO:1904216,CPP1,5,7729317,7731200,-,1883,protein_coding,"Protein CHAPERONE-LIKE PROTEIN OF POR1, chloroplastic [Source:UniProtKB/Swiss-Prot;Acc:Q9FN50]",0.7561377343535394,0.9542616943609279,-0.04889036327804802,0.5012005064827318,0.8138907211451131,-0.10606429092658005,0.2750835892694733,0.682150388870844,0.17070346441523132,0,0,0,4
