ID,Path,Gene,Chromosome,Start,End,Strand,Length,BioType,Description,Flg22_vs_Mock_pvalue,Flg22_vs_Mock_padj,Flg22_vs_Mock_log2FoldChange,Flg22_SynCom33_vs_Mock_pvalue,Flg22_SynCom33_vs_Mock_padj,Flg22_SynCom33_vs_Mock_log2FoldChange,Flg22_SynCom35_vs_Mock_pvalue,Flg22_SynCom35_vs_Mock_padj,Flg22_SynCom35_vs_Mock_log2FoldChange,Flg22_vs_Mock,Flg22_SynCom33_vs_Mock,Flg22_SynCom35_vs_Mock,cl
AT2G16720.1,GO:1900384,MYB7,2,7255473,7256831,-,1358,protein_coding,Transcription factor MYB7 [Source:UniProtKB/Swiss-Prot;Acc:Q42379],0.2567498767570118,0.7349943874387103,0.1849417509487928,0.1740792127288989,0.5285888847371806,-0.2234166744953058,1.9379872003169862e-4,0.007969930951320694,-0.6170751917263959,0,0,0,2
AT5G17220.1,GO:1900384,GSTF12,5,5658416,5659661,+,1245,protein_coding,Glutathione S-transferase F12 [Source:UniProtKB/Swiss-Prot;Acc:Q9FE46],0.05706865749493086,0.4008367047989046,1.5353783898081652,0.48958986597076787,NA,0.5782542759188615,0.8517366788165777,NA,-0.1626823948907647,0,0,0,7
