ID,Path,Gene,Chromosome,Start,End,Strand,Length,BioType,Description,Flg22_vs_Mock_pvalue,Flg22_vs_Mock_padj,Flg22_vs_Mock_log2FoldChange,Flg22_SynCom33_vs_Mock_pvalue,Flg22_SynCom33_vs_Mock_padj,Flg22_SynCom33_vs_Mock_log2FoldChange,Flg22_SynCom35_vs_Mock_pvalue,Flg22_SynCom35_vs_Mock_padj,Flg22_SynCom35_vs_Mock_log2FoldChange,Flg22_vs_Mock,Flg22_SynCom33_vs_Mock,Flg22_SynCom35_vs_Mock,cl
AT3G56580.1,GO:1902006,RZF1,3,20961543,20963817,+,2274,protein_coding,E3 ubiquitin-protein ligase RZF1 [Source:UniProtKB/Swiss-Prot;Acc:Q94AK4],0.2326653607634338,0.7092630620094638,0.514494825357842,0.45119265598545716,0.7839149385537102,0.32555087098736935,0.3192515131609618,0.7172724041488998,0.4293822264719683,0,0,0,6
AT3G56580.3,GO:1902006,RZF1,3,20961589,20963749,+,2160,protein_coding,E3 ubiquitin-protein ligase RZF1 [Source:UniProtKB/Swiss-Prot;Acc:Q94AK4],0.311074151306352,0.7772968824480131,-0.23114133697554548,0.2011640606546206,0.5634773656890185,-0.2918971534269124,0.4365301570674928,0.797010886767086,-0.17730632516915418,0,0,0,8
