ID,Path,Gene,Chromosome,Start,End,Strand,Length,BioType,Description,Flg22_vs_Mock_pvalue,Flg22_vs_Mock_padj,Flg22_vs_Mock_log2FoldChange,Flg22_SynCom33_vs_Mock_pvalue,Flg22_SynCom33_vs_Mock_padj,Flg22_SynCom33_vs_Mock_log2FoldChange,Flg22_SynCom35_vs_Mock_pvalue,Flg22_SynCom35_vs_Mock_padj,Flg22_SynCom35_vs_Mock_log2FoldChange,Flg22_vs_Mock,Flg22_SynCom33_vs_Mock,Flg22_SynCom35_vs_Mock,cl
AT1G80420.1,GO:1901972,XRCC1,1,30235189,30237716,-,2527,protein_coding,DNA-repair protein XRCC1 [Source:UniProtKB/Swiss-Prot;Acc:Q24JK4],0.9960101984997806,0.999278747269186,-0.006253245025465048,0.7610102237737228,0.931827502829354,0.3795424820250033,0.5242841922658696,0.8454883909649753,0.7928955446744798,0,0,0,1
AT1G80420.3,GO:1901972,XRCC1,1,30235189,30237728,-,2539,protein_coding,DNA-repair protein XRCC1 [Source:UniProtKB/Swiss-Prot;Acc:Q24JK4],0.1772967638556307,0.6487697248721492,0.2139588028965469,7.785142598984511e-4,0.018635815079777525,0.5283237030399575,0.787712000432595,0.9458834692491825,0.042832416749416166,0,0,0,5
AT1G80420.5,GO:1901972,XRCC1,1,30235220,30237756,-,2536,protein_coding,DNA-repair protein XRCC1 [Source:UniProtKB/Swiss-Prot;Acc:Q24JK4],0.7158638566899482,0.946121708156731,0.5150017309481019,0.9266678473944161,0.9818179518231395,0.13051552616948517,0.9319805258982897,NA,-0.1211714767258281,0,0,0,7
