ID,Path,Gene,Chromosome,Start,End,Strand,Length,BioType,Description,Flg22_vs_Mock_pvalue,Flg22_vs_Mock_padj,Flg22_vs_Mock_log2FoldChange,Flg22_SynCom33_vs_Mock_pvalue,Flg22_SynCom33_vs_Mock_padj,Flg22_SynCom33_vs_Mock_log2FoldChange,Flg22_SynCom35_vs_Mock_pvalue,Flg22_SynCom35_vs_Mock_padj,Flg22_SynCom35_vs_Mock_log2FoldChange,Flg22_vs_Mock,Flg22_SynCom33_vs_Mock,Flg22_SynCom35_vs_Mock,cl
AT3G60320.1,GO:1901698,NRG2,3,22291886,22295529,-,3643,protein_coding,Nitrate regulatory gene2 protein [Source:UniProtKB/Swiss-Prot;Acc:Q93YU8],0.5101449447868392,0.8837829909448709,0.06961748931530495,0.07698339320430582,0.35442157494744797,-0.18833447465204003,0.12603305660148864,0.4975689471916802,0.161056558807546,0,0,0,4
AT5G66815.1,GO:1901698,CEP5,5,26677365,26678002,+,637,protein_coding,Precursor of CEP5 [Source:UniProtKB/Swiss-Prot;Acc:Q058G9],0.710815126537089,0.9451763028424377,0.1879197487001954,2.0473723227492966e-6,1.803295147160558e-4,-3.832526601540094,7.125553689429034e-4,NA,-1.9732769116100046,0,-1,-0,2
