ID,Path,Gene,Chromosome,Start,End,Strand,Length,BioType,Description,Flg22_vs_Mock_pvalue,Flg22_vs_Mock_padj,Flg22_vs_Mock_log2FoldChange,Flg22_SynCom33_vs_Mock_pvalue,Flg22_SynCom33_vs_Mock_padj,Flg22_SynCom33_vs_Mock_log2FoldChange,Flg22_SynCom35_vs_Mock_pvalue,Flg22_SynCom35_vs_Mock_padj,Flg22_SynCom35_vs_Mock_log2FoldChange,Flg22_vs_Mock,Flg22_SynCom33_vs_Mock,Flg22_SynCom35_vs_Mock,cl
AT5G62000.2,GO:1903288,ARF2,5,24910191,24915395,+,5204,protein_coding,Auxin response factor 2 [Source:UniProtKB/Swiss-Prot;Acc:Q94JM3],0.3207152940658275,0.7852072460517345,-0.1524853388524518,0.6670451189351785,0.8984615415605445,-0.06601300687177193,0.7134102580047246,0.9233387489119781,0.05624740034831602,0,0,0,4
AT5G62000.1,GO:1903288,ARF2,5,24910209,24915378,+,5169,protein_coding,Auxin response factor 2 [Source:UniProtKB/Swiss-Prot;Acc:Q94JM3],0.01531906505670162,0.19710718020361467,-0.8441510071920181,0.41281204103711205,0.7574865451235635,-0.2839063872643148,0.2990465120101293,0.702177053161689,-0.35997972329637373,0,0,0,8
AT5G62000.3,GO:1903288,ARF2,5,24910352,24915359,+,5007,protein_coding,Auxin response factor 2 [Source:UniProtKB/Swiss-Prot;Acc:Q94JM3],0.058390248671423374,0.40464355654013856,-0.2134775896735316,0.1567777754659493,0.5012569016997803,-0.15964198503258223,0.3731231034661803,0.756652036217167,0.10012750642782439,0,0,0,4
