ID,Path,Gene,Chromosome,Start,End,Strand,Length,BioType,Description,Flg22_vs_Mock_pvalue,Flg22_vs_Mock_padj,Flg22_vs_Mock_log2FoldChange,Flg22_SynCom33_vs_Mock_pvalue,Flg22_SynCom33_vs_Mock_padj,Flg22_SynCom33_vs_Mock_log2FoldChange,Flg22_SynCom35_vs_Mock_pvalue,Flg22_SynCom35_vs_Mock_padj,Flg22_SynCom35_vs_Mock_log2FoldChange,Flg22_vs_Mock,Flg22_SynCom33_vs_Mock,Flg22_SynCom35_vs_Mock,cl
AT2G43790.1,GO:1902065,MPK6,2,18138246,18140988,+,2742,protein_coding,Mitogen-activated protein kinase [Source:UniProtKB/TrEMBL;Acc:A0A178VTX8],0.6527834675801163,0.9289707441860648,-0.02971671183637099,0.6568537178854785,0.8950378636632024,-0.029358344266807775,0.41293249538761556,0.780209363030231,0.05367901172726007,0,0,0,4
AT3G45640.1,GO:1902065,MPK3,3,16756571,16758874,+,2303,protein_coding,MPK3 [Source:UniProtKB/TrEMBL;Acc:A0A384L050],0.5285282895810752,0.8896699137220958,0.09783937310560162,0.056534892590279336,0.29940326686601443,0.2953710814313354,0.5445763130075127,0.8565816893321179,-0.09419997801917948,0,0,0,9
AT3G55270.1,GO:1902065,MKP1,3,20496081,20500019,+,3938,nontranslating_CDS,mitogen-activated protein kinase phosphatase 1 [Source:TAIR;Acc:AT3G55270],0.9076173910605745,0.9869002016097549,0.01830821470405784,0.6864632391972987,0.9067708976860951,0.06367083014805741,0.011161973155769101,0.13532391243516836,-0.401374747095968,0,0,0,2
AT4G08480.1,GO:1902065,MEKK2,4,5387351,5391575,-,4224,protein_coding,Mitogen-activated protein kinase kinase kinase 9 [Source:UniProtKB/Swiss-Prot;Acc:O81472],0.5221930279152907,0.8888101661867417,-0.10392822110431346,0.6079698200703638,0.8720556827804652,-0.08328219171448045,0.8412463358257856,0.9612970734752376,0.03234680286045617,0,0,0,4
AT4G08500.1,GO:1902065,MEKK1,4,5403671,5407320,-,3649,protein_coding,Mitogen-activated protein kinase kinase kinase 1 [Source:UniProtKB/Swiss-Prot;Acc:Q39008],0.38593945654193057,0.8308777278607344,0.09215807914628864,0.7027431722879849,0.9128532114017813,0.04064687985043234,0.12481141004278959,0.49550756306459537,-0.16413185779317863,0,0,0,7
