ID,Path,Gene,Chromosome,Start,End,Strand,Length,BioType,Description,Flg22_vs_Mock_pvalue,Flg22_vs_Mock_padj,Flg22_vs_Mock_log2FoldChange,Flg22_SynCom33_vs_Mock_pvalue,Flg22_SynCom33_vs_Mock_padj,Flg22_SynCom33_vs_Mock_log2FoldChange,Flg22_SynCom35_vs_Mock_pvalue,Flg22_SynCom35_vs_Mock_padj,Flg22_SynCom35_vs_Mock_log2FoldChange,Flg22_vs_Mock,Flg22_SynCom33_vs_Mock,Flg22_SynCom35_vs_Mock,cl
AT1G49910.1,GO:1990298,BUB3.2,1,18478951,18481539,+,2588,protein_coding,BUB3.2 [Source:UniProtKB/TrEMBL;Acc:A0A178W7L6],0.20021323619703454,0.6738689342459472,-0.3806775722203721,0.01467943033873549,0.13792815322121196,-0.7401967654701327,0.7528395236397964,0.9352149304812711,0.09142817650981312,0,0,0,4
AT1G69400.1,GO:1990298,BUB3.3,1,26086881,26089034,+,2153,protein_coding,Mitotic checkpoint protein BUB3.3 [Source:UniProtKB/Swiss-Prot;Acc:F4I241],0.7979406821187394,0.9655126569861232,0.0850802479372152,0.8936851371871906,0.9722076748625585,0.044554941571730185,0.05831480768654356,0.3439207398458634,0.6095147169182294,0,0,0,4
AT3G19590.1,GO:1990298,BUB3.1,3,6805622,6808593,+,2971,protein_coding,BUB3.1 [Source:UniProtKB/TrEMBL;Acc:A0A178VA46],0.11985227343725174,0.5580258290325296,-0.3392813542891237,0.014281866376018372,0.13551893114017854,-0.5386296098222932,0.16172253911624504,0.5518752973132799,0.29917112536093493,0,0,0,4
