ID,Path,Gene,Chromosome,Start,End,Strand,Length,BioType,Description,Flg22_vs_Mock_pvalue,Flg22_vs_Mock_padj,Flg22_vs_Mock_log2FoldChange,Flg22_SynCom33_vs_Mock_pvalue,Flg22_SynCom33_vs_Mock_padj,Flg22_SynCom33_vs_Mock_log2FoldChange,Flg22_SynCom35_vs_Mock_pvalue,Flg22_SynCom35_vs_Mock_padj,Flg22_SynCom35_vs_Mock_log2FoldChange,Flg22_vs_Mock,Flg22_SynCom33_vs_Mock,Flg22_SynCom35_vs_Mock,cl
AT2G38530.1,GO:1901957,LTP2,2,16128176,16129399,+,1223,protein_coding,Non-specific lipid-transfer protein [Source:UniProtKB/TrEMBL;Acc:A0A178W063],5.238020433166272e-16,6.986770969210497e-13,1.373633179226055,0.1855486587618503,0.5442335134696357,0.22853165747864,3.409516562787208e-5,0.002114076017204501,-0.7347089943678564,1,0,0,7
AT3G01140.2,GO:1901957,MYB106,3,46330,47905,-,1575,protein_coding,Myb domain protein 106 [Source:UniProtKB/TrEMBL;Acc:F4J2A8],0.17563959159198278,0.6465459148703775,-1.1042200577389805,0.18345937290580158,0.5420106453955114,-1.084284214890463,0.7670515886593733,NA,0.23552016305633552,-0,-0,0,4
AT3G01140.1,GO:1901957,MYB106,3,46396,48296,-,1900,protein_coding,Myb domain protein 106 [Source:UniProtKB/TrEMBL;Acc:F4J2A8],0.6514645280132128,0.9286212125817785,0.20622426235391908,0.4758531922438238,0.798328857537426,0.3238210964873694,0.3142370724458385,NA,0.4527208851987476,0,0,0,6
