ID,Path,Gene,Chromosome,Start,End,Strand,Length,BioType,Description,Flg22_vs_Mock_pvalue,Flg22_vs_Mock_padj,Flg22_vs_Mock_log2FoldChange,Flg22_SynCom33_vs_Mock_pvalue,Flg22_SynCom33_vs_Mock_padj,Flg22_SynCom33_vs_Mock_log2FoldChange,Flg22_SynCom35_vs_Mock_pvalue,Flg22_SynCom35_vs_Mock_padj,Flg22_SynCom35_vs_Mock_log2FoldChange,Flg22_vs_Mock,Flg22_SynCom33_vs_Mock,Flg22_SynCom35_vs_Mock,cl
AT1G63010.1,GO:1905011,,1,23347717,23352181,-,4464,protein_coding,Major Facilitator Superfamily with SPX (SYG1/Pho81/XPR1) domain-containing protein [Source:UniProtKB/TrEMBL;Acc:F4I0G7],0.464249801962661,0.8667660398626046,0.18008507049783917,0.4746907465182364,0.7975962170362964,0.1759074559420642,0.7356327749247671,0.9295691774543051,-0.08311219903999661,0,0,0,9
AT1G63010.2,GO:1905011,,1,23347717,23352645,-,4928,protein_coding,Major Facilitator Superfamily with SPX (SYG1/Pho81/XPR1) domain-containing protein [Source:UniProtKB/TrEMBL;Acc:F4I0G7],0.6340072377809898,0.9253214416817163,-0.4933284440223823,0.7551133964619634,0.9300203229019816,0.3210754776505917,0.8739118409402195,0.9703028948521568,0.16342873150868376,0,0,0,1
AT4G22990.1,GO:1905011,,4,12048186,12051796,-,3610,protein_coding,Major Facilitator Superfamily with SPX (SYG1/Pho81/XPR1) domain-containing protein [Source:UniProtKB/TrEMBL;Acc:F4JMQ7],0.9879419003838686,0.9975578931739252,0.019968742580685865,0.9573630481577321,NA,-0.07076482635798136,0.4662539946890838,NA,0.9508529303603018,0,0,0,4
