ID,Path,Gene,Chromosome,Start,End,Strand,Length,BioType,Description,Flg22_vs_Mock_pvalue,Flg22_vs_Mock_padj,Flg22_vs_Mock_log2FoldChange,Flg22_SynCom33_vs_Mock_pvalue,Flg22_SynCom33_vs_Mock_padj,Flg22_SynCom33_vs_Mock_log2FoldChange,Flg22_SynCom35_vs_Mock_pvalue,Flg22_SynCom35_vs_Mock_padj,Flg22_SynCom35_vs_Mock_log2FoldChange,Flg22_vs_Mock,Flg22_SynCom33_vs_Mock,Flg22_SynCom35_vs_Mock,cl
AT3G16690.2,GO:1902334,SWEET16,3,5684317,5686521,-,2204,protein_coding,Bidirectional sugar transporter SWEET [Source:UniProtKB/TrEMBL;Acc:A0A1I9LLQ5],0.016797381196549034,0.20846763167768498,-1.4063960400193247,0.2338750774374169,0.6026464794149806,0.6159203870331024,0.056121855043245725,NA,0.9754303501523828,-0,0,0,1
AT3G16690.1,GO:1902334,SWEET16,3,5684317,5686521,-,2204,protein_coding,Bidirectional sugar transporter SWEET [Source:UniProtKB/TrEMBL;Acc:A0A1I9LLQ5],0.23939519020218958,0.7169569841498484,-1.251611656268409,0.4831791464962479,0.8019577347359389,0.7432171521133394,0.6277788506674467,0.8925656633388944,0.5139759637492713,-0,0,0,1
AT3G16690.3,GO:1902334,SWEET16,3,5684359,5686544,-,2185,protein_coding,Bidirectional sugar transporter SWEET [Source:UniProtKB/TrEMBL;Acc:A0A1I9LLQ5],0.11002234746505173,0.5365182298581403,-1.3476306730929934,0.6832245968578476,0.90546458355022,0.34261498983803107,0.15526727682963068,0.5421509645816045,1.192086141170606,-0,0,0,1
AT4G15920.1,GO:1902334,SWEET17,4,9030486,9033648,-,3162,protein_coding,Nodulin MtN3 family protein [Source:TAIR;Acc:AT4G15920],0.49488667590240054,0.8783390011488378,-0.11774468915917961,0.7492093004126807,0.9278432180433916,-0.05508866551697784,0.05412904008912751,0.3341638302448626,0.32915572349912314,0,0,0,4
