ID,Path,Gene,Chromosome,Start,End,Strand,Length,BioType,Description,Flg22_vs_Mock_pvalue,Flg22_vs_Mock_padj,Flg22_vs_Mock_log2FoldChange,Flg22_SynCom33_vs_Mock_pvalue,Flg22_SynCom33_vs_Mock_padj,Flg22_SynCom33_vs_Mock_log2FoldChange,Flg22_SynCom35_vs_Mock_pvalue,Flg22_SynCom35_vs_Mock_padj,Flg22_SynCom35_vs_Mock_log2FoldChange,Flg22_vs_Mock,Flg22_SynCom33_vs_Mock,Flg22_SynCom35_vs_Mock,cl
AT4G32272.1,GO:1990569,,4,15576763,15579896,-,3133,protein_coding,Nucleotide/sugar transporter family protein [Source:UniProtKB/TrEMBL;Acc:F4JU87],0.15910193165462833,0.6204519881548838,0.19252961055619816,0.6563551033458984,0.8948229770466689,-0.06204687181551924,0.12002856283843684,0.48802554753542565,-0.21791458705974742,0,0,0,7
AT5G65000.1,GO:1990569,,5,25964929,25967449,-,2520,protein_coding,CMP-sialic acid transporter 5 [Source:UniProtKB/Swiss-Prot;Acc:Q8LES0],0.6331253415192977,0.9250116965096203,0.08622689114331204,0.23039236617647016,0.599323358579047,-0.21916965171040775,0.11070552496436839,0.47047403631739526,0.285708278282825,0,0,0,4
AT5G65000.2,GO:1990569,,5,25964966,25967393,-,2427,protein_coding,CMP-sialic acid transporter 5 [Source:UniProtKB/Swiss-Prot;Acc:Q8LES0],0.6170194101835313,0.9190515323520648,-0.6371264072435157,0.684495877585519,0.9060327037891537,0.5112652694197458,0.1733045426189156,NA,-1.776938374825464,0,0,-0,10
