ID,Path,Gene,Chromosome,Start,End,Strand,Length,BioType,Description,Flg22_vs_Mock_pvalue,Flg22_vs_Mock_padj,Flg22_vs_Mock_log2FoldChange,Flg22_SynCom33_vs_Mock_pvalue,Flg22_SynCom33_vs_Mock_padj,Flg22_SynCom33_vs_Mock_log2FoldChange,Flg22_SynCom35_vs_Mock_pvalue,Flg22_SynCom35_vs_Mock_padj,Flg22_SynCom35_vs_Mock_log2FoldChange,Flg22_vs_Mock,Flg22_SynCom33_vs_Mock,Flg22_SynCom35_vs_Mock,cl
AT1G17950.1,GO:1901347,MYB52,1,6177481,6179289,+,1808,protein_coding,Transcription factor MYB52 [Source:UniProtKB/Swiss-Prot;Acc:Q6R0C4],0.33674837904807853,0.796946506042221,0.23022978105857267,0.06288353463743045,0.31620560758013566,-0.4509600803235948,1.6262014645373015e-7,2.540464599599896e-5,-1.2956948083882367,0,0,-1,2
AT1G66810.1,GO:1901347,,1,24927253,24928803,-,1550,protein_coding,Zinc finger CCCH domain-containing protein 14 [Source:UniProtKB/Swiss-Prot;Acc:Q9C9N3],0.9253176293393786,0.9892020500505815,0.03317807480148572,0.8932244471615277,0.9718964451493994,0.047497883873392904,0.7842919696553787,0.9447307258150499,0.09616881754710635,0,0,0,4
AT1G79620.2,GO:1901347,,1,29957390,29962305,-,4915,protein_coding,Leucine-rich repeat protein kinase family protein [Source:TAIR;Acc:AT1G79620],0.5532622244786134,0.8986100063707781,0.646425468345893,0.16741475123056798,0.5180526082781718,-1.5495640611123906,0.19899646525803824,NA,-1.434788112068118,0,-0,-0,2
AT1G79620.1,GO:1901347,,1,29957393,29962323,-,4930,protein_coding,Leucine-rich repeat protein kinase family protein [Source:TAIR;Acc:AT1G79620],0.30587400940143716,0.773593642865991,-0.3438286473910468,0.6274477751824159,0.880735580051337,-0.16276947864729827,0.10938130640983615,0.46823008096980234,0.5347129238062955,0,0,0,4
