ID,Path,Gene,Chromosome,Start,End,Strand,Length,BioType,Description,Flg22_vs_Mock_pvalue,Flg22_vs_Mock_padj,Flg22_vs_Mock_log2FoldChange,Flg22_SynCom33_vs_Mock_pvalue,Flg22_SynCom33_vs_Mock_padj,Flg22_SynCom33_vs_Mock_log2FoldChange,Flg22_SynCom35_vs_Mock_pvalue,Flg22_SynCom35_vs_Mock_padj,Flg22_SynCom35_vs_Mock_log2FoldChange,Flg22_vs_Mock,Flg22_SynCom33_vs_Mock,Flg22_SynCom35_vs_Mock,cl
AT2G46020.3,GO:1903798,BRM,2,18922533,18932055,+,9522,protein_coding,ATP-dependent helicase BRM [Source:UniProtKB/Swiss-Prot;Acc:Q6EVK6],0.6559325434538344,0.929652752912147,-0.20453039162921413,0.9182351380965093,0.9801079726296277,0.047068255763283495,0.21784529860488253,0.6212849628560996,0.5636766197720852,0,0,0,1
AT2G46020.4,GO:1903798,BRM,2,18922559,18932041,+,9482,protein_coding,ATP-dependent helicase BRM [Source:UniProtKB/Swiss-Prot;Acc:Q6EVK6],0.6045098559306576,0.9146310075073392,0.2645020916637734,0.3362229635228255,0.6984811209753164,0.49093220613369276,0.936159385353762,0.9851868880707652,0.040917136784949217,0,0,0,5
AT2G46020.6,GO:1903798,BRM,2,18923304,18931921,+,8617,protein_coding,ATP-dependent helicase BRM [Source:UniProtKB/Swiss-Prot;Acc:Q6EVK6],0.424698337566316,0.8486655110011069,-0.764493098131135,0.6504157772245802,0.8922927748584417,0.4320799783640772,0.8753942176385612,0.9706346534814149,0.14958276500092096,0,0,0,1
AT2G46020.2,GO:1903798,BRM,2,18923304,18931934,+,8630,protein_coding,ATP-dependent helicase BRM [Source:UniProtKB/Swiss-Prot;Acc:Q6EVK6],0.6495879303046571,0.9274955406139133,-0.05388082369547007,0.25008834878261726,0.6209360849703812,-0.13649488412600966,0.5907261986143365,0.877156578586823,0.06369185875688287,0,0,0,4
