ID,Path,Gene,Chromosome,Start,End,Strand,Length,BioType,Description,Flg22_vs_Mock_pvalue,Flg22_vs_Mock_padj,Flg22_vs_Mock_log2FoldChange,Flg22_SynCom33_vs_Mock_pvalue,Flg22_SynCom33_vs_Mock_padj,Flg22_SynCom33_vs_Mock_log2FoldChange,Flg22_SynCom35_vs_Mock_pvalue,Flg22_SynCom35_vs_Mock_padj,Flg22_SynCom35_vs_Mock_log2FoldChange,Flg22_vs_Mock,Flg22_SynCom33_vs_Mock,Flg22_SynCom35_vs_Mock,cl
AT1G53720.1,GO:1901407,CYP59,1,20056526,20059803,+,3277,protein_coding,Peptidyl-prolyl cis-trans isomerase CYP59 [Source:UniProtKB/Swiss-Prot;Acc:Q6Q151],0.34008168556242735,0.7994987909600632,0.14849133073497472,0.4625806474845494,0.7903909004494857,0.11447746192326487,0.5724387174616691,0.8695696685367594,0.08781773105431058,0,0,0,6
AT1G53720.2,GO:1901407,CYP59,1,20056533,20059732,+,3199,protein_coding,Peptidyl-prolyl cis-trans isomerase CYP59 [Source:UniProtKB/Swiss-Prot;Acc:Q6Q151],0.49593815533373337,0.8785304276516508,-0.9254304942455511,0.3668228710163273,0.7242559358276848,-1.2311806226029258,0.7525442944918842,NA,0.42434729831698287,0,-0,0,4
