ID,Path,Gene,Chromosome,Start,End,Strand,Length,BioType,Description,Flg22_vs_Mock_pvalue,Flg22_vs_Mock_padj,Flg22_vs_Mock_log2FoldChange,Flg22_SynCom33_vs_Mock_pvalue,Flg22_SynCom33_vs_Mock_padj,Flg22_SynCom33_vs_Mock_log2FoldChange,Flg22_SynCom35_vs_Mock_pvalue,Flg22_SynCom35_vs_Mock_padj,Flg22_SynCom35_vs_Mock_log2FoldChange,Flg22_vs_Mock,Flg22_SynCom33_vs_Mock,Flg22_SynCom35_vs_Mock,cl
AT2G20890.1,GO:1903426,THF1,2,8987584,8989416,+,1832,protein_coding,THF1 [Source:UniProtKB/TrEMBL;Acc:A0A178VVV5],0.15570808659784038,0.6156886768605895,-0.24761178256796032,0.8640434910496765,0.9639453848714806,0.029661527861620313,6.935133156808118e-4,0.020101859456203578,0.5804072229878463,0,0,0,1
AT5G52440.1,GO:1903426,TATB,5,21286735,21288913,+,2178,protein_coding,"Sec-independent protein translocase protein TATB, chloroplastic [Source:UniProtKB/Swiss-Prot;Acc:Q9XH75]",0.8331266824810057,0.970503269675665,-0.055488143497656635,0.4365506596030669,0.7738088795620645,-0.20585255618431372,0.31827279846704826,0.7167123782536184,0.26035214864308504,0,0,0,4
AT5G58580.1,GO:1903426,ATL63,5,23676455,23678002,-,1547,protein_coding,RING-H2 finger protein ATL63 [Source:UniProtKB/Swiss-Prot;Acc:Q9LUZ9],0.1019170352902041,0.519999649456085,0.7931908749276877,0.22781706842798627,0.5966658645246615,0.5899207049069062,0.2275030594886674,NA,-0.6324566321671374,0,0,0,9
