ID,Path,Gene,Chromosome,Start,End,Strand,Length,BioType,Description,Flg22_vs_Mock_pvalue,Flg22_vs_Mock_padj,Flg22_vs_Mock_log2FoldChange,Flg22_SynCom33_vs_Mock_pvalue,Flg22_SynCom33_vs_Mock_padj,Flg22_SynCom33_vs_Mock_log2FoldChange,Flg22_SynCom35_vs_Mock_pvalue,Flg22_SynCom35_vs_Mock_padj,Flg22_SynCom35_vs_Mock_log2FoldChange,Flg22_vs_Mock,Flg22_SynCom33_vs_Mock,Flg22_SynCom35_vs_Mock,cl
AT1G05490.1,GO:1900370,CLSY3,1,1618504,1623489,-,4985,protein_coding,SNF2 domain-containing protein CLASSY 3 [Source:UniProtKB/Swiss-Prot;Acc:F4I8S3],0.37830467661776884,0.8245301761302619,0.29770697315801836,0.7531035702077662,0.9293714482808235,0.1069359887226721,0.8256287441993507,0.9569867649805217,0.07476211956519649,0,0,0,7
AT2G16390.2,GO:1900370,DRD1,2,7097280,7101351,+,4071,protein_coding,DRD1 [Source:UniProtKB/TrEMBL;Acc:A0A384KTB7],0.7410053063174311,0.9527081225971279,-0.06903081226980834,0.6137192784657358,0.8739775488462199,-0.10556696837586531,0.5823944095950997,0.8741729913924949,0.11406566457104748,0,0,0,4
AT3G24340.1,GO:1900370,CLSY4,3,8831935,8835829,-,3894,protein_coding,SNF2 domain-containing protein CLASSY 4 [Source:UniProtKB/Swiss-Prot;Acc:Q9LK10],0.19568061000097492,0.6704843506712305,-0.6740653635253668,0.08095557718623504,0.3632946681863578,-0.9240682952503545,0.964063209827897,NA,-0.022673570929931802,0,0,0,8
AT3G42670.1,GO:1900370,CHR38,3,14755798,14760085,-,4287,protein_coding,Chromatin remodeling 38 [Source:UniProtKB/TrEMBL;Acc:A0A1I9LTS2],0.5855882004792343,0.9087781613022718,-0.18694720912863158,0.947857699146361,0.9887702786272083,-0.022371078162665807,0.7827150844807311,0.944294516674606,-0.09431640833299075,0,0,0,8
