ID,Path,Gene,Chromosome,Start,End,Strand,Length,BioType,Description,Flg22_vs_Mock_pvalue,Flg22_vs_Mock_padj,Flg22_vs_Mock_log2FoldChange,Flg22_SynCom33_vs_Mock_pvalue,Flg22_SynCom33_vs_Mock_padj,Flg22_SynCom33_vs_Mock_log2FoldChange,Flg22_SynCom35_vs_Mock_pvalue,Flg22_SynCom35_vs_Mock_padj,Flg22_SynCom35_vs_Mock_log2FoldChange,Flg22_vs_Mock,Flg22_SynCom33_vs_Mock,Flg22_SynCom35_vs_Mock,cl
AT4G25010.1,GO:1905200,SWEET14,4,12854385,12856541,-,2156,protein_coding,Bidirectional sugar transporter SWEET [Source:UniProtKB/TrEMBL;Acc:A0A178V6E7],0.002021361922973497,0.05475857719962342,2.322253843054701,0.7884989115636313,0.9413391785347823,-0.2090083163852125,0.09086613450588818,0.4298186126509355,-1.3757619862088875,0,0,-0,7
AT5G50800.1,GO:1905200,SWEET13,5,20665068,20667312,-,2244,protein_coding,Bidirectional sugar transporter SWEET [Source:UniProtKB/TrEMBL;Acc:A0A178UJY5],0.0060236857406291726,0.11211259885765035,1.8644597327041184,0.4882547458262442,0.8053791542799961,-0.48189446214125004,0.5074564414258957,0.8369361121426064,-0.45984334786942344,0,0,0,7
