ID,Path,Gene,Chromosome,Start,End,Strand,Length,BioType,Description,Flg22_vs_Mock_pvalue,Flg22_vs_Mock_padj,Flg22_vs_Mock_log2FoldChange,Flg22_SynCom33_vs_Mock_pvalue,Flg22_SynCom33_vs_Mock_padj,Flg22_SynCom33_vs_Mock_log2FoldChange,Flg22_SynCom35_vs_Mock_pvalue,Flg22_SynCom35_vs_Mock_padj,Flg22_SynCom35_vs_Mock_log2FoldChange,Flg22_vs_Mock,Flg22_SynCom33_vs_Mock,Flg22_SynCom35_vs_Mock,cl
AT1G25540.2,GO:1905499,MED25,1,8969065,8974660,-,5595,protein_coding,Mediator of RNA polymerase II transcription subunit 25 [Source:UniProtKB/Swiss-Prot;Acc:Q7XYY2],0.9151905333565616,0.9881052277925781,-0.030414926338472235,0.8329723385263997,0.9537641905229258,-0.060247977628297006,0.0810936663163948,0.40602527039330405,-0.4997043542875901,0,0,0,2
AT1G25540.1,GO:1905499,MED25,1,8969065,8974815,-,5750,protein_coding,Mediator of RNA polymerase II transcription subunit 25 [Source:UniProtKB/Swiss-Prot;Acc:Q7XYY2],0.9972825850025746,0.9994996402838522,-7.532688228182154e-4,0.3995262473890705,0.748488715751132,0.1860672112810266,0.6858435678784538,0.9130159670219036,0.08934353519201853,0,0,0,1
AT3G55360.1,GO:1905499,ECR,3,20520930,20523098,-,2168,protein_coding,TSC13 [Source:UniProtKB/TrEMBL;Acc:A0A178VGP2],0.5901431034746644,0.9101193894967143,0.11902795982373031,0.515625760178877,0.8221919793889414,-0.14381902518446235,0.8826569815305537,0.973143378473125,0.03261863392382614,0,0,0,3
