ID,Path,Gene,Chromosome,Start,End,Strand,Length,BioType,Description,Flg22_vs_Mock_pvalue,Flg22_vs_Mock_padj,Flg22_vs_Mock_log2FoldChange,Flg22_SynCom33_vs_Mock_pvalue,Flg22_SynCom33_vs_Mock_padj,Flg22_SynCom33_vs_Mock_log2FoldChange,Flg22_SynCom35_vs_Mock_pvalue,Flg22_SynCom35_vs_Mock_padj,Flg22_SynCom35_vs_Mock_log2FoldChange,Flg22_vs_Mock,Flg22_SynCom33_vs_Mock,Flg22_SynCom35_vs_Mock,cl
AT1G30450.3,GO:1902476,CCC1,1,10762708,10769616,+,6908,protein_coding,Cation-chloride cotransporter 1 [Source:UniProtKB/Swiss-Prot;Acc:Q2UVJ5],0.11792187361608995,0.5535628627216852,1.55254963275224,0.5625554572029698,0.8476327448310204,0.5764564533741147,0.4220382874042092,0.7863386000206334,0.7984909206302632,0,0,0,7
AT1G30450.1,GO:1902476,CCC1,1,10762708,10769616,+,6908,protein_coding,Cation-chloride cotransporter 1 [Source:UniProtKB/Swiss-Prot;Acc:Q2UVJ5],0.456859362858157,0.8641384981661862,0.09601437238219916,0.005328316144168743,0.07178401807780996,0.35786074981119514,0.41110138838249616,0.7789459873754503,0.10588168367129543,0,0,0,5
AT1G30450.4,GO:1902476,CCC1,1,10764393,10769264,+,4871,protein_coding,Cation-chloride cotransporter 1 [Source:UniProtKB/Swiss-Prot;Acc:Q2UVJ5],0.02255428545450925,0.24477647805744232,-0.5369526814761243,8.646873451642661e-4,0.020107720772236853,-0.7883064191449484,0.38516233397002064,0.7649079996594348,-0.20309995150626728,0,0,0,8
AT3G45700.1,GO:1902476,NPF2.4,3,16778713,16781268,+,2555,protein_coding,Protein NRT1/ PTR FAMILY 2.4 [Source:UniProtKB/Swiss-Prot;Acc:Q9M173],0.21576118843107134,0.6918088259136581,0.3064578416545732,2.849577039451584e-5,0.0015259428281780374,1.0297458701391948,9.57921056845738e-10,3.658042029459486e-7,1.5001808929235092,0,1,1,1
