ID,Path,Gene,Chromosome,Start,End,Strand,Length,BioType,Description,Flg22_vs_Mock_pvalue,Flg22_vs_Mock_padj,Flg22_vs_Mock_log2FoldChange,Flg22_SynCom33_vs_Mock_pvalue,Flg22_SynCom33_vs_Mock_padj,Flg22_SynCom33_vs_Mock_log2FoldChange,Flg22_SynCom35_vs_Mock_pvalue,Flg22_SynCom35_vs_Mock_padj,Flg22_SynCom35_vs_Mock_log2FoldChange,Flg22_vs_Mock,Flg22_SynCom33_vs_Mock,Flg22_SynCom35_vs_Mock,cl
AT2G18060.1,GO:1990110,NAC037,2,7847967,7851553,-,3586,protein_coding,VND1 [Source:UniProtKB/TrEMBL;Acc:A0A178VM15],0.7523219931681477,NA,0.6413322608188362,0.7157343254587214,NA,0.7395496977241308,0.883458443097225,NA,-0.300833311819881,0,0,0,9
AT2G18060.3,GO:1990110,NAC037,2,7848320,7850303,-,1983,protein_coding,VND1 [Source:UniProtKB/TrEMBL;Acc:A0A178VM15],0.806431739708616,0.9662426756893417,0.18733756563780118,0.28682329700908843,0.6556448869216255,-0.8348121063389082,0.46278665339985936,NA,-0.5695200532725154,0,0,0,2
AT5G57280.1,GO:1990110,RID2,5,23204377,23206663,+,2286,protein_coding,RID2 [Source:UniProtKB/TrEMBL;Acc:A0A178UNY0],0.17169415441104507,0.6406453921949892,-0.276835367268771,0.05984172328568038,0.3076429920378007,-0.38275064193948266,0.2149828553099148,0.6181848445359875,-0.2502808927739559,0,0,0,8
