ID,Path,Gene,Chromosome,Start,End,Strand,Length,BioType,Description,Flg22_vs_Mock_pvalue,Flg22_vs_Mock_padj,Flg22_vs_Mock_log2FoldChange,Flg22_SynCom33_vs_Mock_pvalue,Flg22_SynCom33_vs_Mock_padj,Flg22_SynCom33_vs_Mock_log2FoldChange,Flg22_SynCom35_vs_Mock_pvalue,Flg22_SynCom35_vs_Mock_padj,Flg22_SynCom35_vs_Mock_log2FoldChange,Flg22_vs_Mock,Flg22_SynCom33_vs_Mock,Flg22_SynCom35_vs_Mock,cl
AT1G43690.1,GO:1990380,,1,16478159,16482859,+,4700,protein_coding,At1g43690/F2J6_4 [Source:UniProtKB/TrEMBL;Acc:Q8VYV0],0.9203749335617085,0.9884770655970441,-0.008104219729490733,0.9419922915924313,0.9870558950268483,-0.005900683639445953,0.7685574769537991,0.9398081783718901,-0.023820096010828577,0,0,0,4
AT4G11860.1,GO:1990380,,4,7133896,7138510,-,4614,protein_coding,FAM63A-like protein (DUF544) [Source:UniProtKB/TrEMBL;Acc:Q8LE63],0.5029702776460803,0.8814803508192677,-0.08815787369830896,0.17039691593896408,0.5226620144079454,0.17977970735345578,0.30878501587525264,0.7095461119948037,-0.13388710577354562,0,0,0,10
AT4G22960.1,GO:1990380,,4,12030020,12033380,+,3360,protein_coding,Protein of unknown function (DUF544) [Source:TAIR;Acc:AT4G22960],1.7012906675731857e-4,0.009450221060761987,1.7474712083480664,0.006034281620416946,0.07787496808451673,1.2929082436410095,0.5213259568037318,0.8441759632724396,0.31362921523569903,1,0,0,7
