ID,Path,Gene,Chromosome,Start,End,Strand,Length,BioType,Description,Flg22_vs_Mock_pvalue,Flg22_vs_Mock_padj,Flg22_vs_Mock_log2FoldChange,Flg22_SynCom33_vs_Mock_pvalue,Flg22_SynCom33_vs_Mock_padj,Flg22_SynCom33_vs_Mock_log2FoldChange,Flg22_SynCom35_vs_Mock_pvalue,Flg22_SynCom35_vs_Mock_padj,Flg22_SynCom35_vs_Mock_log2FoldChange,Flg22_vs_Mock,Flg22_SynCom33_vs_Mock,Flg22_SynCom35_vs_Mock,cl
AT1G79950.1,GO:1904430,RTEL1,1,30073524,30080750,+,7226,protein_coding,Regulator of telomere elongation helicase 1 homolog [Source:UniProtKB/Swiss-Prot;Acc:F4HQE2],0.1936057201362166,0.6681409358695782,-0.2155786230920132,0.17022171020101012,0.5223957527834759,-0.22755857737242804,0.7685639782231428,0.9398081783718901,-0.04854028547616993,0,0,0,8
AT1G79950.7,GO:1904430,RTEL1,1,30073580,30080778,+,7198,protein_coding,Regulator of telomere elongation helicase 1 homolog [Source:UniProtKB/Swiss-Prot;Acc:F4HQE2],0.6151495300648858,0.9190515323520648,-0.6988556267003997,0.8224667974328547,0.9516081857693248,0.31134041375626376,0.48226061862536784,0.8230864048587613,-0.9773120432438728,0,0,0,10
