ID,Path,Gene,Chromosome,Start,End,Strand,Length,BioType,Description,Flg22_vs_Mock_pvalue,Flg22_vs_Mock_padj,Flg22_vs_Mock_log2FoldChange,Flg22_SynCom33_vs_Mock_pvalue,Flg22_SynCom33_vs_Mock_padj,Flg22_SynCom33_vs_Mock_log2FoldChange,Flg22_SynCom35_vs_Mock_pvalue,Flg22_SynCom35_vs_Mock_padj,Flg22_SynCom35_vs_Mock_log2FoldChange,Flg22_vs_Mock,Flg22_SynCom33_vs_Mock,Flg22_SynCom35_vs_Mock,cl
AT1G64160.1,GO:1901599,DIR5,1,23813943,23814839,+,896,protein_coding,Dirigent protein 5 [Source:UniProtKB/Swiss-Prot;Acc:Q9SH66],4.860823928633983e-6,6.217193564610342e-4,-3.308725335773069,2.3566977278512226e-5,0.001303554492183057,-3.038030678835596,9.552186107823599e-8,1.618355587197325e-5,-3.942147885801159,-1,-1,-1,8
AT4G23690.1,GO:1901599,DIR6,4,12338829,12339967,-,1138,protein_coding,Dirigent protein 6 [Source:UniProtKB/Swiss-Prot;Acc:Q9SUQ8],0.05402954972172742,0.3909725919473818,-0.2106430708641894,2.271970894541281e-9,6.497353360325396e-7,-0.6575687799321426,1.1595611093076236e-10,5.166059475504224e-8,-0.7085767199820782,0,0,0,2
