ID,Path,Gene,Chromosome,Start,End,Strand,Length,BioType,Description,Flg22_vs_Mock_pvalue,Flg22_vs_Mock_padj,Flg22_vs_Mock_log2FoldChange,Flg22_SynCom33_vs_Mock_pvalue,Flg22_SynCom33_vs_Mock_padj,Flg22_SynCom33_vs_Mock_log2FoldChange,Flg22_SynCom35_vs_Mock_pvalue,Flg22_SynCom35_vs_Mock_padj,Flg22_SynCom35_vs_Mock_log2FoldChange,Flg22_vs_Mock,Flg22_SynCom33_vs_Mock,Flg22_SynCom35_vs_Mock,cl
AT3G05640.2,GO:1904526,,3,1640362,1643174,-,2812,protein_coding,Probable protein phosphatase 2C 34 [Source:UniProtKB/Swiss-Prot;Acc:Q9M9W9],0.5794202665359502,0.9066902588052875,-0.7736873191240162,0.6796700100590397,0.9037024615497403,0.574490709724231,0.9116815855764625,0.9799497625680698,-0.1545101557322454,0,0,0,5
AT3G05640.3,GO:1904526,,3,1640393,1643253,-,2860,protein_coding,Probable protein phosphatase 2C 34 [Source:UniProtKB/Swiss-Prot;Acc:Q9M9W9],0.32896414495793314,0.7912936594604264,1.9073575051421185,0.5413876519666376,0.8373271307846011,1.1953429897688008,0.35139201192650216,NA,1.8208145665008157,0,0,0,6
