ID,Path,Gene,Chromosome,Start,End,Strand,Length,BioType,Description,Flg22_vs_Mock_pvalue,Flg22_vs_Mock_padj,Flg22_vs_Mock_log2FoldChange,Flg22_SynCom33_vs_Mock_pvalue,Flg22_SynCom33_vs_Mock_padj,Flg22_SynCom33_vs_Mock_log2FoldChange,Flg22_SynCom35_vs_Mock_pvalue,Flg22_SynCom35_vs_Mock_padj,Flg22_SynCom35_vs_Mock_log2FoldChange,Flg22_vs_Mock,Flg22_SynCom33_vs_Mock,Flg22_SynCom35_vs_Mock,cl
AT2G41760.1,GO:1901183,NTAQ1,2,17421689,17424371,+,2682,protein_coding,Protein N-terminal glutamine amidohydrolase [Source:UniProtKB/Swiss-Prot;Acc:O22944],0.6037455299408726,0.914445150951007,-0.0667639815310843,0.785704167075586,0.9408094867507961,-0.03493492250874181,0.5408853724282463,0.8549123112725018,0.07778272020427557,0,0,0,4
AT3G52430.1,GO:1901183,PAD4,3,19431095,19434450,+,3355,protein_coding,Lipase-like PAD4 [Source:UniProtKB/Swiss-Prot;Acc:Q9S745],0.5770879723511619,0.9062875630636722,0.1480980668990014,0.9023503586828856,0.9746848692937409,-0.03261946566268115,0.1754783656200681,0.5717957672194484,-0.3607499483607996,0,0,0,2
AT4G27260.1,GO:1901183,GH3.5,4,13653579,13656285,+,2706,protein_coding,Indole-3-acetic acid-amido synthetase GH3.5 [Source:UniProtKB/Swiss-Prot;Acc:O81829],0.9281743608648064,0.990290699405199,0.01899575744631924,0.002144640146863839,0.03895420028918495,0.6435464614333802,1.7328205177499957e-5,0.0012118661632566684,0.8990316500161696,0,0,0,1
