ID,Path,Gene,Chromosome,Start,End,Strand,Length,BioType,Description,Flg22_vs_Mock_pvalue,Flg22_vs_Mock_padj,Flg22_vs_Mock_log2FoldChange,Flg22_SynCom33_vs_Mock_pvalue,Flg22_SynCom33_vs_Mock_padj,Flg22_SynCom33_vs_Mock_log2FoldChange,Flg22_SynCom35_vs_Mock_pvalue,Flg22_SynCom35_vs_Mock_padj,Flg22_SynCom35_vs_Mock_log2FoldChange,Flg22_vs_Mock,Flg22_SynCom33_vs_Mock,Flg22_SynCom35_vs_Mock,cl
AT1G21810.3,GO:1903754,FPP2,1,7656319,7659167,-,2848,protein_coding,Filament-like plant protein 2 [Source:UniProtKB/Swiss-Prot;Acc:Q9SFF4],0.3441339008920683,0.801600268304256,-0.4320805459494427,0.007859160910043739,0.09335129971812078,-1.2496410027790612,0.4757790553742132,0.8202937397506208,0.32017687459127164,0,-0,0,4
AT3G05270.3,GO:1903754,FPP3,3,1500368,1503481,-,3113,protein_coding,Filament-like plant protein 3 [Source:UniProtKB/Swiss-Prot;Acc:Q9MA92],0.5952065927970009,0.9112555679294269,0.5622885531164645,0.46601534569301684,0.7923223433549307,0.7707659097392172,0.756403214172632,0.9358644678992795,-0.33011511017690376,0,0,0,9
AT3G05270.2,GO:1903754,FPP3,3,1500438,1503481,-,3043,protein_coding,Filament-like plant protein 3 [Source:UniProtKB/Swiss-Prot;Acc:Q9MA92],0.7166276959267552,0.9461471715028442,-0.5742329890576722,0.4244644520689787,0.765624585544242,-1.2650497559548306,0.5001587038292208,0.8326746408153144,-1.0673388964131172,0,-0,-0,2
AT3G05270.1,GO:1903754,FPP3,3,1500438,1503481,-,3043,protein_coding,Filament-like plant protein 3 [Source:UniProtKB/Swiss-Prot;Acc:Q9MA92],0.8648262700119033,0.9788110724387509,0.029527273224395818,0.30625330218450514,0.67381742259976,0.1772512437176101,0.7701074847207976,0.9401829832240408,0.05064454296346781,0,0,0,5
