ID,Path,Gene,Chromosome,Start,End,Strand,Length,BioType,Description,Flg22_vs_Mock_pvalue,Flg22_vs_Mock_padj,Flg22_vs_Mock_log2FoldChange,Flg22_SynCom33_vs_Mock_pvalue,Flg22_SynCom33_vs_Mock_padj,Flg22_SynCom33_vs_Mock_log2FoldChange,Flg22_SynCom35_vs_Mock_pvalue,Flg22_SynCom35_vs_Mock_padj,Flg22_SynCom35_vs_Mock_log2FoldChange,Flg22_vs_Mock,Flg22_SynCom33_vs_Mock,Flg22_SynCom35_vs_Mock,cl
AT2G33820.1,GO:1990575,ATMBAC1,2,14306293,14308367,-,2074,protein_coding,Mitochondrial substrate carrier family protein [Source:TAIR;Acc:AT2G33820],0.3079601611636914,0.7741057077912853,-0.3970627863716688,0.38735765577405046,0.7407639525857898,-0.3358437300276626,0.4171750642587365,0.7833970609344703,0.3065907620937213,0,0,0,4
AT2G33820.4,GO:1990575,ATMBAC1,2,14306590,14308367,-,1777,protein_coding,Mitochondrial substrate carrier family protein [Source:TAIR;Acc:AT2G33820],0.2752893671600268,0.7514834604600173,1.8033910232288641,0.45844074028726517,NA,1.2329139521987553,0.3850278589866317,NA,1.4397316395078803,0,0,0,6
AT5G46800.1,GO:1990575,BOU,5,18988588,18990867,-,2279,protein_coding,Mitochondrial carnitine/acylcarnitine carrier-like protein [Source:UniProtKB/Swiss-Prot;Acc:Q93XM7],0.08966739505099237,0.4928408159279587,0.2201800535139226,0.2760202916414363,0.6459456324458163,0.14172445634708863,0.1828381949287775,0.5803185751486597,0.17264688529075178,0,0,0,6
