ID,Path,Gene,Chromosome,Start,End,Strand,Length,BioType,Description,Flg22_vs_Mock_pvalue,Flg22_vs_Mock_padj,Flg22_vs_Mock_log2FoldChange,Flg22_SynCom33_vs_Mock_pvalue,Flg22_SynCom33_vs_Mock_padj,Flg22_SynCom33_vs_Mock_log2FoldChange,Flg22_SynCom35_vs_Mock_pvalue,Flg22_SynCom35_vs_Mock_padj,Flg22_SynCom35_vs_Mock_log2FoldChange,Flg22_vs_Mock,Flg22_SynCom33_vs_Mock,Flg22_SynCom35_vs_Mock,cl
AT1G79600.1,GO:1902171,ABC1K3,1,29949910,29952726,-,2816,protein_coding,ABC1K3 [Source:UniProtKB/TrEMBL;Acc:A0A178WNJ7],0.7060648597634529,0.9440917050674126,0.06599741602292776,0.12672927849812926,0.4520016537862161,-0.26819960703449364,0.003821624870363961,0.06835736143584846,-0.5089431929500161,0,0,0,2
AT4G31390.3,GO:1902171,ABC1K1,4,15233042,15237165,+,4123,protein_coding,AtACDO1 [Source:UniProtKB/TrEMBL;Acc:A0A178V5V0],0.12635539865242215,0.5686014125197189,-1.510349207221694,0.9504422436430985,0.9892187448899618,-0.06048269976912681,0.19746864955167998,0.5987404169535367,-1.267348671250987,-0,0,-0,10
AT4G31390.1,GO:1902171,ABC1K1,4,15233042,15237193,+,4151,protein_coding,AtACDO1 [Source:UniProtKB/TrEMBL;Acc:A0A178V5V0],0.01381787856619775,0.1859935591147358,0.5205364561806224,0.05602271427726704,0.2979233640359036,-0.412460923450481,0.12721470946308858,0.49886413696218174,-0.32762450496807977,0,0,0,7
