ID,Path,Gene,Chromosome,Start,End,Strand,Length,BioType,Description,Flg22_vs_Mock_pvalue,Flg22_vs_Mock_padj,Flg22_vs_Mock_log2FoldChange,Flg22_SynCom33_vs_Mock_pvalue,Flg22_SynCom33_vs_Mock_padj,Flg22_SynCom33_vs_Mock_log2FoldChange,Flg22_SynCom35_vs_Mock_pvalue,Flg22_SynCom35_vs_Mock_padj,Flg22_SynCom35_vs_Mock_log2FoldChange,Flg22_vs_Mock,Flg22_SynCom33_vs_Mock,Flg22_SynCom35_vs_Mock,cl
AT5G49930.1,GO:1990116,emb1441,5,20308033,20312892,-,4859,protein_coding,Gb [Source:UniProtKB/TrEMBL;Acc:Q9LTX7],0.8788083274449141,0.9824498541769295,0.014187860565777085,0.35842416635949953,0.7174168171331475,-0.08569858535511002,1.4966842604848525e-4,0.0064761204925799605,-0.35564001528079114,0,0,0,2
AT5G58410.2,GO:1990116,,5,23609376,23617599,+,8223,protein_coding,E3 ubiquitin-protein ligase listerin [Source:UniProtKB/Swiss-Prot;Acc:Q9FGI1],0.37377401541254524,0.8212369822911434,-0.15821876936741527,0.09364753683790678,0.39117995711808473,-0.2988250529679685,0.8798119008976639,0.9720557846978645,-0.02683198894171422,0,0,0,4
AT5G58410.1,GO:1990116,,5,23609663,23617386,+,7723,protein_coding,E3 ubiquitin-protein ligase listerin [Source:UniProtKB/Swiss-Prot;Acc:Q9FGI1],0.42154346848682933,0.8478245758528545,-0.21682849748852193,0.36710756989944004,0.724401206795354,-0.24335804262883082,0.7727551184767978,0.9414493755678227,-0.07782066879918015,0,0,0,8
