ID,Path,Gene,Chromosome,Start,End,Strand,Length,BioType,Description,Flg22_vs_Mock_pvalue,Flg22_vs_Mock_padj,Flg22_vs_Mock_log2FoldChange,Flg22_SynCom33_vs_Mock_pvalue,Flg22_SynCom33_vs_Mock_padj,Flg22_SynCom33_vs_Mock_log2FoldChange,Flg22_SynCom35_vs_Mock_pvalue,Flg22_SynCom35_vs_Mock_padj,Flg22_SynCom35_vs_Mock_log2FoldChange,Flg22_vs_Mock,Flg22_SynCom33_vs_Mock,Flg22_SynCom35_vs_Mock,cl
AT1G06515.2,GO:1904222,,1,1990634,1992228,-,1594,protein_coding,Protein of unknown function (DUF3317) [Source:TAIR;Acc:AT1G06515],0.5459319325231298,0.8958464769716104,0.3674440232808918,0.15178725999858503,0.49404832586051134,0.8681176821666609,0.4117002509268329,0.7792215118242267,0.49843919657964736,0,0,0,5
AT1G06515.1,GO:1904222,,1,1990636,1992197,-,1561,protein_coding,Protein of unknown function (DUF3317) [Source:TAIR;Acc:AT1G06515],0.46993098473368655,0.8691621949206019,0.33226514551565983,0.6413325125233844,0.8878057882307854,-0.21626901327395054,0.9064434021910259,0.9784724444703955,0.05420525143204199,0,0,0,3
AT2G30942.1,GO:1904222,,2,13170779,13172168,+,1389,protein_coding,Protein of unknown function (DUF3317) [Source:TAIR;Acc:AT2G30942],0.7648191813100447,0.9571339617671963,-0.15541856906937612,0.8224687864870699,0.9516081857693248,-0.11632017851181135,0.8658597074166972,NA,0.0859064831966113,0,0,0,4
