ID,Path,Gene,Chromosome,Start,End,Strand,Length,BioType,Description,Flg22_vs_Mock_pvalue,Flg22_vs_Mock_padj,Flg22_vs_Mock_log2FoldChange,Flg22_SynCom33_vs_Mock_pvalue,Flg22_SynCom33_vs_Mock_padj,Flg22_SynCom33_vs_Mock_log2FoldChange,Flg22_SynCom35_vs_Mock_pvalue,Flg22_SynCom35_vs_Mock_padj,Flg22_SynCom35_vs_Mock_log2FoldChange,Flg22_vs_Mock,Flg22_SynCom33_vs_Mock,Flg22_SynCom35_vs_Mock,cl
AT5G41150.1,GO:1901255,UVH1,5,16472764,16477417,-,4653,protein_coding,Ultraviolet hypersensitive 1 [Source:UniProtKB/TrEMBL;Acc:Q2F6I1],0.021790895273497927,0.2404983323506503,-0.40852238209453184,0.48913715198867225,0.8058911034150318,-0.12215316979751173,0.39169185136148965,0.76803441079495,-0.15101968375373656,0,0,0,8
AT5G41150.3,GO:1901255,UVH1,5,16472764,16477417,-,4653,protein_coding,Ultraviolet hypersensitive 1 [Source:UniProtKB/TrEMBL;Acc:Q2F6I1],0.832061304737548,0.9703513554687313,0.3049774332604284,0.7331952328813611,0.9237502011362553,0.4899161383517308,0.7101514276070555,0.9220842826444057,0.5339006401586768,0,0,0,6
AT5G41150.4,GO:1901255,UVH1,5,16472771,16476951,-,4180,protein_coding,Ultraviolet hypersensitive 1 [Source:UniProtKB/TrEMBL;Acc:Q2F6I1],0.4405328940501989,0.8571866395013759,0.14885564690436992,0.4653794870580051,0.7917359067545771,0.14097520168782318,0.6801760370921442,0.9111177672807799,-0.0799624423731165,0,0,0,9
