ID,Path,Gene,Chromosome,Start,End,Strand,Length,BioType,Description,Flg22_vs_Mock_pvalue,Flg22_vs_Mock_padj,Flg22_vs_Mock_log2FoldChange,Flg22_SynCom33_vs_Mock_pvalue,Flg22_SynCom33_vs_Mock_padj,Flg22_SynCom33_vs_Mock_log2FoldChange,Flg22_SynCom35_vs_Mock_pvalue,Flg22_SynCom35_vs_Mock_padj,Flg22_SynCom35_vs_Mock_log2FoldChange,Flg22_vs_Mock,Flg22_SynCom33_vs_Mock,Flg22_SynCom35_vs_Mock,cl
AT2G41705.1,GO:1903425,,2,17397270,17400081,+,2811,protein_coding,Camphor resistance CrcB family protein [Source:UniProtKB/TrEMBL;Acc:Q8RYE2],0.8854077561035533,0.9837440685142131,0.030034363716938805,0.9719518105973038,0.9937626872233655,-0.007334710952349456,0.1839797346229167,0.5813379802005503,-0.2782567661228065,0,0,0,2
AT2G41705.3,GO:1903425,,2,17397274,17399910,+,2636,protein_coding,Camphor resistance CrcB family protein [Source:UniProtKB/TrEMBL;Acc:Q8RYE2],0.08279911492031292,0.4749715355381702,2.035991755300369,0.1122498352752755,0.42752905523802154,1.866652777808725,0.4641582062540787,NA,0.8693143497374229,0,0,0,9
AT2G41705.4,GO:1903425,,2,17397274,17399910,+,2636,protein_coding,Camphor resistance CrcB family protein [Source:UniProtKB/TrEMBL;Acc:Q8RYE2],0.34515731886781764,0.8029978437723783,1.59978638713008,0.762925132412454,0.9325132596806596,-0.5135129037251963,0.7884223172876743,0.9459968346073203,-0.4565953902967758,0,0,0,7
