ID,Path,Gene,Chromosome,Start,End,Strand,Length,BioType,Description,Flg22_vs_Mock_pvalue,Flg22_vs_Mock_padj,Flg22_vs_Mock_log2FoldChange,Flg22_SynCom33_vs_Mock_pvalue,Flg22_SynCom33_vs_Mock_padj,Flg22_SynCom33_vs_Mock_log2FoldChange,Flg22_SynCom35_vs_Mock_pvalue,Flg22_SynCom35_vs_Mock_padj,Flg22_SynCom35_vs_Mock_log2FoldChange,Flg22_vs_Mock,Flg22_SynCom33_vs_Mock,Flg22_SynCom35_vs_Mock,cl
AT3G06930.1,GO:1902884,PRMT13,3,2185129,2189434,-,4305,protein_coding,Probable histone-arginine methyltransferase 1.3 [Source:UniProtKB/Swiss-Prot;Acc:Q84W92],0.5609373103787396,0.9015098399804278,-0.12093854858279154,0.08209622602971119,0.36610994494537097,-0.3628968450616838,0.5608100886955742,0.8648143781705099,0.12053776469601192,0,0,0,4
AT3G06930.2,GO:1902884,PRMT13,3,2185143,2189387,-,4244,protein_coding,Probable histone-arginine methyltransferase 1.3 [Source:UniProtKB/Swiss-Prot;Acc:Q84W92],0.4092093559467037,0.8428305275083786,-0.9198165634866284,0.8491144221943903,0.9596310893851964,-0.21073084103972559,0.7695180283151759,0.9400387605053385,0.32340815921822436,0,0,0,1
AT4G17410.3,GO:1902884,,4,9715761,9721932,+,6171,protein_coding,"DWNN domain, a CCHC-type zinc finger [Source:TAIR;Acc:AT4G17410]",0.2830958454714104,0.7579924576516822,0.584674526343879,0.7127012462652782,0.9170449015739556,0.20116667630163756,0.32754916685230256,0.7242029607739568,0.5332045237475399,0,0,0,6
AT4G17410.4,GO:1902884,,4,9715763,9720357,+,4594,protein_coding,"DWNN domain, a CCHC-type zinc finger [Source:TAIR;Acc:AT4G17410]",0.8512900269650872,0.9756119077467166,-0.06486646065541923,0.4128389023363339,0.7574865451235635,-0.28467801036974766,0.8519355243589035,0.9644563065037681,0.06434633943017233,0,0,0,4
AT5G58070.1,GO:1902884,TIL,5,23500061,23501416,-,1355,protein_coding,TIL [Source:UniProtKB/TrEMBL;Acc:A0A178US04],0.49243581294640987,0.877421124800852,-0.20092559345778882,0.03748129878346114,0.23924522279586577,-0.6093016725944784,0.04867445003443351,0.3164540488529037,-0.5772651536017843,0,0,0,2
