ID,Path,Gene,Chromosome,Start,End,Strand,Length,BioType,Description,Flg22_vs_Mock_pvalue,Flg22_vs_Mock_padj,Flg22_vs_Mock_log2FoldChange,Flg22_SynCom33_vs_Mock_pvalue,Flg22_SynCom33_vs_Mock_padj,Flg22_SynCom33_vs_Mock_log2FoldChange,Flg22_SynCom35_vs_Mock_pvalue,Flg22_SynCom35_vs_Mock_padj,Flg22_SynCom35_vs_Mock_log2FoldChange,Flg22_vs_Mock,Flg22_SynCom33_vs_Mock,Flg22_SynCom35_vs_Mock,cl
AT1G49950.2,GO:1990841,TRB1,1,18494071,18497318,-,3247,protein_coding,Telomere repeat-binding factor 1 [Source:UniProtKB/Swiss-Prot;Acc:Q8VWK4],0.9497765973935445,0.9935543261146521,-0.016596001147708102,0.21959095630239975,0.5867837064931521,-0.3244106819032899,0.982102985501095,0.9961328966444953,-0.005906344396172934,0,0,0,3
AT2G01570.1,GO:1990841,RGA,2,255247,257568,-,2321,protein_coding,DELLA protein RGA [Source:UniProtKB/Swiss-Prot;Acc:Q9SLH3],0.04467003208185154,0.3546633414525917,-0.2065574255251143,0.05093414458618797,0.28406881219209645,0.19931585642688524,0.00216802401970674,0.045752913917635744,0.3120893020564062,0,0,0,1
AT2G18790.2,GO:1990841,PHYB,2,8139756,8144430,+,4674,protein_coding,Phytochrome [Source:UniProtKB/TrEMBL;Acc:A0A178W0V4],0.4124322869295454,0.8440593840274345,-0.3768876348419017,0.2931336814737528,0.6606874843110105,-0.4839567842949272,0.13642538072140012,0.5134616188794163,-0.6863798735345871,0,0,0,2
AT2G18790.1,GO:1990841,PHYB,2,8139763,8144461,+,4698,protein_coding,Phytochrome [Source:UniProtKB/TrEMBL;Acc:A0A178W0V4],0.6936037775578932,0.939802419250914,-0.060281058362313934,0.02469265515213164,0.1880419138242501,-0.34435245055019137,0.187858691936693,0.5869486247549298,-0.20158221271145962,0,0,0,3
AT2G42430.1,GO:1990841,LBD16,2,17663353,17665337,+,1984,protein_coding,LOB domain-containing protein 16 [Source:UniProtKB/Swiss-Prot;Acc:Q9SLB7],0.13116786343823372,0.5769517464535918,0.5298784105702382,0.04156994050575435,0.25391573294153336,0.7132679800522613,0.9465763695494854,0.9876711757219725,0.02372681151450725,0,0,0,9
