ID,Path,Gene,Chromosome,Start,End,Strand,Length,BioType,Description,Flg22_vs_Mock_pvalue,Flg22_vs_Mock_padj,Flg22_vs_Mock_log2FoldChange,Flg22_SynCom33_vs_Mock_pvalue,Flg22_SynCom33_vs_Mock_padj,Flg22_SynCom33_vs_Mock_log2FoldChange,Flg22_SynCom35_vs_Mock_pvalue,Flg22_SynCom35_vs_Mock_padj,Flg22_SynCom35_vs_Mock_log2FoldChange,Flg22_vs_Mock,Flg22_SynCom33_vs_Mock,Flg22_SynCom35_vs_Mock,cl
AT1G19180.3,GO:1900067,TIFY10A,1,6622055,6623668,+,1613,protein_coding,TIFY10A [Source:UniProtKB/TrEMBL;Acc:A0A178W7G1],0.07852229394753228,0.4638312897014607,0.3428561894707874,0.002288617069918921,0.040797482807400816,0.5935901532127549,0.5675240923200611,0.8677149420423278,0.11152131745243353,0,0,0,5
AT1G19180.2,GO:1900067,TIFY10A,1,6622114,6623620,+,1506,protein_coding,TIFY10A [Source:UniProtKB/TrEMBL;Acc:A0A178W7G1],0.8302863478009542,0.9698597075340092,0.1334443986391339,0.5241960054511672,0.827185498948002,0.39530468923050655,0.27799030672948855,0.6839033438284114,0.6708798727453231,0,0,0,1
