ID,Path,Gene,Chromosome,Start,End,Strand,Length,BioType,Description,Flg22_vs_Mock_pvalue,Flg22_vs_Mock_padj,Flg22_vs_Mock_log2FoldChange,Flg22_SynCom33_vs_Mock_pvalue,Flg22_SynCom33_vs_Mock_padj,Flg22_SynCom33_vs_Mock_log2FoldChange,Flg22_SynCom35_vs_Mock_pvalue,Flg22_SynCom35_vs_Mock_padj,Flg22_SynCom35_vs_Mock_log2FoldChange,Flg22_vs_Mock,Flg22_SynCom33_vs_Mock,Flg22_SynCom35_vs_Mock,cl
AT1G28530.2,GO:1903866,,1,10031985,10035638,-,3653,protein_coding,Deneddylase [Source:UniProtKB/TrEMBL;Acc:Q84TH8],0.6817603345350942,0.9372657045723938,-0.39952541000254005,0.5963553140848414,0.8672088906863956,-0.5164548990596121,0.9171668708439185,0.9811352566904543,-0.10112933937870808,0,0,0,8
AT3G12280.1,GO:1903866,RBR1,3,3913349,3919359,-,6010,protein_coding,RBR1 [Source:UniProtKB/TrEMBL;Acc:A0A178VFS5],0.24677711723830956,0.7260239293101869,-0.2510632814970025,0.0016196136683168077,0.03175671380867427,-0.6874250749074933,0.40073014962398823,0.7724939516332869,-0.18186196355825732,0,0,0,8
AT3G12280.2,GO:1903866,RBR1,3,3913463,3919170,-,5707,protein_coding,RBR1 [Source:UniProtKB/TrEMBL;Acc:A0A178VFS5],0.5386264343166944,0.8927104493818229,-0.25507452399429237,0.7969957985500112,0.9436131307943746,-0.10662145217693102,0.5490042850974899,0.85860658459828465,0.24783863808939138,0,0,0,4
