ID,Path,Gene,Chromosome,Start,End,Strand,Length,BioType,Description,Flg22_vs_Mock_pvalue,Flg22_vs_Mock_padj,Flg22_vs_Mock_log2FoldChange,Flg22_SynCom33_vs_Mock_pvalue,Flg22_SynCom33_vs_Mock_padj,Flg22_SynCom33_vs_Mock_log2FoldChange,Flg22_SynCom35_vs_Mock_pvalue,Flg22_SynCom35_vs_Mock_padj,Flg22_SynCom35_vs_Mock_log2FoldChange,Flg22_vs_Mock,Flg22_SynCom33_vs_Mock,Flg22_SynCom35_vs_Mock,cl
AT5G24740.3,GO:1990064,,5,8469711,8489867,-,20156,protein_coding,Protein of unknown function (DUF1162) [Source:TAIR;Acc:AT5G24740],0.33331689910404866,0.7943287102946662,1.4364631901861376,0.36259163641499537,0.720875831325237,1.351910439512704,0.681393774140908,0.9114488123045532,0.610063295054136,0,0,0,9
AT5G24740.4,GO:1990064,,5,8469711,8489867,-,20156,protein_coding,Protein of unknown function (DUF1162) [Source:TAIR;Acc:AT5G24740],0.4703573537907991,0.8691621949206019,0.7885867071155876,0.5078759439490519,0.8175282110921205,0.7234038431506491,0.5038273253701364,0.8345890675218168,0.7302135988212457,0,0,0,6
AT5G24740.5,GO:1990064,,5,8469926,8489854,-,19928,protein_coding,Protein of unknown function (DUF1162) [Source:TAIR;Acc:AT5G24740],0.6522733833719092,0.9289707441860648,0.22320028505980632,0.9992442333766942,0.999668875635142,-4.6954905986446905e-4,0.5322313364062023,0.8500564952144752,0.30924224769093106,0,0,0,6
AT5G24740.6,GO:1990064,,5,8469946,8488023,-,18077,protein_coding,Protein of unknown function (DUF1162) [Source:TAIR;Acc:AT5G24740],0.8038870984148905,0.9662426756893417,0.08266121967738717,0.9935189697315989,0.9978620192163213,0.0027051410027026535,0.9497180934754215,0.9882917899922874,0.020990301420414834,0,0,0,6
