ID,Path,Gene,Chromosome,Start,End,Strand,Length,BioType,Description,Flg22_vs_Mock_pvalue,Flg22_vs_Mock_padj,Flg22_vs_Mock_log2FoldChange,Flg22_SynCom33_vs_Mock_pvalue,Flg22_SynCom33_vs_Mock_padj,Flg22_SynCom33_vs_Mock_log2FoldChange,Flg22_SynCom35_vs_Mock_pvalue,Flg22_SynCom35_vs_Mock_padj,Flg22_SynCom35_vs_Mock_log2FoldChange,Flg22_vs_Mock,Flg22_SynCom33_vs_Mock,Flg22_SynCom35_vs_Mock,cl
AT1G49540.2,GO:1901535,ELP2,1,18333623,18337513,-,3890,protein_coding,Elongator protein 2 [Source:UniProtKB/TrEMBL;Acc:F4I1S8],0.3196042148190355,0.7840499216199013,-0.21069415770016867,0.008622998155267536,0.09940011143976445,-0.5604065391306967,0.3578709303597777,0.7447826022833633,0.19310189843862624,0,0,0,4
AT1G49540.1,GO:1901535,ELP2,1,18333640,18337520,-,3880,protein_coding,Elongator protein 2 [Source:UniProtKB/TrEMBL;Acc:F4I1S8],0.4994652626057159,0.8799266331020134,-1.1816125287510881,0.9123538977295952,0.9778094963979127,0.19207888266497827,0.2852918447984604,0.6914252019839034,-1.873822810873166,-0,0,-0,10
