ID,Path,Gene,Chromosome,Start,End,Strand,Length,BioType,Description,Flg22_vs_Mock_pvalue,Flg22_vs_Mock_padj,Flg22_vs_Mock_log2FoldChange,Flg22_SynCom33_vs_Mock_pvalue,Flg22_SynCom33_vs_Mock_padj,Flg22_SynCom33_vs_Mock_log2FoldChange,Flg22_SynCom35_vs_Mock_pvalue,Flg22_SynCom35_vs_Mock_padj,Flg22_SynCom35_vs_Mock_log2FoldChange,Flg22_vs_Mock,Flg22_SynCom33_vs_Mock,Flg22_SynCom35_vs_Mock,cl
AT3G14990.1,GO:1900409,DJ1A,3,5047376,5049971,+,2595,protein_coding,Protein DJ-1 homolog A [Source:UniProtKB/Swiss-Prot;Acc:Q9FPF0],0.12678806306607587,0.5695093705169743,0.6805447934482249,0.2326094633213523,0.6019338391038253,-0.5380047100923563,0.6727748408283933,0.9083109480964588,0.18876615536798164,0,0,0,3
AT3G14990.2,GO:1900409,DJ1A,3,5047589,5049877,+,2288,protein_coding,Protein DJ-1 homolog A [Source:UniProtKB/Swiss-Prot;Acc:Q9FPF0],0.700335027296352,0.9416035876156477,-0.08734522755192882,1.1235167694466755e-4,0.004548550872931556,-0.876858821505183,0.08002226457209503,0.40347029639500276,-0.3973213048732409,0,0,0,3
