ID,Path,Gene,Chromosome,Start,End,Strand,Length,BioType,Description,Flg22_vs_Mock_pvalue,Flg22_vs_Mock_padj,Flg22_vs_Mock_log2FoldChange,Flg22_SynCom33_vs_Mock_pvalue,Flg22_SynCom33_vs_Mock_padj,Flg22_SynCom33_vs_Mock_log2FoldChange,Flg22_SynCom35_vs_Mock_pvalue,Flg22_SynCom35_vs_Mock_padj,Flg22_SynCom35_vs_Mock_log2FoldChange,Flg22_vs_Mock,Flg22_SynCom33_vs_Mock,Flg22_SynCom35_vs_Mock,cl
AT5G05970.2,GO:2000694,NEDD1,5,1795294,1799527,+,4233,protein_coding,Protein NEDD1 [Source:UniProtKB/Swiss-Prot;Acc:B3H5K9],0.8836137554993369,0.983302682593146,-0.10240560010899226,0.8391733840604624,0.9557137875273545,-0.1420149288318146,0.5600618226093121,0.8645764495668956,0.4065258988538209,0,0,0,4
AT5G05970.1,GO:2000694,NEDD1,5,1795294,1799527,+,4233,protein_coding,Protein NEDD1 [Source:UniProtKB/Swiss-Prot;Acc:B3H5K9],0.9078165751474544,0.9869002016097549,0.04365841983000775,0.8983187162433381,0.9734765520044915,0.04818335472102538,0.4769859896353486,0.8205965389106069,0.2673980806952232,0,0,0,4
