ID,Path,Gene,Chromosome,Start,End,Strand,Length,BioType,Description,Flg22_vs_Mock_pvalue,Flg22_vs_Mock_padj,Flg22_vs_Mock_log2FoldChange,Flg22_SynCom33_vs_Mock_pvalue,Flg22_SynCom33_vs_Mock_padj,Flg22_SynCom33_vs_Mock_log2FoldChange,Flg22_SynCom35_vs_Mock_pvalue,Flg22_SynCom35_vs_Mock_padj,Flg22_SynCom35_vs_Mock_log2FoldChange,Flg22_vs_Mock,Flg22_SynCom33_vs_Mock,Flg22_SynCom35_vs_Mock,cl
AT1G68910.3,GO:2000769,WIT2,1,25908046,25911277,-,3231,protein_coding,WPP domain-interacting tail-anchored protein 2 [Source:UniProtKB/Swiss-Prot;Acc:A8MQR0],0.8397313985172439,0.9719353917999616,0.13073369258810955,0.541005378562748,0.8371474623554206,-0.3964904620359719,0.13595473808121608,0.5127448014983378,-0.9712350242277435,0,0,0,2
AT1G68910.2,GO:2000769,WIT2,1,25908131,25911108,-,2977,protein_coding,WPP domain-interacting tail-anchored protein 2 [Source:UniProtKB/Swiss-Prot;Acc:A8MQR0],0.9626113006309281,0.9944633830616663,-0.01099589352429491,0.649412708674528,0.8915714684544482,-0.10674171793040141,0.37631858964628495,0.7583743197948001,-0.20776590869822054,0,0,0,2
AT1G68910.1,GO:2000769,WIT2,1,25908131,25911108,-,2977,protein_coding,WPP domain-interacting tail-anchored protein 2 [Source:UniProtKB/Swiss-Prot;Acc:A8MQR0],0.24857644080120747,0.7283238539034593,-0.2298387703318045,0.36427010638714363,0.7223597668854527,0.1789666597273703,0.29725054716269095,0.7011232642306522,-0.20706658220512436,0,0,0,10
AT4G33200.1,GO:2000769,XI-I,4,16002466,16014981,-,12515,protein_coding,"myosin, putative [Source:TAIR;Acc:AT4G33200]",0.8944134716452128,0.9850342389027601,0.019905833112786344,0.9722577655460616,0.9937931168684767,0.005218252159223023,0.05683583744725073,0.34136332740579933,0.28412409215890394,0,0,0,4
AT4G33200.4,GO:2000769,XI-I,4,16002498,16014969,-,12471,protein_coding,"myosin, putative [Source:TAIR;Acc:AT4G33200]",0.2868273287707735,0.7606615451114601,-0.3779829623582008,0.5014927794886819,0.8138907211451131,-0.2383049969110166,0.29456944269747615,0.6985304193736476,-0.37173403600618454,0,0,0,8
AT5G04990.1,GO:2000769,SUN1,5,1471481,1474029,-,2548,protein_coding,SUN domain-containing protein 1 [Source:UniProtKB/Swiss-Prot;Acc:Q9FF75],0.4077183922637777,0.8419166889569242,-0.08374270415389364,0.4218439022223011,0.7636864088921032,-0.08125987203240424,0.74153712229286,0.9314525565355267,0.03323435445510852,0,0,0,4
