ID,Path,Gene,Chromosome,Start,End,Strand,Length,BioType,Description,Flg22_vs_Mock_pvalue,Flg22_vs_Mock_padj,Flg22_vs_Mock_log2FoldChange,Flg22_SynCom33_vs_Mock_pvalue,Flg22_SynCom33_vs_Mock_padj,Flg22_SynCom33_vs_Mock_log2FoldChange,Flg22_SynCom35_vs_Mock_pvalue,Flg22_SynCom35_vs_Mock_padj,Flg22_SynCom35_vs_Mock_log2FoldChange,Flg22_vs_Mock,Flg22_SynCom33_vs_Mock,Flg22_SynCom35_vs_Mock,cl
AT3G48710.1,GO:2000779,,3,18040675,18044368,+,3693,protein_coding,At3g48710 [Source:UniProtKB/TrEMBL;Acc:Q9SMM8],0.3433749473109263,0.8009889781084575,-0.15133113362207556,0.5719188883812435,0.8539867553999104,0.08987030762933461,0.3333999808229363,0.7284763782781701,0.15339393613871521,0,0,0,1
AT4G26630.1,GO:2000779,,4,13430405,13435770,-,5365,protein_coding,DEK domain-containing chromatin associated protein [Source:UniProtKB/TrEMBL;Acc:Q9SUA1],0.5489509381443016,0.8972259061811516,-0.7302697823416177,0.9283571105703605,0.9822382302853313,-0.10944166394014095,0.5977392795029319,0.8800935691524852,0.6417049065087461,0,0,0,1
AT4G26630.2,GO:2000779,,4,13430484,13435723,-,5239,protein_coding,DEK domain-containing chromatin associated protein [Source:UniProtKB/TrEMBL;Acc:Q9SUA1],0.4994204928469112,0.8799266331020134,0.060094217755398936,0.6881291758144443,0.9073125615187312,0.03571880043993017,0.012948932646791908,0.14839515079669927,-0.2212859253137395,0,0,0,9
AT5G55660.1,GO:2000779,,5,22538556,22543474,+,4918,protein_coding,DEK domain-containing chromatin associated protein [Source:UniProtKB/TrEMBL;Acc:F4K4Y5],0.36209433142866937,0.8134526601028158,-0.06788030385683863,0.22674246031111298,0.5961164614262434,-0.09006082019206751,0.6362329786588727,0.8957076946626742,-0.03519154259026869,0,0,0,4
AT5G63550.1,GO:2000779,,5,25444575,25448255,+,3680,protein_coding,DEK domain-containing chromatin associated protein [Source:UniProtKB/TrEMBL;Acc:Q9FFQ8],0.8191591976702364,0.9680612780538831,0.03086268103016854,0.5252202076006527,0.8278007516839087,-0.0859579981555558,0.09656192133001293,0.4425703060947952,0.22337848174960498,0,0,0,4
AT5G63550.2,GO:2000779,,5,25444613,25448172,+,3559,protein_coding,DEK domain-containing chromatin associated protein [Source:UniProtKB/TrEMBL;Acc:Q9FFQ8],0.2740109993855749,0.7505269747743107,-0.49556738209351187,0.3238175318980949,0.687293583584995,-0.4468730528892202,0.0761931808038995,0.3931634228526448,-0.8047499054783174,0,0,0,2
