ID,Path,Gene,Chromosome,Start,End,Strand,Length,BioType,Description,Flg22_vs_Mock_pvalue,Flg22_vs_Mock_padj,Flg22_vs_Mock_log2FoldChange,Flg22_SynCom33_vs_Mock_pvalue,Flg22_SynCom33_vs_Mock_padj,Flg22_SynCom33_vs_Mock_log2FoldChange,Flg22_SynCom35_vs_Mock_pvalue,Flg22_SynCom35_vs_Mock_padj,Flg22_SynCom35_vs_Mock_log2FoldChange,Flg22_vs_Mock,Flg22_SynCom33_vs_Mock,Flg22_SynCom35_vs_Mock,cl
AT1G01040.1,GO:2000034,DCL1,1,23121,31227,+,8106,protein_coding,Dicer-like 1 [Source:UniProtKB/TrEMBL;Acc:F4HQG6],0.0027952149677481462,0.0677894081918557,0.6095610070787536,0.34321833212832753,0.704803359253558,0.19395827322319087,0.4438963720840467,0.8015054728008102,-0.15710642012813508,0,0,0,7
AT1G01040.2,GO:2000034,DCL1,1,23416,31120,+,7704,protein_coding,Dicer-like 1 [Source:UniProtKB/TrEMBL;Acc:F4HQG6],0.10332855648249398,0.5231043187477207,-0.6700011170555377,0.21398640252051057,0.5797094557564328,-0.5107971394875082,0.3288706271429322,0.724794581935736,-0.4010274995883393,0,0,0,8
AT2G30470.1,GO:2000034,VAL1,2,12980428,12985277,-,4849,protein_coding,B3 domain-containing transcription repressor VAL1 [Source:UniProtKB/Swiss-Prot;Acc:Q8W4L5],0.28605003305437904,0.7604292142542469,0.10487607444325481,0.20693131740541507,0.571121937832892,0.12403831767247964,0.02510438022620049,0.2202118669516921,-0.22187135041188932,0,0,0,9
AT4G32010.1,GO:2000034,VAL2,4,15479379,15485354,+,5975,protein_coding,B3 domain-containing transcription repressor VAL2 [Source:UniProtKB/Swiss-Prot;Acc:Q5CCK4],0.34091980493771185,0.7995570717716297,0.2557295267947403,0.6080063328499179,0.8720556827804652,-0.1384400157269149,0.9690638351845539,0.9929174052081,0.010434383592003918,0,0,0,3
AT4G32010.2,GO:2000034,VAL2,4,15480495,15485353,+,4858,protein_coding,B3 domain-containing transcription repressor VAL2 [Source:UniProtKB/Swiss-Prot;Acc:Q5CCK4],0.2519581963399859,0.7311802552145866,-0.2395723111092576,0.07599298661290387,0.35197165164164057,-0.37158485150639636,0.5589224612288268,0.8638414860749786,-0.12201559794246018,0,0,0,8
