ID,Path,Gene,Chromosome,Start,End,Strand,Length,BioType,Description,Flg22_vs_Mock_pvalue,Flg22_vs_Mock_padj,Flg22_vs_Mock_log2FoldChange,Flg22_SynCom33_vs_Mock_pvalue,Flg22_SynCom33_vs_Mock_padj,Flg22_SynCom33_vs_Mock_log2FoldChange,Flg22_SynCom35_vs_Mock_pvalue,Flg22_SynCom35_vs_Mock_padj,Flg22_SynCom35_vs_Mock_log2FoldChange,Flg22_vs_Mock,Flg22_SynCom33_vs_Mock,Flg22_SynCom35_vs_Mock,cl
AT5G03730.1,GO:2000035,CTR1,5,974360,979849,-,5489,protein_coding,Serine/threonine-protein kinase CTR1 [Source:UniProtKB/Swiss-Prot;Acc:Q05609],0.9009855850790008,0.9865028762843637,-0.0193225466963095,0.19076293339130226,0.5508743340235243,0.20284031769713973,0.5978471793063229,0.8800935691524852,-0.08191270201867742,0,0,0,5
AT5G03730.2,GO:2000035,CTR1,5,974360,979849,-,5489,protein_coding,Serine/threonine-protein kinase CTR1 [Source:UniProtKB/Swiss-Prot;Acc:Q05609],0.001782487567354886,0.05007949774240493,0.5747851960214041,0.051435251057469863,0.28538336819956756,0.35912871968099,0.07234443516742646,0.3832773444743329,-0.33385690013541824,0,0,0,9
