ID,Path,Gene,Chromosome,Start,End,Strand,Length,BioType,Description,Flg22_vs_Mock_pvalue,Flg22_vs_Mock_padj,Flg22_vs_Mock_log2FoldChange,Flg22_SynCom33_vs_Mock_pvalue,Flg22_SynCom33_vs_Mock_padj,Flg22_SynCom33_vs_Mock_log2FoldChange,Flg22_SynCom35_vs_Mock_pvalue,Flg22_SynCom35_vs_Mock_padj,Flg22_SynCom35_vs_Mock_log2FoldChange,Flg22_vs_Mock,Flg22_SynCom33_vs_Mock,Flg22_SynCom35_vs_Mock,cl
AT4G11260.1,GO:2000072,SGT1B,4,6851184,6853912,-,2728,protein_coding,SGT1B [Source:UniProtKB/TrEMBL;Acc:A0A178UX37],0.012674299673663283,0.17733257150798315,-0.17926227826826296,0.2582258881687584,0.6289184661310762,-0.0811905996105454,0.08181954593126656,0.4077925494125566,-0.12488239749259028,0,0,0,8
AT4G23570.1,GO:2000072,SGT1A,4,12299749,12302935,+,3186,protein_coding,phosphatase-related [Source:TAIR;Acc:AT4G23570],0.3835129228349409,0.8282362026314499,-0.47832708099436877,0.28345279712219396,0.6532070113499793,-0.5899216540734645,0.9677197407944271,0.9924294097801409,-0.022056479238680402,0,0,0,4
AT4G23570.3,GO:2000072,SGT1A,4,12299878,12302719,+,2841,protein_coding,phosphatase-related [Source:TAIR;Acc:AT4G23570],0.2568689715975547,0.7349943874387103,-0.2732620784470625,0.11137450906109392,0.4261271779932147,-0.38509014622959414,0.6121141887142079,0.8855298890490911,0.12079914672103519,0,0,0,4
AT5G22330.1,GO:2000072,RIN1,5,7390796,7394280,-,3484,protein_coding,RuvB-like protein 1 [Source:UniProtKB/Swiss-Prot;Acc:Q9FMR9],0.2518792732064977,0.7311802552145866,-0.14805188257381183,0.14076104836899944,0.477287903917185,-0.1905769199819695,0.8757008827843722,0.9706647146335132,0.02010038491358942,0,0,0,4
