ID,Path,Gene,Chromosome,Start,End,Strand,Length,BioType,Description,Flg22_vs_Mock_pvalue,Flg22_vs_Mock_padj,Flg22_vs_Mock_log2FoldChange,Flg22_SynCom33_vs_Mock_pvalue,Flg22_SynCom33_vs_Mock_padj,Flg22_SynCom33_vs_Mock_log2FoldChange,Flg22_SynCom35_vs_Mock_pvalue,Flg22_SynCom35_vs_Mock_padj,Flg22_SynCom35_vs_Mock_log2FoldChange,Flg22_vs_Mock,Flg22_SynCom33_vs_Mock,Flg22_SynCom35_vs_Mock,cl
AT1G51130.1,GO:2001022,NSE4A,1,18939194,18941719,-,2525,protein_coding,Non-structural maintenance of chromosomes element 4 homolog A [Source:UniProtKB/Swiss-Prot;Acc:Q9C689],0.050199671786084955,0.37700087500699303,-0.4368220602805061,0.40431390739439665,0.7513318442261974,-0.18286367483620927,0.017323803371402862,0.17727607890651215,0.5009152045816424,0,0,0,4
AT1G68310.2,GO:2001022,AE7,1,25599465,25601467,+,2002,protein_coding,Protein of unknown function (DUF59) [Source:TAIR;Acc:AT1G68310],0.17981327794311097,0.6530145695370422,0.396567476860027,0.9043664521023348,0.9755298328885262,-0.0358285368635104,0.9923470285342574,0.9987511922657519,0.0028524587099040717,0,0,0,7
AT1G68310.1,GO:2001022,AE7,1,25599491,25601463,+,1972,protein_coding,Protein of unknown function (DUF59) [Source:TAIR;Acc:AT1G68310],0.1519464948344045,0.6094748338629701,-0.47877764557824937,0.9976353824650149,0.9990476214954751,-9.792946064580137e-4,0.6998923261971766,0.9181204389096781,-0.12747155724403253,0,0,0,1
AT3G16730.1,GO:2001022,CAPH2,3,5695321,5699167,-,3846,protein_coding,Condensin-2 complex subunit H2 [Source:UniProtKB/Swiss-Prot;Acc:Q9LUR0],0.31120469948596374,0.7774150394454054,-0.1806224008615654,0.44237224728113983,0.7784153139629246,-0.13674972380319583,0.04804544730367279,0.3137350823174544,0.34245367900189877,0,0,0,4
