ID,Path,Gene,Chromosome,Start,End,Strand,Length,BioType,Description,Flg22_vs_Mock_pvalue,Flg22_vs_Mock_padj,Flg22_vs_Mock_log2FoldChange,Flg22_SynCom33_vs_Mock_pvalue,Flg22_SynCom33_vs_Mock_padj,Flg22_SynCom33_vs_Mock_log2FoldChange,Flg22_SynCom35_vs_Mock_pvalue,Flg22_SynCom35_vs_Mock_padj,Flg22_SynCom35_vs_Mock_log2FoldChange,Flg22_vs_Mock,Flg22_SynCom33_vs_Mock,Flg22_SynCom35_vs_Mock,cl
AT2G27100.1,GO:2000011,SE,2,11572397,11576658,+,4261,protein_coding,SE [Source:UniProtKB/TrEMBL;Acc:A0A178VZD4],0.6023366249313131,0.9142238114278536,-0.04369659524477495,0.29188764858139143,0.6599891988510156,-0.08851059204551247,0.5638778756526672,0.8660478761779793,-0.0483140599023443,0,0,0,4
AT4G32700.2,GO:2000011,TEB,4,15767185,15779697,+,12512,protein_coding,Helicase and polymerase-containing protein TEBICHI [Source:UniProtKB/Swiss-Prot;Acc:Q588V7],0.7518471671150306,0.9531706513115944,-0.03939376178944349,0.5467581544907962,0.8395001211803578,-0.07525686487020689,0.624085863706535,0.8913712722068284,0.06052145708859128,0,0,0,4
