ID,Path,Gene,Chromosome,Start,End,Strand,Length,BioType,Description,Flg22_vs_Mock_pvalue,Flg22_vs_Mock_padj,Flg22_vs_Mock_log2FoldChange,Flg22_SynCom33_vs_Mock_pvalue,Flg22_SynCom33_vs_Mock_padj,Flg22_SynCom33_vs_Mock_log2FoldChange,Flg22_SynCom35_vs_Mock_pvalue,Flg22_SynCom35_vs_Mock_padj,Flg22_SynCom35_vs_Mock_log2FoldChange,Flg22_vs_Mock,Flg22_SynCom33_vs_Mock,Flg22_SynCom35_vs_Mock,cl
AT1G09060.3,GO:2000616,,1,2921064,2925325,-,4261,protein_coding,JmjC domain protein JMJ24 [Source:UniProtKB/TrEMBL;Acc:F4HZD1],0.3271792314303681,0.7906018328973351,0.707875983741621,0.2744652679920146,0.6442695890814998,0.7894731544161145,0.864505060783273,0.9680044060890004,0.12336528343666804,0,0,0,9
AT1G09060.4,GO:2000616,,1,2921064,2925756,-,4692,protein_coding,JmjC domain protein JMJ24 [Source:UniProtKB/TrEMBL;Acc:F4HZD1],NA,NA,-3.5150073962298602,NA,NA,-3.0238582749914227,NA,NA,-0.5205748407352929,-0,-0,0,8
AT1G09060.2,GO:2000616,,1,2921064,2925821,-,4757,protein_coding,JmjC domain protein JMJ24 [Source:UniProtKB/TrEMBL;Acc:F4HZD1],0.5726975312780165,0.9050310490075865,0.3459481251808709,0.9450748505663848,0.987776477188274,-0.042306758719104144,0.3131864563125845,0.7125921673415296,0.6179965326766478,0,0,0,4
