ID,Path,Gene,Chromosome,Start,End,Strand,Length,BioType,Description,Flg22_vs_Mock_pvalue,Flg22_vs_Mock_padj,Flg22_vs_Mock_log2FoldChange,Flg22_SynCom33_vs_Mock_pvalue,Flg22_SynCom33_vs_Mock_padj,Flg22_SynCom33_vs_Mock_log2FoldChange,Flg22_SynCom35_vs_Mock_pvalue,Flg22_SynCom35_vs_Mock_padj,Flg22_SynCom35_vs_Mock_log2FoldChange,Flg22_vs_Mock,Flg22_SynCom33_vs_Mock,Flg22_SynCom35_vs_Mock,cl
AT1G01510.1,GO:2000039,AN,1,187145,190472,+,3327,protein_coding,C-terminal binding protein AN [Source:UniProtKB/Swiss-Prot;Acc:O23702],0.5921471869910877,0.910141178910532,0.04098784951753882,0.6258834244409188,0.8796924718090965,-0.037452561991363695,3.091864501798275e-4,0.01118557536605457,0.27252989471071226,0,0,0,4
AT2G27300.1,GO:2000039,NTL8,2,11680276,11681971,-,1695,protein_coding,NAC domain-containing protein 40 [Source:UniProtKB/Swiss-Prot;Acc:Q9XIN7],0.5369915756967283,0.8923728131932488,-0.37145678442993685,0.17970611819331775,NA,-0.8393228702904783,0.6392647751918206,NA,-0.27868509741795583,0,0,0,8
