ID,Path,Gene,Chromosome,Start,End,Strand,Length,BioType,Description,Flg22_vs_Mock_pvalue,Flg22_vs_Mock_padj,Flg22_vs_Mock_log2FoldChange,Flg22_SynCom33_vs_Mock_pvalue,Flg22_SynCom33_vs_Mock_padj,Flg22_SynCom33_vs_Mock_log2FoldChange,Flg22_SynCom35_vs_Mock_pvalue,Flg22_SynCom35_vs_Mock_padj,Flg22_SynCom35_vs_Mock_log2FoldChange,Flg22_vs_Mock,Flg22_SynCom33_vs_Mock,Flg22_SynCom35_vs_Mock,cl
AT1G15570.1,GO:2000123,CYCA2-3,1,5361865,5365559,+,3694,protein_coding,CYCA2 [Source:UniProtKB/TrEMBL;Acc:A0A178WNJ4],0.29676220437062456,0.7684317089243331,-0.24826370965342634,0.9291378269157128,0.9826147001513904,-0.020998739102600444,0.010695745422065818,0.13148607223508404,0.591581396061397,0,0,0,4
AT5G11300.1,GO:2000123,CYCA2-2,5,3601513,3605350,-,3837,protein_coding,Cyclin-A2-2 [Source:UniProtKB/Swiss-Prot;Acc:Q147G5],0.6519603211614456,0.9287525075549639,-0.1279198875287362,0.039371429240439966,0.24551385993993827,-0.5983120483750954,0.2845625847008862,0.6909893831817527,0.2979506264539658,0,0,0,4
AT5G11300.2,GO:2000123,CYCA2-2,5,3601514,3605339,-,3825,protein_coding,Cyclin-A2-2 [Source:UniProtKB/Swiss-Prot;Acc:Q147G5],0.7906950057964408,0.9635407248692671,0.43253943609936896,0.8769863705941878,NA,0.252810947861615,0.9622342796190962,NA,0.07741699151966618,0,0,0,7
