ID,Path,Gene,Chromosome,Start,End,Strand,Length,BioType,Description,Flg22_vs_Mock_pvalue,Flg22_vs_Mock_padj,Flg22_vs_Mock_log2FoldChange,Flg22_SynCom33_vs_Mock_pvalue,Flg22_SynCom33_vs_Mock_padj,Flg22_SynCom33_vs_Mock_log2FoldChange,Flg22_SynCom35_vs_Mock_pvalue,Flg22_SynCom35_vs_Mock_padj,Flg22_SynCom35_vs_Mock_log2FoldChange,Flg22_vs_Mock,Flg22_SynCom33_vs_Mock,Flg22_SynCom35_vs_Mock,cl
AT1G51800.1,GO:2000071,IOS1,1,19214072,19218053,+,3981,protein_coding,LRR receptor-like serine/threonine-protein kinase IOS1 [Source:UniProtKB/Swiss-Prot;Acc:Q9C8I6],0.2850071801746965,0.759305318991195,0.2725411444657691,0.004485066911531258,0.06424015512819724,0.7241102010485185,0.00837692840138943,0.11360323758772654,-0.6730387692013716,0,0,0,9
AT5G11270.1,GO:2000071,OCP3,5,3595274,3597237,-,1963,protein_coding,OCP3 [Source:UniProtKB/TrEMBL;Acc:A0A178UCN6],0.0653547676798726,0.42682499358379844,-0.3628154001557105,0.06750717454544046,0.32916647104081825,-0.3600759140260828,0.9831089281160731,0.9964331903110417,0.004096534004538413,0,0,0,4
AT5G66850.1,GO:2000071,MAPKKK5,5,26695568,26699426,-,3858,protein_coding,Mitogen-activated protein kinase kinase kinase 5 [Source:UniProtKB/Swiss-Prot;Acc:Q9C5H5],0.0022747493444633467,0.059272561756058426,-0.3587386430214214,0.3770371528686071,0.7324527375129577,-0.10266216713982496,0.03406628587616103,0.2599065104267292,0.24227941591778615,0,0,0,4
AT5G66850.2,GO:2000071,MAPKKK5,5,26695568,26699426,-,3858,protein_coding,Mitogen-activated protein kinase kinase kinase 5 [Source:UniProtKB/Swiss-Prot;Acc:Q9C5H5],0.22101478600390134,0.6982467525378236,0.6977305177788303,0.07700356564825066,0.35445374173908806,1.0051002457309919,0.10520951115755826,0.46021791848595717,0.9208039820339486,0,0,0,6
