ID,Path,Gene,Chromosome,Start,End,Strand,Length,BioType,Description,Flg22_vs_Mock_pvalue,Flg22_vs_Mock_padj,Flg22_vs_Mock_log2FoldChange,Flg22_SynCom33_vs_Mock_pvalue,Flg22_SynCom33_vs_Mock_padj,Flg22_SynCom33_vs_Mock_log2FoldChange,Flg22_SynCom35_vs_Mock_pvalue,Flg22_SynCom35_vs_Mock_padj,Flg22_SynCom35_vs_Mock_log2FoldChange,Flg22_vs_Mock,Flg22_SynCom33_vs_Mock,Flg22_SynCom35_vs_Mock,cl
AT2G41980.1,GO:2000785,SINAT1,2,17523071,17526126,-,3055,protein_coding,E3 ubiquitin-protein ligase [Source:UniProtKB/TrEMBL;Acc:A0A178VZ75],0.06269914325530578,0.4185955435460391,-0.21805325502174874,0.64736310554424,0.8903312699908044,-0.05296838457187414,0.8255178977816698,0.9569867649805217,0.025233110991315085,0,0,0,1
AT3G13672.1,GO:2000785,,3,4472562,4474378,-,1816,protein_coding,E3 ubiquitin-protein ligase [Source:UniProtKB/TrEMBL;Acc:F4JDF6],0.25675202555915133,0.7349943874387103,0.5595402665719238,0.2281706455114215,0.5970683629551282,0.5942813454244144,0.46450827786084575,0.8130331137705513,-0.3691585676503762,0,0,0,9
AT3G13672.2,GO:2000785,,3,4473541,4474364,-,823,protein_coding,E3 ubiquitin-protein ligase [Source:UniProtKB/TrEMBL;Acc:F4JDF6],0.7722573597099769,NA,-0.3890240868917939,0.7591635651649211,NA,-0.41239677346765424,0.42120589837241174,NA,-1.0996612888677246,0,0,-0,2
AT3G58040.2,GO:2000785,SINAT2,3,21488433,21491489,+,3056,protein_coding,E3 ubiquitin-protein ligase [Source:UniProtKB/TrEMBL;Acc:A0A178VHN9],0.20383310340299687,0.6778215010656502,0.5692853052232287,0.084760737720826,0.3727974724167612,0.7702359713191407,0.37487173321896483,0.7575535236043576,0.3981092552457917,0,0,0,5
AT3G58040.3,GO:2000785,SINAT2,3,21488462,21491518,+,3056,protein_coding,E3 ubiquitin-protein ligase [Source:UniProtKB/TrEMBL;Acc:A0A178VHN9],0.3216221286015158,0.7857451119202231,0.828869704777755,0.10205488318825028,0.4080070448938941,-1.4970980064208717,0.6107171636268749,NA,-0.43888048907971844,0,-0,0,3
AT3G58040.1,GO:2000785,SINAT2,3,21488462,21491518,+,3056,protein_coding,E3 ubiquitin-protein ligase [Source:UniProtKB/TrEMBL;Acc:A0A178VHN9],0.06902077590026,0.4376124388764077,-0.22253651961575094,0.0373213926037168,0.23853392200977533,-0.2551379846301906,0.21267853296503123,0.6152741878394326,-0.15195092657773196,0,0,0,8
