ID,Path,Gene,Chromosome,Start,End,Strand,Length,BioType,Description,Flg22_vs_Mock_pvalue,Flg22_vs_Mock_padj,Flg22_vs_Mock_log2FoldChange,Flg22_SynCom33_vs_Mock_pvalue,Flg22_SynCom33_vs_Mock_padj,Flg22_SynCom33_vs_Mock_log2FoldChange,Flg22_SynCom35_vs_Mock_pvalue,Flg22_SynCom35_vs_Mock_padj,Flg22_SynCom35_vs_Mock_log2FoldChange,Flg22_vs_Mock,Flg22_SynCom33_vs_Mock,Flg22_SynCom35_vs_Mock,cl
AT4G38130.1,GO:2000026,HDA19,4,17896278,17899509,-,3231,protein_coding,Histone deacetylase 19 [Source:UniProtKB/Swiss-Prot;Acc:O22446],0.33884957534320415,0.7985083684620214,0.11009782677870852,0.4648999172067705,0.7914699869652809,-0.08426812278443813,0.48547894970789873,0.8249373427629344,0.08026344194762562,0,0,0,3
AT4G38130.2,GO:2000026,HDA19,4,17896292,17899491,-,3199,protein_coding,Histone deacetylase 19 [Source:UniProtKB/Swiss-Prot;Acc:O22446],0.39895152108471194,0.8374389055373658,-0.5006838566766615,0.3157645122426259,0.6810690629740606,-0.5978199788928582,0.43189763627679956,NA,-0.4647043257798864,0,0,0,8
