ID,Path,Gene,Chromosome,Start,End,Strand,Length,BioType,Description,Flg22_vs_Mock_pvalue,Flg22_vs_Mock_padj,Flg22_vs_Mock_log2FoldChange,Flg22_SynCom33_vs_Mock_pvalue,Flg22_SynCom33_vs_Mock_padj,Flg22_SynCom33_vs_Mock_log2FoldChange,Flg22_SynCom35_vs_Mock_pvalue,Flg22_SynCom35_vs_Mock_padj,Flg22_SynCom35_vs_Mock_log2FoldChange,Flg22_vs_Mock,Flg22_SynCom33_vs_Mock,Flg22_SynCom35_vs_Mock,cl
AT3G52180.4,GO:2001066,DSP4,3,19349652,19352771,-,3119,protein_coding,SEX4 [Source:UniProtKB/TrEMBL;Acc:A0A178VES0],0.9736696984348278,0.9946817906507939,0.012734171305004578,0.8200455937408715,0.9506842181706965,-0.08793862803014016,0.5715443679276029,0.8690017318841098,-0.21887792677940068,0,0,0,2
AT3G52180.2,GO:2001066,DSP4,3,19349652,19353632,-,3980,protein_coding,SEX4 [Source:UniProtKB/TrEMBL;Acc:A0A178VES0],0.4639097548158808,0.8666587007972952,0.6827943949683078,0.8133798631468716,0.9490549711842616,0.22101766718163035,0.41281882955618165,0.780209363030231,-0.7769312297578244,0,0,0,7
