ID,Path,Gene,Chromosome,Start,End,Strand,Length,BioType,Description,Flg22_vs_Mock_pvalue,Flg22_vs_Mock_padj,Flg22_vs_Mock_log2FoldChange,Flg22_SynCom33_vs_Mock_pvalue,Flg22_SynCom33_vs_Mock_padj,Flg22_SynCom33_vs_Mock_log2FoldChange,Flg22_SynCom35_vs_Mock_pvalue,Flg22_SynCom35_vs_Mock_padj,Flg22_SynCom35_vs_Mock_log2FoldChange,Flg22_vs_Mock,Flg22_SynCom33_vs_Mock,Flg22_SynCom35_vs_Mock,cl
AT3G11770.1,GO:2000630,,3,3721296,3722741,-,1445,protein_coding,At3g11770 [Source:UniProtKB/TrEMBL;Acc:Q9SF21],0.588151315577679,0.9092272149012993,0.07627940748354504,0.24990521690281053,0.6207680688210454,0.16159491227224038,0.0028423344556425785,0.055414005132778894,0.4141660630457099,0,0,0,1
AT4G03430.2,GO:2000630,STA1,4,1516030,1520563,-,4533,protein_coding,Protein STABILIZED1 [Source:UniProtKB/Swiss-Prot;Acc:Q9ZT71],0.6929124697624698,0.939588829137681,-0.1923084456152898,0.6836948114341606,0.9057898211754488,0.19782803592069342,0.34879583929931823,0.7401067473860468,-0.45705297684088264,0,0,0,10
AT4G03430.1,GO:2000630,STA1,4,1516214,1520563,-,4349,protein_coding,Protein STABILIZED1 [Source:UniProtKB/Swiss-Prot;Acc:Q9ZT71],0.9057621383344381,0.9869002016097549,0.10379994859336443,0.4714381432800263,0.7952684011727476,-0.633893325583939,0.8232360499309669,0.9558232740719146,0.1957375471482975,0,0,0,3
AT4G03430.3,GO:2000630,STA1,4,1517119,1520563,-,3444,protein_coding,Protein STABILIZED1 [Source:UniProtKB/Swiss-Prot;Acc:Q9ZT71],0.8876822634317999,0.983812134248166,0.00958002847413685,0.007688621599418378,0.09214674717556907,-0.18179461296485724,0.9430459064400794,0.9865976003276843,-0.004838064389920201,0,0,0,3
AT5G06450.1,GO:2000630,,5,1967638,1969287,-,1649,protein_coding,Uncharacterized protein At5g06450 [Source:UniProtKB/Swiss-Prot;Acc:Q9FNG3],0.8779911452548294,0.9823447001421431,-0.02925383103854918,0.28063911171622286,0.6506947936264924,0.20418917160475356,0.4261457874687867,0.7897761139752689,0.15045976280013026,0,0,0,1
