ID,Path,Gene,Chromosome,Start,End,Strand,Length,BioType,Description,Flg22_vs_Mock_pvalue,Flg22_vs_Mock_padj,Flg22_vs_Mock_log2FoldChange,Flg22_SynCom33_vs_Mock_pvalue,Flg22_SynCom33_vs_Mock_padj,Flg22_SynCom33_vs_Mock_log2FoldChange,Flg22_SynCom35_vs_Mock_pvalue,Flg22_SynCom35_vs_Mock_padj,Flg22_SynCom35_vs_Mock_log2FoldChange,Flg22_vs_Mock,Flg22_SynCom33_vs_Mock,Flg22_SynCom35_vs_Mock,cl
AT1G30010.1,GO:2001006,NMAT1,1,10513151,10516385,+,3234,protein_coding,"Nuclear intron maturase 1, mitochondrial [Source:UniProtKB/Swiss-Prot;Acc:Q9C8R8]",0.549171783955198,0.8973379852096153,-0.141147963242376,0.33975453210088014,0.7013193067600291,-0.2259361879580891,0.046828552792571795,0.30993158819358796,0.4569928449173813,0,0,0,4
AT1G30230.1,GO:2001006,,1,10638878,10640941,+,2063,protein_coding,Translation elongation factor EF1B/ribosomal protein S6 family protein [Source:UniProtKB/TrEMBL;Acc:A8MRC4],0.5386666672182917,0.8927104493818229,-0.10100518335247594,0.028163694308159834,0.2032429061195769,-0.3609137415102292,0.3033195127724313,0.7062776653386713,0.16894806343696242,0,0,0,4
AT3G27190.1,GO:2001006,UKL2,3,10039198,10043066,-,3868,protein_coding,"Uridine kinase-like protein 2, chloroplastic [Source:UniProtKB/Swiss-Prot;Acc:Q9LK34]",0.5844073873992022,0.9084975229660235,0.07010890299365653,0.6183601077322836,0.876681420603304,-0.06392663695329398,0.06128069518650752,0.3524482344721487,-0.2403217363870366,0,0,0,2
