ID,Path,Gene,Chromosome,Start,End,Strand,Length,BioType,Description,Flg22_vs_Mock_pvalue,Flg22_vs_Mock_padj,Flg22_vs_Mock_log2FoldChange,Flg22_SynCom33_vs_Mock_pvalue,Flg22_SynCom33_vs_Mock_padj,Flg22_SynCom33_vs_Mock_log2FoldChange,Flg22_SynCom35_vs_Mock_pvalue,Flg22_SynCom35_vs_Mock_padj,Flg22_SynCom35_vs_Mock_log2FoldChange,Flg22_vs_Mock,Flg22_SynCom33_vs_Mock,Flg22_SynCom35_vs_Mock,cl
AT2G25170.2,GO:2000023,PKL,2,10714013,10723986,+,9973,protein_coding,chromatin remodeling factor CHD3 (PICKLE) [Source:TAIR;Acc:AT2G25170],0.8760358164416602,0.9817960457230948,0.02292855917786927,0.2723932515506049,0.6420408056276511,-0.16152703835498755,0.5319521812094716,0.8499987824259491,0.09178999434041973,0,0,0,4
AT2G25170.4,GO:2000023,PKL,2,10714411,10724054,+,9643,protein_coding,chromatin remodeling factor CHD3 (PICKLE) [Source:TAIR;Acc:AT2G25170],0.9045275871477167,0.9868673762789351,-0.24761497081632927,0.2767028296528227,0.646305106154069,2.243094595165105,0.7774848936035518,0.9428668433993527,0.5830335557199477,0,0,0,5
AT5G49660.1,GO:2000023,CEPR1,5,20161140,20164729,-,3589,protein_coding,Receptor protein-tyrosine kinase CEPR1 [Source:UniProtKB/Swiss-Prot;Acc:Q9FGL5],0.3999759291731702,0.838331798247014,0.26690024905336135,0.3566974857338381,0.7155777471266445,-0.293111018710317,0.8086733153933091,0.9520461278068134,0.07682124739009243,0,0,0,3
