ID,Path,Gene,Chromosome,Start,End,Strand,Length,BioType,Description,Flg22_vs_Mock_pvalue,Flg22_vs_Mock_padj,Flg22_vs_Mock_log2FoldChange,Flg22_SynCom33_vs_Mock_pvalue,Flg22_SynCom33_vs_Mock_padj,Flg22_SynCom33_vs_Mock_log2FoldChange,Flg22_SynCom35_vs_Mock_pvalue,Flg22_SynCom35_vs_Mock_padj,Flg22_SynCom35_vs_Mock_log2FoldChange,Flg22_vs_Mock,Flg22_SynCom33_vs_Mock,Flg22_SynCom35_vs_Mock,cl
AT2G20340.1,path:ath00965,ELI5,2,8779667,8782789,+,3122,protein_coding,Tyrosine decarboxylase 1 [Source:UniProtKB/Swiss-Prot;Acc:Q8RY79],0.02658539759258713,0.2678717884769633,-0.8853249564471122,0.037772635731809265,0.2398780991595787,-0.8284615277556193,0.7640734437567221,0.9383878150951668,0.11767534317891687,0,0,0,4
AT4G15093.1,path:ath00965,LIGB,4,8618259,8619658,+,1399,protein_coding,Extradiol ring-cleavage dioxygenase [Source:UniProtKB/Swiss-Prot;Acc:Q949R4],0.6224290881770898,0.9215828731886697,0.07855731772269332,0.625735900545427,0.8796570984880254,0.0778167224123385,0.0947935053196569,0.43960040667536743,-0.2669356698940648,0,0,0,9
