ID,Path,Gene,Chromosome,Start,End,Strand,Length,BioType,Description,Flg22_vs_Mock_pvalue,Flg22_vs_Mock_padj,Flg22_vs_Mock_log2FoldChange,Flg22_SynCom33_vs_Mock_pvalue,Flg22_SynCom33_vs_Mock_padj,Flg22_SynCom33_vs_Mock_log2FoldChange,Flg22_SynCom35_vs_Mock_pvalue,Flg22_SynCom35_vs_Mock_padj,Flg22_SynCom35_vs_Mock_log2FoldChange,Flg22_vs_Mock,Flg22_SynCom33_vs_Mock,Flg22_SynCom35_vs_Mock,cl
AT1G30530.1,path:ath00944,UGT78D1,1,10814612,10816615,+,2003,protein_coding,Glycosyltransferase (Fragment) [Source:UniProtKB/TrEMBL;Acc:W8PVA4],0.6921500679360874,0.939286640809929,-0.2239330535928334,0.1114089593573581,0.42619832722989903,-0.9083272248142914,0.867452028912022,0.9686421032206517,-0.09420996209698032,0,0,0,3
AT5G07990.1,path:ath00944,CYP75B1,5,2560328,2563137,+,2809,protein_coding,TT7 [Source:UniProtKB/TrEMBL;Acc:A0A178UNZ9],0.04999533908505732,0.3762545521524827,-1.276435194855783,5.83270826062479e-9,1.503566824407433e-6,-3.9437962577118215,0.8433584602218738,0.9621569169406498,0.12805512818831127,-0,-1,0,4
AT5G17050.1,path:ath00944,UGT78D2,5,5607788,5609589,-,1801,protein_coding,Glycosyltransferase (Fragment) [Source:UniProtKB/TrEMBL;Acc:W8PUE7],0.2563918878214839,0.7349943874387103,-0.47466390498322764,1.8591819330502127e-6,1.6827787449244383e-4,-2.0047348308666755,0.053461938551657234,0.3318653455637611,-0.8080928860386024,0,-1,0,3
