ID,Path,Gene,Chromosome,Start,End,Strand,Length,BioType,Description,Flg22_vs_Mock_pvalue,Flg22_vs_Mock_padj,Flg22_vs_Mock_log2FoldChange,Flg22_SynCom33_vs_Mock_pvalue,Flg22_SynCom33_vs_Mock_padj,Flg22_SynCom33_vs_Mock_log2FoldChange,Flg22_SynCom35_vs_Mock_pvalue,Flg22_SynCom35_vs_Mock_padj,Flg22_SynCom35_vs_Mock_log2FoldChange,Flg22_vs_Mock,Flg22_SynCom33_vs_Mock,Flg22_SynCom35_vs_Mock,cl
AT1G05590.3,path:ath00604,HEXO2,1,1669350,1671902,+,2552,protein_coding,Beta-hexosaminidase 2 [Source:UniProtKB/Swiss-Prot;Acc:Q9SYK0],0.011630388208131566,0.16973442924507987,-0.5358289788969385,0.6596144750767574,0.8964642420146048,0.09104983265570654,0.04888227583311495,0.3170692348323212,0.40200479614810763,0,0,0,1
AT1G65590.1,path:ath00604,HEXO3,1,24385552,24391208,+,5656,protein_coding,Beta-hexosaminidase 3 [Source:UniProtKB/Swiss-Prot;Acc:Q8L7S6],0.5086028968284353,0.8829728653534076,0.09081921158296427,0.010468480605882369,0.11184964055935209,0.3506609945002181,0.1888711619628704,0.5875732305370117,0.18014871431296475,0,0,0,5
AT1G72990.4,path:ath00604,BGAL17,1,27457282,27462480,-,5198,protein_coding,Beta-galactosidase 17 [Source:UniProtKB/Swiss-Prot;Acc:Q93Z24],0.8342295374649495,0.9706169708797799,-0.034904146611010906,0.9542119553409626,0.9899894011752799,-0.009572015715056517,0.016423408227027095,0.1715650695292305,-0.404151894017068,0,0,0,2
AT1G72990.2,path:ath00604,BGAL17,1,27457282,27462487,-,5205,protein_coding,Beta-galactosidase 17 [Source:UniProtKB/Swiss-Prot;Acc:Q93Z24],0.9878636502077311,0.9975578931739252,-0.015825403728751117,0.8165964384800419,0.9497862177721881,-0.24157882726546132,0.9173527052565811,0.9811352566904543,-0.10796613506444787,0,0,0,3
AT3G52840.1,path:ath00604,BGAL2,3,19581087,19586299,+,5212,protein_coding,Beta-galactosidase [Source:UniProtKB/TrEMBL;Acc:A0A1I9LM56],0.012590293103510824,0.17704151612572375,-1.036812280725784,0.714195717768302,0.9172100705141972,0.14999770570720958,0.006707484933371703,0.09899918559942113,1.103703998852327,-0,0,0,1
AT3G55260.1,path:ath00604,HEXO1,3,20489096,20493096,+,4000,protein_coding,Beta-hexosaminidase [Source:UniProtKB/TrEMBL;Acc:A0A178VFV1],0.012802130571069714,0.17814231466777633,-0.34837489519279446,0.7376720865096928,0.9249030348320281,-0.04663634529473202,0.5750614857530083,0.8707952927275682,-0.07798826867260157,0,0,0,1
