ID,Path,Gene,Chromosome,Start,End,Strand,Length,BioType,Description,Flg22_vs_Mock_pvalue,Flg22_vs_Mock_padj,Flg22_vs_Mock_log2FoldChange,Flg22_SynCom33_vs_Mock_pvalue,Flg22_SynCom33_vs_Mock_padj,Flg22_SynCom33_vs_Mock_log2FoldChange,Flg22_SynCom35_vs_Mock_pvalue,Flg22_SynCom35_vs_Mock_padj,Flg22_SynCom35_vs_Mock_log2FoldChange,Flg22_vs_Mock,Flg22_SynCom33_vs_Mock,Flg22_SynCom35_vs_Mock,cl
AT2G26230.1,path:ath00232,,2,11164575,11167346,+,2771,protein_coding,Uricase [Source:UniProtKB/Swiss-Prot;Acc:O04420],0.21449095291289177,0.6909933818000447,0.10685160346600597,0.9495038203397034,0.9892187448899618,-0.005466903538260302,6.559215032430619e-6,5.42273523196618e-4,-0.392164813293365,0,0,0,2
AT4G34890.1,path:ath00232,XDH1,4,16618573,16625191,-,6618,protein_coding,Xanthine dehydrogenase 1 [Source:UniProtKB/Swiss-Prot;Acc:Q8GUQ8],0.04874045298254855,0.3720078551755225,0.18531913431648014,0.11934381550815511,0.43939234428124285,-0.1468219609301738,3.239737308102788e-14,3.247566673264036e-11,-0.718666057579,0,0,0,2
