"","ID","Description","GeneRatio","BgRatio","pvalue","p.adjust","qvalue","geneID","Count"
"GO:0042546","GO:0042546","cell wall biogenesis","23/216","347/20876",1.77940555989392e-12,1.6388325206623e-09,1.62394170571372e-09,"AT1G73410/AT1G72230/AT5G16600/AT1G58070/AT5G47530/AT1G32100/AT3G23090/AT2G45470/AT5G16490/AT1G79620/AT5G03170/AT1G75500/AT4G05200/AT4G18780/AT5G60490/AT2G37090/AT1G09440/AT5G67230/AT3G59690/AT4G20170/AT5G17420/AT2G16980/AT4G08685",23
"GO:0010413","GO:0010413","glucuronoxylan metabolic process","15/216","182/20876",7.53111474497267e-10,2.34743071122216e-07,2.32610140765713e-07,"AT1G72230/AT5G16600/AT1G58070/AT5G47530/AT1G32100/AT3G23090/AT1G79620/AT4G05200/AT4G18780/AT2G37090/AT1G09440/AT5G67230/AT3G59690/AT5G17420/AT2G16980",15
"GO:0045492","GO:0045492","xylan biosynthetic process","15/216","183/20876",8.12936104009069e-10,2.34743071122216e-07,2.32610140765713e-07,"AT1G72230/AT5G16600/AT1G58070/AT5G47530/AT1G32100/AT3G23090/AT1G79620/AT4G05200/AT4G18780/AT2G37090/AT1G09440/AT5G67230/AT3G59690/AT5G17420/AT2G16980",15
"GO:0045491","GO:0045491","xylan metabolic process","15/216","186/20876",1.0195138810954e-09,2.34743071122216e-07,2.32610140765713e-07,"AT1G72230/AT5G16600/AT1G58070/AT5G47530/AT1G32100/AT3G23090/AT1G79620/AT4G05200/AT4G18780/AT2G37090/AT1G09440/AT5G67230/AT3G59690/AT5G17420/AT2G16980",15
