"","ID","Description","GeneRatio","BgRatio","pvalue","p.adjust","qvalue","geneID","Count"
"GO:0006833","GO:0006833","water transport","8/127","29/21845",4.04460282589494e-12,1.16484561385774e-09,1.11545888461524e-09,"AT2G37180/AT2G36830/AT3G53420/AT3G61430/AT5G60660/AT4G23400/AT2G37170/AT2G39010",8
"GO:0042044","GO:0042044","fluid transport","8/127","29/21845",4.04460282589494e-12,1.16484561385774e-09,1.11545888461524e-09,"AT2G37180/AT2G36830/AT3G53420/AT3G61430/AT5G60660/AT4G23400/AT2G37170/AT2G39010",8
"GO:0009651","GO:0009651","response to salt stress","14/127","468/21845",6.02679343451798e-07,0.000115714433942745,0.000110808412620611,"AT2G36830/AT5G47450/AT4G17340/AT3G53420/AT3G61430/AT3G26520/AT4G23400/AT4G27710/AT2G21660/AT2G37170/AT5G56030/AT2G39800/AT1G04120/AT5G14920",14
"GO:0009414","GO:0009414","response to water deprivation","10/127","385/21845",8.63862547430226e-05,0.00829308045533017,0.00794147324304278,"AT2G37180/AT3G53420/AT3G61430/AT4G23400/AT2G40750/AT2G21660/AT3G47860/AT2G37170/AT5G56030/AT2G39800",10
