"","ID","Description","GeneRatio","BgRatio","pvalue","p.adjust","qvalue","geneID","Count"
"ath00966","ath00966","Glucosinolate biosynthesis","4/22","25/5018",3.30118976287032e-06,6.93249850202767e-05,5.21240488874261e-05,"AT5G14200/AT3G19710/AT5G23020/AT2G43100",4
"ath01210","ath01210","2-Oxocarboxylic acid metabolism","4/22","73/5018",0.000247348788491195,0.00259716227915754,0.00195275359335154,"AT5G14200/AT3G19710/AT5G23020/AT2G43100",4
"ath00040","ath00040","Pentose and glucuronate interconversions","4/22","96/5018",0.000706448353911275,0.00494513847737892,0.00371814923111197,"AT3G47400/AT5G04970/AT3G01850/AT3G29360",4
"ath00290","ath00290","Valine, leucine and isoleucine biosynthesis","2/22","21/5018",0.00366403858619552,0.0192362025775265,0.0144633102086665,"AT5G14200/AT2G43100",2
