"","ID","Description","GeneRatio","BgRatio","pvalue","p.adjust","qvalue","geneID","Count"
"ath00966","ath00966","Glucosinolate biosynthesis","4/22","25/5134",3.01684090841173e-06,6.33536590766464e-05,4.76343301328168e-05,"AT5G14200/AT3G19710/AT5G23020/AT2G43100",4
"ath01210","ath01210","2-Oxocarboxylic acid metabolism","4/22","73/5134",0.000226753652682464,0.00238091335316587,0.00179016041591419,"AT5G14200/AT3G19710/AT5G23020/AT2G43100",4
"ath00040","ath00040","Pentose and glucuronate interconversions","4/22","107/5134",0.000976801140812532,0.00683760798568773,0.00514105863585543,"AT3G47400/AT5G04970/AT3G01850/AT3G29360",4
"ath00290","ath00290","Valine, leucine and isoleucine biosynthesis","2/22","21/5134",0.00350431466317694,0.0183976519816789,0.0138328210388563,"AT5G14200/AT2G43100",2
